date,indicator,category,value,note,source_name,appended_at
2026-08-17,ARG_EXPORT_TAX_NEWS,정책 뉴스,22.5,"[PERPLEXITY-PROXY: 아르헨티나 대두유 수출세] RATE: **22.5%**   CHANGE: **unchanged**   DATE: **2026-06-03**   SOURCE: **Boletín Oficial de la República Argentina / USDA / iProfesional / NABSA**  Essential details and justification:  - The latest official framework for export duties is set by **Decree 423/2026**, published in the *Boletín Ofici",Perplexity/PolicyProxy,2026-08-17T20:59:14+00:00
2026-08-17,BIODIESEL_MANDATE_NEWS,정책 뉴스,50.0,"[PERPLEXITY-PROXY: 인도네시아·말레이시아 바이오디젤 의무] INDONESIA: **B50** mandate | MALAYSIA: **B15** mandate | CHANGE: **yes – both countries raised blending rates in 2026 (Indonesia from B40 to B50 effective July 1; Malaysia from B10 to B15 effective June 1)** | DATE: **2026-08-07** | SOURCE: **Reuters, Jakarta Post, Argus, EnergyNews.pro, GAPKI, S&P ",Perplexity/PolicyProxy,2026-08-17T20:59:14+00:00
2026-08-17,BRAZIL_HARVEST_PROGRESS,지정학 이벤트,2025.0,"[PERPLEXITY-PROXY: 브라질 대두 수확 진척률] Brazil’s **2025/26 soybean harvest is effectively completed or near completion** by now (mid-August 2026); the latest detailed progress data are from March–early April, when harvest was around **75%–nearly complete** and running **behind last year** due to heavy rains.[8][3][11][13]  Given your requ",Perplexity/GeoEventProxy,2026-08-17T20:59:14+00:00
2026-08-17,GEOINTEL_RISK_COMPOSITE,GeoIntel 복합,18.0,"[COMPOSITE: 지진30%+기상20%+GDELT30%+화재20% | {'SEISMIC': 0.0, 'NOAA_WEATHER': 3.0, 'GDELT_SBO': 2.0, 'FIRMS_FIRE': 0.0}]",GeoIntel,2026-08-17T20:59:14+00:00
2026-08-17,HORMUZ_THREAT_LEVEL,지정학 위험,3.0,[QUALITATIVE:HIGH],Perplexity/Hormuz,2026-08-17T20:59:14+00:00
2026-08-17,INDIA_DUTY_NEWS,정책 뉴스,56.975,[PERPLEXITY-PROXY: 인도 식용유 수입관세] DUTY_RATE: **56.975%** (assuming 5% IGST)   CHANGE: **unchanged** (no change in past 60 days identified)   DATE: **FY 2025–26; no specific change notification within last 60 days found for HS 1507.90**   SOURCE: **TradePrep**  ### How this is derived  1. **HS 1507.90.90 “Other – refined soybean oil”,Perplexity/PolicyProxy,2026-08-17T20:59:14+00:00
2026-08-17,SUEZ_RED_SEA_RISK,지정학 이벤트,3.0,[PERPLEXITY-PROXY: 수에즈·홍해 탱커 위험 수준] RISK: **HIGH** | DIVERSIONS: **none reported explicitly this week** | FREIGHT_IMPACT: **not quantified in the available sources** | SOURCE: **Lloyd’s List Intelligence / Reuters** | DATE: **2026-08-13 to 2026-08-17**  Houthi attacks are **ongoing**: Reuters reported a Houthi attack on a Saudi oil ta,Perplexity/GeoEventProxy,2026-08-17T20:59:14+00:00
2026-08-17,UKRAINE_GRAIN_CORRIDOR,지정학 이벤트,3.0,"[PERPLEXITY-PROXY: 우크라이나 흑해 수출 현황] STATUS: **restricted/partially blocked** | SUNFLOWER_OIL_EXPORTS: **reduced/suspended from Black Sea ports** | RISK: **HIGH** | SOURCE: [1][2][3][8][9][10][12][15] | DATE: 2026-08-17  Below is the reasoning behind each element of the status, based on the search results you provided.  ### 1. Overall ",Perplexity/GeoEventProxy,2026-08-17T20:59:14+00:00
2026-08-17,US_CHINA_TARIFF_STATUS,지정학 이벤트,2.0,"[PERPLEXITY-PROXY: 미·중 관세 에스컬레이션 수준] TARIFF_LEVEL: **MEDIUM escalation** | SOYBEAN_OIL_TARIFF: **Not clearly specified; general ag tariff reported at ~10%** | CHANGE: **unchanged in last 60 days (no implemented cut yet, only talks)** | SOURCE: **Agronews report on potential 10% ag tariff removal; MOFCOM/press summaries of “reciprocal t",Perplexity/GeoEventProxy,2026-08-17T20:59:14+00:00
2026-08-17,WASDE_CONSENSUS_SCORE,정책 뉴스,12.0,"[PERPLEXITY-PROXY: USDA WASDE 컨센서스] The latest USDA WASDE report was released on **August 12, 2026**, but based on the information available, there is **no clearly reported market consensus vs actual specifically for *global soybean oil* ending stocks or production** in that report. The market commentary and consensus figures found fo",Perplexity/PolicyProxy,2026-08-17T20:59:14+00:00
2026-08-18,ARG_EXPORT_TAX_NEWS,정책 뉴스,22.5,"[PERPLEXITY-PROXY: 아르헨티나 대두유 수출세] RATE: **22.5%** | CHANGE: **decrease** | DATE: **June 3, 2026** | SOURCE: **Infobae / Decree 423/2026**  Argentina’s current **soybean oil export tax** is 22.5%, following the June 3, 2026 decree that reduced soybean by-products from 24.5% to 22.5% and set a further phased reduction path for 2027–20",Perplexity/PolicyProxy,2026-08-18T20:54:46+00:00
2026-08-18,BIODIESEL_MANDATE_NEWS,정책 뉴스,50.0,"[PERPLEXITY-PROXY: 인도네시아·말레이시아 바이오디젤 의무] INDONESIA: **B50** mandate | MALAYSIA: **B15** mandate | CHANGE: **yes – Indonesia raised B40→B50 from 1 Jul 2026; Malaysia raised B10→B15 from 1 Jun 2026 via phased rollout** | DATE: **2026-07-15 (Indonesia), 2026-05-12 (Malaysia), 2026-07-01/13 (additional Indonesia confirmation)** | SOURCE: **Reu",Perplexity/PolicyProxy,2026-08-18T20:54:46+00:00
2026-08-18,BRAZIL_HARVEST_PROGRESS,지정학 이벤트,2025.0,"[PERPLEXITY-PROXY: 브라질 대두 수확 진척률] Brazil’s **2025/26 soybean harvest is effectively complete**, with national progress reported above **99% by June 2026**, and the crop officially described as harvested in Conab’s July survey.[1][14] At the main checkpoints during the season (March–April), harvest progress was running **behind last ",Perplexity/GeoEventProxy,2026-08-18T20:54:46+00:00
2026-08-18,GEOINTEL_RISK_COMPOSITE,GeoIntel 복합,15.0,"[COMPOSITE: 지진30%+기상20%+GDELT30%+화재20% | {'SEISMIC': 0.0, 'NOAA_WEATHER': 3.0, 'GDELT_SBO': 0.0, 'FIRMS_FIRE': 0.0}]",GeoIntel,2026-08-18T20:54:46+00:00
2026-08-18,HORMUZ_THREAT_LEVEL,지정학 위험,3.0,[QUALITATIVE:HIGH],Perplexity/Hormuz,2026-08-18T20:54:46+00:00
2026-08-18,INDIA_DUTY_NEWS,정책 뉴스,45.0,"[PERPLEXITY-PROXY: 인도 식용유 수입관세] DUTY_RATE: **[≈45% BCD + 0% AIDC + 5% IGST ≈ 50% effective]** | CHANGE: **[unchanged]** | DATE: **[13 Sep 2024 (end of temporary reduction); no change in last 60 days]** | SOURCE: **[Global Trade Alert, CBIC rate sheet / MFN schedules, industry tariff intelligence]**  ---  ### How this is derived  1",Perplexity/PolicyProxy,2026-08-18T20:54:46+00:00
2026-08-18,SUEZ_RED_SEA_RISK,지정학 이벤트,3.0,"[PERPLEXITY-PROXY: 수에즈·홍해 탱커 위험 수준] RISK: [HIGH] | DIVERSIONS: [cannot reliably quantify this week; traffic through Red Sea is reported down >50% vs pre-crisis levels] | FREIGHT_IMPACT: [tanker and broader shipping rates on Red Sea/Suez routes likely elevated on the order of tens of percent vs normal, but precise % varies by segment a",Perplexity/GeoEventProxy,2026-08-18T20:54:46+00:00
2026-08-18,UKRAINE_GRAIN_CORRIDOR,지정학 이벤트,3.0,[PERPLEXITY-PROXY: 우크라이나 흑해 수출 현황] STATUS: restricted (Black Sea ports around Odesa effectively shut to commercial grain shipping; exports rerouted via Danube/rail/road and running at a fraction of normal capacity)[3][4][10][1][6][12] | SUNFLOWER_OIL_EXPORTS: reduced (port strikes since July 10 damaged export terminals and sunflower ,Perplexity/GeoEventProxy,2026-08-18T20:54:46+00:00
2026-08-18,US_CHINA_TARIFF_STATUS,지정학 이벤트,2.0,"[PERPLEXITY-PROXY: 미·중 관세 에스컬레이션 수준] TARIFF_LEVEL: **MEDIUM escalation** | SOYBEAN_OIL_TARIFF: **Not clearly specified; no distinct rate found for US-origin soybean oil separate from general ag tariffs** | CHANGE: **unchanged in past 60 days (no implemented tariff cut yet, only talks)** | SOURCE: **China MOFCOM / China Daily / Caixin /",Perplexity/GeoEventProxy,2026-08-18T20:54:46+00:00
2026-08-18,WASDE_CONSENSUS_SCORE,정책 뉴스,2026.0,"[PERPLEXITY-PROXY: USDA WASDE 컨센서스] REPORT_DATE: **2026-08-12** | CONSENSUS: **124.19 MMT** | ACTUAL: **124.21 MMT** | SURPRISE: **bearish** | SOURCE: **DTN/market recap of the August 2026 WASDE**  The latest USDA WASDE release in the material gathered was the **August 12, 2026** report.[2] For **global soybean oil ending stocks**, th",Perplexity/PolicyProxy,2026-08-18T20:54:46+00:00
2026-08-19,ARG_EXPORT_TAX_NEWS,정책 뉴스,22.5,"[PERPLEXITY-PROXY: 아르헨티나 대두유 수출세] RATE: **22.5%** | CHANGE: **unchanged** | DATE: **2026-08-15** | SOURCE: **TN / Bolsa de Comercio de Rosario coverage**  Argentina’s soybean oil export tax rate is **22.5%** in the latest information gathered, and I found **no evidence of a change or new announcement in the past 30 days**. The most ",Perplexity/PolicyProxy,2026-08-19T20:59:29+00:00
2026-08-19,BIODIESEL_MANDATE_NEWS,정책 뉴스,50.0,"[PERPLEXITY-PROXY: 인도네시아·말레이시아 바이오디젤 의무] INDONESIA: **B50% mandate** | MALAYSIA: **B15% mandate** | CHANGE: **yes – both countries raised blending mandates in 2026 (Indonesia from B40 to B50; Malaysia from B10 to B15)** | DATE: **2026-08-07** | SOURCE: **Reuters, Argus, DieselNet, EnergyNews, national media**  **Supporting details (for you",Perplexity/PolicyProxy,2026-08-19T20:59:29+00:00
2026-08-19,BRAZIL_HARVEST_PROGRESS,지정학 이벤트,98.0,"[PERPLEXITY-PROXY: 브라질 대두 수확 진척률] PROGRESS: 98–99% (main 2025/26 crop essentially complete nationally; only ~1–2% still being cut in late May–mid June)   VS_LAST_YEAR: behind by about 6–8 percentage points at peak harvest (mid/late March)   WEATHER_RISK: MEDIUM (localized, end‑season quality/logistics issues; low for overall nationa",Perplexity/GeoEventProxy,2026-08-19T20:59:29+00:00
2026-08-19,GEOINTEL_RISK_COMPOSITE,GeoIntel 복합,18.0,"[COMPOSITE: 지진30%+기상20%+GDELT30%+화재20% | {'SEISMIC': 0.0, 'NOAA_WEATHER': 3.0, 'GDELT_SBO': 2.0, 'FIRMS_FIRE': 0.0}]",GeoIntel,2026-08-19T20:59:29+00:00
2026-08-19,HORMUZ_AWRP_MULTIPLIER,지정학 위험,40.0,[PERPLEXITY-PROXY],Perplexity/Hormuz,2026-08-19T20:59:29+00:00
2026-08-19,HORMUZ_THREAT_LEVEL,지정학 위험,3.0,[QUALITATIVE:HIGH],Perplexity/Hormuz,2026-08-19T20:59:29+00:00
2026-08-19,INDIA_DUTY_NEWS,정책 뉴스,13.7,[PERPLEXITY-PROXY: 인도 식용유 수입관세] DUTY_RATE: **≈13.7% effective on CIF value** (BCD 12.5% + 10% social welfare surcharge on BCD; IGST on edible oils is typically 5%)   CHANGE: **unchanged** in the last 60 days   DATE: **15 June 2023** (latest clearly documented change for refined soybean oil)   SOURCE: **National Herald India / Govt,Perplexity/PolicyProxy,2026-08-19T20:59:29+00:00
2026-08-19,SUEZ_RED_SEA_RISK,지정학 이벤트,3.0,[PERPLEXITY-PROXY: 수에즈·홍해 탱커 위험 수준] RISK: **HIGH** | DIVERSIONS: **not reliably quantifiable from the available results** | FREIGHT_IMPACT: **~10–14 days longer transit and war-risk premiums above 1% of vessel value; roughly $1 million extra per Cape diversion** | SOURCE: **Reuters / Lloyd’s List Intelligence / S&P Global** | DATE: **,Perplexity/GeoEventProxy,2026-08-19T20:59:29+00:00
2026-08-19,UKRAINE_GRAIN_CORRIDOR,지정학 이벤트,3.0,[PERPLEXITY-PROXY: 우크라이나 흑해 수출 현황] STATUS: **restricted** | SUNFLOWER_OIL_EXPORTS: **reduced** | RISK: **HIGH** | SOURCE: [1][2][3][5][7][10][12][14] | DATE: 2026-08-19,Perplexity/GeoEventProxy,2026-08-19T20:59:29+00:00
2026-08-19,US_CHINA_TARIFF_STATUS,지정학 이벤트,2.0,"[PERPLEXITY-PROXY: 미·중 관세 에스컬레이션 수준] TARIFF_LEVEL: **MEDIUM escalation** | SOYBEAN_OIL_TARIFF: **[Unknown – no recent, specific % data found]** | CHANGE: **[unchanged for soybeans; unclear for soybean oil]** | SOURCE: **[12][14][8][3]** | DATE: **[latest relevant sources up to July 20, 2026]**  Essential explanation and support:  - Acc",Perplexity/GeoEventProxy,2026-08-19T20:59:29+00:00
2026-08-19,WASDE_CONSENSUS_SCORE,정책 뉴스,2026.0,"[PERPLEXITY-PROXY: USDA WASDE 컨센서스] REPORT_DATE: 2026-07-10 | CONSENSUS: N/A (no reliable published global soybean oil ending stocks/production consensus found) | ACTUAL: N/A for global; latest USDA data show the *soybean oil* balance sheet largely unchanged, with U.S. soybean oil ending stocks around **1.88 billion pounds** in the Ju",Perplexity/PolicyProxy,2026-08-19T20:59:29+00:00
2026-08-20,ARG_EXPORT_TAX_NEWS,정책 뉴스,22.5,[PERPLEXITY-PROXY: 아르헨티나 대두유 수출세] RATE: **22.5%**   CHANGE: **unchanged (no change or new announcement in the last 30 days)**   DATE: **2026-06-03** (date of latest relevant decree setting current rates)   SOURCE: **NABSA Daily Port Info / Boletín Oficial de la República Argentina**  **Explanation**  - A recent industry briefing (Da,Perplexity/PolicyProxy,2026-08-20T21:01:12+00:00
2026-08-20,BIODIESEL_MANDATE_NEWS,정책 뉴스,50.0,"[PERPLEXITY-PROXY: 인도네시아·말레이시아 바이오디젤 의무] INDONESIA: **B50** mandate | MALAYSIA: **B15** mandate (with **B20** in Labuan, Langkawi, Sarawak except Bintulu) | CHANGE: **yes – both countries raised blending rates recently (Indonesia from B40→B50; Malaysia from B10→B15)** | DATE: **2026-07-28** (latest Malaysia news) / **2026-07-10** (recent I",Perplexity/PolicyProxy,2026-08-20T21:01:12+00:00
2026-08-20,BRAZIL_HARVEST_PROGRESS,지정학 이벤트,99.0,"[PERPLEXITY-PROXY: 브라질 대두 수확 진척률] PROGRESS: **>99% harvested (MY 2025/26, “nearly completed”)**[1][3][13]   VS_LAST_YEAR: **Behind by ~7–8 percentage points at late March, but largely caught up by June**[3][9][13]   WEATHER_RISK: **MEDIUM** (localized delays and some quality/logistics concerns, but harvest largely completed)[3][9]  ",Perplexity/GeoEventProxy,2026-08-20T21:01:12+00:00
2026-08-20,GEOINTEL_RISK_COMPOSITE,GeoIntel 복합,22.5,"[COMPOSITE: 지진30%+기상20%+GDELT30%+화재20% | {'SEISMIC': 0.0, 'NOAA_WEATHER': 3.0, 'GDELT_SBO': 5.0, 'FIRMS_FIRE': 0.0}]",GeoIntel,2026-08-20T21:01:12+00:00
2026-08-20,HORMUZ_THREAT_LEVEL,지정학 위험,3.0,[QUALITATIVE:HIGH],Perplexity/Hormuz,2026-08-20T21:01:12+00:00
2026-08-20,INDIA_DUTY_NEWS,정책 뉴스,50.0,[PERPLEXITY-PROXY: 인도 식용유 수입관세] DUTY_RATE: [approx. 50–52% effective (BCD + AIDC + IGST) for refined soybean oil under HS 1507.90] | CHANGE: [unchanged in past 60 days on *rates*; only periodic changes in tariff values for crude oils] | DATE: [no notified change to refined soybean oil duty rates located up to 20 Aug 2026] | SOURCE,Perplexity/PolicyProxy,2026-08-20T21:01:12+00:00
2026-08-20,SUEZ_RED_SEA_RISK,지정학 이벤트,3.0,"[PERPLEXITY-PROXY: 수에즈·홍해 탱커 위험 수준] RISK: **HIGH** | DIVERSIONS: **48 tankers diverted since blockade began; weekly figure not specified** | FREIGHT_IMPACT: **>50% reduction in Red Sea traffic; precise % freight increase vs normal not reported** | SOURCE: **Reuters, UN, Wikipedia, U.S. Maritime Advisory** | DATE: **2026-08-20**  The *",Perplexity/GeoEventProxy,2026-08-20T21:01:12+00:00
2026-08-20,UKRAINE_GRAIN_CORRIDOR,지정학 이벤트,3.0,"[PERPLEXITY-PROXY: 우크라이나 흑해 수출 현황] STATUS: **blocked** | SUNFLOWER_OIL_EXPORTS: **reduced** | RISK: **HIGH** | SOURCE: **Reuters** | DATE: **2026-08-13**  Ukraine’s Black Sea export corridor is under a **de facto blockade**, with Reuters reporting that Russian attacks on Black Sea ports have sharply reduced grain exports and pushed s",Perplexity/GeoEventProxy,2026-08-20T21:01:12+00:00
2026-08-20,US_CHINA_TARIFF_STATUS,지정학 이벤트,2.0,[PERPLEXITY-PROXY: 미·중 관세 에스컬레이션 수준] TARIFF_LEVEL: **MEDIUM** | SOYBEAN_OIL_TARIFF: **9% China MFN tariff on crude soya-bean oil**; **no clear evidence in the retrieved sources of a new change in the last 60 days** | CHANGE: **unchanged** | SOURCE: **USDA FAS Oilseeds and Products Annual / Reuters reporting on China’s current tariffs a,Perplexity/GeoEventProxy,2026-08-20T21:01:12+00:00
2026-08-20,WASDE_CONSENSUS_SCORE,정책 뉴스,2026.0,"[PERPLEXITY-PROXY: USDA WASDE 컨센서스] REPORT_DATE: **2026-08-12** | CONSENSUS: **124.40 million metric tons** | ACTUAL: **124.21 million metric tons** | SURPRISE: **bearish** | SOURCE: **USDA August 2026 WASDE; trade consensus cited by DTN/Iowa Farm Bureau**  The latest USDA WASDE release in the search results was the **August 12, 2026*",Perplexity/PolicyProxy,2026-08-20T21:01:12+00:00
2026-08-23,ARG_EXPORT_TAX_NEWS,정책 뉴스,22.5,"[PERPLEXITY-PROXY: 아르헨티나 대두유 수출세] RATE: **22.5%**   CHANGE: **unchanged**   DATE: **2026-06-03**   SOURCE: **iProfesional**[2], **Agrolatam**[3], **TN**[6], **NABSA Daily Port Info**[5]  Essential details and context:  - Current export tax (retenciones) on **soybean oil and other soy by‑products** is reported at **22.5%**.[3][6]   -",Perplexity/PolicyProxy,2026-08-23T20:53:26+00:00
2026-08-23,BIODIESEL_MANDATE_NEWS,정책 뉴스,50.0,"[PERPLEXITY-PROXY: 인도네시아·말레이시아 바이오디젤 의무] **INDONESIA:** **B50%** mandate | **MALAYSIA:** **B15%** mandate | **CHANGE:** **yes** — Indonesia’s B50 mandate took effect on **July 1, 2026**; Malaysia raised its nationwide transport-sector mandate from **B10 to B15** in 2026, with implementation beginning **June 1, 2026** and a phased rollout m",Perplexity/PolicyProxy,2026-08-23T20:53:26+00:00
2026-08-23,BRAZIL_HARVEST_PROGRESS,지정학 이벤트,100.0,"[PERPLEXITY-PROXY: 브라질 대두 수확 진척률] PROGRESS: **~100% (harvest essentially complete; “vast majority” done with only ~1.7% remaining by mid‑June, and top state Mato Grosso “completely done” by mid‑August)**[1][5][8]   VS_LAST_YEAR: **Slightly behind at mid‑season (30% vs 39% late Feb; 75% vs 82% late March), but caught up by late seaso",Perplexity/GeoEventProxy,2026-08-23T20:53:26+00:00
2026-08-23,GEOINTEL_RISK_COMPOSITE,GeoIntel 복합,18.0,"[COMPOSITE: 지진30%+기상20%+GDELT30%+화재20% | {'SEISMIC': 0.0, 'NOAA_WEATHER': 3.0, 'GDELT_SBO': 2.0, 'FIRMS_FIRE': 0.0}]",GeoIntel,2026-08-23T20:53:26+00:00
2026-08-23,GPR_REALTIME,지정학 위험,251.38,[PERPLEXITY-PROXY],Perplexity/GPR,2026-08-23T20:53:26+00:00
2026-08-23,HORMUZ_THREAT_LEVEL,지정학 위험,3.0,[QUALITATIVE:HIGH],Perplexity/Hormuz,2026-08-23T20:53:26+00:00
2026-08-23,INDIA_DUTY_NEWS,정책 뉴스,61.0,[PERPLEXITY-PROXY: 인도 식용유 수입관세] DUTY_RATE: **~61–80% (depending on source/method; see note below)** | CHANGE: **unchanged** (no clear evidence of change in past 60 days) | DATE: **no explicit change notification found after 1 Jun 2026** | SOURCE: **Cybex / EXIM data providers + CBIC GST schedule (Chapter 15)**    Because I cannot ,Perplexity/PolicyProxy,2026-08-23T20:53:26+00:00
2026-08-23,SUEZ_RED_SEA_RISK,지정학 이벤트,3.0,"[PERPLEXITY-PROXY: 수에즈·홍해 탱커 위험 수준] RISK: HIGH | DIVERSIONS: none (no reliable figure available) | FREIGHT_IMPACT: ~10–20% increase vs normal (estimate) | SOURCE: Reuters, Lloyd’s List Intelligence, BBC, UN News, Wikipedia | DATE: 2026-08-23  Context:  - **Risk level / ongoing attacks:**     Multiple credible reports in August 2026 de",Perplexity/GeoEventProxy,2026-08-23T20:53:26+00:00
2026-08-23,UKRAINE_GRAIN_CORRIDOR,지정학 이벤트,3.0,"[PERPLEXITY-PROXY: 우크라이나 흑해 수출 현황] STATUS: **restricted/partially blocked** | SUNFLOWER_OIL_EXPORTS: **reduced** | RISK: **HIGH** | SOURCE: Reuters (Aug 4, 10, 13, 14, 2026); farmers’ union and market analyses (Aug 9–20, 2026) | DATE: **2026-08-23**  Ukraine’s Black Sea export corridor for grain and vegetable oils is currently *sever",Perplexity/GeoEventProxy,2026-08-23T20:53:26+00:00
2026-08-23,US_CHINA_TARIFF_STATUS,지정학 이벤트,2.0,[PERPLEXITY-PROXY: 미·중 관세 에스컬레이션 수준] TARIFF_LEVEL: MEDIUM escalation | SOYBEAN_OIL_TARIFF: Not clearly specified in recent sources; general additional tariff on many US ag products remains around **10%** on top of MFN but no explicit separate % for soybean oil found | CHANGE: unchanged (no confirmed legal change in last 60 days; only n,Perplexity/GeoEventProxy,2026-08-23T20:53:26+00:00
2026-08-23,WASDE_CONSENSUS_SCORE,정책 뉴스,2026.0,"[PERPLEXITY-PROXY: USDA WASDE 컨센서스] REPORT_DATE: 2026-08-12 | CONSENSUS: N/A | ACTUAL: N/A | SURPRISE: N/A | SOURCE: USDA WASDE schedule and generic WASDE description  I was able to identify that the **latest WASDE report as of your stated current date (August 23, 2026) is the August 2026 WASDE released on August 12, 2026**, based on ",Perplexity/PolicyProxy,2026-08-23T20:53:26+00:00
2026-08-24,ARG_EXPORT_TAX_NEWS,정책 뉴스,22.5,[PERPLEXITY-PROXY: 아르헨티나 대두유 수출세] RATE: **22.5%**   CHANGE: **unchanged (no new change or announcement in the past 30 days)**   DATE: **2026-06-03**   SOURCE: **Argentina Ministry of Economy / official decree 423/2026 (as summarized by GAFTA and USDA reports)**    **Explanation (brief):**  - Decree **423/2026** established a new per,Perplexity/PolicyProxy,2026-08-24T21:03:43+00:00
2026-08-24,BIODIESEL_MANDATE_NEWS,정책 뉴스,50.0,"[PERPLEXITY-PROXY: 인도네시아·말레이시아 바이오디젤 의무] INDONESIA: **B50%** mandate | MALAYSIA: **B10% nationwide / B20% in Labuan, Langkawi, Sarawak (ex‑Bintulu)** | CHANGE: **yes – Indonesia raised B40→B50; Malaysia announced plan to raise B10→B15 via B12 step** | DATE: **Indonesia: 2026‑07‑09 / Malaysia: 2026‑04‑16** | SOURCE: **Reuters, USDA FAS, The",Perplexity/PolicyProxy,2026-08-24T21:03:43+00:00
2026-08-24,BRAZIL_HARVEST_PROGRESS,지정학 이벤트,88.1,"[PERPLEXITY-PROXY: 브라질 대두 수확 진척률] PROGRESS: 88.1% harvested (2025/26 soy crop, as of April 18, 2026, CONAB) [13][14]   VS_LAST_YEAR: behind by about 4.6 percentage points vs same date last year (92.7%) [14]   WEATHER_RISK: MEDIUM – harvest largely advanced but **heavy rains** earlier in the season caused delays and raised **quality/",Perplexity/GeoEventProxy,2026-08-24T21:03:43+00:00
2026-08-24,GEOINTEL_RISK_COMPOSITE,GeoIntel 복합,15.0,"[COMPOSITE: 지진30%+기상20%+GDELT30%+화재20% | {'SEISMIC': 0.0, 'NOAA_WEATHER': 3.0, 'GDELT_SBO': 0.0, 'FIRMS_FIRE': 0.0}]",GeoIntel,2026-08-24T21:03:43+00:00
2026-08-24,HORMUZ_THREAT_LEVEL,지정학 위험,3.0,[QUALITATIVE:HIGH],Perplexity/Hormuz,2026-08-24T21:03:43+00:00
2026-08-24,INDIA_DUTY_NEWS,정책 뉴스,35.75,"[PERPLEXITY-PROXY: 인도 식용유 수입관세] DUTY_RATE: **35.75%** | CHANGE: **unchanged** | DATE: **2025-06-10** | SOURCE: **USDA FAS / India import tax note**  For refined soybean oil under **HS 1507.90**, the available source indicates the import duty remains **35.75% effective duty**, derived from **27.5% Basic Customs Duty + 5% AIDC + 3.2",Perplexity/PolicyProxy,2026-08-24T21:03:43+00:00
2026-08-24,SUEZ_RED_SEA_RISK,지정학 이벤트,3.0,"[PERPLEXITY-PROXY: 수에즈·홍해 탱커 위험 수준] RISK: **HIGH** | DIVERSIONS: **dozens of tankers; precise weekly count not publicly available** | FREIGHT_IMPACT: **~20–40% increase vs pre‑crisis Red Sea routing for affected trades (estimate)** | SOURCE: **Reuters, NYT, WSJ, UN, US Maritime Security Advisory** | DATE: **2026-08-24**  The **current",Perplexity/GeoEventProxy,2026-08-24T21:03:43+00:00
2026-08-24,UKRAINE_GRAIN_CORRIDOR,지정학 이벤트,3.0,"[PERPLEXITY-PROXY: 우크라이나 흑해 수출 현황] STATUS: **restricted** | SUNFLOWER_OIL_EXPORTS: **reduced** | RISK: **HIGH** | SOURCE: Reuters (farm exports hit by Black Sea port closures and blockade; shipowners halting calls; Ukrainian export forecast cut), Arab News / Ukrainian farmers’ union (sharp fall in August exports), NV/EuromaidanPress ",Perplexity/GeoEventProxy,2026-08-24T21:03:43+00:00
2026-08-24,US_CHINA_TARIFF_STATUS,지정학 이벤트,2.0,"[PERPLEXITY-PROXY: 미·중 관세 에스컬레이션 수준] TARIFF_LEVEL: **MEDIUM escalation** | SOYBEAN_OIL_TARIFF: **Not clearly specified; no distinct current % rate for US soybean oil found** | CHANGE: **unchanged (no implemented change in past 60 days, only negotiations)** | SOURCE: **Reuters; MOFCOM press statements; USDA FAS oilseeds tariff schedule*",Perplexity/GeoEventProxy,2026-08-24T21:03:43+00:00
2026-08-24,WASDE_CONSENSUS_SCORE,정책 뉴스,12.0,"[PERPLEXITY-PROXY: USDA WASDE 컨센서스] REPORT_DATE: **August 12, 2026** | CONSENSUS: **World soybean oil ending stocks roughly unchanged vs prior WASDE (no widely cited specific consensus level found)** | ACTUAL: **World soybean oil ending stocks unchanged vs July; U.S. soybean oil ending stocks forecast at 1.9 billion pounds for 2026/27",Perplexity/PolicyProxy,2026-08-24T21:03:43+00:00
2026-08-25,ARG_EXPORT_TAX_NEWS,정책 뉴스,22.5,"[PERPLEXITY-PROXY: 아르헨티나 대두유 수출세] RATE: **22.5%** | CHANGE: **unchanged** | DATE: **2026-06-03** | SOURCE: **Decree 423/2026 via NABSA / USDA / Gafta**  **Reasoning and context**  - Decree **423/2026**, published in Argentina’s Official Gazette on **3 June 2026**, set the *current* export duty for **soybean meal & oil** at **22.5%**",Perplexity/PolicyProxy,2026-08-25T21:00:44+00:00
2026-08-25,BIODIESEL_MANDATE_NEWS,정책 뉴스,50.0,"[PERPLEXITY-PROXY: 인도네시아·말레이시아 바이오디젤 의무] INDONESIA: **B50** mandate | MALAYSIA: **B15** mandate | CHANGE: **Yes** — Indonesia’s B50 mandate took effect on **July 1, 2026**; Malaysia announced/implemented a move from B10 to B15 in **August 2026** with staged rollout details | DATE: **2026-08-25** | SOURCE: **Reuters / Reuters-derived covera",Perplexity/PolicyProxy,2026-08-25T21:00:44+00:00
2026-08-25,BRAZIL_HARVEST_PROGRESS,지정학 이벤트,100.0,"[PERPLEXITY-PROXY: 브라질 대두 수확 진척률] PROGRESS: **≈100% (harvest essentially complete; final ~1–2% remaining by mid-June)**[3][5][6]   VS_LAST_YEAR: **behind by ~7 percentage points at peak (e.g., 74.3% vs 81.4% as of 28 March)**[3][1][8]   WEATHER_RISK: **MEDIUM (localized but persistent rain-related delays and quality issues; limited ",Perplexity/GeoEventProxy,2026-08-25T21:00:44+00:00
2026-08-25,GEOINTEL_RISK_COMPOSITE,GeoIntel 복합,18.0,"[COMPOSITE: 지진30%+기상20%+GDELT30%+화재20% | {'SEISMIC': 0.0, 'NOAA_WEATHER': 3.0, 'GDELT_SBO': 2.0, 'FIRMS_FIRE': 0.0}]",GeoIntel,2026-08-25T21:00:44+00:00
2026-08-25,HORMUZ_THREAT_LEVEL,지정학 위험,3.0,[QUALITATIVE:HIGH],Perplexity/Hormuz,2026-08-25T21:00:44+00:00
2026-08-25,INDIA_DUTY_NEWS,정책 뉴스,53.0,[PERPLEXITY-PROXY: 인도 식용유 수입관세] DUTY_RATE: **~53–54% effective on CIF value** (approx. 35% customs + 18% IGST)   CHANGE: **Unchanged** (no evidence of a rate change in the last 60 days; only tariff value revisions for *crude* oil)   DATE: **Last clear rate reference: 2025 (structure still cited in Aug 2026)**   SOURCE: **SSLT Glob,Perplexity/PolicyProxy,2026-08-25T21:00:44+00:00
2026-08-25,SUEZ_RED_SEA_RISK,지정학 이벤트,3.0,"[PERPLEXITY-PROXY: 수에즈·홍해 탱커 위험 수준] RISK: **HIGH** | DIVERSIONS: **12** | FREIGHT_IMPACT: **30–60%** | SOURCE: **Lloyd’s List Intelligence / Windward / JMIC** | DATE: **2026-08-20 to 2026-08-25**  Houthi attacks are **ongoing**: recent reporting cites continued attacks and attempted strikes, and JMIC says the threat to commercial ship",Perplexity/GeoEventProxy,2026-08-25T21:00:44+00:00
2026-08-25,UKRAINE_GRAIN_CORRIDOR,지정학 이벤트,3.0,"[PERPLEXITY-PROXY: 우크라이나 흑해 수출 현황] STATUS: **blocked** (no vessels entering Odesa ports since early August; shipowners have halted calls; no grain shipments leaving Ukraine’s Black Sea terminals as of Aug 19, and the UN‑brokered corridor is effectively shut by attacks)[3][7][6][15][13][1] | SUNFLOWER_OIL_EXPORTS: **reduced** (Russia ",Perplexity/GeoEventProxy,2026-08-25T21:00:44+00:00
2026-08-25,US_CHINA_TARIFF_STATUS,지정학 이벤트,2.0,[PERPLEXITY-PROXY: 미·중 관세 에스컬레이션 수준] TARIFF_LEVEL: **MEDIUM escalation** | SOYBEAN_OIL_TARIFF: **19%** | CHANGE: **unchanged (no implemented change yet; talks only)** | SOURCE: **USDA FAS Oilseeds and Products Annual; Reuters; TriviumChina; Global Economy News; S&P Global Commodity Insights** | DATE: **as of 2026-08-25**  Below is the ,Perplexity/GeoEventProxy,2026-08-25T21:00:44+00:00
2026-08-25,WASDE_CONSENSUS_SCORE,정책 뉴스,2026.0,"[PERPLEXITY-PROXY: USDA WASDE 컨센서스] REPORT_DATE: **2026-08-12** | CONSENSUS: *No clear published global soybean oil ending stocks/production consensus found* | ACTUAL: **World soybean oil ending stocks 6.94 MMT; production 75.03 MMT** | SURPRISE: **neutral (stocks slightly higher than July, but unchanged vs prior USDA outlook and desc",Perplexity/PolicyProxy,2026-08-25T21:00:44+00:00
2026-08-26,ARG_EXPORT_TAX_NEWS,정책 뉴스,22.5,[PERPLEXITY-PROXY: 아르헨티나 대두유 수출세] RATE: **22.5%** | CHANGE: **unchanged** | DATE: **2026-06-03** | SOURCE: **Argentina Official Gazette (Decreto 423/2026) / Argentina Further Cuts Agricultural Export Taxes (USDA FAS)**,Perplexity/PolicyProxy,2026-08-27T00:05:04+00:00
2026-08-26,BIODIESEL_MANDATE_NEWS,정책 뉴스,50.0,"[PERPLEXITY-PROXY: 인도네시아·말레이시아 바이오디젤 의무] INDONESIA: **B50** mandate | MALAYSIA: **B15** mandate (B10 nationwide, B20 in Labuan/Langkawi/Sarawak; recently raised to B15) | CHANGE: **yes – Indonesia moved from B40 to B50 effective 1 Jul 2026; Malaysia raised its national blend from B10 to B15 effective 1 Jun 2026** | DATE: **2026-08-07** | S",Perplexity/PolicyProxy,2026-08-27T00:05:04+00:00
2026-08-26,BRAZIL_HARVEST_PROGRESS,지정학 이벤트,88.0,[PERPLEXITY-PROXY: 브라질 대두 수확 진척률] PROGRESS: [Harvest largely complete; latest detailed figure 88% as of late April 2026] | VS_LAST_YEAR: [behind by about 7 percentage points at late‑March benchmark (74.3% vs 81.4%); still slightly behind schedule overall] | WEATHER_RISK: [MEDIUM] | SOURCE: [CONAB via SunSirs; Southern Ag Today; Biof,Perplexity/GeoEventProxy,2026-08-27T00:05:04+00:00
2026-08-26,GEOINTEL_RISK_COMPOSITE,GeoIntel 복합,16.5,"[COMPOSITE: 지진30%+기상20%+GDELT30%+화재20% | {'SEISMIC': 0.0, 'NOAA_WEATHER': 3.0, 'GDELT_SBO': 1.0, 'FIRMS_FIRE': 0.0}]",GeoIntel,2026-08-27T00:05:04+00:00
2026-08-26,HORMUZ_THREAT_LEVEL,지정학 위험,3.0,[QUALITATIVE:HIGH],Perplexity/Hormuz,2026-08-27T00:05:04+00:00
2026-08-26,INDIA_DUTY_NEWS,정책 뉴스,32.5,"[PERPLEXITY-PROXY: 인도 식용유 수입관세] DUTY_RATE: **≈32.5% total (refined soybean oil, HS 1507.90)**   | CHANGE: **unchanged**   | DATE: **no notified change in last 60 days**   | SOURCE: **Economic Times, Globoil India**  ### Basis for this answer  - Publicly reported effective duty on **refined edible oils (including refined soybean oi",Perplexity/PolicyProxy,2026-08-27T00:05:04+00:00
2026-08-26,RSS_FARMDOC_DAILY,전문 매체,1.0,2026 Area Add-On Insurance Purchases by US Farmers (https://farmdocdaily.illinois.edu/2026/08/2026-area-add-on-insurance-purchases-by-us-farmers.html),rss_farmdoc_daily,2026-08-27T00:05:04+00:00
2026-08-26,SUEZ_RED_SEA_RISK,지정학 이벤트,3.0,[PERPLEXITY-PROXY: 수에즈·홍해 탱커 위험 수준] RISK: **HIGH** | DIVERSIONS: **none confirmed this week** | FREIGHT_IMPACT: **not reliably quantifiable from the available sources** | SOURCE: **Lloyd’s List Intelligence / Reuters / UKMTO** | DATE: **2026-08-26**  Houthi attacks are **ongoing**: reporting from August 2026 shows fresh strikes on com,Perplexity/GeoEventProxy,2026-08-27T00:05:04+00:00
2026-08-26,UKRAINE_GRAIN_CORRIDOR,지정학 이벤트,3.0,"[PERPLEXITY-PROXY: 우크라이나 흑해 수출 현황] STATUS: **restricted** | SUNFLOWER_OIL_EXPORTS: **reduced** | RISK: **HIGH** | SOURCE: **Reuters / Bloomberg / S&P Global** | DATE: **2026-08-20 to 2026-08-24**  Ukraine’s Black Sea grain exports are **heavily restricted**, not fully blocked in a legal sense, but the main Odesa-area shipping corrido",Perplexity/GeoEventProxy,2026-08-27T00:05:04+00:00
2026-08-26,US_CHINA_TARIFF_STATUS,지정학 이벤트,2.0,[PERPLEXITY-PROXY: 미·중 관세 에스컬레이션 수준] **TARIFF_LEVEL:** **MEDIUM** escalation | **SOYBEAN_OIL_TARIFF:** **13%** (China tariff on U.S. soybeans; no solid source in the gathered results confirmed a separate current rate for U.S. soybean oil) | **CHANGE:** **decrease pending / no confirmed change yet** | **SOURCE:** Reuters via current tar,Perplexity/GeoEventProxy,2026-08-27T00:05:04+00:00
2026-08-26,WASDE_CONSENSUS_SCORE,정책 뉴스,2026.0,[PERPLEXITY-PROXY: USDA WASDE 컨센서스] REPORT_DATE: 2026-08-12 | CONSENSUS: [not reliably available for *global* soybean oil ending stocks/production] | ACTUAL: World soybean oil ending stocks 2024/25 ≈ 6.94 million metric tons; production 2024/25 ≈ 75.03 million metric tons | SURPRISE: Neutral-to-slightly bearish vs prior month (stocks ,Perplexity/PolicyProxy,2026-08-27T00:05:04+00:00
2026-08-28,ARG_EXPORT_TAX_NEWS,정책 뉴스,22.5,"[PERPLEXITY-PROXY: 아르헨티나 대두유 수출세] RATE: **22.5%**   CHANGE: **unchanged**   DATE: **2026-06-03** (latest formal reduction/confirmation of the current schedule; no further soybean-oil-specific change found in the last 30 days)   SOURCE: **La Nación**[1], **La Capital**[2], **GAFTA**[8], **Nabsa port update**[6], **USDA / GAIN report*",Perplexity/PolicyProxy,2026-08-28T04:32:21+00:00
2026-08-28,BIODIESEL_MANDATE_NEWS,정책 뉴스,50.0,[PERPLEXITY-PROXY: 인도네시아·말레이시아 바이오디젤 의무] INDONESIA: **B50** mandate | MALAYSIA: **B15** mandate (transport; higher in some areas) | CHANGE: **yes – both countries raised mandates in 2026** | DATE: **2026-08-07** | SOURCE: **EnergyNews.pro; Reuters; USDA FAS; DieselNet; Bloomberg; MPOB/Business Today**  Below is the detail behind each eleme,Perplexity/PolicyProxy,2026-08-28T04:32:21+00:00
2026-08-28,BRAZIL_HARVEST_PROGRESS,지정학 이벤트,100.0,"[PERPLEXITY-PROXY: 브라질 대두 수확 진척률] PROGRESS: **~100% harvested (main 2025/26 crop essentially complete; only ~1–2% remaining in a few areas as of mid‑June 2026)**[6][11] | VS_LAST_YEAR: **behind by ~7 percentage points at peak harvest pace (e.g., 75% vs 82% in late March 2026)**[9][8] | WEATHER_RISK: **MEDIUM (localized heavy rain ca",Perplexity/GeoEventProxy,2026-08-28T04:32:21+00:00
2026-08-28,GEOINTEL_RISK_COMPOSITE,GeoIntel 복합,16.5,"[COMPOSITE: 지진30%+기상20%+GDELT30%+화재20% | {'SEISMIC': 0.0, 'NOAA_WEATHER': 3.0, 'GDELT_SBO': 1.0, 'FIRMS_FIRE': 0.0}]",GeoIntel,2026-08-28T04:32:21+00:00
2026-08-28,HORMUZ_THREAT_LEVEL,지정학 위험,3.0,[QUALITATIVE:HIGH],Perplexity/Hormuz,2026-08-28T04:32:21+00:00
2026-08-28,INDIA_DUTY_NEWS,정책 뉴스,32.5,"[PERPLEXITY-PROXY: 인도 식용유 수입관세] DUTY_RATE: [≈32.5% effective (refined soybean oil, HS 1507.90)] | CHANGE: [unchanged] | DATE: [no specific notification found in last 60 days changing refined oil duty; structure confirmed as of Apr 2026] | SOURCE: [Globoil India duty regime note; USDA FAS report]  More detail and caveats:  - A rece",Perplexity/PolicyProxy,2026-08-28T04:32:21+00:00
2026-08-28,SUEZ_RED_SEA_RISK,지정학 이벤트,3.0,"[PERPLEXITY-PROXY: 수에즈·홍해 탱커 위험 수준] RISK: **HIGH** | DIVERSIONS: **none (no widespread tanker rerouting reported)** | FREIGHT_IMPACT: **~20–40% increase vs pre-crisis Red Sea/Suez norms for high‑risk transits** | SOURCE: **Synthesized from Lloyd’s List Intelligence, Reuters, BBC, UN, US maritime advisory, August 2026** | DATE: **2026-",Perplexity/GeoEventProxy,2026-08-28T04:32:21+00:00
2026-08-28,UKRAINE_GRAIN_CORRIDOR,지정학 이벤트,3.0,[PERPLEXITY-PROXY: 우크라이나 흑해 수출 현황] STATUS: **restricted/near-blocked** | SUNFLOWER_OIL_EXPORTS: **reduced** | RISK: **HIGH** | SOURCE: [1][2][5][7][8][9][12][13][14] | DATE: 2026-08-26–27    **Detail behind the status (as of late August 2026):**  - **Black Sea grain export situation**   - Russian attacks and a de facto blockade have ,Perplexity/GeoEventProxy,2026-08-28T04:32:21+00:00
2026-08-28,US_CHINA_TARIFF_STATUS,지정학 이벤트,2.0,[PERPLEXITY-PROXY: 미·중 관세 에스컬레이션 수준] TARIFF_LEVEL: **MEDIUM** | SOYBEAN_OIL_TARIFF: **19%** | CHANGE: **unchanged** | SOURCE: Reuters / USDA FAS / China Ministry of Commerce | DATE: **2026-05-12 to 2026-07-10**  China’s current applied tariff on **U.S. soybean oil** is **19%** in the available sources: **9% MFN + 10% additional levy** ,Perplexity/GeoEventProxy,2026-08-28T04:32:21+00:00
2026-08-28,WASDE_CONSENSUS_SCORE,정책 뉴스,2026.0,[PERPLEXITY-PROXY: USDA WASDE 컨센서스] REPORT_DATE: 2026-08-12 | CONSENSUS: N/A (no reliable published global soybean oil ending stocks or production consensus located) | ACTUAL: World soybean oil ending stocks unchanged vs prior estimate; U.S. soybean oil ending stocks 1.9 billion lb for 2026/27 | SURPRISE: neutral (in line with expecta,Perplexity/PolicyProxy,2026-08-28T04:32:21+00:00
2026-08-29,ARG_EXPORT_TAX_NEWS,정책 뉴스,22.5,"[PERPLEXITY-PROXY: 아르헨티나 대두유 수출세] RATE: **22.5%** | CHANGE: **unchanged** | DATE: **2026-06-03** (latest structural change/announcement) | SOURCE: **Infobae, USDA FAS report, El Cronista, NABSA daily port info**  Explanation:  - A December 2025 decree and subsequent reports reduced **soybean by‑products (meal and oil) export duties ",Perplexity/PolicyProxy,2026-08-29T02:59:28+00:00
2026-08-29,BIODIESEL_MANDATE_NEWS,정책 뉴스,50.0,[PERPLEXITY-PROXY: 인도네시아·말레이시아 바이오디젤 의무] INDONESIA: **B50%** mandate | MALAYSIA: **B15%** mandate | CHANGE: **yes – both countries raised mandates in 2026 (Indonesia B40→B50; Malaysia B10→B15)** | DATE: **2026-08-07** | SOURCE: EnergyNewsPro[12]  ### How this matches recent policy developments (past ~60 days)  - **Indonesia**   - Multiple ,Perplexity/PolicyProxy,2026-08-29T02:59:28+00:00
2026-08-29,BRAZIL_HARVEST_PROGRESS,지정학 이벤트,100.0,"[PERPLEXITY-PROXY: 브라질 대두 수확 진척률] PROGRESS: 100% (main 2025/26 soybean harvest is effectively complete nationwide; only small residual areas were still being finished as of mid‑June) [3][4]   VS_LAST_YEAR: Behind by ~7 percentage points at peak harvest pace (75% vs 82% by late March 2026, with mid‑March noted as 10.6 points behind t",Perplexity/GeoEventProxy,2026-08-29T02:59:28+00:00
2026-08-29,GEOINTEL_RISK_COMPOSITE,GeoIntel 복합,16.5,"[COMPOSITE: 지진30%+기상20%+GDELT30%+화재20% | {'SEISMIC': 0.0, 'NOAA_WEATHER': 3.0, 'GDELT_SBO': 1.0, 'FIRMS_FIRE': 0.0}]",GeoIntel,2026-08-29T02:59:28+00:00
2026-08-29,HORMUZ_THREAT_LEVEL,지정학 위험,3.0,[QUALITATIVE:HIGH],Perplexity/Hormuz,2026-08-29T02:59:28+00:00
2026-08-29,INDIA_DUTY_NEWS,정책 뉴스,1507.9,"[PERPLEXITY-PROXY: 인도 식용유 수입관세] India’s current effective import duty on **refined soybean oil (HS 1507.90.10)** is about **35.75%**, and there is **no evidence of any change in the last 60 days** based on the available 2026 sources.  DUTY_RATE: **35.75% (approx. effective total)**   CHANGE: **unchanged**   DATE: **No change repor",Perplexity/PolicyProxy,2026-08-29T02:59:28+00:00
2026-08-29,SUEZ_RED_SEA_RISK,지정학 이벤트,3.0,[PERPLEXITY-PROXY: 수에즈·홍해 탱커 위험 수준] RISK: **HIGH** | DIVERSIONS: **none reported in the sources gathered** | FREIGHT_IMPACT: **about 1% war-risk premium vs ~0.3% last week** | SOURCE: Reuters / Lloyd’s List Intelligence | DATE: 2026-08-06 to 2026-08-13  Houthi attacks are **ongoing**. Recent reporting says they have claimed or attempt,Perplexity/GeoEventProxy,2026-08-29T02:59:28+00:00
2026-08-29,UKRAINE_GRAIN_CORRIDOR,지정학 이벤트,3.0,"[PERPLEXITY-PROXY: 우크라이나 흑해 수출 현황] STATUS: **restricted/partially blocked** | SUNFLOWER_OIL_EXPORTS: **reduced** | RISK: **HIGH** | SOURCE: [1][2][4][8][10][11][12][14][15] | DATE: 2026-08-29    Ukraine’s *Black Sea* grain corridor is currently **severely disrupted and effectively closed for regular commercial exports**, with most sh",Perplexity/GeoEventProxy,2026-08-29T02:59:28+00:00
2026-08-29,US_CHINA_TARIFF_STATUS,지정학 이벤트,2.0,"[PERPLEXITY-PROXY: 미·중 관세 에스컬레이션 수준] TARIFF_LEVEL: **MEDIUM escalation** | SOYBEAN_OIL_TARIFF: **[Not clearly specified; likely similar structure to soybeans but no explicit % found in recent sources]** | CHANGE: **unchanged (no implemented changes in last 60 days, only negotiations and “in principle” agreements)** | SOURCE: **China Mi",Perplexity/GeoEventProxy,2026-08-29T02:59:28+00:00
2026-08-29,WASDE_CONSENSUS_SCORE,정책 뉴스,12.0,"[PERPLEXITY-PROXY: USDA WASDE 컨센서스] The **latest USDA WASDE report** was released on **August 12, 2026**.[4] For soybean oil, the August WASDE and companion USDA oil crops commentary indicate **no change in ending stocks**, and available market commentary suggests this was broadly *in line* with expectations, so the surprise was effec",Perplexity/PolicyProxy,2026-08-29T02:59:28+00:00
2026-08-30,ARG_EXPORT_TAX_NEWS,정책 뉴스,22.5,"[PERPLEXITY-PROXY: 아르헨티나 대두유 수출세] RATE: **22.5%**   CHANGE: **unchanged**   DATE: **2026-06-03**   SOURCE: **USDA / Infobae / Ruralnet / NABSA**  Argentina’s current **soybean oil export tax (retenciones)** is **22.5%** for soy byproducts (which include soybean oil), as per the June 2026 export tax reduction decree and related repor",Perplexity/PolicyProxy,2026-08-30T15:30:16+00:00
2026-08-30,BIODIESEL_MANDATE_NEWS,정책 뉴스,50.0,"[PERPLEXITY-PROXY: 인도네시아·말레이시아 바이오디젤 의무] INDONESIA: **B50** mandate | MALAYSIA: **B10** mandate nationally; **B20** in Labuan, Langkawi, and Sarawak (excluding Bintulu) | CHANGE: **Yes** — Indonesia’s B50 mandate took effect on **July 1, 2026**; Malaysia’s government said on **August 25, 2026** it will raise the transport-sector mandate fr",Perplexity/PolicyProxy,2026-08-30T15:30:16+00:00
2026-08-30,BRAZIL_HARVEST_PROGRESS,지정학 이벤트,100.0,"[PERPLEXITY-PROXY: 브라질 대두 수확 진척률] PROGRESS: **~100% (harvest essentially complete; only ~1–2% remaining in mid‑June)**[7][9]   VS_LAST_YEAR: **behind by ~7 percentage points at peak of harvest (e.g., 74.3% vs 81.4% at Mar 28)**[3][12]   WEATHER_RISK: **MEDIUM** (localized heavy rainfall causing delays and quality issues in remaining",Perplexity/GeoEventProxy,2026-08-30T15:30:16+00:00
2026-08-30,GEOINTEL_RISK_COMPOSITE,GeoIntel 복합,16.5,"[COMPOSITE: 지진30%+기상20%+GDELT30%+화재20% | {'SEISMIC': 0.0, 'NOAA_WEATHER': 3.0, 'GDELT_SBO': 1.0, 'FIRMS_FIRE': 0.0}]",GeoIntel,2026-08-30T15:30:16+00:00
2026-08-30,GPR_REALTIME,지정학 위험,251.38,[PERPLEXITY-PROXY],Perplexity/GPR,2026-08-30T23:01:16+00:00
2026-08-30,HORMUZ_THREAT_LEVEL,지정학 위험,3.0,[QUALITATIVE:HIGH],Perplexity/Hormuz,2026-08-30T15:30:16+00:00
2026-08-30,INDIA_DUTY_NEWS,정책 뉴스,35.75,"[PERPLEXITY-PROXY: 인도 식용유 수입관세] DUTY_RATE: **≈35.75%** (refined soybean oil, HS 1507.90.10)   CHANGE: **UNCHANGED**   DATE: **No change since at least June 2025**   SOURCE: **USDA FAS report + industry duty guide**  Here is the basis for that figure and the change status:  - A June 2025 USDA Foreign Agricultural Service report on ",Perplexity/PolicyProxy,2026-08-30T15:30:16+00:00
2026-08-30,SUEZ_RED_SEA_RISK,지정학 이벤트,3.0,"[PERPLEXITY-PROXY: 수에즈·홍해 탱커 위험 수준] RISK: **HIGH** | DIVERSIONS: **cannot reliably quantify for this specific week; evidence of increased rerouting and “no mass withdrawal”** | FREIGHT_IMPACT: **tanker war‑risk and freight costs up roughly 30–200% vs pre‑blockade norms (directional estimate)** | SOURCE: **Lloyd’s List Intelligence, Re",Perplexity/GeoEventProxy,2026-08-30T15:30:16+00:00
2026-08-30,UKRAINE_GRAIN_CORRIDOR,지정학 이벤트,3.0,"[PERPLEXITY-PROXY: 우크라이나 흑해 수출 현황] STATUS: **restricted/near-blocked** | SUNFLOWER_OIL_EXPORTS: **reduced/suspended from Black Sea ports** | RISK: **HIGH** | SOURCE: Reuters[1][2][5][8][10], EFE[3], Arab News[4], Ukrainska Pravda[6], ShipUniverse[7], UNN[11], AG Bull[13], Globoil India intelligence[12], The Conversation[14], QP Foods",Perplexity/GeoEventProxy,2026-08-30T15:30:16+00:00
2026-08-30,US_CHINA_TARIFF_STATUS,지정학 이벤트,2.0,[PERPLEXITY-PROXY: 미·중 관세 에스컬레이션 수준] TARIFF_LEVEL: **MEDIUM escalation** | SOYBEAN_OIL_TARIFF: **[not clearly specified; see note]** | CHANGE: **[no confirmed change in past 60 days; negotiations ongoing]** | SOURCE: **Reuters; S&P Global; USDA FAS; MOFCOM press comments; various market/analysis reports** | DATE: **As of 30 Aug 2026 (l,Perplexity/GeoEventProxy,2026-08-30T15:30:16+00:00
2026-08-30,WASDE_CONSENSUS_SCORE,정책 뉴스,2026.0,"[PERPLEXITY-PROXY: USDA WASDE 컨센서스] REPORT_DATE: **2026-08-12** | CONSENSUS: **6.80 million metric tons** | ACTUAL: **6.94 million metric tons** | SURPRISE: **bearish** | SOURCE: USDA WASDE August 2026 report and related market recap[1][13]  The latest USDA WASDE release date in the gathered results is **August 12, 2026**[4]. For **gl",Perplexity/PolicyProxy,2026-08-30T15:30:16+00:00
2026-08-31,ARG_EXPORT_TAX_NEWS,정책 뉴스,22.5,[PERPLEXITY-PROXY: 아르헨티나 대두유 수출세] RATE: **22.5%**   CHANGE: **unchanged**   DATE: **3 June 2026 (latest change affecting soybean oil rate; no further change or new announcement in the last 30 days)**   SOURCE: **Nabsa Daily Port Info / Argentina Official Gazette (Decree 423/2026)**    **Explanation and recent developments (last 30 d,Perplexity/PolicyProxy,2026-09-01T00:10:17+00:00
2026-08-31,BIODIESEL_MANDATE_NEWS,정책 뉴스,50.0,"[PERPLEXITY-PROXY: 인도네시아·말레이시아 바이오디젤 의무] INDONESIA: **B50** mandate | MALAYSIA: **B15** mandate (transport sector; higher in some territories) | CHANGE: **yes – both countries raised mandates in 2026 (Indonesia B40→B50 from July 1; Malaysia B10→B15 from June 1, with phased rollout)** | DATE: **2026‑08‑07** | SOURCE: **Reuters, USDA FAS, En",Perplexity/PolicyProxy,2026-09-01T00:10:17+00:00
2026-08-31,HORMUZ_THREAT_LEVEL,지정학 위험,3.0,[QUALITATIVE:HIGH],Perplexity/Hormuz,2026-09-01T00:10:17+00:00
2026-08-31,INDIA_DUTY_NEWS,정책 뉴스,35.75,[PERPLEXITY-PROXY: 인도 식용유 수입관세] DUTY_RATE: **35.75%** | CHANGE: **unchanged** | DATE: **30 May 2025** | SOURCE: **India government / SEA of India / USDA FAS**  India’s **refined soybean oil** import duty remains **32.5% BCD + 5% AIDC = 35.75% effective duty**; the available material also indicates **5% IGST** applies on edible oil,Perplexity/PolicyProxy,2026-09-01T00:10:17+00:00
2026-08-31,WASDE_CONSENSUS_SCORE,정책 뉴스,2026.0,[PERPLEXITY-PROXY: USDA WASDE 컨센서스] REPORT_DATE: **2026-08-12** | CONSENSUS: *No specific published global soybean oil figure found* | ACTUAL: **World soybean oil production 2024/25: 70.07 million metric tons; 2025/26: 72.66 million metric tons** | SURPRISE: **Neutral (vs. clearly documented trade consensus)** | SOURCE: USDA WASDE Aug,Perplexity/PolicyProxy,2026-09-01T00:10:17+00:00
2026-09-01,ARG_EXPORT_TAX_NEWS,정책 뉴스,22.5,"[PERPLEXITY-PROXY: 아르헨티나 대두유 수출세] RATE: **22.5%**   CHANGE: **unchanged (no change in the last 30 days)**   DATE: **June 3, 2026**   SOURCE: **USDA FAS / Decree 423/2026 / NABSA port update / Infobae**  Essential details and justification:  - The most recent official change to Argentina’s export duties on **soybean oil and other soy",Perplexity/PolicyProxy,2026-09-01T22:49:04+00:00
2026-09-01,BIODIESEL_MANDATE_NEWS,정책 뉴스,50.0,"[PERPLEXITY-PROXY: 인도네시아·말레이시아 바이오디젤 의무] INDONESIA: **B50** mandate | MALAYSIA: **B15** mandate (national transport, with B20 in Labuan/Langkawi/Sarawak excl. Bintulu) | CHANGE: **yes – Indonesia raised from B40 to B50; Malaysia raised from B10 to B15** | DATE: **2026-08-31** (Indonesia B50 coverage) | SOURCE: **Reuters, USDA FAS, S&P Glob",Perplexity/PolicyProxy,2026-09-01T22:49:04+00:00
2026-09-01,BRAZIL_HARVEST_PROGRESS,지정학 이벤트,99.0,"[PERPLEXITY-PROXY: 브라질 대두 수확 진척률] PROGRESS: **~99% harvested (season essentially complete)**[1][4] | VS_LAST_YEAR: **on-track to slightly ahead (harvest pace earlier in year was behind, but final completion similar; mid‑Feb +2.6 pts vs last year, late Feb −9 pts, late Mar −7 pts)**[7][13][14] | WEATHER_RISK: **MEDIUM** (localized he",Perplexity/GeoEventProxy,2026-09-01T00:10:17+00:00
2026-09-01,GEOINTEL_RISK_COMPOSITE,GeoIntel 복합,10.0,"[COMPOSITE: 지진30%+기상20%+GDELT30%+화재20% | {'SEISMIC': 0.0, 'NOAA_WEATHER': 2.0, 'GDELT_SBO': 0.0, 'FIRMS_FIRE': 0.0}]",GeoIntel,2026-09-01T00:10:17+00:00
2026-09-01,GPR_REALTIME,지정학 위험,251.38,[PERPLEXITY-PROXY],Perplexity/GPR,2026-09-01T22:49:04+00:00
2026-09-01,HORMUZ_THREAT_LEVEL,지정학 위험,3.0,[QUALITATIVE:SEVERE],Perplexity/Hormuz,2026-09-01T22:49:04+00:00
2026-09-01,INDIA_DUTY_NEWS,정책 뉴스,35.75,"[PERPLEXITY-PROXY: 인도 식용유 수입관세] DUTY_RATE: **35.75%** | CHANGE: **unchanged** | DATE: **April 2026 (no change in past 60 days)** | SOURCE: **J M Baxi Marine Services (Edible Oil duty update)**[15]    According to an April 2026 duty schedule for edible oils, **refined soybean oil** is shown with the following structure, which match",Perplexity/PolicyProxy,2026-09-01T22:49:04+00:00
2026-09-01,SUEZ_RED_SEA_RISK,지정학 이벤트,3.0,"[PERPLEXITY-PROXY: 수에즈·홍해 탱커 위험 수준] RISK: **HIGH** | DIVERSIONS: **unknown (significant; >50% overall Red Sea traffic decline vs pre‑blockade)** | FREIGHT_IMPACT: **~20–40%+ vs pre‑crisis on affected tanker routes (estimate)** | SOURCE: **Reuters, Lloyd’s List Intelligence, WSJ, UN, BBC, NYT** | DATE: **2026‑09‑01**  Attacks and risk ",Perplexity/GeoEventProxy,2026-09-01T00:10:17+00:00
2026-09-01,UKRAINE_GRAIN_CORRIDOR,지정학 이벤트,3.0,"[PERPLEXITY-PROXY: 우크라이나 흑해 수출 현황] STATUS: **restricted/partially blocked** | SUNFLOWER_OIL_EXPORTS: **reduced/suspended from Black Sea ports** | RISK: **HIGH** | SOURCE: [1][2][3][6][7][9][13][15] | DATE: 2026-09-01    Ukraine’s **grain exports via the Black Sea are currently severely restricted, with deepwater Black Sea ports (espe",Perplexity/GeoEventProxy,2026-09-01T00:10:17+00:00
2026-09-01,US_CHINA_TARIFF_STATUS,지정학 이벤트,2.0,"[PERPLEXITY-PROXY: 미·중 관세 에스컬레이션 수준] TARIFF_LEVEL: **MEDIUM escalation** | SOYBEAN_OIL_TARIFF: **19%** | CHANGE: **unchanged (no confirmed change in past 60 days)** | SOURCE: **USDA FAS Oilseeds and Products Annual (Table: China Oilseeds Tariffs)**[10] | DATE: **report last updated 2026-08-24**  From the available sources, **China curr",Perplexity/GeoEventProxy,2026-09-01T00:10:17+00:00
2026-09-01,WASDE_CONSENSUS_SCORE,정책 뉴스,2026.0,"[PERPLEXITY-PROXY: USDA WASDE 컨센서스] REPORT_DATE: **2026-08-12** | CONSENSUS: *No clear published global soybean oil ending-stocks/production consensus found; trade commentary focused mainly on U.S. soybeans, not global soybean oil* | ACTUAL: **Global soybean oil ending stocks: 6.44 million metric tons** (2024/25, World total) | SURPRI",Perplexity/PolicyProxy,2026-09-01T22:49:04+00:00
2026-09-02,ARG_EXPORT_TAX_NEWS,정책 뉴스,22.5,"[PERPLEXITY-PROXY: 아르헨티나 대두유 수출세] RATE: **22.5%**   CHANGE: **unchanged** (no new changes or announcements found in the past 30 days)   DATE: **June 3, 2026** (date of latest change/decree affecting soybean oil export taxes)   SOURCE: **USDA FAS / Argentina Official Gazette (Decreto 423/2026)**    **Explanation and context**  - A Ju",Perplexity/PolicyProxy,2026-09-02T22:50:31+00:00
2026-09-02,BIODIESEL_MANDATE_NEWS,정책 뉴스,50.0,"[PERPLEXITY-PROXY: 인도네시아·말레이시아 바이오디젤 의무] INDONESIA: **B50%** mandate (national biodiesel blend rate raised from B40 to B50, effective 1 July 2026; full rollout targeted by 1 October 2026)[4][12][13] | MALAYSIA: **B15%** mandate (national mandate raised from B10 to B15, effective 1 June 2026)[5][9][15] | CHANGE: **yes – both countries incre",Perplexity/PolicyProxy,2026-09-02T22:50:31+00:00
2026-09-02,BRAZIL_HARVEST_PROGRESS,지정학 이벤트,50.0,"[PERPLEXITY-PROXY: 브라질 대두 수확 진척률] PROGRESS: **~50–60% harvested (national, mid–late March 2026)**[2][5][8]   VS_LAST_YEAR: **behind by ~10–11 percentage points**[2][3][8]   WEATHER_RISK: **MEDIUM** (localized issues: heavy rain in Center‑West, drought in South; overall crop still record‑large)[6][8][9][15]   SOURCE: **CONAB + AgRura",Perplexity/GeoEventProxy,2026-09-02T22:50:31+00:00
2026-09-02,GEOINTEL_RISK_COMPOSITE,GeoIntel 복합,18.0,"[COMPOSITE: 지진30%+기상20%+GDELT30%+화재20% | {'SEISMIC': 0.0, 'NOAA_WEATHER': 3.0, 'GDELT_SBO': 2.0, 'FIRMS_FIRE': 0.0}]",GeoIntel,2026-09-02T22:50:31+00:00
2026-09-02,HORMUZ_THREAT_LEVEL,지정학 위험,3.0,[QUALITATIVE:HIGH],Perplexity/Hormuz,2026-09-02T22:50:31+00:00
2026-09-02,INDIA_DUTY_NEWS,정책 뉴스,35.75,[PERPLEXITY-PROXY: 인도 식용유 수입관세] DUTY_RATE: **35.75%** | CHANGE: **unchanged** | DATE: **2025-09-14** | SOURCE: **Reuters**  India’s **refined soybean oil** import duty for HS **1507.90** is currently **35.75%** when you include **basic customs duty + AIDC + GST/cess structure as reflected in the cited sources**.[8] The latest conf,Perplexity/PolicyProxy,2026-09-02T22:50:31+00:00
2026-09-02,RSS_WORLD_GRAIN,전문 매체,1.0,Scoular promotes winter canola benefits (https://www.world-grain.com/articles/23172-scoular-promotes-winter-canola-benefits),rss_world_grain,2026-09-02T22:50:31+00:00
2026-09-02,SUEZ_RED_SEA_RISK,지정학 이벤트,3.0,"[PERPLEXITY-PROXY: 수에즈·홍해 탱커 위험 수준] RISK: HIGH | DIVERSIONS: none (no reliable, up‑to‑date weekly tanker-diversion count available) | FREIGHT_IMPACT: ~+15–30% vs pre‑crisis for tanker-related trades using the Red Sea/Suez | SOURCE: mix of recent energy/shipping analyses and news reports | DATE: 2026-09-02  Context and caveats:  - **Ar",Perplexity/GeoEventProxy,2026-09-02T22:50:31+00:00
2026-09-02,UKRAINE_GRAIN_CORRIDOR,지정학 이벤트,3.0,"[PERPLEXITY-PROXY: 우크라이나 흑해 수출 현황] **STATUS:** restricted | **SUNFLOWER_OIL_EXPORTS:** reduced | **RISK:** HIGH | **SOURCE:** Reuters, 13 Aug 2026 | **DATE:** 2026-08-13  Ukraine’s Black Sea export corridor is **not operating under the original Black Sea Grain Initiative**, which ended in 2023; recent reporting instead points to cont",Perplexity/GeoEventProxy,2026-09-02T22:50:31+00:00
2026-09-02,US_CHINA_TARIFF_STATUS,지정학 이벤트,3.0,"[PERPLEXITY-PROXY: 미·중 관세 에스컬레이션 수준] TARIFF_LEVEL: **HIGH escalation** | SOYBEAN_OIL_TARIFF: **[Data not found in recent results; see note below]** | CHANGE: **unchanged (last 60 days)** | SOURCE: **S&P Global Platts / Reuters / AgWeb** | DATE: **2026-08-31**  China’s **tariff on US soybeans** remains around **13%**, combining a retali",Perplexity/GeoEventProxy,2026-09-02T22:50:31+00:00
2026-09-02,WASDE_CONSENSUS_SCORE,정책 뉴스,12.0,"[PERPLEXITY-PROXY: USDA WASDE 컨센서스] REPORT_DATE: **August 12, 2026** | CONSENSUS: *No clear published global soybean oil ending stocks/production consensus found* | ACTUAL: *World soybean oil ending stocks and production reported for 2025/26 in WASDE-674 (values in million metric tons, but exact figures cannot be reliably extracted fr",Perplexity/PolicyProxy,2026-09-02T22:50:31+00:00
2026-09-03,ARG_EXPORT_TAX_NEWS,정책 뉴스,22.5,[PERPLEXITY-PROXY: 아르헨티나 대두유 수출세] RATE: **22.5%**   CHANGE: **unchanged**   DATE: **2026-08-08 (latest confirmation of current rate)**   SOURCE: **NABSA Daily Port Info + Special News**  Essential details and context:  - A recent Argentine port/market bulletin summarizing export duties lists **“Soybean Meal & Oil – Current Rate: 22.,Perplexity/PolicyProxy,2026-09-03T22:52:39+00:00
2026-09-03,BIODIESEL_MANDATE_NEWS,정책 뉴스,50.0,"[PERPLEXITY-PROXY: 인도네시아·말레이시아 바이오디젤 의무] INDONESIA: **B50** mandate | MALAYSIA: **B15** mandate (national transport, with B20 in some territories) | CHANGE: **yes – both countries increased mandates in 2026; no *additional* change in the last 60 days beyond these mid‑2026 rollouts** | DATE: **2026‑08‑27** | SOURCE: **U.S. FAS Biofuels Annu",Perplexity/PolicyProxy,2026-09-03T22:52:39+00:00
2026-09-03,BRAZIL_HARVEST_PROGRESS,지정학 이벤트,74.3,"[PERPLEXITY-PROXY: 브라질 대두 수확 진척률] PROGRESS: **74.3% harvested** | VS_LAST_YEAR: **behind by 7.1%** | WEATHER_RISK: **MEDIUM** | SOURCE: **CONAB-reported progress as relayed by SunSirs** | DATE: **March 28, 2026**  Brazil’s soybean harvest was reported at **74.3% complete as of March 28, 2026**, compared with **81.4% at the same poin",Perplexity/GeoEventProxy,2026-09-03T22:52:39+00:00
2026-09-03,GEOINTEL_RISK_COMPOSITE,GeoIntel 복합,15.0,"[COMPOSITE: 지진30%+기상20%+GDELT30%+화재20% | {'SEISMIC': 0.0, 'NOAA_WEATHER': 3.0, 'GDELT_SBO': 0.0, 'FIRMS_FIRE': 0.0}]",GeoIntel,2026-09-03T22:52:39+00:00
2026-09-03,HORMUZ_THREAT_LEVEL,지정학 위험,3.0,[QUALITATIVE:HIGH],Perplexity/Hormuz,2026-09-03T22:52:39+00:00
2026-09-03,INDIA_DUTY_NEWS,정책 뉴스,35.75,"[PERPLEXITY-PROXY: 인도 식용유 수입관세] DUTY_RATE: **≈35.75% total** (refined soybean oil, HS 1507.90)   CHANGE: **unchanged** (in at least the last 60 days)   DATE: **14 September 2024** (latest identified change affecting HS 1507.90)   SOURCE: **India Ministry of Finance / CBIC notifications, summarized by OFI and USDA**  ---  ### How t",Perplexity/PolicyProxy,2026-09-03T22:52:39+00:00
2026-09-03,RSS_WORLD_GRAIN,전문 매체,1.0,Kamm takes over as SafeGrain CEO (https://www.world-grain.com/articles/23178-kamm-takes-over-as-safegrain-ceo),rss_world_grain,2026-09-03T22:52:39+00:00
2026-09-03,SUEZ_RED_SEA_RISK,지정학 이벤트,3.0,"[PERPLEXITY-PROXY: 수에즈·홍해 탱커 위험 수준] RISK: **HIGH** | DIVERSIONS: **unknown (significant, Saudi‑linked tankers rerouting)** | FREIGHT_IMPACT: **~20–40% ↑ vs pre‑crisis norms (estimate)** | SOURCE: **Lloyd’s List Intelligence; UN; Reuters; AP; US Maritime Advisory** | DATE: **2026-09-03**  Commercial tanker shipping through the **southe",Perplexity/GeoEventProxy,2026-09-03T22:52:39+00:00
2026-09-03,UKRAINE_GRAIN_CORRIDOR,지정학 이벤트,3.0,[PERPLEXITY-PROXY: 우크라이나 흑해 수출 현황] STATUS: **restricted** | SUNFLOWER_OIL_EXPORTS: **reduced** | RISK: **HIGH** | SOURCE: [1][2][4][7][9][12][13][15] | DATE: 2026-09-03  Supporting facts:  - Russia withdrew from the **Black Sea Grain Initiative** in July 2023 and Russian officials state there are *no prerequisites* for restoring it; ,Perplexity/GeoEventProxy,2026-09-03T22:52:39+00:00
2026-09-03,US_CHINA_TARIFF_STATUS,지정학 이벤트,2.0,[PERPLEXITY-PROXY: 미·중 관세 에스컬레이션 수준] TARIFF_LEVEL: **MEDIUM** | SOYBEAN_OIL_TARIFF: **19%** | CHANGE: **unchanged** | SOURCE: **USDA FAS Oilseeds and Products Annual / Reuters** | DATE: **2026-08-24 / 2026-05-12**  China’s current applied tariff on **U.S. soybean oil** is **19%** under the tariff structure reported by USDA FAS: **9% MF,Perplexity/GeoEventProxy,2026-09-03T22:52:39+00:00
2026-09-03,WASDE_CONSENSUS_SCORE,정책 뉴스,2026.0,"[PERPLEXITY-PROXY: USDA WASDE 컨센서스] REPORT_DATE: **2026-08-12** | CONSENSUS: *No clear published global soybean oil figure found* | ACTUAL: **World soybean oil production 2025/26: 72.66 million metric tons** | SURPRISE: **Neutral (vs prior USDA, cannot be classified vs market consensus)** | SOURCE: USDA WASDE August 2026 PDF[1]  ---  ",Perplexity/PolicyProxy,2026-09-03T22:52:39+00:00
2026-09-04,ARG_EXPORT_TAX_NEWS,정책 뉴스,22.5,[PERPLEXITY-PROXY: 아르헨티나 대두유 수출세] RATE: **22.5%**   CHANGE: **unchanged**   DATE: **2026-06-03**   SOURCE: **NABSA Daily Port Info / Buenos Aires Herald / USDA FAS / Decreto 423/2026**  Essential details and justification:  - A recent *Daily Port Info + Special News* circular for Argentina summarizes the **current export duty rates*,Perplexity/PolicyProxy,2026-09-04T22:33:50+00:00
2026-09-04,BIODIESEL_MANDATE_NEWS,정책 뉴스,50.0,"[PERPLEXITY-PROXY: 인도네시아·말레이시아 바이오디젤 의무] INDONESIA: **B50** mandate | MALAYSIA: **B10** nationwide, with **B20** in Labuan, Langkawi, and Sarawak (excluding Bintulu) | CHANGE: **Yes** — Indonesia’s B50 took effect on **July 1, 2026**; Malaysia has a reported plan to raise its mandate over time to **B15/B20/B30**, but no confirmed nationwid",Perplexity/PolicyProxy,2026-09-04T22:33:50+00:00
2026-09-04,BRAZIL_HARVEST_PROGRESS,지정학 이벤트,100.0,[PERPLEXITY-PROXY: 브라질 대두 수확 진척률] PROGRESS: **Harvest complete (effectively 100%)** | VS_LAST_YEAR: **on-track to slightly behind during March; final completion broadly similar** | WEATHER_RISK: **LOW** | SOURCE: [1][3][7][12][14][15] | DATE: **2026-09-04**  Brazil’s **2025/26 soybean harvest was nearing completion by early April 20,Perplexity/GeoEventProxy,2026-09-04T22:33:50+00:00
2026-09-04,GEOINTEL_RISK_COMPOSITE,GeoIntel 복합,15.0,"[COMPOSITE: 지진30%+기상20%+GDELT30%+화재20% | {'SEISMIC': 0.0, 'NOAA_WEATHER': 3.0, 'GDELT_SBO': 0.0, 'FIRMS_FIRE': 0.0}]",GeoIntel,2026-09-04T22:33:50+00:00
2026-09-04,HORMUZ_THREAT_LEVEL,지정학 위험,3.0,[QUALITATIVE:HIGH],Perplexity/Hormuz,2026-09-04T22:33:50+00:00
2026-09-04,INDIA_DUTY_NEWS,정책 뉴스,35.75,[PERPLEXITY-PROXY: 인도 식용유 수입관세] DUTY_RATE: **35.75%** (effective total import duty on refined soybean oil)   | CHANGE: **unchanged** in the last 60 days   | DATE: **14 September 2024** (latest clearly documented change)   | SOURCE: **USDA GAIN / OFI Magazine / Economic Times**  **How this is derived**  1. **Refined soybean oil dut,Perplexity/PolicyProxy,2026-09-04T22:33:50+00:00
2026-09-04,SUEZ_RED_SEA_RISK,지정학 이벤트,3.0,[PERPLEXITY-PROXY: 수에즈·홍해 탱커 위험 수준] RISK: **HIGH** (for Saudi/US/Israeli‑linked tankers; elevated but lower for others) | DIVERSIONS: **dozens of tankers** (estimated; exact current‑week count not published) | FREIGHT_IMPACT: **~50–100%+ increase** in war‑risk/total voyage costs vs pre‑July 2026 for high‑risk routes | SOURCE: **Reuter,Perplexity/GeoEventProxy,2026-09-04T22:33:50+00:00
2026-09-04,UKRAINE_GRAIN_CORRIDOR,지정학 이벤트,3.0,"[PERPLEXITY-PROXY: 우크라이나 흑해 수출 현황] STATUS: **restricted** | SUNFLOWER_OIL_EXPORTS: **reduced** | RISK: **HIGH** | SOURCE: [Reuters, NYT, NV.ua, Tridge, AgBull, Globoil, RBC-Ukraine] | DATE: 2026-09-04  Essential details behind this status:  - **Black Sea Grain Initiative / equivalent deal**     - The original **Black Sea Grain Initia",Perplexity/GeoEventProxy,2026-09-04T22:33:50+00:00
2026-09-04,US_CHINA_TARIFF_STATUS,지정학 이벤트,2.0,"[PERPLEXITY-PROXY: 미·중 관세 에스컬레이션 수준] TARIFF_LEVEL: **MEDIUM escalation** | SOYBEAN_OIL_TARIFF: **34%** | CHANGE: **unchanged (no confirmed change in past 60 days)** | SOURCE: USDA FAS Oilseeds and Products Annual (China tariff compendium) and China tariff tables[10][12] | DATE: underlying tariff schedule 2025, last update 2026-08-24[10",Perplexity/GeoEventProxy,2026-09-04T22:33:50+00:00
2026-09-04,WASDE_CONSENSUS_SCORE,정책 뉴스,11.0,"[PERPLEXITY-PROXY: USDA WASDE 컨센서스] REPORT_DATE: **September 11, 2026** | CONSENSUS: **N/A** | ACTUAL: **N/A** | SURPRISE: **neutral** | SOURCE: **USDA WASDE report page**  The latest WASDE release date shown in the gathered information is **September 11, 2026**.[4] However, the available results do **not** include a market consensus ",Perplexity/PolicyProxy,2026-09-04T22:33:50+00:00
2026-09-05,ARG_EXPORT_TAX_NEWS,정책 뉴스,0.0,"[PERPLEXITY-PROXY: 아르헨티나 대두유 수출세] RATE: **0%**   CHANGE: **unchanged (no modification or new announcement in the past 30 days)**   DATE: **July 1, 2026**   SOURCE: **Boletín Oficial de la República Argentina (Decreto 566/2026)**  **Explanation and basis**  - The official decree published in the Boletín Oficial as **Decreto 566/2026*",Perplexity/PolicyProxy,2026-09-05T22:15:52+00:00
2026-09-05,BIODIESEL_MANDATE_NEWS,정책 뉴스,50.0,"[PERPLEXITY-PROXY: 인도네시아·말레이시아 바이오디젤 의무] INDONESIA: **B50** mandate | MALAYSIA: **B15** mandate | CHANGE: **yes** — Indonesia raised the mandate from B40 to B50 effective **July 1, 2026**; I found **no clearly verified Malaysia mandate change** in the past 60 days from the gathered sources | DATE: **2026-07-10** | SOURCE: **Reuters / Jakar",Perplexity/PolicyProxy,2026-09-05T22:15:52+00:00
2026-09-05,BRAZIL_HARVEST_PROGRESS,지정학 이벤트,100.0,"[PERPLEXITY-PROXY: 브라질 대두 수확 진척률] PROGRESS: **≈100% (harvest essentially complete nationally)** | VS_LAST_YEAR: **behind by ≈10 percentage points at mid‑March, but largely caught up by season’s end** | WEATHER_RISK: **MEDIUM (localized)** | SOURCE: **Conab / AgRural / Southern Ag Today / CropGPT synthesis** | DATE: **2026‑06–07 (lat",Perplexity/GeoEventProxy,2026-09-05T22:15:52+00:00
2026-09-05,GEOINTEL_RISK_COMPOSITE,GeoIntel 복합,18.0,"[COMPOSITE: 지진30%+기상20%+GDELT30%+화재20% | {'SEISMIC': 0.0, 'NOAA_WEATHER': 3.0, 'GDELT_SBO': 2.0, 'FIRMS_FIRE': 0.0}]",GeoIntel,2026-09-05T22:15:52+00:00
2026-09-05,HORMUZ_THREAT_LEVEL,지정학 위험,3.0,[QUALITATIVE:HIGH],Perplexity/Hormuz,2026-09-05T22:15:52+00:00
2026-09-05,INDIA_DUTY_NEWS,정책 뉴스,35.75,"[PERPLEXITY-PROXY: 인도 식용유 수입관세] DUTY_RATE: **35.75%** | CHANGE: **unchanged** | DATE: **2025-05-30** | SOURCE: **Government notification as reported by The Hindu BusinessLine / echoed in USDA FAS**  India’s **refined soybean oil** import duty is still reported at **32.5% basic customs duty plus 5% AIDC/SWS-related levy, for an eff",Perplexity/PolicyProxy,2026-09-05T22:15:52+00:00
2026-09-05,SUEZ_RED_SEA_RISK,지정학 이벤트,3.0,"[PERPLEXITY-PROXY: 수에즈·홍해 탱커 위험 수준] RISK: **HIGH** | DIVERSIONS: **5** | FREIGHT_IMPACT: **25-40%** | SOURCE: **Reuters / UN reporting summarized in search results** | DATE: **2026-09-05**  Houthi attacks are **ongoing**: a Reuters report from August 5, 2026 says the Houthis launched missile attacks on two Saudi oil tankers in the Red",Perplexity/GeoEventProxy,2026-09-05T22:15:52+00:00
2026-09-05,UKRAINE_GRAIN_CORRIDOR,지정학 이벤트,3.0,[PERPLEXITY-PROXY: 우크라이나 흑해 수출 현황] STATUS: **restricted** | SUNFLOWER_OIL_EXPORTS: **reduced** | RISK: **HIGH** | SOURCE: [1][2][3][5][8][10][11][14][15] | DATE: 2026-09-05  **Explanation (brief):**  - Ukraine’s main **Black Sea grain ports (Odesa hub)** have been effectively closed or non-functional since late July–early August due ,Perplexity/GeoEventProxy,2026-09-05T22:15:52+00:00
2026-09-05,US_CHINA_TARIFF_STATUS,지정학 이벤트,2.0,"[PERPLEXITY-PROXY: 미·중 관세 에스컬레이션 수준] TARIFF_LEVEL: **MEDIUM escalation** | SOYBEAN_OIL_TARIFF: **34%** | CHANGE: **unchanged (no implemented change yet; only talks on reductions)** | SOURCE: Reuters; USDA FAS; China MOFCOM; Caixin | DATE: 2026-09-05    Below is the status specifically for **US soybeans and soybean oil into China**, foc",Perplexity/GeoEventProxy,2026-09-05T22:15:52+00:00
2026-09-05,WASDE_CONSENSUS_SCORE,정책 뉴스,2026.0,"[PERPLEXITY-PROXY: USDA WASDE 컨센서스] REPORT_DATE: 2026-08-12 | CONSENSUS: No widely reported global soybean oil ending stocks/production consensus available | ACTUAL: Global soybean oil ending stocks 2026/27 projected at **1,877 thousand metric tons** (July WASDE; latest detailed soybean oil table) | SURPRISE: neutral (vs lack of clear",Perplexity/PolicyProxy,2026-09-05T22:15:52+00:00
2026-09-06,ARG_EXPORT_TAX_NEWS,정책 뉴스,22.5,[PERPLEXITY-PROXY: 아르헨티나 대두유 수출세] RATE: **22.5%**   CHANGE: **unchanged (no new change in the last 30 days; latest change was in December 2025 and a *future* reduction schedule was formalized in June 2026 but does not yet alter the 2026 rate)**   DATE: **2025-12-09** (latest effective rate cut for soybean oil/by‑products)   SOURCE: ,Perplexity/PolicyProxy,2026-09-06T22:20:34+00:00
2026-09-06,BIODIESEL_MANDATE_NEWS,정책 뉴스,50.0,"[PERPLEXITY-PROXY: 인도네시아·말레이시아 바이오디젤 의무] INDONESIA: **B50% mandate** | MALAYSIA: **B15% mandate** | CHANGE: **yes – Indonesia raised B40→B50 from July 1, 2026; Malaysia raised B10→B15 with B15 effective June 1, 2026** | DATE: **2026-08-25** | SOURCE: **USDA FAS Biofuels Annual; Reuters; Dieselnet; S&P Global; EnergyNews.pro**  Essential co",Perplexity/PolicyProxy,2026-09-06T22:20:34+00:00
2026-09-06,BRAZIL_HARVEST_PROGRESS,지정학 이벤트,2025.0,"[PERPLEXITY-PROXY: 브라질 대두 수확 진척률] Brazil’s **2025/26 soybean harvest is essentially complete** as of mid-2026; at the key reference point of **late March 2026**, Brazil had about **74–75% of soybeans harvested**, which was **about 6–8 percentage points behind the same time last year**, with **weather-related delays but only localize",Perplexity/GeoEventProxy,2026-09-06T22:20:34+00:00
2026-09-06,GEOINTEL_RISK_COMPOSITE,GeoIntel 복합,15.0,"[COMPOSITE: 지진30%+기상20%+GDELT30%+화재20% | {'SEISMIC': 0.0, 'NOAA_WEATHER': 3.0, 'GDELT_SBO': 0.0, 'FIRMS_FIRE': 0.0}]",GeoIntel,2026-09-06T22:20:34+00:00
2026-09-06,HORMUZ_THREAT_LEVEL,지정학 위험,3.0,[QUALITATIVE:HIGH],Perplexity/Hormuz,2026-09-06T22:20:34+00:00
2026-09-06,INDIA_DUTY_NEWS,정책 뉴스,40.75,[PERPLEXITY-PROXY: 인도 식용유 수입관세] DUTY_RATE: **40.75%** (approx. 35.75% customs + 5% IGST)   CHANGE: **unchanged**   DATE: **No change reported since at least June 2025**   SOURCE: **USDA GAIN / India Finance Ministry notifications (via secondary summaries)**  ---  ### How this breaks down  For **refined soybean oil – HS 1507.90 (e.,Perplexity/PolicyProxy,2026-09-06T22:20:34+00:00
2026-09-06,SUEZ_RED_SEA_RISK,지정학 이벤트,3.0,"[PERPLEXITY-PROXY: 수에즈·홍해 탱커 위험 수준] RISK: **HIGH** | DIVERSIONS: **number unknown** | FREIGHT_IMPACT: **% increase unknown** | SOURCE: **UN, AP, US Maritime Advisory, Reuters (via search results)** | DATE: **2026-09-06**  The search results indicate that **risk for tanker and other commercial shipping in the southern Red Sea/Bab el‑Ma",Perplexity/GeoEventProxy,2026-09-06T22:20:34+00:00
2026-09-06,UKRAINE_GRAIN_CORRIDOR,지정학 이벤트,3.0,[PERPLEXITY-PROXY: 우크라이나 흑해 수출 현황] STATUS: **restricted** | SUNFLOWER_OIL_EXPORTS: **reduced** | RISK: **HIGH** | SOURCE: [1][4][6][8][9][11][13][15] | DATE: 2026-09-06  Reasoning and context (concise):  - **Black Sea Grain Initiative / equivalent:** The original UN-Turkey–brokered Black Sea Grain Initiative collapsed in 2023 and has,Perplexity/GeoEventProxy,2026-09-06T22:20:34+00:00
2026-09-06,US_CHINA_TARIFF_STATUS,지정학 이벤트,2.0,[PERPLEXITY-PROXY: 미·중 관세 에스컬레이션 수준] TARIFF_LEVEL: **MEDIUM escalation** | SOYBEAN_OIL_TARIFF: **~34% total applied tariff on US soybean oil (crude and refined)** | CHANGE: **unchanged over past 60 days (no reported new measures or suspensions)** | SOURCE: **USDA FAS Oilseeds and Products Annual CH2025-0055; Reuters; Ag-focused trade a,Perplexity/GeoEventProxy,2026-09-06T22:20:34+00:00
2026-09-06,WASDE_CONSENSUS_SCORE,정책 뉴스,11.0,"[PERPLEXITY-PROXY: USDA WASDE 컨센서스] REPORT_DATE: **September 11, 2026** | CONSENSUS: **Not available from the gathered sources** | ACTUAL: **Not available yet; report not released in the gathered sources** | SURPRISE: **neutral** | SOURCE: **USDA WASDE report calendar / USDA WASDE report page**[1][6]  The latest WASDE release date sho",Perplexity/PolicyProxy,2026-09-06T22:20:34+00:00
2026-09-07,ARG_EXPORT_TAX_NEWS,정책 뉴스,22.5,"[PERPLEXITY-PROXY: 아르헨티나 대두유 수출세] RATE: **22.5%**   CHANGE: **unchanged**   DATE: **2026-06-03**   SOURCE: **TN (Todo Noticias), Infobae, USDA FAS, NABSA port update**  **Explanation**  - Current official export duty on **soybean oil and meal (subproductos de soja)** is **22.5%**.[2][10]   - This rate comes from the December 2025 cu",Perplexity/PolicyProxy,2026-09-07T23:02:54+00:00
2026-09-07,BIODIESEL_MANDATE_NEWS,정책 뉴스,50.0,"[PERPLEXITY-PROXY: 인도네시아·말레이시아 바이오디젤 의무] INDONESIA: **B50** mandate | MALAYSIA: **B15** mandate | CHANGE: **Yes** — Indonesia’s B50 mandate took effect on July 1, 2026, with a phased rollout; Malaysia moved from B10 to B15 in 2026, with reports in early September indicating the transition has officially launched in Peninsular Malaysia. | D",Perplexity/PolicyProxy,2026-09-07T23:02:54+00:00
2026-09-07,BRAZIL_HARVEST_PROGRESS,지정학 이벤트,2025.0,"[PERPLEXITY-PROXY: 브라질 대두 수확 진척률] PROGRESS: **Harvest for Brazil’s 2025/26 soybean crop is essentially complete nationally (≈98–100%); only a small residual share of fields remains, mainly in parts of Minas Gerais and Goiás.**[3][4]   VS_LAST_YEAR: **Behind by roughly 5–7 percentage points at peak harvest pace in March, but now effe",Perplexity/GeoEventProxy,2026-09-07T23:02:54+00:00
2026-09-07,GEOINTEL_RISK_COMPOSITE,GeoIntel 복합,15.0,"[COMPOSITE: 지진30%+기상20%+GDELT30%+화재20% | {'SEISMIC': 0.0, 'NOAA_WEATHER': 3.0, 'GDELT_SBO': 0.0, 'FIRMS_FIRE': 0.0}]",GeoIntel,2026-09-07T23:02:54+00:00
2026-09-07,GPR_REALTIME,지정학 위험,251.38,[PERPLEXITY-PROXY],Perplexity/GPR,2026-09-07T23:02:54+00:00
2026-09-07,HORMUZ_THREAT_LEVEL,지정학 위험,3.0,[QUALITATIVE:HIGH],Perplexity/Hormuz,2026-09-07T23:02:54+00:00
2026-09-07,INDIA_DUTY_NEWS,정책 뉴스,50.75,[PERPLEXITY-PROXY: 인도 식용유 수입관세] DUTY_RATE: **≈50.75%** (BCD 45% + Social Welfare Surcharge 4.5% on BCD + IGST 5% on duty-paid value)   CHANGE: **unchanged** in the last 60 days (no rate-change notification found; only tariff value revisions)   DATE: **Latest change date not evidenced after 2025; current structure appears continuin,Perplexity/PolicyProxy,2026-09-07T23:02:54+00:00
2026-09-07,RSS_WORLD_GRAIN,전문 매체,2.0,"Slideshow: New equipment meets safety, efficiency needs (https://www.world-grain.com/articles/23185-slideshow-new-equipment-meets-safety-efficiency-needs) ⋅ The Next Five Years Belong to the Better Bean (https://www.world-grain.com/articles/23169-the-next-five-years-belong-to-the-better-bean)",rss_world_grain,2026-09-07T23:02:54+00:00
2026-09-07,SUEZ_RED_SEA_RISK,지정학 이벤트,3.0,"[PERPLEXITY-PROXY: 수에즈·홍해 탱커 위험 수준] RISK: **HIGH** | DIVERSIONS: **unknown (no reliable weekly tanker diversion count available)** | FREIGHT_IMPACT: **meaningful increase vs normal (exact % not reliably quantified)** | SOURCE: **Reuters[10][13], AP[5], UN News[11], US Maritime Advisory[2], Ahram Online[1], Al Jazeera[8][14], Bloomberg",Perplexity/GeoEventProxy,2026-09-07T23:02:54+00:00
2026-09-07,UKRAINE_GRAIN_CORRIDOR,지정학 이벤트,3.0,"[PERPLEXITY-PROXY: 우크라이나 흑해 수출 현황] STATUS: **restricted** | SUNFLOWER_OIL_EXPORTS: **reduced** | RISK: **HIGH** | SOURCE: Reuters, NV Business, Tridge Insights, Enterprise / New York Times / RBC-Ukraine synthesis | DATE: 2026-09-07  Ukraine’s Black Sea agricultural exports are currently **heavily disrupted but not fully stopped**, wi",Perplexity/GeoEventProxy,2026-09-07T23:02:54+00:00
2026-09-07,US_CHINA_TARIFF_STATUS,지정학 이벤트,2.0,[PERPLEXITY-PROXY: 미·중 관세 에스컬레이션 수준] TARIFF_LEVEL: **MEDIUM escalation** | SOYBEAN_OIL_TARIFF: **19%** | CHANGE: **unchanged (no implemented change in past 60 days)** | SOURCE: **USDA FAS Oilseeds and Products Annual CH2026-0032; Reuters; Trivium China** | DATE: **2026-09-07**  China currently applies a **19% tariff on US soybean oil (,Perplexity/GeoEventProxy,2026-09-07T23:02:54+00:00
2026-09-07,WASDE_CONSENSUS_SCORE,정책 뉴스,2026.0,[PERPLEXITY-PROXY: USDA WASDE 컨센서스] REPORT_DATE: 2026-08-12 | CONSENSUS: [no reliable public consensus found] | ACTUAL: 2025/26 world soybean oil production 72.66 million metric tons; world soybean oil ending stocks 6.44 million metric tons[1] | SURPRISE: [neutral vs available commentary] | SOURCE: USDA WASDE August 2026 (WASDE-674)[1,Perplexity/PolicyProxy,2026-09-07T23:02:54+00:00
2026-09-08,ARG_EXPORT_TAX_NEWS,정책 뉴스,22.5,[PERPLEXITY-PROXY: 아르헨티나 대두유 수출세] RATE: **22.5%** (soybean oil export duty – within a band of roughly **18–22%** depending on specific tariff line)   CHANGE: **unchanged** in the last 30 days   DATE: **2026‑06‑03** (latest confirmed change/decree affecting soybean oil export taxes)   SOURCE: **USDA / Official Bulletin / Infobae / Ru,Perplexity/PolicyProxy,2026-09-08T23:01:47+00:00
2026-09-08,BIODIESEL_MANDATE_NEWS,정책 뉴스,50.0,"[PERPLEXITY-PROXY: 인도네시아·말레이시아 바이오디젤 의무] INDONESIA: **B50%** mandate | MALAYSIA: **B15%** mandate | CHANGE: **Yes** — Indonesia raised its mandate from B40 to B50 effective **July 1, 2026**, with a transition period through **September 30 / October 1, 2026**; Malaysia announced a move from **B10 to B15**, beginning with **B12**, but the av",Perplexity/PolicyProxy,2026-09-08T23:01:47+00:00
2026-09-08,BRAZIL_HARVEST_PROGRESS,지정학 이벤트,100.0,"[PERPLEXITY-PROXY: 브라질 대두 수확 진척률] PROGRESS: **~100% (harvest reportedly completed)**   VS_LAST_YEAR: **On-track to slightly behind at peak harvest; early-mid season lag of ~10 percentage points, but completion on schedule**   WEATHER_RISK: **MEDIUM**   SOURCE: **USDA/FAS Oilseeds and Products Update; Conab crop progress; AgRural and",Perplexity/GeoEventProxy,2026-09-08T23:01:47+00:00
2026-09-08,GEOINTEL_RISK_COMPOSITE,GeoIntel 복합,15.0,"[COMPOSITE: 지진30%+기상20%+GDELT30%+화재20% | {'SEISMIC': 0.0, 'NOAA_WEATHER': 3.0, 'GDELT_SBO': 0.0, 'FIRMS_FIRE': 0.0}]",GeoIntel,2026-09-08T23:01:47+00:00
2026-09-08,HORMUZ_THREAT_LEVEL,지정학 위험,3.0,[QUALITATIVE:HIGH],Perplexity/Hormuz,2026-09-08T23:01:47+00:00
2026-09-08,INDIA_DUTY_NEWS,정책 뉴스,35.75,"[PERPLEXITY-PROXY: 인도 식용유 수입관세] DUTY_RATE: **35.75%** (approx. effective total on refined soybean oil imports)   CHANGE: **unchanged (no change in past 60 days)**   DATE: **30 May 2025** (latest change affecting edible oils, with refined oil rate confirmed as unchanged)   SOURCE: **USDA/FAS, Angel One, OFI Magazine**  ---  ### Bas",Perplexity/PolicyProxy,2026-09-08T23:01:47+00:00
2026-09-08,RSS_AGMARKET,전문 매체,1.0,AgMarket.Net Early Morning Market Analysis 9/08/26 (https://www.agmarket.net/agmarket-net-early-morning-market-analysis-9-08-26/),rss_agmarket,2026-09-09T05:57:41+00:00
2026-09-08,RSS_FARMDOC_DAILY,전문 매체,1.0,Wheat Double-Crop Soybean Profitability in Recent Years (https://farmdocdaily.illinois.edu/2026/09/wheat-double-crop-soybean-profitability-in-recent-years.html),rss_farmdoc_daily,2026-09-08T23:01:47+00:00
2026-09-08,RSS_TFM,전문 매체,4.0,TFM360 Feed 09-08-2026 (https://www.totalfarmmarketing.com/tfm360-feed-09-08-2026/) ⋅ TFM Daily Market Summary 09-08-2026 (https://www.totalfarmmarketing.com/tfm-daily-market-summary-09-08-2026/) ⋅ TFM Midday Update 9-8-2026 (https://www.totalfarmmarketing.com/tfm-midday-update-9-8-2026/) ⋅ TFM Morning Update 09-08-2026 (https://www.totalfarmmarketing.com/tfm-morning-update-09-08-2026/),rss_tfm,2026-09-09T05:57:41+00:00
2026-09-08,SUEZ_RED_SEA_RISK,지정학 이벤트,3.0,"[PERPLEXITY-PROXY: 수에즈·홍해 탱커 위험 수준] RISK: **HIGH** | DIVERSIONS: **unknown (significant, but no reliable weekly tanker count published)** | FREIGHT_IMPACT: **≈+1–3% on Red Sea/Suez-related tanker voyages vs pre‑blockade norms (route/ship-specific premiums)** | SOURCE: **Reuters, AP, Al Jazeera, Ahram Online, UKMTO/advisories, CES-Inte",Perplexity/GeoEventProxy,2026-09-08T23:01:47+00:00
2026-09-08,UKRAINE_GRAIN_CORRIDOR,지정학 이벤트,3.0,"[PERPLEXITY-PROXY: 우크라이나 흑해 수출 현황] STATUS: **restricted** | SUNFLOWER_OIL_EXPORTS: **reduced** | RISK: **HIGH** | SOURCE: [Reuters, NV Business, AgBull, Tridge, RBC-Ukraine, EnterpriseAM] | DATE: 2026-09-08  **Supporting detail (not part of requested line, but for context):**  - **Black Sea Grain Initiative status:** Russia withdrew ",Perplexity/GeoEventProxy,2026-09-08T23:01:47+00:00
2026-09-08,US_CHINA_TARIFF_STATUS,지정학 이벤트,2.0,"[PERPLEXITY-PROXY: 미·중 관세 에스컬레이션 수준] TARIFF_LEVEL: **MEDIUM escalation** | SOYBEAN_OIL_TARIFF: **[Data not clearly specified; see note]** | CHANGE: **unchanged (no implemented change in last 60 days)** | SOURCE: **[6][2][1][14][11]** | DATE: **2026-09-08**  Below is the detail behind that one-line status, separated by product.  ---  ##",Perplexity/GeoEventProxy,2026-09-08T23:01:47+00:00
2026-09-08,WASDE_CONSENSUS_SCORE,정책 뉴스,11.0,"[PERPLEXITY-PROXY: USDA WASDE 컨센서스] USDA’s latest WASDE page shows the **next** report is scheduled for **September 11, 2026**, so the most recent *released* WASDE affecting soybean oil is the **August 12, 2026** report.[1][3] For that report, public data and commentary provide detail on soybeans generally but do **not** give a clear,",Perplexity/PolicyProxy,2026-09-08T23:01:47+00:00
2026-09-09,ARG_EXPORT_TAX_NEWS,정책 뉴스,22.5,"[PERPLEXITY-PROXY: 아르헨티나 대두유 수출세] RATE: **22.5%**   CHANGE: **unchanged**   DATE: **June 3, 2026**   SOURCE: **USDA GAIN (Biofuels Annual / Oilseeds & Products Annual)**  **Explanation and context**  - The latest official data in the retrieved reports shows **soybean by‑products (which include soybean oil) at an export tax rate of 2",Perplexity/PolicyProxy,2026-09-09T05:57:41+00:00
2026-09-09,BCAA,운임(실시간),2026.0,[PERPLEXITY-PROXY: BCAA — 식물성유지 탱커 지수 (2025-02 출시)],Perplexity/BalticExchange,2026-09-09T05:57:41+00:00
2026-09-09,BIODIESEL_MANDATE_NEWS,정책 뉴스,50.0,"[PERPLEXITY-PROXY: 인도네시아·말레이시아 바이오디젤 의무] INDONESIA: **B50% mandate (national program, with some diesel still at B40 during transition)**[1][2][10] | MALAYSIA: **B15% mandate (national), with B20% still in Labuan, Langkawi and Sarawak (ex‑Bintulu)**[9][11][15] | CHANGE: **yes – Indonesia raised from B40 to B50 effective 1 Jul 2026; Malaysia",Perplexity/PolicyProxy,2026-09-09T05:57:41+00:00
2026-09-09,BRAZIL_HARVEST_PROGRESS,지정학 이벤트,100.0,[PERPLEXITY-PROXY: 브라질 대두 수확 진척률] PROGRESS: 100% (harvest essentially completed nationally)   VS_LAST_YEAR: On-track to slightly ahead (harvest reportedly also completed in early September last year)   WEATHER_RISK: LOW (main harvest finished; only localized delays earlier in season)   SOURCE: USDA Oilseeds and Products Update (Bras,Perplexity/GeoEventProxy,2026-09-09T05:57:41+00:00
2026-09-09,GEOINTEL_RISK_COMPOSITE,GeoIntel 복합,10.0,"[COMPOSITE: 지진30%+기상20%+GDELT30%+화재20% | {'SEISMIC': 0.0, 'NOAA_WEATHER': 2.0, 'GDELT_SBO': 0.0, 'FIRMS_FIRE': 0.0}]",GeoIntel,2026-09-09T05:57:41+00:00
2026-09-09,HORMUZ_THREAT_LEVEL,지정학 위험,3.0,[QUALITATIVE:HIGH],Perplexity/Hormuz,2026-09-09T05:57:41+00:00
2026-09-09,INDIA_DUTY_NEWS,정책 뉴스,35.75,"[PERPLEXITY-PROXY: 인도 식용유 수입관세] DUTY_RATE: **35.75% (effective total incidence, incl. BCD + cess; GST/IGST additional on top where applicable)**   CHANGE: **unchanged**   DATE: **14 September 2024**   SOURCE: **OFI Magazine / Standing Committee on Consumer Affairs / USDA FAS / Globoil India**  ---  ### 1. Current import duty on re",Perplexity/PolicyProxy,2026-09-09T05:57:41+00:00
2026-09-09,RSS_AGMARKET,전문 매체,1.0,AgMarket.Net Early Morning Market Analysis 9/09/26 (https://www.agmarket.net/agmarket-net-early-morning-market-analysis-9-09-26/),rss_agmarket,2026-09-09T22:48:39+00:00
2026-09-09,RSS_CLIMATEPOL,전문 매체,5.0,"인천시, 해양안전 최일선 지킨 모범해양경찰 8명 표창 (https://www.climatepol.com/news/articleView.html?idxno=29468) ⋅ 인천,지자체 최초로 웰니스 여행상품 라이브커머스 판로 확대 (https://www.climatepol.com/news/articleView.html?idxno=29470) ⋅ 인천관광공사, 가을밤,개항장이 더 특별해진다...마켓부터 드로잉까지 (https://www.climatepol.com/news/articleView.html?idxno=29469) ⋅ 한성숙 국무총리 가네 캐나다 상원의장 면담 (https://www.climatepol.com/news/articleView.html?idxno=29478) ⋅ 국가유산청, 현대자동차 후원으로 국가유산돌봄 인력 안전 강화 나선다 (https://www.climatepol.com/news/articleView.html?idxno=29500)",rss_climatepol,2026-09-09T05:57:41+00:00
2026-09-09,RSS_FARMDOC_DAILY,전문 매체,1.0,Lettuce Talk About Food Safety: Consumer Responses to Recent Outbreaks (https://farmdocdaily.illinois.edu/2026/09/lettuce-talk-about-food-safety-consumer-responses-to-recent-outbreaks.html),rss_farmdoc_daily,2026-09-09T22:48:39+00:00
2026-09-09,RSS_GRAINCENTRAL,전문 매체,1.0,Daily Market Wire 9 September 2026 (https://www.graincentral.com/markets/daily-market-wire-9-september-2026/),rss_graincentral,2026-09-09T05:57:41+00:00
2026-09-09,RSS_TFM,전문 매체,4.0,"TFM Daily Market Summary 09-09-2026 (https://www.totalfarmmarketing.com/tfm-daily-market-summary-09-09-2026/) ⋅ TFM Midday Update 9-9-2026 (https://www.totalfarmmarketing.com/tfm-midday-update-9-9-2026/) ⋅ In 2026, Volatility Returned: a Case for Math-Based Marketing (https://www.totalfarmmarketing.com/in-2026-volatility-returned-a-case-for-math-based-marketing/) ⋅ TFM Morning Update 09-09-2026 (https://www.totalfarmmarketing.com/tfm-morning-update-09-09-2026/)",rss_tfm,2026-09-09T22:48:39+00:00
2026-09-09,RSS_WORLD_GRAIN,전문 매체,2.0,China continues US soybean push amid South American purchases (https://www.world-grain.com/articles/23195-china-continues-us-soybean-push-amid-south-american-purchases) ⋅ New safe feed certification added for supply chain members (https://www.world-grain.com/articles/23194-new-safe-feed-certification-added-for-supply-chain-members),rss_world_grain,2026-09-09T22:48:39+00:00
2026-09-09,SUEZ_RED_SEA_RISK,지정학 이벤트,3.0,"[PERPLEXITY-PROXY: 수에즈·홍해 탱커 위험 수준] RISK: **HIGH** | DIVERSIONS: **dozens of tankers; significant but exact weekly count not publicly specified** | FREIGHT_IMPACT: **~30–50% increase vs normal on high‑risk Red Sea/Suez trades; near‑normal elsewhere** | SOURCE: **Lloyd’s List Intelligence, US Maritime Advisory, Reuters, UN, Al Jazeera,",Perplexity/GeoEventProxy,2026-09-09T05:57:41+00:00
2026-09-09,UKRAINE_GRAIN_CORRIDOR,지정학 이벤트,3.0,"[PERPLEXITY-PROXY: 우크라이나 흑해 수출 현황] STATUS: **restricted** | SUNFLOWER_OIL_EXPORTS: **reduced** | RISK: **HIGH** | SOURCE: Reuters, Guardian, Washington Times, Agbull (summarizing recent Reuters data) | DATE: 2026-09-09  Ukraine’s Black Sea agricultural exports (including grain and sunflower oil) are currently **severely constrained b",Perplexity/GeoEventProxy,2026-09-09T05:57:41+00:00
2026-09-09,US_CHINA_TARIFF_STATUS,지정학 이벤트,2.0,[PERPLEXITY-PROXY: 미·중 관세 에스컬레이션 수준] TARIFF_LEVEL: **MEDIUM escalation** | SOYBEAN_OIL_TARIFF: **19%** | CHANGE: **unchanged** | SOURCE: USDA FAS “Oilseeds and Products Annual” (China tariff schedule for U.S. oilseeds and products)[13] | DATE: **2026-08-24 (last updated)**    Essential context and supporting details:  - **Current tarif,Perplexity/GeoEventProxy,2026-09-09T05:57:41+00:00
2026-09-09,WASDE_CONSENSUS_SCORE,정책 뉴스,2026.0,"[PERPLEXITY-PROXY: USDA WASDE 컨센서스] REPORT_DATE: 2026-08-12 | CONSENSUS: No specific published consensus found for **global soybean oil** ending stocks or production in this WASDE | ACTUAL: World soybean oil ending stocks 2024/25 ≈ **5.69–5.71 million metric tons** (USDA table, essentially unchanged from prior month) | SURPRISE: **Neu",Perplexity/PolicyProxy,2026-09-09T05:57:41+00:00
2026-09-10,ARG_EXPORT_TAX_NEWS,정책 뉴스,22.5,"[PERPLEXITY-PROXY: 아르헨티나 대두유 수출세] RATE: **22.5%**   CHANGE: **unchanged**   DATE: **June 3, 2026 (latest change schedule; no further change or new announcement in the past 30 days)**   SOURCE: **USDA FAS Biofuels Annual / NABSA Daily Port Info / Infobae**  **Explanation**  - The USDA FAS *Biofuels Annual* report for Argentina shows ",Perplexity/PolicyProxy,2026-09-10T22:49:23+00:00
2026-09-10,BIODIESEL_MANDATE_NEWS,정책 뉴스,50.0,"[PERPLEXITY-PROXY: 인도네시아·말레이시아 바이오디젤 의무] INDONESIA: **B50** mandate | MALAYSIA: **B15** mandate | CHANGE: **yes** — Indonesia’s B50 mandate took effect on **July 1, 2026**; Malaysia announced an increase from B10 to B15 for the transportation sector in **April 2026**, with B12 as a starting step. There was also a Malaysia follow-up report ",Perplexity/PolicyProxy,2026-09-10T22:49:23+00:00
2026-09-10,BRAZIL_HARVEST_PROGRESS,지정학 이벤트,50.6,"[PERPLEXITY-PROXY: 브라질 대두 수확 진척률] Brazil’s **2025/26 soybean harvest is effectively complete nationally**, so there is **no meaningful “current” harvest progress** as of September 10, 2026; the key progress numbers were reached between March and April 2026.[7][12][14]  Using the most recent, quantifiable progress data and year‑on‑ye",Perplexity/GeoEventProxy,2026-09-10T22:49:23+00:00
2026-09-10,GEOINTEL_RISK_COMPOSITE,GeoIntel 복합,21.0,"[COMPOSITE: 지진30%+기상20%+GDELT30%+화재20% | {'SEISMIC': 0.0, 'NOAA_WEATHER': 3.0, 'GDELT_SBO': 4.0, 'FIRMS_FIRE': 0.0}]",GeoIntel,2026-09-10T22:49:23+00:00
2026-09-10,HORMUZ_THREAT_LEVEL,지정학 위험,3.0,[QUALITATIVE:HIGH],Perplexity/Hormuz,2026-09-10T22:49:23+00:00
2026-09-10,INDIA_DUTY_NEWS,정책 뉴스,35.75,[PERPLEXITY-PROXY: 인도 식용유 수입관세] DUTY_RATE: **35.75%** (approx. effective import duty on refined soybean oil)   CHANGE: **unchanged** (no change in BCD/AIDC/GST structure in last 60 days)   DATE: **2025-05-31** (latest clearly documented change affecting crude oils; refined rate confirmed unchanged through 2026)   SOURCE: **USDA FA,Perplexity/PolicyProxy,2026-09-10T22:49:23+00:00
2026-09-10,RSS_CLIMATEPOL,전문 매체,2.0,"[제42회 신한동해오픈] 1R. 공동 선두 오호리 유지로, T4 정한밀, 전재한, 오승택 인터뷰 (https://www.climatepol.com/news/articleView.html?idxno=29707) ⋅ 경기도의회 윤순옥 의원, “도농지역 현실 반영한 접도구역 제도 개선 필요” (https://www.climatepol.com/news/articleView.html?idxno=29681)",rss_climatepol,2026-09-10T22:49:23+00:00
2026-09-10,RSS_TFM,전문 매체,3.0,TFM Daily Market Summary 09-10-2026 (https://www.totalfarmmarketing.com/tfm-daily-market-summary-09-10-2026/) ⋅ TFM Midday Update 9-10-2026 (https://www.totalfarmmarketing.com/tfm-midday-update-9-10-2026/) ⋅ TFM Morning Update 09-10-2026 (https://www.totalfarmmarketing.com/tfm-morning-update-09-10-2026/),rss_tfm,2026-09-10T22:49:23+00:00
2026-09-10,RSS_WORLD_GRAIN,전문 매체,1.0,"Bayer, Neste partner on US winter canola (https://www.world-grain.com/articles/23200-bayer-neste-partner-on-us-winter-canola)",rss_world_grain,2026-09-10T22:49:23+00:00
2026-09-10,SUEZ_RED_SEA_RISK,지정학 이벤트,2.0,"[PERPLEXITY-PROXY: 수에즈·홍해 탱커 위험 수준] RISK: **MEDIUM** (elevated but not at peak war‑risk levels; route remains open and used by many tankers)[1][2][4][5] | DIVERSIONS: **no precise public figure for “this week”; container lines and some tankers continue to divert around the Cape of Good Hope, with Red Sea/Suez traffic still materially ",Perplexity/GeoEventProxy,2026-09-10T22:49:23+00:00
2026-09-10,UKRAINE_GRAIN_CORRIDOR,지정학 이벤트,3.0,[PERPLEXITY-PROXY: 우크라이나 흑해 수출 현황] STATUS: restricted | SUNFLOWER_OIL_EXPORTS: reduced | RISK: HIGH | SOURCE: [1][2][3][4][5][6][7][8][9][10][11][13][14][15][12] | DATE: 2026-09-10  **Context behind this status**  - **Black Sea Grain Initiative / equivalent agreement**     - The original **Black Sea Grain Initiative remains terminate,Perplexity/GeoEventProxy,2026-09-10T22:49:23+00:00
2026-09-10,US_CHINA_TARIFF_STATUS,지정학 이벤트,2.0,"[PERPLEXITY-PROXY: 미·중 관세 에스컬레이션 수준] TARIFF_LEVEL: **MEDIUM escalation** | SOYBEAN_OIL_TARIFF: **19%** | CHANGE: **unchanged** | SOURCE: **USDA FAS “Oilseeds and Products Annual” (tariff tables for soybeans and oils)**[8] | DATE: **2026-08-24 (last updated)**    Below is the most recent, sourced picture for **US soybeans and soybean oi",Perplexity/GeoEventProxy,2026-09-10T22:49:23+00:00
2026-09-10,WASDE_CONSENSUS_SCORE,정책 뉴스,11.0,"[PERPLEXITY-PROXY: USDA WASDE 컨센서스] REPORT_DATE: **September 11, 2026** | CONSENSUS: **Not available in the gathered sources** | ACTUAL: **Not available in the gathered sources** | SURPRISE: **Neutral** | SOURCE: **USDA WASDE release schedule confirms the September 2026 report date; the search results do not include a pre-report conse",Perplexity/PolicyProxy,2026-09-10T22:49:23+00:00
2026-09-11,RSS_AGMARKET,전문 매체,1.0,[채널: 공식 RSS] AgMarket.Net Early Morning Market Analysis 9/11/26 (https://www.agmarket.net/agmarket-net-early-morning-market-analysis-9-11-26/),rss_agmarket,2026-09-13T22:44:28+00:00
2026-09-11,RSS_AP_WORLD,전문 매체,1.0,"[채널: Google News] Union leader behind California billionaires' tax proposal accused of threatening, harassing women - apnews.com (https://news.google.com/rss/articles/CBMisAFBVV95cUxOcHhxQTJoZ0tEVlE3MnQ3RnBWQUpyMDRnVU1Tb2llSHVuVEVlWVZEMG5Kak5aY3ZYaWJBN24xSGlReWpEZUt5UEs3UE1MM1NoQm4xNmFHX2dzVnhHenFqcFJ3VmFlNFdwSUlXX0QwbDAyYWFDM1VWRldLTVV1aWhCeThUUllPQzVwejFpbnl4SmYzQkRyM2ZkaU9GS1I2dUdSd3hTckthbXoxTmNmV285Sw?oc=5)",rss_ap_world,2026-09-13T22:44:28+00:00
2026-09-11,RSS_GRAINCENTRAL,전문 매체,1.0,[채널: 공식 RSS] Daily Market Wire 11 September 2026 (https://www.graincentral.com/markets/daily-market-wire-10-september-2026-2/),rss_graincentral,2026-09-13T22:44:28+00:00
2026-09-11,RSS_REUTERS_CLIMATE_ENERGY,전문 매체,1.0,"[채널: Google News] White House copper tariff plan stalls amid affordability concerns, sources say - Reuters (https://news.google.com/rss/articles/CBMivwFBVV95cUxNNURGbmRQdjJaanFqS0VBQUVyTjZCNkZyeTBrV2NVcWtGLVRQdk5jaG9pYU5FejR3REpqdHJSQWM0NlRUSVdnclJOR0RiWEpUNlV1ZXRUU1RPSTFlNF90elZIZWFxbFhDYm1nUlFjQ3l0UjRMbGstTmItU3BiOVZDYi0tRUxPelM0V1J6TmhVTnJJQkdxdUFBemtkdWxTdUNScndiZlNiQm1rQXRsMlh6ZFhxNnRmemFLN2ZfMnk2UQ?oc=5)",rss_reuters_climate_energy,2026-09-13T22:44:28+00:00
2026-09-11,RSS_REUTERS_COMMODITIES,전문 매체,1.0,"[채널: Google News] White House copper tariff plan stalls amid affordability concerns, sources say - Reuters (https://news.google.com/rss/articles/CBMivwFBVV95cUxNNURGbmRQdjJaanFqS0VBQUVyTjZCNkZyeTBrV2NVcWtGLVRQdk5jaG9pYU5FejR3REpqdHJSQWM0NlRUSVdnclJOR0RiWEpUNlV1ZXRUU1RPSTFlNF90elZIZWFxbFhDYm1nUlFjQ3l0UjRMbGstTmItU3BiOVZDYi0tRUxPelM0V1J6TmhVTnJJQkdxdUFBemtkdWxTdUNScndiZlNiQm1rQXRsMlh6ZFhxNnRmemFLN2ZfMnk2UQ?oc=5)",rss_reuters_commodities,2026-09-13T22:44:28+00:00
2026-09-11,RSS_TFM,전문 매체,4.0,[채널: 공식 RSS] TFM Daily Market Summary 09-11-2026 (https://www.totalfarmmarketing.com/tfm-daily-market-summary-09-11-2026/) ⋅ TFM Midday Update 9-11-2026 (https://www.totalfarmmarketing.com/tfm-midday-update-9-11-2026/) ⋅ TFM Perspective 9-11-2026 (https://www.totalfarmmarketing.com/tfm-perspective-9-11-2026/) ⋅ TFM Morning Update 09-11-2026 (https://www.totalfarmmarketing.com/tfm-morning-update-09-11-2026/),rss_tfm,2026-09-13T22:44:28+00:00
2026-09-11,RSS_WORLD_GRAIN,전문 매체,2.0,[채널: 공식 RSS] Attack damages Bunge oilseeds plant in Ukraine (https://www.world-grain.com/articles/23206-attack-damages-bunge-oilseeds-plant-in-ukraine) ⋅ ADM rolling with biofuels opportunities (https://www.world-grain.com/articles/23205-adm-rolling-with-biofuels-opportunities),rss_world_grain,2026-09-13T22:44:28+00:00
2026-09-12,RSS_AP_WORLD,전문 매체,5.0,"[채널: Google News] Yemen's Houthis capture a Red Sea island in a threat to shipping, and other Mideast developments - apnews.com (https://news.google.com/rss/articles/CBMilwFBVV95cUxOTVVrTHdGZGh4a2VWNHlfeWxkdlQtVkVJQzNaMUFpTTJwTWtfZlpUeVktX3g3NVBsYVFlbjdHOHZsaUZHTWhwQXo1eE9RaUowWnJYVlBJYXJWOTBYSHhCd0dJSWM5T2xJV0hJRWw5b0ZBZy1OSlcxY2VkTkszMUxGMl9fOS1MVldRajgtMFF1V0dYNTJJWHVN?oc=5) ⋅ The last non-European to win a men’s tennis major says Shelton can end the drought - apnews.com (https://news.google.",rss_ap_world,2026-09-13T22:44:28+00:00
2026-09-12,RSS_REUTERS_CLIMATE_ENERGY,전문 매체,3.0,"[채널: Google News] Iran-Oman understanding does not provide for immediate reopening of Strait of Hormuz, Tasnim reports - Reuters (https://news.google.com/rss/articles/CBMixwFBVV95cUxNXzF6RlhPNHFNSGk2RzFzNnNVc3ZaT0RWYldmaWNGaDNQWkE1ZTl2MDQ2VnpKN0xuMENvc05KaG1xdjFVaEpPQWN1cXFjMk1IdVcxRkN0YzI5cEtHdjNUeUVfUUxHTVVfbGxfejVnZVFnVHZTWjNTa0RiQWhud2F0RmZJZExhOEZBa0xmaUxoaHF4YXk4bWN5VllHRFlSQ21wekM0Ri1aR1p5V2pEbkYyLTJzQWxBa0p6Ri1IVktiVnE1MkZieXpR?oc=5) ⋅ Saudis shut down oil pipeline as Houthis tighten gri",rss_reuters_climate_energy,2026-09-13T22:44:28+00:00
2026-09-12,RSS_REUTERS_COMMODITIES,전문 매체,4.0,"[채널: Google News] Iran-Oman understanding does not provide for immediate reopening of Strait of Hormuz, Tasnim reports - Reuters (https://news.google.com/rss/articles/CBMixwFBVV95cUxNXzF6RlhPNHFNSGk2RzFzNnNVc3ZaT0RWYldmaWNGaDNQWkE1ZTl2MDQ2VnpKN0xuMENvc05KaG1xdjFVaEpPQWN1cXFjMk1IdVcxRkN0YzI5cEtHdjNUeUVfUUxHTVVfbGxfejVnZVFnVHZTWjNTa0RiQWhud2F0RmZJZExhOEZBa0xmaUxoaHF4YXk4bWN5VllHRFlSQ21wekM0Ri1aR1p5V2pEbkYyLTJzQWxBa0p6Ri1IVktiVnE1MkZieXpR?oc=5) ⋅ No signed Hormuz deal expected yet from Oman meeting",rss_reuters_commodities,2026-09-13T22:44:28+00:00
2026-09-13,ARG_EXPORT_TAX_NEWS,정책 뉴스,22.5,"[PERPLEXITY-PROXY: 아르헨티나 대두유 수출세] RATE: **22.5%**   CHANGE: **unchanged**   DATE: **December 9, 2025**   SOURCE: **Buenos Aires Herald / USDA GAIN**  Context and basis:  - The most recent clearly specified rate for **soybean by-products (which includes soybean oil)** is **22.5%**, following a cut announced by Argentina’s Economy Min",Perplexity/PolicyProxy,2026-09-13T22:44:28+00:00
2026-09-13,BIODIESEL_MANDATE_NEWS,정책 뉴스,50.0,[PERPLEXITY-PROXY: 인도네시아·말레이시아 바이오디젤 의무] INDONESIA: **B50%** mandate (transition from B40; B50 legally in force with 3‑month phase‑in)   MALAYSIA: **B15%** mandate (from B10 for transport; B20 remains in specific regions)   CHANGE: **yes – Indonesia raised mandate from B40 to B50; Malaysia raised from B10 to B15 for transport**   DATE: **2,Perplexity/PolicyProxy,2026-09-13T22:44:28+00:00
2026-09-13,BRAZIL_HARVEST_PROGRESS,지정학 이벤트,13.0,"[PERPLEXITY-PROXY: 브라질 대두 수확 진척률] PROGRESS: **n/a for Sep. 13, 2026** | VS_LAST_YEAR: **n/a** | WEATHER_RISK: **MEDIUM** | SOURCE: **CONAB/market reporting summarized in late-season crop updates** | DATE: **2026-06 to 2026-08 reporting window**  The latest harvest-progress figure I could verify from the gathered sources is **74.3% h",Perplexity/GeoEventProxy,2026-09-13T22:44:28+00:00
2026-09-13,GEOINTEL_RISK_COMPOSITE,GeoIntel 복합,15.0,"[COMPOSITE: 지진30%+기상20%+GDELT30%+화재20% | {'SEISMIC': 0.0, 'NOAA_WEATHER': 3.0, 'GDELT_EVENT': 0.0, 'FIRMS_FIRE': 0.0}]",GeoIntel,2026-09-13T22:44:28+00:00
2026-09-13,GPR_REALTIME,지정학 위험,251.38,[PERPLEXITY-PROXY],Perplexity/GPR,2026-09-13T22:44:28+00:00
2026-09-13,HORMUZ_THREAT_LEVEL,지정학 위험,3.0,[QUALITATIVE:HIGH],Perplexity/Hormuz,2026-09-13T22:44:28+00:00
2026-09-13,INDIA_DUTY_NEWS,정책 뉴스,12.5,"[PERPLEXITY-PROXY: 인도 식용유 수입관세] DUTY_RATE: **[12.5% (plus GST on CIF+duty value; effective total typically ~18–19% for non‑concessional imports)]**   CHANGE: **[unchanged in last 60 days, but subject to temporary concessions for some edible oils]**   DATE: **[no specific change for HS 1507.90 identified within last 60 days; latest",Perplexity/PolicyProxy,2026-09-13T22:44:28+00:00
2026-09-13,RSS_AP_COMMODITIES,전문 매체,2.0,"[채널: Google News] Trump says he's lifting a 10% tariff on Irish whiskey because 'everybody's been bugging me' about it - apnews.com (https://news.google.com/rss/articles/CBMikAFBVV95cUxQbGxnLXB4NGxDZEpHdHRsSGVZaTlqTTJZYkRJc3NSLVFkQmJRNUxDTmxfSC1lR2FIWW5RRUlkckN1OExobThVWkdxLVZGU3FwblBxci1qWFVyR3NxOHFBZVJxbFRZVjcwSGx4MjJla0VySTlPWmVWdkNLbkdGUkYwTmNIMk0wX2VvWDl5dGwtdUk?oc=5) ⋅ Iranian media say 1 killed in ship strike on the Strait of Hormuz, and other Mideast developments - apnews.com (https://ne",rss_ap_commodities,2026-09-13T22:44:28+00:00
2026-09-13,RSS_AP_WORLD,전문 매체,5.0,"[채널: Google News] Trump says he's lifting a 10% tariff on Irish whiskey because 'everybody's been bugging me' about it - apnews.com (https://news.google.com/rss/articles/CBMikAFBVV95cUxQbGxnLXB4NGxDZEpHdHRsSGVZaTlqTTJZYkRJc3NSLVFkQmJRNUxDTmxfSC1lR2FIWW5RRUlkckN1OExobThVWkdxLVZGU3FwblBxci1qWFVyR3NxOHFBZVJxbFRZVjcwSGx4MjJla0VySTlPWmVWdkNLbkdGUkYwTmNIMk0wX2VvWDl5dGwtdUk?oc=5) ⋅ Iranian media say 1 killed in ship strike on the Strait of Hormuz, and other Mideast developments - apnews.com (https://ne",rss_ap_world,2026-09-13T22:44:28+00:00
2026-09-13,RSS_CLIMATEPOL,전문 매체,1.0,[채널: 공식 RSS] 정전돼도 72시간 버틴다. 군부대에 ‘독립형 전력망’ 구축 (https://www.climatepol.com/news/articleView.html?idxno=29836),rss_climatepol,2026-09-13T22:44:28+00:00
2026-09-13,RSS_REUTERS_CLIMATE_ENERGY,전문 매체,7.0,"[채널: Google News] Russian drone attack injures five in Ukraine's Odesa, officials say - Reuters (https://news.google.com/rss/articles/CBMisAFBVV95cUxQZFIyUS1HT3JDbGVMeFdxNzBQcHB0TFJXRlRGRnNuYjgwVGpUWW9CWER1QlJIUFZhT3l5LVlzQThxdTRlbXpPbWlucXYtSE9GRkpyOG5FNS12TkhfaTJNdmNIb25rYUZObThRM1ZadDEzSVlNelY1Zm12SHgxZkNUZXhuRHZzVERQZXp0ZE5qQjFNbExmTUZud2RJbkFac1FUdm1uN3ZqakFfbHJBWkN4Sg?oc=5) ⋅ Republican senator's TV interview passes muster with FCC's Carr even though Democratic candidate's does not - Reute",rss_reuters_climate_energy,2026-09-13T22:44:28+00:00
2026-09-13,RSS_REUTERS_COMMODITIES,전문 매체,8.0,"[채널: Google News] Trump says he is removing U.S. tariffs on Irish whiskey - Reuters (https://news.google.com/rss/articles/CBMilgFBVV95cUxPYklDSUc1YlRDQTRiWXR1SV9lMzFqenBWQ2tSV3ozeDJlbGYzT0lTU09pWHVSUDZQSWZMRVpnal9KTHhuLUNuandYaDBuMUlvaU9pa0l5dmg3S3JXRmVxc3c3NWR6MXlGVkpmNnJrUE90bU5GcmU0SDM3NUV0RTEwWXZlZ2hVQ2RBUTFETkl1QlgzSHJKcWc?oc=5) ⋅ Israel and Lebanon to meet in Rome in October, US State Department official says - Reuters (https://news.google.com/rss/articles/CBMivAFBVV95cUxPVW5JS1dQXzBGbUxRb",rss_reuters_commodities,2026-09-13T22:44:28+00:00
2026-09-13,SUEZ_RED_SEA_RISK,지정학 이벤트,3.0,[PERPLEXITY-PROXY: 수에즈·홍해 탱커 위험 수준] RISK: **HIGH** | DIVERSIONS: **none confirmed in the gathered sources for this week** | FREIGHT_IMPACT: **higher than normal; exact % not verified in the gathered sources** | SOURCE: **Reuters / AGBI / U.S. Maritime Administration** | DATE: **2026-09-13**  Houthi attacks are **ongoing** or at minimu,Perplexity/GeoEventProxy,2026-09-13T22:44:28+00:00
2026-09-13,UKRAINE_GRAIN_CORRIDOR,지정학 이벤트,3.0,[PERPLEXITY-PROXY: 우크라이나 흑해 수출 현황] STATUS: **restricted** | SUNFLOWER_OIL_EXPORTS: **reduced** | RISK: **HIGH** | SOURCE: Reuters; Ukrainian government statements; Ukrainian agrarian/industry reports; international media | DATE: 2026-09-13  Ukraine’s grain and sunflower oil exports via the **Black Sea are currently severely constrain,Perplexity/GeoEventProxy,2026-09-13T22:44:28+00:00
2026-09-13,US_CHINA_TARIFF_STATUS,지정학 이벤트,2.0,[PERPLEXITY-PROXY: 미·중 관세 에스컬레이션 수준] TARIFF_LEVEL: **MEDIUM** | SOYBEAN_OIL_TARIFF: **19%** | CHANGE: **unchanged** | SOURCE: Reuters / USDA FAS tariff tables / China Ministry of Commerce statements | DATE: **2026-05-12 to 2026-07-02**  China’s applied tariff on **U.S. soybean oil** is still **19%** in the latest tariff tables availabl,Perplexity/GeoEventProxy,2026-09-13T22:44:28+00:00
2026-09-13,WASDE_CONSENSUS_SCORE,정책 뉴스,11.0,"[PERPLEXITY-PROXY: USDA WASDE 컨센서스] REPORT_DATE: **September 11, 2026** | CONSENSUS: **No widely reported consensus for global soybean oil; world soybeans (all forms) ~123.1–125.1 million metric tons** | ACTUAL: **Global soybean oil ending stocks not clearly extractable; world soybean ending stocks 124.0 million metric tons (2025/26)*",Perplexity/PolicyProxy,2026-09-13T22:44:28+00:00
2026-09-14,ARG_EXPORT_TAX_NEWS,정책 뉴스,22.5,[PERPLEXITY-PROXY: 아르헨티나 대두유 수출세] RATE: 22.5% | CHANGE: unchanged | DATE: 2026-08-24 | SOURCE: USDA GAIN Biofuels Annual,Perplexity/PolicyProxy,2026-09-14T22:46:27+00:00
2026-09-14,BIODIESEL_MANDATE_NEWS,정책 뉴스,50.0,"[PERPLEXITY-PROXY: 인도네시아·말레이시아 바이오디젤 의무] INDONESIA: B50% mandate | MALAYSIA: B15% mandate | CHANGE: yes, Indonesia implemented B50 on July 1, 2026; Malaysia announced a B10-to-B15 increase, phased from B12 | DATE: 2026-09-01 | SOURCE: Reuters / ANTARA",Perplexity/PolicyProxy,2026-09-14T22:46:27+00:00
2026-09-14,BRAZIL_HARVEST_PROGRESS,지정학 이벤트,74.3,[PERPLEXITY-PROXY: 브라질 대두 수확 진척률] PROGRESS: 74.3% | VS_LAST_YEAR: behind by 7.1% | WEATHER_RISK: MEDIUM | SOURCE: CONAB | DATE: 2026-03-28,Perplexity/GeoEventProxy,2026-09-14T22:46:27+00:00
2026-09-14,GEOINTEL_RISK_COMPOSITE,GeoIntel 복합,20.0,"[COMPOSITE: 지진30%+기상20%+GDELT30%+화재20% | {'SEISMIC': 0.0, 'NOAA_WEATHER': 4.0, 'GDELT_EVENT': 0.0, 'FIRMS_FIRE': 0.0}]",GeoIntel,2026-09-14T22:46:27+00:00
2026-09-14,HORMUZ_AWRP_MULTIPLIER,지정학 위험,40.0,[PERPLEXITY-PROXY],Perplexity/Hormuz,2026-09-15T00:00:01+00:00
2026-09-14,HORMUZ_THREAT_LEVEL,지정학 위험,3.0,[QUALITATIVE:HIGH],Perplexity/Hormuz,2026-09-14T22:46:27+00:00
2026-09-14,INDIA_DUTY_NEWS,정책 뉴스,,[PERPLEXITY-PROXY: 인도 식용유 수입관세] DUTY_RATE: unknown | CHANGE: unknown | DATE: unknown | SOURCE: unknown,Perplexity/PolicyProxy,2026-09-14T22:46:27+00:00
2026-09-14,RSS_AGMARKET,전문 매체,1.0,"[채널: 공식 RSS · kw:soybean] AgMarket.Net Early Morning Market Analysis 9/14/26 — September 14, 2026 At this hour: 🌽Corn market is down 0-1c, 🌱soybeans are up 0-1c, 🍞wheat is down 0-1, 🛢️crude oil is up $2.53-$2.54, 💲US Dollar is up 45 points… (https://www.agmarket.net/agmarket-net-early-morning-market-analysis-9-14-26/)",rss_agmarket,2026-09-14T22:46:27+00:00
2026-09-14,RSS_AP_COMMODITIES,전문 매체,1.0,"[채널: Google News · kw:hormuz] Oman postpones regional talks on Strait of Hormuz, and other Mideast developments - AP News — Oman postpones regional talks on Strait of Hormuz, and other Mideast developments AP News (https://news.google.com/rss/articles/CBMipwFBVV95cUxOcjNIT1RidThMRGRHRnBoLTVUM2RPd2dtdm81a1N6cW9SNlB2SFlnaXhYMU5LTVluWnc2TlZfcXlmX2JBM21MdWFVQjl4YTF1WUhJeXBYdWxHSm5tRWtWbzEtQnE2aVdpWXFib0FaRFJycmdmc3RBOTk3V2pRWnVJQkdsWDAwSkJzOFMzcjRDSWIzdDhMU0FqWkxUOVVKNVBUSzRNVzRVUQ?oc=5)",rss_ap_commodities,2026-09-14T22:46:27+00:00
2026-09-14,RSS_AP_WORLD,전문 매체,1.0,"[채널: Google News · kw:hormuz] Oman postpones regional talks on Strait of Hormuz, and other Mideast developments - AP News — Oman postpones regional talks on Strait of Hormuz, and other Mideast developments AP News (https://news.google.com/rss/articles/CBMipwFBVV95cUxOcjNIT1RidThMRGRHRnBoLTVUM2RPd2dtdm81a1N6cW9SNlB2SFlnaXhYMU5LTVluWnc2TlZfcXlmX2JBM21MdWFVQjl4YTF1WUhJeXBYdWxHSm5tRWtWbzEtQnE2aVdpWXFib0FaRFJycmdmc3RBOTk3V2pRWnVJQkdsWDAwSkJzOFMzcjRDSWIzdDhMU0FqWkxUOVVKNVBUSzRNVzRVUQ?oc=5)",rss_ap_world,2026-09-14T22:46:27+00:00
2026-09-14,RSS_GRAINCENTRAL,전문 매체,2.0,"[채널: 공식 RSS · kw:canola,drought] Fed, NSW funds to boost cropping’s drought resilience — The Long-term Drought Resilient Practices for Climate-Smart Cropping Systems research partnership has been launched to benefit Australia’s cotton and grain indu… (https://www.graincentral.com/news/fed-nsw-funds-to-boost-croppings-drought-resilience/) ⋅ Daily Market Wire 14 September 2026 — Wheat market eases 2 percent on WASDE Friday, corn follows and canola gets dragged lower by the Chicago selloff. (https://www.graincentral.com/markets/daily-market-wire-14-september-2026/)",rss_graincentral,2026-09-14T22:46:27+00:00
2026-09-14,RSS_REUTERS_COMMODITIES,전문 매체,1.0,"[채널: Google News · kw:hormuz] Hormuz shipping traffic remains below 10-day average at weekend, data shows - Reuters — Hormuz shipping traffic remains below 10-day average at weekend, data shows Reuters (https://news.google.com/rss/articles/CBMitwFBVV95cUxPLUFxSXdtaTdhRlc0cWc5b3VuTU5MNEMtdXVGTk1aeGcxQndiaEJOVC1BVjNfLVJRSmhqamgxUVhrc2JBcXRxSnNoNzNDbk5jUGROOUduSkR1MjduOTMtZFRCV190WEhTaGNOMEcxZVEtYjVVcnNMMmktYnhwWTdwcDRrMEJKcW9WOHpxUXFkZTBMRnFhZUVWbm05bm1kUDBBZm1jY01La1E2SHhlUmhsS09EUE1kTU0?oc=5)",rss_reuters_commodities,2026-09-14T22:46:27+00:00
2026-09-14,RSS_TFM,전문 매체,1.0,[채널: 공식 RSS · kw:soybean] TFM Daily Market Summary 09-14-2026 — CORN HIGHLIGHTS: The corn market used strength in soybeans and energy markets to push slightly higher as prices consolidated after last Friday’s USDA Crop Produ… (https://www.totalfarmmarketing.com/tfm-daily-market-summary-09-14-2026/),rss_tfm,2026-09-14T22:46:27+00:00
2026-09-14,RSS_WORLD_GRAIN,전문 매체,2.0,"[채널: 공식 RSS · kw:drought,soybean] CHS to build new soybean processing plant — Planning 80-million-bushel annual capacity for Wisconsin facility (https://www.world-grain.com/articles/23211-chs-to-build-new-soybean-processing-plant) ⋅ FAS: France to harvest smallest corn crop in 50 years — Prolonged drought slashes corn production across the EU (https://www.world-grain.com/articles/23208-fas-france-to-harvest-smallest-corn-crop-in-50-years)",rss_world_grain,2026-09-14T22:46:27+00:00
2026-09-14,SUEZ_RED_SEA_RISK,지정학 이벤트,3.0,[PERPLEXITY-PROXY: 수에즈·홍해 탱커 위험 수준] RISK: HIGH | DIVERSIONS: unknown | FREIGHT_IMPACT: unknown | SOURCE: Lloyd's List/AGBI | DATE: 2026-09-14,Perplexity/GeoEventProxy,2026-09-14T22:46:27+00:00
2026-09-14,UKRAINE_GRAIN_CORRIDOR,지정학 이벤트,3.0,"[PERPLEXITY-PROXY: 우크라이나 흑해 수출 현황] STATUS: restricted | SUNFLOWER_OIL_EXPORTS: reduced | RISK: HIGH | SOURCE: Russia withdrew from Black Sea Grain Initiative in 2023; no current revival, recent Russian attacks on Odesa ports and sunflower oil facilities in early Sept 2026 have halved exports and damaged major terminals, causing severe logistics disruption | DATE: 2026-09-14",Perplexity/GeoEventProxy,2026-09-14T22:46:27+00:00
2026-09-14,US_CHINA_TARIFF_STATUS,지정학 이벤트,3.0,[PERPLEXITY-PROXY: 미·중 관세 에스컬레이션 수준] TARIFF_LEVEL: HIGH escalation | SOYBEAN_OIL_TARIFF: unknown | CHANGE: unchanged | SOURCE: Reuters and S&P Global summaries of China’s 13% duty (10% retaliatory + 3% MFN) on US soybeans and reports of only *in‑principle* tariff‑reduction talks with no implemented changes as of September 2026 | DATE: 2026-09-14,Perplexity/GeoEventProxy,2026-09-14T22:46:27+00:00
2026-09-14,WASDE_CONSENSUS_SCORE,정책 뉴스,2026.0,[PERPLEXITY-PROXY: USDA WASDE 컨센서스] REPORT_DATE: 2026-09-11 | CONSENSUS: unknown | ACTUAL: unknown | SURPRISE: unknown | SOURCE: USDA WASDE,Perplexity/PolicyProxy,2026-09-14T22:46:27+00:00
2026-09-15,ARG_EXPORT_TAX_NEWS,정책 뉴스,22.5,[PERPLEXITY-PROXY: 아르헨티나 대두유 수출세] RATE: 22.5% | CHANGE: unchanged | DATE: 2026-06-03 | SOURCE: USDA GAIN / Boletín Oficial de la República Argentina,Perplexity/PolicyProxy,2026-09-15T22:30:43+00:00
2026-09-15,BIODIESEL_MANDATE_NEWS,정책 뉴스,50.0,"[PERPLEXITY-PROXY: 인도네시아·말레이시아 바이오디젤 의무] INDONESIA: B50% mandate | MALAYSIA: B15% mandate (transport; B20% in select regions) | CHANGE: yes – Indonesia national B50 rollout from July 2026; Malaysia decision in April 2026 to raise B10 to B15 with phased B12/B15 implementation | DATE: 2026-09-13 | SOURCE: Reuters, Bloomberg, The Edge Malaysia",Perplexity/PolicyProxy,2026-09-15T22:30:43+00:00
2026-09-15,BRAZIL_HARVEST_PROGRESS,지정학 이벤트,100.0,"[PERPLEXITY-PROXY: 브라질 대두 수확 진척률] PROGRESS: 100% (main 2025/26 crop harvest completed nationally by early June 2026; 50.6% as of March 7 vs 60.9% last year, 75% by late March vs 82% last year) | VS_LAST_YEAR: behind by ~10–7 percentage points at mid-March, but effectively on-track by season end | WEATHER_RISK: MEDIUM (excessive rainfall caused delays and localized quality issues in Mato Grosso, Ri",Perplexity/GeoEventProxy,2026-09-15T22:30:43+00:00
2026-09-15,GEOINTEL_RISK_COMPOSITE,GeoIntel 복합,15.0,"[COMPOSITE: 지진30%+기상20%+GDELT30%+화재20% | {'SEISMIC': 0.0, 'NOAA_WEATHER': 3.0, 'GDELT_EVENT': 0.0, 'FIRMS_FIRE': 0.0}]",GeoIntel,2026-09-15T22:30:43+00:00
2026-09-15,HORMUZ_THREAT_LEVEL,지정학 위험,3.0,[QUALITATIVE:HIGH],Perplexity/Hormuz,2026-09-15T22:30:43+00:00
2026-09-15,INDIA_DUTY_NEWS,정책 뉴스,50.98,[PERPLEXITY-PROXY: 인도 식용유 수입관세] DUTY_RATE: 50.98% | CHANGE: unchanged | DATE: 2024-09-14 | SOURCE: Government of India notifications and compiled tariff data,Perplexity/PolicyProxy,2026-09-15T22:30:43+00:00
2026-09-15,RSS_AGMARKET,전문 매체,1.0,"[채널: 공식 RSS · kw:soybean] AgMarket.Net Early Morning Market Analysis 9/15/26 — September 15, 2026 At this hour: 🌽Corn market is down 2-3c, 🌱soybeans are down 3-4c, 🍞wheat is down 7-8, 🛢️crude oil is up $2.13-$2.14, 💲US Dollar is up 21 poin… (https://www.agmarket.net/agmarket-net-early-morning-market-analysis-9-15-26/)",rss_agmarket,2026-09-15T22:30:43+00:00
2026-09-15,RSS_AP_COMMODITIES,전문 매체,1.0,[채널: Google News · kw:hormuz] Strait of Hormuz - AP News — Strait of Hormuz AP News (https://news.google.com/rss/articles/CBMiUEFVX3lxTFBlVXpqWmtzbXMtZ2s4UUNsVEZvUnNvUFNoRWNVei1nVkhsZGtmVDd3ajJTaUJoYmRsbHZDM1hoaGlVV25VVDNsTDdhOW9aVUdV?oc=5),rss_ap_commodities,2026-09-15T22:30:43+00:00
2026-09-15,RSS_AP_WORLD,전문 매체,2.0,"[채널: Google News · kw:hormuz,red sea] Saudi crown prince seeks Egypt’s backing as Houthi attacks rattle Red Sea oil routes - AP News — Saudi crown prince seeks Egypt’s backing as Houthi attacks rattle Red Sea oil routes AP News (https://news.google.com/rss/articles/CBMiqwFBVV95cUxQd2VMUk1SbDJibzdYOGlmQU1RUkZfS01UOHd2SkdEOXR1UGVSZlhXZnVMODVZWXVNTzloSTR4aWtZd19EdWJBYUV4aVU2WG5QcEE1QVJfcGpnN0x0ZGkzTTB2aGdvdVFyTUppb3BvUkwtT2NKWXhHbFpSNWg0dUFfckJfN1phc29OOGI1V1Yzd0tpcHctRjlNRktqTzZ5UTdGNmtVZU9obVlFUG8?oc=5) ⋅ Strait of Hormuz - AP News — Strait of Hormuz AP News (https://news.google.com/rss/articles/CBMiUEFVX3lxTFBlVXpqWmtzbXMtZ2s4UUNsVEZvUnNvUFNoRWNVei1nVkhsZGtmVDd3ajJTaUJoYmRsbHZDM1hoaGlVV25VVDNsTDdhOW9aVUdV?oc=5)",rss_ap_world,2026-09-15T22:30:43+00:00
2026-09-15,RSS_FARMDOC_DAILY,전문 매체,1.0,[채널: 공식 RSS · kw:soybean] Illinois Cash Rents in 2026 and Outlook for 2027 — The average cash rent for Illinois farmland saw a small decline for the second year in a row in 2026. Higher corn and soybean prices have improved the return ou… (https://farmdocdaily.illinois.edu/2026/09/illinois-cash-rents-in-2026-and-outlook-for-2027.html),rss_farmdoc_daily,2026-09-17T22:30:25+00:00
2026-09-15,RSS_GRAINCENTRAL,전문 매체,1.0,[채널: 공식 RSS · kw:oilseed] Daily Market Wire 15 September 2026 — Oilseed takes positive lead from energy. Corn stays constructive. Wheat finishes soft despite supportive physicals. (https://www.graincentral.com/markets/daily-market-wire-15-september-2026/),rss_graincentral,2026-09-15T22:30:43+00:00
2026-09-15,RSS_REUTERS_COMMODITIES,전문 매체,1.0,"[채널: Bing News · kw:crush] Brook hits lightning century as England crush Sri Lanka by 119 runs in opening T20 — Hosts England beat Sri Lanka by 119 runs in the first of three T20 internationals on Tuesday after a batting masterclass by captain Harry Brook, ​who hit a bril… (http://www.bing.com/news/apiclick.aspx?ref=FexRss&aid=&tid=6aa9c6aaa0ab428f929cc72921c30cf6&url=https%3a%2f%2fwww.reuters.com%2fsports%2fcricket%2fbrook-hits-lightning-century-england-crush-sri-lanka-by-119-runs-opening-t20-2026-09-15%2f&c=9443994426211160076&mkt=en-us)",rss_reuters_commodities,2026-09-15T22:30:43+00:00
2026-09-15,RSS_TFM,전문 매체,1.0,[채널: 공식 RSS · kw:soybean] TFM Daily Market Summary 9-15-2026 — CORN HIGHLIGHTS: Buying strength in the soybean market helped pull both wheat and corn futures higher late in the session to help the corn market lift to its hi… (https://www.totalfarmmarketing.com/tfm-daily-market-summary-9-15-2026/),rss_tfm,2026-09-15T22:30:43+00:00
2026-09-15,RSS_WORLD_GRAIN,전문 매체,1.0,"[채널: 공식 RSS · kw:soybean] Conab: Record soybean, corn crops seen for Brazil — Total national production forecast at 361.7 million tonnes for 2025-26 (https://www.world-grain.com/articles/23214-conab-record-soybean-corn-crops-seen-for-brazil)",rss_world_grain,2026-09-15T22:30:43+00:00
2026-09-15,SUEZ_RED_SEA_RISK,지정학 이벤트,3.0,[PERPLEXITY-PROXY: 수에즈·홍해 탱커 위험 수준] RISK: HIGH | DIVERSIONS: unknown | FREIGHT_IMPACT: unknown | SOURCE: Reuters | DATE: 2026-09-14,Perplexity/GeoEventProxy,2026-09-15T22:30:43+00:00
2026-09-15,UKRAINE_GRAIN_CORRIDOR,지정학 이벤트,3.0,[PERPLEXITY-PROXY: 우크라이나 흑해 수출 현황] STATUS: restricted | SUNFLOWER_OIL_EXPORTS: reduced | RISK: HIGH | SOURCE: Russia withdrew from the Black Sea Grain Initiative in 2023 and Russian attacks on Ukrainian Black Sea ports in Aug–Sep 2026 have heavily disrupted grain and sunflower oil exports; Turkey is only discussing a possible new deal and no equivalent agreement is currently active; repeated strik,Perplexity/GeoEventProxy,2026-09-15T22:30:43+00:00
2026-09-15,US_CHINA_TARIFF_STATUS,지정학 이벤트,2.0,"[PERPLEXITY-PROXY: 미·중 관세 에스컬레이션 수준] TARIFF_LEVEL: MEDIUM escalation | SOYBEAN_OIL_TARIFF: unknown | CHANGE: unchanged | SOURCE: multiple news and analysis outlets (Reuters, Bloomberg, SP Global, policy briefings) | DATE: 2026-09-15",Perplexity/GeoEventProxy,2026-09-15T22:30:43+00:00
2026-09-15,WASDE_CONSENSUS_SCORE,정책 뉴스,0.0,[PERPLEXITY-PROXY: USDA WASDE 컨센서스] REPORT_DATE: 2026-08-12 | CONSENSUS: unknown | ACTUAL: unknown | SURPRISE: unknown | SURPRISE_SCORE: 0 | SOURCE: USDA WASDE August 2026,Perplexity/PolicyProxy,2026-09-15T22:30:43+00:00
2026-09-16,ARG_EXPORT_TAX_NEWS,정책 뉴스,22.5,[PERPLEXITY-PROXY: 아르헨티나 대두유 수출세] RATE: 22.5% | CHANGE: unchanged | DATE: 2025-09-25 | SOURCE: ukragroconsult,Perplexity/PolicyProxy,2026-09-16T22:26:35+00:00
2026-09-16,BCAA,운임(실시간),1.0,[PERPLEXITY-PROXY: BCAA — 식물성유지 탱커 지수 (2025-02 출시)],Perplexity/BalticExchange,2026-09-16T22:26:35+00:00
2026-09-16,BIODIESEL_MANDATE_NEWS,정책 뉴스,50.0,"[PERPLEXITY-PROXY: 인도네시아·말레이시아 바이오디젤 의무] INDONESIA: B50% mandate | MALAYSIA: B15% mandate | CHANGE: yes – Indonesia raised from B40 to B50 effective July 1, 2026; Malaysia raised transport blend from B10 to B15 effective June 1, 2026 | DATE: 2026-09-09 | SOURCE: Reuters and government/industry reports",Perplexity/PolicyProxy,2026-09-16T22:26:35+00:00
2026-09-16,BRAZIL_HARVEST_PROGRESS,지정학 이벤트,75.0,"[PERPLEXITY-PROXY: 브라질 대두 수확 진척률] PROGRESS: 75% harvested (late March 2026; harvest largely completed by May–June) | VS_LAST_YEAR: behind by about 7% at late March (75% vs 82%); earlier in season some weeks ahead by ~2–3% and others behind by ~9–10% | WEATHER_RISK: MEDIUM (persistent heavy rains causing delays and localized quality/logistics issues, but overall crop and exports remain strong) | SO",Perplexity/GeoEventProxy,2026-09-16T22:26:35+00:00
2026-09-16,GEOINTEL_RISK_COMPOSITE,GeoIntel 복합,15.0,"[COMPOSITE: 지진30%+기상20%+GDELT30%+화재20% | {'SEISMIC': 0.0, 'NOAA_WEATHER': 3.0, 'GDELT_EVENT': 0.0, 'FIRMS_FIRE': 0.0}]",GeoIntel,2026-09-16T22:26:35+00:00
2026-09-16,HORMUZ_THREAT_LEVEL,지정학 위험,3.0,[QUALITATIVE:HIGH],Perplexity/Hormuz,2026-09-16T22:26:35+00:00
2026-09-16,INDIA_DUTY_NEWS,정책 뉴스,40.0,[PERPLEXITY-PROXY: 인도 식용유 수입관세] DUTY_RATE: 40.0% | CHANGE: unknown | DATE: unknown | SOURCE: CBIC GST Goods and Services Rates,Perplexity/PolicyProxy,2026-09-16T22:26:35+00:00
2026-09-16,RSS_AGMARKET,전문 매체,1.0,"[채널: 공식 RSS · kw:soybean] AgMarket.Net Early Morning Market Analysis 9/16/26 — September 16, 2026 At this hour: 🌽Corn market is up .5c, 🌱soybeans are up 10c, 🍞wheat is up 1-2, 🛢️crude oil is down 1.90-2.00, -Crude oil made new highs... Rea… (https://www.agmarket.net/agmarket-net-early-morning-market-analysis-9-16-26/)",rss_agmarket,2026-09-16T22:26:35+00:00
2026-09-16,RSS_AP_WORLD,전문 매체,1.0,[채널: Google News · kw:red sea] Saudi crown prince seeks Egypt’s backing as Houthi attacks rattle Red Sea oil routes - AP News — Saudi crown prince seeks Egypt’s backing as Houthi attacks rattle Red Sea oil routes AP News (https://news.google.com/rss/articles/CBMiqwFBVV95cUxQd2VMUk1SbDJibzdYOGlmQU1RUkZfS01UOHd2SkdEOXR1UGVSZlhXZnVMODVZWXVNTzloSTR4aWtZd19EdWJBYUV4aVU2WG5QcEE1QVJfcGpnN0x0ZGkzTTB2aGdvdVFyTUppb3BvUkwtT2NKWXhHbFpSNWg0dUFfckJfN1phc29OOGI1V1Yzd0tpcHctRjlNRktqTzZ5UTdGNmtVZU9obVlFUG8?oc=5),rss_ap_world,2026-09-16T22:26:35+00:00
2026-09-16,RSS_GRAINCENTRAL,전문 매체,1.0,"[채널: 공식 RSS · kw:oilseed] Daily Market Wire 16 September 2026 — Oil rises, oilseed firms and risks escalate Australian harvest and freight cost increase amid crack spread spike. (https://www.graincentral.com/markets/daily-market-wire-16-september-2026/)",rss_graincentral,2026-09-16T22:26:35+00:00
2026-09-16,RSS_REUTERS_CLIMATE_ENERGY,전문 매체,1.0,[채널: Google News · kw:el nino] COMMENTARY: Super El Nino may blow Europe's gas demand forecasts off course - reuters.com — COMMENTARY: Super El Nino may blow Europe's gas demand forecasts off course reuters.com (https://news.google.com/rss/articles/CBMiywFBVV95cUxORUdEVHpncmxXbnFqMmQ4ZVF3NTZaYXJEV3dOUV9abkZSWndUcFVORzFoMU9zcGRQQmtmcTcyV3JSNTVoS1FhcVp0N0NlbmdYUDQzemtYb1JzRTNNdDgtN1FZRHhZcGJPTTkyWFdoVTdmSUswaEZzZnVRVF9XN1k5SzVvOERhVU80OWFPcWhoNUhiNUZfcHZHLUVzRUIwLUxpbnhhVnp3QnZHakdRQmg3bXJoNWw2MWJHT0NNdHFkY1lBUWt2d09hOV9BOA?oc=5),rss_reuters_climate_energy,2026-09-16T22:26:35+00:00
2026-09-16,RSS_REUTERS_COMMODITIES,전문 매체,1.0,"[채널: Bing News · kw:freight] Union Pacific says high diesel prices shifting freight from trucks to rail — Union Pacific on Wednesday said soaring diesel prices were prompting some shippers to move ​freight from trucks to rail, boosting demand ‌for the railroad as cu… (http://www.bing.com/news/apiclick.aspx?ref=FexRss&aid=&tid=6aab178899ae4ffabfc4dad1f5594467&url=https%3a%2f%2fwww.reuters.com%2fbusiness%2fenergy%2funion-pacific-says-high-diesel-prices-shifting-freight-trucks-rail-2026-09-16%2f&c=6319280840788818417&mkt=en-us)",rss_reuters_commodities,2026-09-16T22:26:35+00:00
2026-09-16,RSS_WORLD_GRAIN,전문 매체,1.0,[채널: 공식 RSS · kw:soybean] US corn supplies tighten on smaller crop forecast — USDA lowers corn stocks while soybean demand accelerates (https://www.world-grain.com/articles/23219-us-corn-supplies-tighten-on-smaller-crop-forecast),rss_world_grain,2026-09-16T22:26:35+00:00
2026-09-16,SUEZ_RED_SEA_RISK,지정학 이벤트,3.0,[PERPLEXITY-PROXY: 수에즈·홍해 탱커 위험 수준] RISK: HIGH | DIVERSIONS: unknown | FREIGHT_IMPACT: unknown | SOURCE: mixed news and maritime advisories | DATE: 2026-09-16,Perplexity/GeoEventProxy,2026-09-16T22:26:35+00:00
2026-09-16,UKRAINE_GRAIN_CORRIDOR,지정학 이벤트,3.0,[PERPLEXITY-PROXY: 우크라이나 흑해 수출 현황] STATUS: restricted | SUNFLOWER_OIL_EXPORTS: reduced | RISK: HIGH | SOURCE: Reuters-based reporting | DATE: 2026-09-07,Perplexity/GeoEventProxy,2026-09-16T22:26:35+00:00
2026-09-16,US_CHINA_TARIFF_STATUS,지정학 이벤트,2.0,[PERPLEXITY-PROXY: 미·중 관세 에스컬레이션 수준] TARIFF_LEVEL: MEDIUM escalation | SOYBEAN_OIL_TARIFF: unknown | CHANGE: unchanged | SOURCE: Reuters | DATE: 2026-09-10,Perplexity/GeoEventProxy,2026-09-16T22:26:35+00:00
2026-09-16,WASDE_CONSENSUS_SCORE,정책 뉴스,0.0,[PERPLEXITY-PROXY: USDA WASDE 컨센서스] REPORT_DATE: 2026-08-12 | CONSENSUS: unknown | ACTUAL: 1.9 billion pounds | SURPRISE: neutral | SURPRISE_SCORE: 0 | SOURCE: USDA ERS Oil Crops Outlook,Perplexity/PolicyProxy,2026-09-16T22:26:35+00:00
2026-09-17,ARG_EXPORT_TAX_NEWS,정책 뉴스,22.5,[PERPLEXITY-PROXY: 아르헨티나 대두유 수출세] RATE: 22.5% | CHANGE: unchanged | DATE: 2026-09-10 | SOURCE: La Nación,Perplexity/PolicyProxy,2026-09-17T22:30:25+00:00
2026-09-17,BIODIESEL_MANDATE_NEWS,정책 뉴스,50.0,"[PERPLEXITY-PROXY: 인도네시아·말레이시아 바이오디젤 의무] INDONESIA: B50% mandate | MALAYSIA: B10% mandate (B20% in Labuan, Langkawi, Sarawak excl. Bintulu; B15% announced, phased from B12) | CHANGE: yes – Indonesia raised from B40 to B50 effective July 1, 2026; Malaysia announced move from B10 to B15 with phased implementation | DATE: 2026-09-09 | SOURCE: Reuters, S&P Global, USDA FAS, InvestorTrust",Perplexity/PolicyProxy,2026-09-17T22:30:25+00:00
2026-09-17,BRAZIL_HARVEST_PROGRESS,지정학 이벤트,75.0,[PERPLEXITY-PROXY: 브라질 대두 수확 진척률] PROGRESS: 75% harvested | VS_LAST_YEAR: behind by 7% | WEATHER_RISK: MEDIUM | SOURCE: AgRural via Agrolatam and other market reports | DATE: 2026-03-31,Perplexity/GeoEventProxy,2026-09-17T22:30:25+00:00
2026-09-17,GEOINTEL_RISK_COMPOSITE,GeoIntel 복합,15.0,"[COMPOSITE: 지진30%+기상20%+GDELT30%+화재20% | {'SEISMIC': 0.0, 'NOAA_WEATHER': 3.0, 'GDELT_EVENT': 0.0, 'FIRMS_FIRE': 0.0}]",GeoIntel,2026-09-17T22:30:25+00:00
2026-09-17,HORMUZ_THREAT_LEVEL,지정학 위험,3.0,[QUALITATIVE:HIGH],Perplexity/Hormuz,2026-09-17T22:30:25+00:00
2026-09-17,INDIA_DUTY_NEWS,정책 뉴스,,[PERPLEXITY-PROXY: 인도 식용유 수입관세] DUTY_RATE: unknown | CHANGE: unknown | DATE: unknown | SOURCE: unknown,Perplexity/PolicyProxy,2026-09-17T22:30:25+00:00
2026-09-17,RSS_AGMARKET,전문 매체,1.0,"[채널: 공식 RSS · kw:soybean] AgMarket.Net Early Morning Market Analysis 9/17/26 — September 17, 2026 At this hour: 🌽Corn market is up .5-1c, 🌱soybeans are up 5-6c, 🍞wheat is down 3-4c 🛢️crude oil is down 1.60-1.70, -Fed unanimously hiked inte… (https://www.agmarket.net/agmarket-net-early-morning-market-analysis-9-17-26/)",rss_agmarket,2026-09-17T22:30:25+00:00
2026-09-17,RSS_REUTERS_CLIMATE_ENERGY,전문 매체,1.0,"[채널: Google News · kw:hormuz] Number of ships transiting Strait of Hormuz falls to three on Wednesday, data shows - Reuters — Number of ships transiting Strait of Hormuz falls to three on Wednesday, data shows Reuters (https://news.google.com/rss/articles/CBMiwgFBVV95cUxPY040VUp0a3duZlRTZW9xeHNnQ0hIUm42eUZRUmZvcjFfaW53SWFZTFZlaElfaXM5bW0zdlhib2M1N3BqZGJUV2tHeGdydFlMMFg3dngyLUJtREtjZVFLUGxCZ2ZMX3FZSHp6MjlPS29sR2xwbkRvd2M4c3BGajFGWFZadkVORTdwWGxJYVVRc2RsTWxZY3ZLMXJJWUp1TlZMX0QtUUEyaE9Gc01hOHA5bHNyN3ZsdWZFWFV2bENmV3pkZw?oc=5)",rss_reuters_climate_energy,2026-09-17T22:30:25+00:00
2026-09-17,RSS_REUTERS_COMMODITIES,전문 매체,2.0,"[채널: Google News · kw:hormuz,tariff] India says new US tariffs over Russian oil could hit ties, vows to protect energy security - Reuters — India says new US tariffs over Russian oil could hit ties, vows to protect energy security Reuters (https://news.google.com/rss/articles/CBMiugFBVV95cUxPTEYxR3ZWQVp2WmNVWFlkTGd2QThGc3VMX2pPd3JSbkR4ekxSZm1WbjdhSU1hZ2JHaHZIZEJRSEEwdUZUOVl4REwxWU9OWUFJcWxaWm9hNk4yeXJJVU5FSUQ4WWZFVTVwQmpaZlFOem5wc1hiNnJJQklmQXo3aWpaOG1tY2tUWm9IalFnSFUzbWFoREwxNHo0RzZrb0RNbHJSa25yMDlidVk5WEt4RkNKRjQwRXpZSWkyYUE?oc=5) ⋅ Number of ships transiting Strait of Hormuz falls to three on Wednesday, data shows - Reuters — Number of ships transiting Strait of Hormuz falls to three on Wednesday, data shows Reuters (https://news.google.com/rss/articles/CBMiwgFBVV95cUxPY040VUp0a3duZlRTZW9xeHNnQ0hIUm42eUZRUmZvcjFfaW53SWFZTFZlaElfaXM5bW0zdlhib2M1N3BqZGJUV2tHeGdydFlMMFg3dngyLUJtREtjZVFLU",rss_reuters_commodities,2026-09-17T22:30:25+00:00
2026-09-17,RSS_WORLD_GRAIN,전문 매체,2.0,"[채널: 공식 RSS · kw:drought,oilseed] FEFAC underscores EU feed supply chain risks — Report: EUDR soy compliance collides with severe drought, trade disruptions (https://www.world-grain.com/articles/23227-fefac-underscores-eu-feed-supply-chain-risks) ⋅ IGC: Grain production falls but GOI prices rise — Global Grains and Oilseeds Price Index is up 20% year on year (https://www.world-grain.com/articles/23226-igc-grain-production-falls-but-goi-prices-rise)",rss_world_grain,2026-09-17T22:30:25+00:00
2026-09-17,SUEZ_RED_SEA_RISK,지정학 이벤트,3.0,"[PERPLEXITY-PROXY: 수에즈·홍해 탱커 위험 수준] RISK: HIGH | DIVERSIONS: unknown | FREIGHT_IMPACT: unknown | SOURCE: mixed media & government advisories | DATE: Thursday, September 17, 2026",Perplexity/GeoEventProxy,2026-09-17T22:30:25+00:00
2026-09-17,UKRAINE_GRAIN_CORRIDOR,지정학 이벤트,3.0,"[PERPLEXITY-PROXY: 우크라이나 흑해 수출 현황] STATUS: restricted | SUNFLOWER_OIL_EXPORTS: reduced | RISK: HIGH | SOURCE: Russia withdrew from Black Sea Grain Initiative in July 2023, no revival; September 2026 reports show heavy attacks on Odesa/Black Sea ports, damaged grain and sunflower oil terminals, rerouting via Danube/land with exports at ~20–40% capacity | DATE: 2026-09-17",Perplexity/GeoEventProxy,2026-09-17T22:30:25+00:00
2026-09-17,US_CHINA_TARIFF_STATUS,지정학 이벤트,2.0,[PERPLEXITY-PROXY: 미·중 관세 에스컬레이션 수준] TARIFF_LEVEL: MEDIUM escalation | SOYBEAN_OIL_TARIFF: unknown | CHANGE: unchanged (talks on reductions but no implemented change in past 60 days) | SOURCE: Reuters / S&P Global / Trivium China synthesis | DATE: 2026-09-17,Perplexity/GeoEventProxy,2026-09-17T22:30:25+00:00
2026-09-17,WASDE_CONSENSUS_SCORE,정책 뉴스,0.0,[PERPLEXITY-PROXY: USDA WASDE 컨센서스] REPORT_DATE: 2026-09-11 | CONSENSUS: unknown | ACTUAL: unknown | SURPRISE: unknown | SURPRISE_SCORE: 0 | SOURCE: USDA WASDE,Perplexity/PolicyProxy,2026-09-17T22:30:25+00:00
2026-09-18,RSS_AGMARKET,전문 매체,1.0,"[채널: 공식 RSS · kw:soybean] AgMarket.Net Early Morning Market Analysis 9/18/26 — September 18, 2026 At this hour: 🌽Corn market is down .5-1c, 🌱soybeans are down 12-13c, 🍞wheat is down .6-1c 🛢️crude oil is down 1.20-1.40, -Cattle on Feed repo… (https://www.agmarket.net/agmarket-net-early-morning-market-analysis-9-18-26/)",rss_agmarket,2026-09-20T21:55:51+00:00
2026-09-18,RSS_GRAINCENTRAL,전문 매체,1.0,[채널: 공식 RSS · kw:black sea] Daily Market Wire 18 September 2026 — Wheat sticks rangebound. Black Sea war risk escalates. Easing crude market belies oil supertanker tight market and damaged refining capacity. (https://www.graincentral.com/markets/daily-market-wire-18-september-2026/),rss_graincentral,2026-09-20T21:55:51+00:00
2026-09-18,RSS_REUTERS_CLIMATE_ENERGY,전문 매체,1.0,"[채널: Bing News · kw:soybean] Record US diesel prices squeeze farmers; food prices may rise — In northeast Missouri, Addie Yoder, a corn, soybean and cattle farmer, runs two combines, three semi-trucks and several tractors from mid-September to late Octo… (http://www.bing.com/news/apiclick.aspx?ref=FexRss&aid=&tid=6ab056043d7842588bf9c49945e73aca&url=https%3a%2f%2fwww.reuters.com%2fbusiness%2fenergy%2frecord-us-diesel-prices-squeeze-farmers-food-prices-may-rise-2026-09-18%2f&c=16545874227450054599&mkt=en-us)",rss_reuters_climate_energy,2026-09-20T21:55:51+00:00
2026-09-18,RSS_REUTERS_COMMODITIES,전문 매체,1.0,"[채널: Bing News · kw:soybean] Record US diesel prices squeeze farmers; food prices may rise — In northeast Missouri, Addie Yoder, a corn, soybean and cattle farmer, runs two combines, three semi-trucks and several tractors from mid-September to late Octo… (http://www.bing.com/news/apiclick.aspx?ref=FexRss&aid=&tid=6ab055c81ee448558d16e89631f975cb&url=https%3a%2f%2fwww.reuters.com%2fbusiness%2fenergy%2frecord-us-diesel-prices-squeeze-farmers-food-prices-may-rise-2026-09-18%2f&c=16545874227450054599&mkt=en-us)",rss_reuters_commodities,2026-09-20T21:55:51+00:00
2026-09-18,RSS_TFM,전문 매체,1.0,"[채널: 공식 RSS · kw:soybean] TFM Daily Market Summary 9-18-2026 — CORN HIGHLIGHTS: Selling pressure swept across grain markets to end the week, with soybeans and wheat posting double-digit losses. Corn showed relative resilien… (https://www.totalfarmmarketing.com/tfm-daily-market-summary-9-18-2026/)",rss_tfm,2026-09-20T21:55:51+00:00
2026-09-19,RSS_AP_WORLD,전문 매체,1.0,"[채널: Google News · kw:hormuz] Iran claims it struck an oil tanker in the Strait of Hormuz, and other Mideast developments - AP News — Iran claims it struck an oil tanker in the Strait of Hormuz, and other Mideast developments AP News (https://news.google.com/rss/articles/CBMinwFBVV95cUxNeWdlRjU5QTRNU0tfUUpTVW1iYUNBQ3hWejBlMVBaWTFEbFh1MkVtM1QzamhsY240NFQ3aW1vTUdMb0JaVUk2QWY1WE9SZWNqLUpzWVI4OFpyWlN1b0pXTW5vZzNEc3ZqZV9wdVowMGpzeHJub1ZFTWtoZGRyRklIbnR2d19mOVhhWG5GdkxTdTB1bktBRHFMSlVGbEZ5Mk0?oc=5)",rss_ap_world,2026-09-20T21:55:51+00:00
2026-09-20,ARG_EXPORT_TAX_NEWS,정책 뉴스,24.5,[PERPLEXITY-PROXY: 아르헨티나 대두유 수출세] RATE: 24.5% | CHANGE: unchanged | DATE: 2026-09-15 | SOURCE: USDA FAS,Perplexity/PolicyProxy,2026-09-20T21:55:51+00:00
2026-09-20,BIODIESEL_MANDATE_NEWS,정책 뉴스,50.0,"[PERPLEXITY-PROXY: 인도네시아·말레이시아 바이오디젤 의무] INDONESIA: B50% mandate | MALAYSIA: B15% mandate | CHANGE: yes – Indonesia raised mandate from B40 to B50 effective July 1, 2026; Malaysia raised national mandate from B10 to B15 effective June 1, 2026 | DATE: 2026-09-20 | SOURCE: Reuters, USDA FAS, national news outlets",Perplexity/PolicyProxy,2026-09-20T21:55:51+00:00
2026-09-20,BRAZIL_HARVEST_PROGRESS,지정학 이벤트,75.0,[PERPLEXITY-PROXY: 브라질 대두 수확 진척률] PROGRESS: 75% harvested (late March 2026) | VS_LAST_YEAR: behind by 7% | WEATHER_RISK: MEDIUM | SOURCE: AgRural via Agrolatam & CropGPT synthesis | DATE: 2026-06-15,Perplexity/GeoEventProxy,2026-09-20T21:55:51+00:00
2026-09-20,GDELT_EVENT_SCORE,GeoIntel 복합,6.0,[GEOINTEL:GDELT] 4/5쿼리 합산 — 'soybean oil trade embargo' 1건 · 'argentina export tax soybean' 2건 · 'biodiesel mandate policy' 1건 · 'port strike grain export' 2건,GeoIntel,2026-09-20T21:55:51+00:00
2026-09-20,GEOINTEL_RISK_COMPOSITE,GeoIntel 복합,24.0,"[COMPOSITE: 지진30%+기상20%+GDELT30%+화재20% | {'SEISMIC': 0.0, 'NOAA_WEATHER': 3.0, 'GDELT_EVENT': 6.0, 'FIRMS_FIRE': 0.0}]",GeoIntel,2026-09-20T21:55:51+00:00
2026-09-20,HORMUZ_AWRP_MULTIPLIER,지정학 위험,5.0,[PERPLEXITY-PROXY],Perplexity/Hormuz,2026-09-20T21:55:51+00:00
2026-09-20,HORMUZ_THREAT_LEVEL,지정학 위험,3.0,[QUALITATIVE:HIGH],Perplexity/Hormuz,2026-09-20T21:55:51+00:00
2026-09-20,INDIA_DUTY_NEWS,정책 뉴스,35.75,[PERPLEXITY-PROXY: 인도 식용유 수입관세] DUTY_RATE: 35.75% | CHANGE: unchanged | DATE: 2024-09-14 | SOURCE: Government of India (Lok Sabha reply / J M Baxi summary),Perplexity/PolicyProxy,2026-09-20T21:55:51+00:00
2026-09-20,SUEZ_RED_SEA_RISK,지정학 이벤트,3.0,[PERPLEXITY-PROXY: 수에즈·홍해 탱커 위험 수준] RISK: HIGH | DIVERSIONS: unknown | FREIGHT_IMPACT: unknown | SOURCE: multiple news and industry analysis reports | DATE: 2026-09-20,Perplexity/GeoEventProxy,2026-09-20T21:55:51+00:00
2026-09-20,UKRAINE_GRAIN_CORRIDOR,지정학 이벤트,3.0,"[PERPLEXITY-PROXY: 우크라이나 흑해 수출 현황] STATUS: restricted | SUNFLOWER_OIL_EXPORTS: reduced | RISK: HIGH | SOURCE: Reuters, Kyiv Independent, Ukraine gov statements | DATE: 2026-09-20",Perplexity/GeoEventProxy,2026-09-20T21:55:51+00:00
2026-09-20,US_CHINA_TARIFF_STATUS,지정학 이벤트,3.0,[PERPLEXITY-PROXY: 미·중 관세 에스컬레이션 수준] TARIFF_LEVEL: HIGH escalation | SOYBEAN_OIL_TARIFF: 19% | CHANGE: unchanged | SOURCE: USDA FAS Oilseeds and Products Annual (China) | DATE: 2026-08-24,Perplexity/GeoEventProxy,2026-09-20T21:55:51+00:00
2026-09-20,WASDE_CONSENSUS_SCORE,정책 뉴스,0.0,[PERPLEXITY-PROXY: USDA WASDE 컨센서스] REPORT_DATE: 2026-09-11 | CONSENSUS: unknown | ACTUAL: unknown | SURPRISE: unknown | SURPRISE_SCORE: 0 | SOURCE: USDA WASDE September 2026,Perplexity/PolicyProxy,2026-09-20T21:55:51+00:00
2026-09-21,ARG_EXPORT_TAX_NEWS,정책 뉴스,22.5,[PERPLEXITY-PROXY: 아르헨티나 대두유 수출세] RATE: 22.5% | CHANGE: unchanged | DATE: 2026-06-03 | SOURCE: USDA FAS Biofuels Annual / Argentina Further Cuts Agricultural Export Taxes,Perplexity/PolicyProxy,2026-09-21T22:49:44+00:00
2026-09-21,BIODIESEL_MANDATE_NEWS,정책 뉴스,50.0,"[PERPLEXITY-PROXY: 인도네시아·말레이시아 바이오디젤 의무] INDONESIA: B50% mandate | MALAYSIA: B10% mandate (B20% in Labuan, Langkawi, most of Sarawak) | CHANGE: yes – Indonesia raised mandate from B40 to B50 from July 1, 2026; Malaysia expanding blends (B12–B15) in transport and specific regions | DATE: 2026-09-21 | SOURCE: Reuters, USDA FAS, Malaysian Palm Oil Board, national media",Perplexity/PolicyProxy,2026-09-21T22:49:44+00:00
2026-09-21,BRAZIL_HARVEST_PROGRESS,지정학 이벤트,95.0,[PERPLEXITY-PROXY: 브라질 대두 수확 진척률] PROGRESS: 95% | VS_LAST_YEAR: on-track by +5% | WEATHER_RISK: LOW | SOURCE: USDA FAS / CONAB summary | DATE: 2026-08-20,Perplexity/GeoEventProxy,2026-09-21T22:49:44+00:00
2026-09-21,GEOINTEL_RISK_COMPOSITE,GeoIntel 복합,15.0,"[COMPOSITE: 지진30%+기상20%+GDELT30%+화재20% | {'SEISMIC': 0.0, 'NOAA_WEATHER': 3.0, 'GDELT_EVENT': 0.0, 'FIRMS_FIRE': 0.0}]",GeoIntel,2026-09-21T22:49:44+00:00
2026-09-21,HORMUZ_THREAT_LEVEL,지정학 위험,3.0,[QUALITATIVE:SEVERE],Perplexity/Hormuz,2026-09-21T22:49:44+00:00
2026-09-21,INDIA_DUTY_NEWS,정책 뉴스,,[PERPLEXITY-PROXY: 인도 식용유 수입관세] DUTY_RATE: unknown | CHANGE: unknown | DATE: unknown | SOURCE: unknown,Perplexity/PolicyProxy,2026-09-21T22:49:44+00:00
2026-09-21,RSS_AGMARKET,전문 매체,1.0,"[채널: 공식 RSS · kw:soybean] AgMarket.Net Early Morning Market Analysis 9/21/26 — September 21, 2026 At this hour: 🌽Corn market is up 5c, 🌱soybeans are up 6-7c, 🍞wheat is up 8c 🛢️crude oil is down $3.30, -President Trump & Xi scheduled... Rea… (https://www.agmarket.net/agmarket-net-early-morning-market-analysis-9-21-26/)",rss_agmarket,2026-09-21T22:49:44+00:00
2026-09-21,RSS_AP_COMMODITIES,전문 매체,1.0,"[채널: Google News · kw:red sea] Houthis say they won’t attack US vessels in Red Sea, and other Mideast developments - AP News — Houthis say they won’t attack US vessels in Red Sea, and other Mideast developments AP News (https://news.google.com/rss/articles/CBMinwFBVV95cUxPeU81dDZnbW5CVWJaQTlBWXpfcGxXd2xJSlAyT3FwX182SDQxenhzdVI2cEpKMC1CbEVtUVJkN3UweGpCbHFTMHM2a0QyejJ3S1o3YVdOVVBMZm85SFpfZXBaOVVDMG9ZdlRhQ21KMXlsSlZOdXlnNUdCXzh2S0NBdm1WVWtITWxJTEhwM3E0TWU1SUhrSkVTRmNkNXRWelE?oc=5)",rss_ap_commodities,2026-09-21T22:49:44+00:00
2026-09-21,RSS_AP_WORLD,전문 매체,1.0,"[채널: Google News · kw:red sea] Houthis say they won’t attack US vessels in Red Sea, and other Mideast developments - AP News — Houthis say they won’t attack US vessels in Red Sea, and other Mideast developments AP News (https://news.google.com/rss/articles/CBMinwFBVV95cUxPeU81dDZnbW5CVWJaQTlBWXpfcGxXd2xJSlAyT3FwX182SDQxenhzdVI2cEpKMC1CbEVtUVJkN3UweGpCbHFTMHM2a0QyejJ3S1o3YVdOVVBMZm85SFpfZXBaOVVDMG9ZdlRhQ21KMXlsSlZOdXlnNUdCXzh2S0NBdm1WVWtITWxJTEhwM3E0TWU1SUhrSkVTRmNkNXRWelE?oc=5)",rss_ap_world,2026-09-21T22:49:44+00:00
2026-09-21,RSS_GRAINCENTRAL,전문 매체,1.0,"[채널: 공식 RSS · kw:canola] Jly canola exports slide as record new-crop exports seen — Australia's July canola exports showed their usual downtrend as production prospects lift for the upcoming harvest, and Lachstock sees potential for its record… (https://www.graincentral.com/markets/jly-canola-exports-slide-as-record-new-crop-exports-seen/)",rss_graincentral,2026-09-21T22:49:44+00:00
2026-09-21,RSS_REUTERS_CLIMATE_ENERGY,전문 매체,1.0,[채널: Google News · kw:hormuz] Vessels trickle through Strait of Hormuz as Middle East conflict persists - Reuters — Vessels trickle through Strait of Hormuz as Middle East conflict persists Reuters (https://news.google.com/rss/articles/CBMitwFBVV95cUxPNHdMbF8wY2pMdE0tcHdWa3l5dkc5MGpKWVJEZW9VUnV2UTFlaTlVbVpOZ1pQN245SWZOLU4zWDd3ODlBTUhhZmlmaE1jUGltMzRKUF9xRl9CT2ZpMnNxcXkxOXdQeHJHajFzMkpoNWVnS3N6X3ExamF1ejcyQ3I1LW5DVHRXTXQ5MVVtTEE1cmtxLWhGMURaZ19pajA1blpROVVxRXQ3MHE4Zy1BLUVybldpUm01NU0?oc=5),rss_reuters_climate_energy,2026-09-21T22:49:44+00:00
2026-09-21,RSS_REUTERS_COMMODITIES,전문 매체,2.0,"[채널: Google News · kw:black sea,hormuz] COMMENTARY: Hormuz shuttles keep oil flowing, but at a high cost - Reuters — COMMENTARY: Hormuz shuttles keep oil flowing, but at a high cost Reuters (https://news.google.com/rss/articles/CBMisAFBVV95cUxPY1ZqYkdEeGVjVmotcmtLNWlndkR4bTgzYzlVVThwZ184TG9oX2U2a0ZhYXp1QXZKSnNiT0ZrTngzS1N3OUczT2ZSSFNYUjRPb0VuaEZTcnpDQ0JYTldvMXBlaVRXbU1laHpPUlpSanNXb0pNZnRPcktpVGFtc1h0WG9RMlhMSndOelVoQzBXQmZKbjd5SUZIZEl0ZEl1S0R3VEV4aUd6VlVqMmJQVjE3Wg?oc=5) ⋅ EXCLUSIVE: Russia adapts fertilizer, coal terminals in Baltic, Arctic ports to export Black Sea grain - Reuters — EXCLUSIVE: Russia adapts fertilizer, coal terminals in Baltic, Arctic ports to export Black Sea grain Reuters (https://news.google.com/rss/articles/CBMivgFBVV95cUxNNE5HNmRLSkhKLVZHSUdKNGNsOWh6RmUwb3VkRXdmLXN6c0FfSUV5ZTY3T2dpcVFTQWVLMjAzeHZnemlPWnprVC1SOFJxdHNhWXVXcHJTSDFsUFFDQWd5MFduSk43Ul9YaWtpeDZCeC1PeWF",rss_reuters_commodities,2026-09-21T22:49:44+00:00
2026-09-21,RSS_TFM,전문 매체,1.0,[채널: 공식 RSS · kw:black sea] TFM Midday Update 9-21-2026 — CORN Corn futures are starting the week higher across the board. December corn futures are 13 cents higher at 540-1/2. More strikes hit Black Sea energy infrast… (https://www.totalfarmmarketing.com/tfm-midday-update-9-21-2026/),rss_tfm,2026-09-21T22:49:44+00:00
2026-09-21,SUEZ_RED_SEA_RISK,지정학 이벤트,3.0,[PERPLEXITY-PROXY: 수에즈·홍해 탱커 위험 수준] RISK: HIGH | DIVERSIONS: unknown | FREIGHT_IMPACT: unknown | SOURCE: multiple news & analysis reports on Red Sea shipping and Houthi activity (Sept 2026) | DATE: 2026-09-21,Perplexity/GeoEventProxy,2026-09-21T22:49:44+00:00
2026-09-21,UKRAINE_GRAIN_CORRIDOR,지정학 이벤트,3.0,[PERPLEXITY-PROXY: 우크라이나 흑해 수출 현황] STATUS: restricted | SUNFLOWER_OIL_EXPORTS: reduced | RISK: HIGH | SOURCE: Russia continues Black Sea blockade; no active Black Sea Grain Initiative replacement; recent September 2026 attacks on Odesa ports and oilseed/sunflower oil facilities disrupting exports | DATE: 2026-09-21,Perplexity/GeoEventProxy,2026-09-21T22:49:44+00:00
2026-09-21,US_CHINA_TARIFF_STATUS,지정학 이벤트,3.0,[PERPLEXITY-PROXY: 미·중 관세 에스컬레이션 수준] TARIFF_LEVEL: HIGH escalation | SOYBEAN_OIL_TARIFF: 19% | CHANGE: unchanged (no implemented tariff cuts yet; only ongoing negotiations/framework discussions in past 60 days) | SOURCE: Reuters / USDA FAS oilseeds tariff tables and recent coverage of Trump–Xi tariff-cut talks | DATE: 2026-09-21,Perplexity/GeoEventProxy,2026-09-21T22:49:44+00:00
2026-09-21,WASDE_CONSENSUS_SCORE,정책 뉴스,-0.6,"[PERPLEXITY-PROXY: USDA WASDE 컨센서스] REPORT_DATE: September 11, 2026 | CONSENSUS: 123.06 million metric tons | ACTUAL: 124.02 million metric tons | SURPRISE: bearish | SURPRISE_SCORE: -0.6 | SOURCE: USDA WASDE September 2026 release",Perplexity/PolicyProxy,2026-09-21T22:49:44+00:00
