file,path,summary,readable,pages,chars,signals,tone,bull,bear,entities
10.01_Colombia_Biofuels Annual.pdf,data/raw/USDA/FAS/GAIN/Biofuels/2010/01/10.01_Colombia_Biofuels Annual.pdf,data/raw/USDA/FAS/GAIN/Biofuels/2010/01/Summary/10.01_Colombia_Biofuels Annual.md,True,5,10943,바이오연료수요|수입관세|재고,상방 우세,12,8,Import Volume|Export Volume|Crude Palm Oil|Import Tariff|Source Document
10.02_Denmark_LAUNCHES LOW-COST 2ND GEN ETHANOL ENZYME.pdf,data/raw/USDA/FAS/GAIN/Biofuels/2010/02/10.02_Denmark_LAUNCHES LOW-COST 2ND GEN ETHANOL ENZYME.pdf,data/raw/USDA/FAS/GAIN/Biofuels/2010/02/Summary/10.02_Denmark_LAUNCHES LOW-COST 2ND GEN ETHANOL ENZYME.md,True,2,1823,,중립/혼재,0,0,Source Document
10.02_South Korea_Bio-Fuels Production.pdf,data/raw/USDA/FAS/GAIN/Biofuels/2010/02/10.02_South Korea_Bio-Fuels Production.pdf,data/raw/USDA/FAS/GAIN/Biofuels/2010/02/Summary/10.02_South Korea_Bio-Fuels Production.md,True,6,8591,바이오연료수요,상방 우세,4,3,Crude Palm Oil|Source Document
10.05_Philippines_A Successful Philippine Biofuels Mission.pdf,data/raw/USDA/FAS/GAIN/Biofuels/2010/05/10.05_Philippines_A Successful Philippine Biofuels Mission.pdf,data/raw/USDA/FAS/GAIN/Biofuels/2010/05/Summary/10.05_Philippines_A Successful Philippine Biofuels Mission.md,True,2,3229,바이오연료수요,중립/혼재,0,0,Source Document
10.05_Thailand_Biodiesel Demand and Supply Outlook.pdf,data/raw/USDA/FAS/GAIN/Biofuels/2010/05/10.05_Thailand_Biodiesel Demand and Supply Outlook.pdf,data/raw/USDA/FAS/GAIN/Biofuels/2010/05/Summary/10.05_Thailand_Biodiesel Demand and Supply Outlook.md,True,6,13613,바이오연료수요|수입관세|압착|재고,중립/혼재,7,6,Import Volume|Export Volume|Harvested Area|Crude Palm Oil|Source Document
10.06_EU_Biofuels Annual.pdf,data/raw/USDA/FAS/GAIN/Biofuels/2010/06/10.06_EU_Biofuels Annual.pdf,data/raw/USDA/FAS/GAIN/Biofuels/2010/06/Summary/10.06_EU_Biofuels Annual.md,True,38,53076,물류충격|바이오연료수요|생산변동|재고,상방 우세,41,27,Import Volume|Export Volume|Production Volume|Soybean|Soybean Oil|Crude Palm Oil|Canola Oil|Neutral Regime|Source Document|Outcome
10.06_EU_Commission Communications on Sustainability and Voluntary Schemes.pdf,data/raw/USDA/FAS/GAIN/Biofuels/2010/06/10.06_EU_Commission Communications on Sustainability and Voluntary Schemes.pdf,data/raw/USDA/FAS/GAIN/Biofuels/2010/06/Summary/10.06_EU_Commission Communications on Sustainability and Voluntary Schemes.md,True,5,10654,바이오연료수요,상방 우세,1,0,Import Volume|Crude Palm Oil|Source Document|Outcome
10.06_El Salvador_Biofuels Annual.pdf,data/raw/USDA/FAS/GAIN/Biofuels/2010/06/10.06_El Salvador_Biofuels Annual.pdf,data/raw/USDA/FAS/GAIN/Biofuels/2010/06/Summary/10.06_El Salvador_Biofuels Annual.md,True,6,14255,바이오연료수요|재고,하방 우세,4,6,Import Volume|Export Volume|Crude Palm Oil|Neutral Regime|Source Document
10.06_Japan_Biofuels Annual.pdf,data/raw/USDA/FAS/GAIN/Biofuels/2010/06/10.06_Japan_Biofuels Annual.pdf,data/raw/USDA/FAS/GAIN/Biofuels/2010/06/Summary/10.06_Japan_Biofuels Annual.md,True,11,27804,바이오연료수요|수입관세,중립/혼재,13,11,Import Volume|Export Volume|Production Volume|Crude Palm Oil|Neutral Regime|Source Document
10.07_Argentina_Biofuels Annual.pdf,data/raw/USDA/FAS/GAIN/Biofuels/2010/07/10.07_Argentina_Biofuels Annual.pdf,data/raw/USDA/FAS/GAIN/Biofuels/2010/07/Summary/10.07_Argentina_Biofuels Annual.md,True,15,35400,바이오연료수요|수출규제|압착|재고,상방 우세,18,12,Import Volume|Export Volume|Production Volume|Soybean|Neutral Regime|Source Document|Bounding Box
10.07_Australia_Biofuels Annual.pdf,data/raw/USDA/FAS/GAIN/Biofuels/2010/07/10.07_Australia_Biofuels Annual.pdf,data/raw/USDA/FAS/GAIN/Biofuels/2010/07/Summary/10.07_Australia_Biofuels Annual.md,True,12,26144,기상이변|바이오연료수요|생산변동|재고,상방 우세,17,8,Gross Domestic Product|Import Volume|Export Volume|Import Tariff|Source Document
10.07_Brazil_Biofuels Annual.pdf,data/raw/USDA/FAS/GAIN/Biofuels/2010/07/10.07_Brazil_Biofuels Annual.pdf,data/raw/USDA/FAS/GAIN/Biofuels/2010/07/Summary/10.07_Brazil_Biofuels Annual.md,True,52,59816,기상이변|바이오연료수요|생산변동|수입관세|압착,중립/혼재,41,32,Import Volume|Export Volume|Production Volume|Soybean|Crude Palm Oil|Source Document|Confidence Score
10.07_Canada_Biofuels Annual.pdf,data/raw/USDA/FAS/GAIN/Biofuels/2010/07/10.07_Canada_Biofuels Annual.pdf,data/raw/USDA/FAS/GAIN/Biofuels/2010/07/Summary/10.07_Canada_Biofuels Annual.md,True,34,53250,물류충격|바이오연료수요|압착|재고,상방 우세,44,12,Import Volume|Export Volume|Soybean|Crude Palm Oil|Canola Oil|Neutral Regime|Effective Date|Source Document
10.07_China_Biofuels Annual.pdf,data/raw/USDA/FAS/GAIN/Biofuels/2010/07/10.07_China_Biofuels Annual.pdf,data/raw/USDA/FAS/GAIN/Biofuels/2010/07/Summary/10.07_China_Biofuels Annual.md,True,20,41774,기상이변|바이오연료수요|수입관세|압착|재고,상방 우세,18,13,Import Volume|Export Volume|Production Volume|Vegetable Oil|Crude Palm Oil|Source Document
10.07_China_Readout from Sino-U.S. Advanced Biofuels Forum.pdf,data/raw/USDA/FAS/GAIN/Biofuels/2010/07/10.07_China_Readout from Sino-U.S. Advanced Biofuels Forum.pdf,data/raw/USDA/FAS/GAIN/Biofuels/2010/07/Summary/10.07_China_Readout from Sino-U.S. Advanced Biofuels Forum.md,True,5,13063,기상이변|바이오연료수요,상방 우세,8,6,Gross Domestic Product|Import Volume|Biodiesel Feedstock|Source Document
10.07_Guatemala_Biofuels Annual.pdf,data/raw/USDA/FAS/GAIN/Biofuels/2010/07/10.07_Guatemala_Biofuels Annual.pdf,data/raw/USDA/FAS/GAIN/Biofuels/2010/07/Summary/10.07_Guatemala_Biofuels Annual.md,True,10,35336,물류충격|바이오연료수요,상방 우세,13,5,Import Volume|Export Volume|Crop Yield|Production Volume|Crude Palm Oil|Neutral Regime|Source Document
10.07_Honduras_Biofuels Annual.pdf,data/raw/USDA/FAS/GAIN/Biofuels/2010/07/10.07_Honduras_Biofuels Annual.pdf,data/raw/USDA/FAS/GAIN/Biofuels/2010/07/Summary/10.07_Honduras_Biofuels Annual.md,True,11,25475,바이오연료수요|생산변동|재고,상방 우세,24,7,Import Volume|Export Volume|Production Volume|Crude Palm Oil|Source Document
10.07_India_Biofuels Annual.pdf,data/raw/USDA/FAS/GAIN/Biofuels/2010/07/10.07_India_Biofuels Annual.pdf,data/raw/USDA/FAS/GAIN/Biofuels/2010/07/Summary/10.07_India_Biofuels Annual.md,True,11,28450,기상이변|물류충격|바이오연료수요|수입관세|압착|재고,상방 우세,20,11,Import Volume|Export Volume|Production Volume|Vegetable Oil|Import Tariff|Source Document|Confidence Score
10.07_Malaysia_Biofuels Annual.pdf,data/raw/USDA/FAS/GAIN/Biofuels/2010/07/10.07_Malaysia_Biofuels Annual.pdf,data/raw/USDA/FAS/GAIN/Biofuels/2010/07/Summary/10.07_Malaysia_Biofuels Annual.md,True,9,14224,바이오연료수요|수입관세|수출규제|재고,하방 우세,3,6,Import Volume|Export Volume|Production Volume|Crude Palm Oil|Canola Oil|Biodiesel Feedstock|Source Document
10.07_Mexico_Biofuels Annual.pdf,data/raw/USDA/FAS/GAIN/Biofuels/2010/07/10.07_Mexico_Biofuels Annual.pdf,data/raw/USDA/FAS/GAIN/Biofuels/2010/07/Summary/10.07_Mexico_Biofuels Annual.md,True,12,27662,바이오연료수요,중립/혼재,6,6,Import Volume|Export Volume|Production Volume|Neutral Regime|Source Document
10.07_New Zealand_Voluntary Report.pdf,data/raw/USDA/FAS/GAIN/Biofuels/2010/07/10.07_New Zealand_Voluntary Report.pdf,data/raw/USDA/FAS/GAIN/Biofuels/2010/07/Summary/10.07_New Zealand_Voluntary Report.md,True,9,17258,바이오연료수요,상방 우세,5,0,Canola Oil|Biodiesel Feedstock|Source Document
10.07_Paraguay_Biofuels Annual.pdf,data/raw/USDA/FAS/GAIN/Biofuels/2010/07/10.07_Paraguay_Biofuels Annual.pdf,data/raw/USDA/FAS/GAIN/Biofuels/2010/07/Summary/10.07_Paraguay_Biofuels Annual.md,True,11,21585,바이오연료수요|수입관세|압착|재고,상방 우세,16,3,Import Volume|Export Volume|Production Volume|Soybean|Neutral Regime|Source Document
10.07_Philippines_Biofuels Annual.pdf,data/raw/USDA/FAS/GAIN/Biofuels/2010/07/10.07_Philippines_Biofuels Annual.pdf,data/raw/USDA/FAS/GAIN/Biofuels/2010/07/Summary/10.07_Philippines_Biofuels Annual.md,True,21,44218,기상이변|바이오연료수요|수입관세|재고,중립/혼재,20,19,Gross Domestic Product|Import Volume|Export Volume|Production Volume|Biodiesel Feedstock|Import Tariff|Subsidy|Source Document|Confidence Score
10.07_Russian Federation_Biofuels Annual.pdf,data/raw/USDA/FAS/GAIN/Biofuels/2010/07/10.07_Russian Federation_Biofuels Annual.pdf,data/raw/USDA/FAS/GAIN/Biofuels/2010/07/Summary/10.07_Russian Federation_Biofuels Annual.md,True,17,27751,바이오연료수요|생산변동|압착,상방 우세,28,17,Import Volume|Export Volume|Soybean|Canola Oil|Source Document
10.07_Thailand_Biofuels Annual.pdf,data/raw/USDA/FAS/GAIN/Biofuels/2010/07/10.07_Thailand_Biofuels Annual.pdf,data/raw/USDA/FAS/GAIN/Biofuels/2010/07/Summary/10.07_Thailand_Biofuels Annual.md,True,15,26954,바이오연료수요|생산변동|수입관세|압착|재고,상방 우세,35,18,Import Volume|Export Volume|Crude Palm Oil|Neutral Regime|Political Instability|Source Document
10.08_Peru_Biofuels Annual.pdf,data/raw/USDA/FAS/GAIN/Biofuels/2010/08/10.08_Peru_Biofuels Annual.pdf,data/raw/USDA/FAS/GAIN/Biofuels/2010/08/Summary/10.08_Peru_Biofuels Annual.md,True,7,12501,물류충격|바이오연료수요|재고,상방 우세,8,3,Import Volume|Export Volume|Source Document
10.08_Turkey_Biofuels Annual.pdf,data/raw/USDA/FAS/GAIN/Biofuels/2010/08/10.08_Turkey_Biofuels Annual.pdf,data/raw/USDA/FAS/GAIN/Biofuels/2010/08/Summary/10.08_Turkey_Biofuels Annual.md,True,6,10369,바이오연료수요|수입관세|재고,하방 우세,2,3,Import Volume|Export Volume|Import Tariff|Source Document
10.10_Peru_Biofuels Update.pdf,data/raw/USDA/FAS/GAIN/Biofuels/2010/10/10.10_Peru_Biofuels Update.pdf,data/raw/USDA/FAS/GAIN/Biofuels/2010/10/Summary/10.10_Peru_Biofuels Update.md,True,2,1661,,중립/혼재,0,0,Import Volume|Source Document
10.10_Zimbabwe_Biofuels situation update 2010.pdf,data/raw/USDA/FAS/GAIN/Biofuels/2010/10/10.10_Zimbabwe_Biofuels situation update 2010.pdf,data/raw/USDA/FAS/GAIN/Biofuels/2010/10/Summary/10.10_Zimbabwe_Biofuels situation update 2010.md,True,5,9377,바이오연료수요,하방 우세,0,4,Import Volume|Export Volume|Production Volume|Source Document
10.11_Hungary_Bill on Bio-fuels Approved by Parliament.pdf,data/raw/USDA/FAS/GAIN/Biofuels/2010/11/10.11_Hungary_Bill on Bio-fuels Approved by Parliament.pdf,data/raw/USDA/FAS/GAIN/Biofuels/2010/11/Summary/10.11_Hungary_Bill on Bio-fuels Approved by Parliament.md,True,2,2116,,중립/혼재,1,1,Source Document
10.12_EU_Brief Analysis of the EU National Plans.pdf,data/raw/USDA/FAS/GAIN/Biofuels/2010/12/10.12_EU_Brief Analysis of the EU National Plans.pdf,data/raw/USDA/FAS/GAIN/Biofuels/2010/12/Summary/10.12_EU_Brief Analysis of the EU National Plans.md,True,7,11081,바이오연료수요,상방 우세,7,1,Import Volume|Production Volume|Source Document
10.12_EU_Transposition of the RED into National Legislation.pdf,data/raw/USDA/FAS/GAIN/Biofuels/2010/12/10.12_EU_Transposition of the RED into National Legislation.pdf,data/raw/USDA/FAS/GAIN/Biofuels/2010/12/Summary/10.12_EU_Transposition of the RED into National Legislation.md,True,10,21982,바이오연료수요,중립/혼재,5,4,Import Volume|Soybean Oil|Crude Palm Oil|Canola Oil|Source Document
10.12_Indonesia_Biofuels Annual.pdf,data/raw/USDA/FAS/GAIN/Biofuels/2010/12/10.12_Indonesia_Biofuels Annual.pdf,data/raw/USDA/FAS/GAIN/Biofuels/2010/12/Summary/10.12_Indonesia_Biofuels Annual.md,True,16,18118,바이오연료수요|생산변동|수입관세|재고,상방 우세,15,9,Import Volume|Export Volume|Crude Palm Oil|Canola Oil|Biodiesel Feedstock|Source Document|Confidence Score
11.02_EU_Transposition of the RED into National Legislation.pdf,data/raw/USDA/FAS/GAIN/Biofuels/2011/02/11.02_EU_Transposition of the RED into National Legislation.pdf,data/raw/USDA/FAS/GAIN/Biofuels/2011/02/Summary/11.02_EU_Transposition of the RED into National Legislation.md,True,9,21992,바이오연료수요,중립/혼재,5,4,Import Volume|Soybean Oil|Crude Palm Oil|Canola Oil|Source Document
11.03_Kenya_Draft National Biofuel Policy.pdf,data/raw/USDA/FAS/GAIN/Biofuels/2011/03/11.03_Kenya_Draft National Biofuel Policy.pdf,data/raw/USDA/FAS/GAIN/Biofuels/2011/03/Summary/11.03_Kenya_Draft National Biofuel Policy.md,True,4,5622,바이오연료수요,중립/혼재,2,2,Gross Domestic Product|Import Volume|Source Document
11.05_Greece_Transposition of the RED into National Legislation Update.pdf,data/raw/USDA/FAS/GAIN/Biofuels/2011/05/11.05_Greece_Transposition of the RED into National Legislation Update.pdf,data/raw/USDA/FAS/GAIN/Biofuels/2011/05/Summary/11.05_Greece_Transposition of the RED into National Legislation Update.md,True,3,4140,바이오연료수요,중립/혼재,0,0,Import Volume|Source Document
11.06_Australia_Biofuels Annual.pdf,data/raw/USDA/FAS/GAIN/Biofuels/2011/06/11.06_Australia_Biofuels Annual.pdf,data/raw/USDA/FAS/GAIN/Biofuels/2011/06/Summary/11.06_Australia_Biofuels Annual.md,True,11,22209,기상이변|바이오연료수요|재고,상방 우세,12,8,Import Volume|Export Volume|Neutral Regime|Import Tariff|Source Document
11.06_EU_Biofuels Annual.pdf,data/raw/USDA/FAS/GAIN/Biofuels/2011/06/11.06_EU_Biofuels Annual.pdf,data/raw/USDA/FAS/GAIN/Biofuels/2011/06/Summary/11.06_EU_Biofuels Annual.md,True,37,64893,물류충격|바이오연료수요|생산변동|재고,상방 우세,60,34,Import Volume|Export Volume|Production Volume|Soybean|Soybean Oil|Crude Palm Oil|Canola Oil|Source Document|Outcome
11.06_El Salvador_Biofuels Annual.pdf,data/raw/USDA/FAS/GAIN/Biofuels/2011/06/11.06_El Salvador_Biofuels Annual.pdf,data/raw/USDA/FAS/GAIN/Biofuels/2011/06/Summary/11.06_El Salvador_Biofuels Annual.md,True,8,15620,바이오연료수요|재고,중립/혼재,5,5,Import Volume|Export Volume|Crude Palm Oil|Source Document
11.06_Guatemala_Biofuels Annual.pdf,data/raw/USDA/FAS/GAIN/Biofuels/2011/06/11.06_Guatemala_Biofuels Annual.pdf,data/raw/USDA/FAS/GAIN/Biofuels/2011/06/Summary/11.06_Guatemala_Biofuels Annual.md,True,13,36392,물류충격|바이오연료수요,상방 우세,13,5,Import Volume|Export Volume|Crop Yield|Crude Palm Oil|Neutral Regime|Source Document
11.06_Mexico_Biofuels Annual.pdf,data/raw/USDA/FAS/GAIN/Biofuels/2011/06/11.06_Mexico_Biofuels Annual.pdf,data/raw/USDA/FAS/GAIN/Biofuels/2011/06/Summary/11.06_Mexico_Biofuels Annual.md,True,7,13502,바이오연료수요,상방 우세,2,1,Import Volume|Export Volume|Production Volume|Source Document
11.06_Paraguay_Biofuels Annual.pdf,data/raw/USDA/FAS/GAIN/Biofuels/2011/06/11.06_Paraguay_Biofuels Annual.pdf,data/raw/USDA/FAS/GAIN/Biofuels/2011/06/Summary/11.06_Paraguay_Biofuels Annual.md,True,8,20280,바이오연료수요|수입관세|압착|재고,상방 우세,14,2,Import Volume|Export Volume|Production Volume|Soybean|Neutral Regime|Source Document
11.06_Peru_Biofuels Annual.pdf,data/raw/USDA/FAS/GAIN/Biofuels/2011/06/11.06_Peru_Biofuels Annual.pdf,data/raw/USDA/FAS/GAIN/Biofuels/2011/06/Summary/11.06_Peru_Biofuels Annual.md,True,8,12863,바이오연료수요|재고,상방 우세,11,2,Import Volume|Export Volume|Source Document
11.06_Russian Federation_Biofuels Annual.pdf,data/raw/USDA/FAS/GAIN/Biofuels/2011/06/11.06_Russian Federation_Biofuels Annual.pdf,data/raw/USDA/FAS/GAIN/Biofuels/2011/06/Summary/11.06_Russian Federation_Biofuels Annual.md,True,14,26973,바이오연료수요|생산변동|수출규제,상방 우세,25,9,Import Volume|Export Volume|Canola Oil|Source Document
11.07_Argentina_Biofuels Annual.pdf,data/raw/USDA/FAS/GAIN/Biofuels/2011/07/11.07_Argentina_Biofuels Annual.pdf,data/raw/USDA/FAS/GAIN/Biofuels/2011/07/Summary/11.07_Argentina_Biofuels Annual.md,True,11,29638,물류충격|바이오연료수요|수출규제|압착|재고,상방 우세,16,5,Import Volume|Export Volume|Soybean|Source Document|Bounding Box
11.07_Brazil_Biofuels Annual.pdf,data/raw/USDA/FAS/GAIN/Biofuels/2011/07/11.07_Brazil_Biofuels Annual.pdf,data/raw/USDA/FAS/GAIN/Biofuels/2011/07/Summary/11.07_Brazil_Biofuels Annual.md,True,32,52353,바이오연료수요|생산변동|수입관세|압착|재고,중립/혼재,19,21,Import Volume|Export Volume|Harvested Area|Soybean|Soybean Oil|Crude Palm Oil|Source Document
11.07_Canada_Biofuels Annual.pdf,data/raw/USDA/FAS/GAIN/Biofuels/2011/07/11.07_Canada_Biofuels Annual.pdf,data/raw/USDA/FAS/GAIN/Biofuels/2011/07/Summary/11.07_Canada_Biofuels Annual.md,True,37,54797,물류충격|바이오연료수요|압착|재고,상방 우세,51,12,Import Volume|Export Volume|Soybean|Crude Palm Oil|Canola Oil|Neutral Regime|Effective Date|Source Document
11.07_China_Biofuels Annual.pdf,data/raw/USDA/FAS/GAIN/Biofuels/2011/07/11.07_China_Biofuels Annual.pdf,data/raw/USDA/FAS/GAIN/Biofuels/2011/07/Summary/11.07_China_Biofuels Annual.md,True,12,22317,바이오연료수요|수입관세|압착|재고,중립/혼재,9,9,Import Volume|Export Volume|Production Volume|Crude Palm Oil|Source Document
11.07_Colombia_Biofuels Annual.pdf,data/raw/USDA/FAS/GAIN/Biofuels/2011/07/11.07_Colombia_Biofuels Annual.pdf,data/raw/USDA/FAS/GAIN/Biofuels/2011/07/Summary/11.07_Colombia_Biofuels Annual.md,True,6,11116,바이오연료수요|생산변동|수입관세|재고,상방 우세,11,8,Import Volume|Export Volume|Crude Palm Oil|Import Tariff|Source Document
11.07_Germany_2nd Generation Biofuel Company Declares Insolvency.pdf,data/raw/USDA/FAS/GAIN/Biofuels/2011/07/11.07_Germany_2nd Generation Biofuel Company Declares Insolvency.pdf,data/raw/USDA/FAS/GAIN/Biofuels/2011/07/Summary/11.07_Germany_2nd Generation Biofuel Company Declares Insolvency.md,True,2,3307,,상방 우세,1,0,Source Document
11.07_India_Biofuels Annual.pdf,data/raw/USDA/FAS/GAIN/Biofuels/2011/07/11.07_India_Biofuels Annual.pdf,data/raw/USDA/FAS/GAIN/Biofuels/2011/07/Summary/11.07_India_Biofuels Annual.md,True,14,31186,기상이변|물류충격|바이오연료수요|수입관세|재고,상방 우세,24,12,Import Volume|Export Volume|Vegetable Oil|Biodiesel Feedstock|Import Tariff|Source Document|Confidence Score
11.07_Thailand_Biofuels Annual.pdf,data/raw/USDA/FAS/GAIN/Biofuels/2011/07/11.07_Thailand_Biofuels Annual.pdf,data/raw/USDA/FAS/GAIN/Biofuels/2011/07/Summary/11.07_Thailand_Biofuels Annual.md,True,17,29529,바이오연료수요|수입관세|압착|재고,상방 우세,42,13,Import Volume|Export Volume|Crude Palm Oil|Neutral Regime|Policy Pivot|Source Document
11.08_Indonesia_Biofuels Annual.pdf,data/raw/USDA/FAS/GAIN/Biofuels/2011/08/11.08_Indonesia_Biofuels Annual.pdf,data/raw/USDA/FAS/GAIN/Biofuels/2011/08/Summary/11.08_Indonesia_Biofuels Annual.md,True,8,14512,바이오연료수요|재고,상방 우세,9,0,Import Volume|Export Volume|Crude Palm Oil|Source Document
11.08_Malaysia_Biofuels Annual.pdf,data/raw/USDA/FAS/GAIN/Biofuels/2011/08/11.08_Malaysia_Biofuels Annual.pdf,data/raw/USDA/FAS/GAIN/Biofuels/2011/08/Summary/11.08_Malaysia_Biofuels Annual.md,True,8,11954,바이오연료수요|수입관세|재고,상방 우세,4,3,Import Volume|Export Volume|Production Volume|Crude Palm Oil|Canola Oil|Biodiesel Feedstock|Source Document
11.08_Philippines_Biofuels Annual.pdf,data/raw/USDA/FAS/GAIN/Biofuels/2011/08/11.08_Philippines_Biofuels Annual.pdf,data/raw/USDA/FAS/GAIN/Biofuels/2011/08/Summary/11.08_Philippines_Biofuels Annual.md,True,19,37877,물류충격|바이오연료수요|수입관세|재고,상방 우세,34,14,Gross Domestic Product|Import Volume|Export Volume|Production Volume|Neutral Regime|Source Document
11.11_Greece_Transposition of the RED into National Legislation Update.pdf,data/raw/USDA/FAS/GAIN/Biofuels/2011/11/11.11_Greece_Transposition of the RED into National Legislation Update.pdf,data/raw/USDA/FAS/GAIN/Biofuels/2011/11/Summary/11.11_Greece_Transposition of the RED into National Legislation Update.md,True,4,5967,바이오연료수요,중립/혼재,0,0,Import Volume|Source Document
11.11_Portugal_Biofuels Standing Report.pdf,data/raw/USDA/FAS/GAIN/Biofuels/2011/11/11.11_Portugal_Biofuels Standing Report.pdf,data/raw/USDA/FAS/GAIN/Biofuels/2011/11/Summary/11.11_Portugal_Biofuels Standing Report.md,True,13,22977,물류충격|바이오연료수요|압착|재고,상방 우세,9,6,Import Volume|Export Volume|Soybean|Crude Palm Oil|Canola Oil|Source Document
11.11_Sweden_Swedish Sustainability Certification for Biofuels.pdf,data/raw/USDA/FAS/GAIN/Biofuels/2011/11/11.11_Sweden_Swedish Sustainability Certification for Biofuels.pdf,data/raw/USDA/FAS/GAIN/Biofuels/2011/11/Summary/11.11_Sweden_Swedish Sustainability Certification for Biofuels.md,True,3,3397,바이오연료수요,상방 우세,1,0,Import Volume|Source Document
11.11_Zimbabwe_Biofuels Situation.pdf,data/raw/USDA/FAS/GAIN/Biofuels/2011/11/11.11_Zimbabwe_Biofuels Situation.pdf,data/raw/USDA/FAS/GAIN/Biofuels/2011/11/Summary/11.11_Zimbabwe_Biofuels Situation.md,True,4,8664,바이오연료수요,중립/혼재,3,3,Import Volume|Production Volume|Soybean|Source Document
11.12_Ecuador_Biofuels Annual.pdf,data/raw/USDA/FAS/GAIN/Biofuels/2011/12/11.12_Ecuador_Biofuels Annual.pdf,data/raw/USDA/FAS/GAIN/Biofuels/2011/12/Summary/11.12_Ecuador_Biofuels Annual.md,True,10,16672,바이오연료수요,하방 우세,3,11,Gross Domestic Product|Export Volume|Crude Palm Oil|Source Document
11.12_Italy_Italian Biofuels 2011.pdf,data/raw/USDA/FAS/GAIN/Biofuels/2011/12/11.12_Italy_Italian Biofuels 2011.pdf,data/raw/USDA/FAS/GAIN/Biofuels/2011/12/Summary/11.12_Italy_Italian Biofuels 2011.md,True,6,10684,바이오연료수요|압착|재고,하방 우세,4,8,Import Volume|Export Volume|Production Volume|Crude Palm Oil|Canola Oil|Source Document
12.01_Brazil_Biofuels - Ethanol Import Tariff.pdf,data/raw/USDA/FAS/GAIN/Biofuels/2012/01/12.01_Brazil_Biofuels - Ethanol Import Tariff.pdf,data/raw/USDA/FAS/GAIN/Biofuels/2012/01/Summary/12.01_Brazil_Biofuels - Ethanol Import Tariff.md,True,8,1408,수입관세,중립/혼재,0,0,Source Document
12.01_Brazil_GoB Support to the Sugar-Ethanol Sector - Prorenova.pdf,data/raw/USDA/FAS/GAIN/Biofuels/2012/01/12.01_Brazil_GoB Support to the Sugar-Ethanol Sector - Prorenova.pdf,data/raw/USDA/FAS/GAIN/Biofuels/2012/01/Summary/12.01_Brazil_GoB Support to the Sugar-Ethanol Sector - Prorenova.md,True,3,5019,압착,상방 우세,2,1,Export Volume|Source Document
12.03_Chile_Evolution of biofuels.pdf,data/raw/USDA/FAS/GAIN/Biofuels/2012/03/12.03_Chile_Evolution of biofuels.pdf,data/raw/USDA/FAS/GAIN/Biofuels/2012/03/Summary/12.03_Chile_Evolution of biofuels.md,True,4,8695,바이오연료수요,하방 우세,0,2,Export Volume|Source Document|Entity Mention
12.03_Portugal_Biofuels Standing Report.pdf,data/raw/USDA/FAS/GAIN/Biofuels/2012/03/12.03_Portugal_Biofuels Standing Report.pdf,data/raw/USDA/FAS/GAIN/Biofuels/2012/03/Summary/12.03_Portugal_Biofuels Standing Report.md,True,12,25051,물류충격|바이오연료수요|압착|재고,상방 우세,8,3,Import Volume|Export Volume|Soybean|Crude Palm Oil|Canola Oil|Source Document
12.04_Spain_Enacts Biodiesel Production Quota System.pdf,data/raw/USDA/FAS/GAIN/Biofuels/2012/04/12.04_Spain_Enacts Biodiesel Production Quota System.pdf,data/raw/USDA/FAS/GAIN/Biofuels/2012/04/Summary/12.04_Spain_Enacts Biodiesel Production Quota System.md,True,6,10901,바이오연료수요|압착,상방 우세,5,3,Import Volume|Export Volume|Crude Palm Oil|Canola Oil|Source Document
12.05_Romania_Completed the RED transposition process.pdf,data/raw/USDA/FAS/GAIN/Biofuels/2012/05/12.05_Romania_Completed the RED transposition process.pdf,data/raw/USDA/FAS/GAIN/Biofuels/2012/05/Summary/12.05_Romania_Completed the RED transposition process.md,True,2,3404,바이오연료수요,중립/혼재,0,0,Import Volume|Source Document
12.06_Australia_Biofuels Annual.pdf,data/raw/USDA/FAS/GAIN/Biofuels/2012/06/12.06_Australia_Biofuels Annual.pdf,data/raw/USDA/FAS/GAIN/Biofuels/2012/06/Summary/12.06_Australia_Biofuels Annual.md,True,9,20378,기상이변|바이오연료수요|재고,상방 우세,17,6,Import Volume|Export Volume|Production Volume|Neutral Regime|Import Tariff|Source Document
12.06_Canada_Biofuels Annual.pdf,data/raw/USDA/FAS/GAIN/Biofuels/2012/06/12.06_Canada_Biofuels Annual.pdf,data/raw/USDA/FAS/GAIN/Biofuels/2012/06/Summary/12.06_Canada_Biofuels Annual.md,True,38,55998,물류충격|바이오연료수요|생산변동|압착|재고,상방 우세,48,23,Import Volume|Export Volume|Soybean|Crude Palm Oil|Effective Date|Source Document
12.06_EU_Biofuels Annual.pdf,data/raw/USDA/FAS/GAIN/Biofuels/2012/06/12.06_EU_Biofuels Annual.pdf,data/raw/USDA/FAS/GAIN/Biofuels/2012/06/Summary/12.06_EU_Biofuels Annual.md,True,35,70471,바이오연료수요|생산변동|수입관세|수출규제|재고,상방 우세,50,33,Import Volume|Export Volume|Soybean|Soybean Oil|Crude Palm Oil|Canola Oil|Biodiesel Feedstock|Import Tariff|Source Document|Outcome
12.06_Ecuador_Biofuels Annual.pdf,data/raw/USDA/FAS/GAIN/Biofuels/2012/06/12.06_Ecuador_Biofuels Annual.pdf,data/raw/USDA/FAS/GAIN/Biofuels/2012/06/Summary/12.06_Ecuador_Biofuels Annual.md,True,11,20109,바이오연료수요|수출규제,하방 우세,4,8,Gross Domestic Product|Crude Palm Oil|Neutral Regime|Source Document
12.06_El Salvador_Biofuels Annual.pdf,data/raw/USDA/FAS/GAIN/Biofuels/2012/06/12.06_El Salvador_Biofuels Annual.pdf,data/raw/USDA/FAS/GAIN/Biofuels/2012/06/Summary/12.06_El Salvador_Biofuels Annual.md,True,8,15125,바이오연료수요|재고,하방 우세,4,6,Import Volume|Export Volume|Crude Palm Oil|Source Document
12.06_Guatemala_Biofuels Annual.pdf,data/raw/USDA/FAS/GAIN/Biofuels/2012/06/12.06_Guatemala_Biofuels Annual.pdf,data/raw/USDA/FAS/GAIN/Biofuels/2012/06/Summary/12.06_Guatemala_Biofuels Annual.md,True,10,24830,물류충격|바이오연료수요,상방 우세,8,4,Import Volume|Export Volume|Crop Yield|Crude Palm Oil|Source Document
12.06_India_Biofuels Annual.pdf,data/raw/USDA/FAS/GAIN/Biofuels/2012/06/12.06_India_Biofuels Annual.pdf,data/raw/USDA/FAS/GAIN/Biofuels/2012/06/Summary/12.06_India_Biofuels Annual.md,True,16,36887,기상이변|물류충격|바이오연료수요|수입관세|재고,중립/혼재,18,15,Gross Domestic Product|Import Volume|Export Volume|Biodiesel Feedstock|Import Tariff|Source Document|Confidence Score
12.06_Japan_Biofuels Annual.pdf,data/raw/USDA/FAS/GAIN/Biofuels/2012/06/12.06_Japan_Biofuels Annual.pdf,data/raw/USDA/FAS/GAIN/Biofuels/2012/06/Summary/12.06_Japan_Biofuels Annual.md,True,16,40331,바이오연료수요|재고,상방 우세,20,13,Import Volume|Export Volume|Production Volume|Crude Palm Oil|Canola Oil|Neutral Regime|Source Document
12.06_Paraguay_Biofuels Annual.pdf,data/raw/USDA/FAS/GAIN/Biofuels/2012/06/12.06_Paraguay_Biofuels Annual.pdf,data/raw/USDA/FAS/GAIN/Biofuels/2012/06/Summary/12.06_Paraguay_Biofuels Annual.md,True,9,20887,기상이변|바이오연료수요|수입관세|압착|재고,상방 우세,15,4,Import Volume|Export Volume|Production Volume|Soybean|Neutral Regime|Source Document
12.06_Peru_Biofuels Annual.pdf,data/raw/USDA/FAS/GAIN/Biofuels/2012/06/12.06_Peru_Biofuels Annual.pdf,data/raw/USDA/FAS/GAIN/Biofuels/2012/06/Summary/12.06_Peru_Biofuels Annual.md,True,7,12440,바이오연료수요|재고,상방 우세,10,2,Import Volume|Export Volume|Source Document
12.06_Thailand_Biofuels Annual.pdf,data/raw/USDA/FAS/GAIN/Biofuels/2012/06/12.06_Thailand_Biofuels Annual.pdf,data/raw/USDA/FAS/GAIN/Biofuels/2012/06/Summary/12.06_Thailand_Biofuels Annual.md,True,13,23341,바이오연료수요|압착|재고,상방 우세,33,11,Import Volume|Export Volume|Crude Palm Oil|Source Document
12.06_Thailand_Export Surcharge on Crude Palm Oil - A Move to Control Prices.pdf,data/raw/USDA/FAS/GAIN/Biofuels/2012/06/12.06_Thailand_Export Surcharge on Crude Palm Oil - A Move to Control Prices.pdf,data/raw/USDA/FAS/GAIN/Biofuels/2012/06/Summary/12.06_Thailand_Export Surcharge on Crude Palm Oil - A Move to Control Prices.md,True,2,4823,바이오연료수요,상방 우세,7,4,Import Volume|Export Volume|Crude Palm Oil|Source Document
12.07_Argentina_Biofuels Annual.pdf,data/raw/USDA/FAS/GAIN/Biofuels/2012/07/12.07_Argentina_Biofuels Annual.pdf,data/raw/USDA/FAS/GAIN/Biofuels/2012/07/Summary/12.07_Argentina_Biofuels Annual.md,True,13,35868,물류충격|바이오연료수요|수출규제|압착|재고,상방 우세,29,16,Import Volume|Export Volume|Production Volume|Soybean|Source Document|Bounding Box
12.07_China - Peoples Republic of_Biofuels Annual_Beijing.pdf,data/raw/USDA/FAS/GAIN/Biofuels/2012/07/12.07_China - Peoples Republic of_Biofuels Annual_Beijing.pdf,data/raw/USDA/FAS/GAIN/Biofuels/2012/07/Summary/12.07_China - Peoples Republic of_Biofuels Annual_Beijing.md,True,8,14376,바이오연료수요|수입관세|압착|재고,중립/혼재,5,4,Inflation|Import Volume|Export Volume|Production Volume|Source Document
12.07_Colombia_Biofuels Annual.pdf,data/raw/USDA/FAS/GAIN/Biofuels/2012/07/12.07_Colombia_Biofuels Annual.pdf,data/raw/USDA/FAS/GAIN/Biofuels/2012/07/Summary/12.07_Colombia_Biofuels Annual.md,True,7,12222,바이오연료수요|생산변동|수입관세|재고,상방 우세,11,4,Import Volume|Export Volume|Crude Palm Oil|Import Tariff|Source Document
12.07_Honduras_Biofuels Annual.pdf,data/raw/USDA/FAS/GAIN/Biofuels/2012/07/12.07_Honduras_Biofuels Annual.pdf,data/raw/USDA/FAS/GAIN/Biofuels/2012/07/Summary/12.07_Honduras_Biofuels Annual.md,True,11,25835,바이오연료수요|재고,상방 우세,16,5,Import Volume|Export Volume|Crude Palm Oil|Source Document
12.07_Mexico_Biofuels Annual.pdf,data/raw/USDA/FAS/GAIN/Biofuels/2012/07/12.07_Mexico_Biofuels Annual.pdf,data/raw/USDA/FAS/GAIN/Biofuels/2012/07/Summary/12.07_Mexico_Biofuels Annual.md,True,9,14469,바이오연료수요,상방 우세,2,1,Import Volume|Export Volume|Production Volume|Crude Palm Oil|Source Document
12.07_Philippines_Biofuels Annual.pdf,data/raw/USDA/FAS/GAIN/Biofuels/2012/07/12.07_Philippines_Biofuels Annual.pdf,data/raw/USDA/FAS/GAIN/Biofuels/2012/07/Summary/12.07_Philippines_Biofuels Annual.md,True,14,26255,기상이변|바이오연료수요|재고,상방 우세,18,7,Import Volume|Export Volume|Crude Palm Oil|Neutral Regime|Source Document
12.07_Russian Federation_Biofuels Annual.pdf,data/raw/USDA/FAS/GAIN/Biofuels/2012/07/12.07_Russian Federation_Biofuels Annual.pdf,data/raw/USDA/FAS/GAIN/Biofuels/2012/07/Summary/12.07_Russian Federation_Biofuels Annual.md,True,7,18482,바이오연료수요|수출규제|압착,상방 우세,15,8,Import Volume|Export Volume|Soybean|Canola Oil|Source Document
12.08_Argentina_Biodiesel Tax Increase and Temporary Soybean Import Policy.pdf,data/raw/USDA/FAS/GAIN/Biofuels/2012/08/12.08_Argentina_Biodiesel Tax Increase and Temporary Soybean Import Policy.pdf,data/raw/USDA/FAS/GAIN/Biofuels/2012/08/Summary/12.08_Argentina_Biodiesel Tax Increase and Temporary Soybean Import Policy.md,True,3,5816,기상이변|바이오연료수요|수출규제|압착,하방 우세,4,6,Import Volume|Export Volume|Soybean|Source Document
12.08_Brazil_Biofuels Annual.pdf,data/raw/USDA/FAS/GAIN/Biofuels/2012/08/12.08_Brazil_Biofuels Annual.pdf,data/raw/USDA/FAS/GAIN/Biofuels/2012/08/Summary/12.08_Brazil_Biofuels Annual.md,True,28,51477,바이오연료수요|생산변동|수입관세|압착|재고,중립/혼재,13,16,Import Volume|Export Volume|Harvested Area|Soybean|Soybean Oil|Crude Palm Oil|B20|Source Document
12.08_EU_Unfavorable Weather Conditions Limit EU-27 Oilseeds Production.pdf,data/raw/USDA/FAS/GAIN/Biofuels/2012/08/12.08_EU_Unfavorable Weather Conditions Limit EU-27 Oilseeds Production.pdf,data/raw/USDA/FAS/GAIN/Biofuels/2012/08/Summary/12.08_EU_Unfavorable Weather Conditions Limit EU-27 Oilseeds Production.md,True,17,41004,기상이변|물류충격|바이오연료수요|생산변동|압착|재고,하방 우세,39,102,Import Volume|Export Volume|Soil Moisture Percentile|Harvested Area|Production Volume|Crushing Volume|Soybean|Soybean Oil|Canola Oil|Source Document
12.08_Germany_Development Minister re-ignites debate over E10 fuel.pdf,data/raw/USDA/FAS/GAIN/Biofuels/2012/08/12.08_Germany_Development Minister re-ignites debate over E10 fuel.pdf,data/raw/USDA/FAS/GAIN/Biofuels/2012/08/Summary/12.08_Germany_Development Minister re-ignites debate over E10 fuel.md,True,4,7288,기상이변|바이오연료수요,상방 우세,1,0,Source Document|Entity Mention
12.08_Indonesia_Biofuels Annual.pdf,data/raw/USDA/FAS/GAIN/Biofuels/2012/08/12.08_Indonesia_Biofuels Annual.pdf,data/raw/USDA/FAS/GAIN/Biofuels/2012/08/Summary/12.08_Indonesia_Biofuels Annual.md,True,9,17567,바이오연료수요|생산변동|수입관세|수출규제|재고,상방 우세,28,4,Import Volume|Export Volume|Crude Palm Oil|Canola Oil|Import Tariff|Source Document
12.08_Malaysia_Biofuels Annual.pdf,data/raw/USDA/FAS/GAIN/Biofuels/2012/08/12.08_Malaysia_Biofuels Annual.pdf,data/raw/USDA/FAS/GAIN/Biofuels/2012/08/Summary/12.08_Malaysia_Biofuels Annual.md,True,10,12859,바이오연료수요|수입관세|수출규제|재고,하방 우세,1,7,Import Volume|Export Volume|Production Volume|Crude Palm Oil|Canola Oil|Export Tax|Source Document
12.08_Spain_National Biofuels’ Sustainability Scheme.pdf,data/raw/USDA/FAS/GAIN/Biofuels/2012/08/12.08_Spain_National Biofuels’ Sustainability Scheme.pdf,data/raw/USDA/FAS/GAIN/Biofuels/2012/08/Summary/12.08_Spain_National Biofuels’ Sustainability Scheme.md,True,10,19512,바이오연료수요|압착,상방 우세,3,0,Import Volume|Export Volume|Soybean|Source Document
12.09_Spain_Bioethanol Standing Report.pdf,data/raw/USDA/FAS/GAIN/Biofuels/2012/09/12.09_Spain_Bioethanol Standing Report.pdf,data/raw/USDA/FAS/GAIN/Biofuels/2012/09/Summary/12.09_Spain_Bioethanol Standing Report.md,True,17,33867,바이오연료수요|생산변동,상방 우세,27,13,Import Volume|Export Volume|Neutral Regime|Source Document
12.10_France_First-Generation Biofuels Weakened - Advanced Biofuels in Progress.pdf,data/raw/USDA/FAS/GAIN/Biofuels/2012/10/12.10_France_First-Generation Biofuels Weakened - Advanced Biofuels in Progress.pdf,data/raw/USDA/FAS/GAIN/Biofuels/2012/10/Summary/12.10_France_First-Generation Biofuels Weakened - Advanced Biofuels in Progress.md,True,6,10255,바이오연료수요,하방 우세,5,10,Import Volume|Canola Oil|Source Document
12.10_Serbia_Biofuels Report.pdf,data/raw/USDA/FAS/GAIN/Biofuels/2012/10/12.10_Serbia_Biofuels Report.pdf,data/raw/USDA/FAS/GAIN/Biofuels/2012/10/Summary/12.10_Serbia_Biofuels Report.md,True,13,31783,물류충격|바이오연료수요|생산변동|재고,하방 우세,4,10,Import Volume|Export Volume|Vegetable Oil|Biodiesel Feedstock|Source Document
12.11_France_Actions Towards a More Sustainable Agriculture.pdf,data/raw/USDA/FAS/GAIN/Biofuels/2012/11/12.11_France_Actions Towards a More Sustainable Agriculture.pdf,data/raw/USDA/FAS/GAIN/Biofuels/2012/11/Summary/12.11_France_Actions Towards a More Sustainable Agriculture.md,True,13,29714,,상방 우세,11,4,Production Volume|Geopolitical Conflict|Subsidy|Source Document
12.11_Netherlands_Dutch Refine Agricultural Priorities.pdf,data/raw/USDA/FAS/GAIN/Biofuels/2012/11/12.11_Netherlands_Dutch Refine Agricultural Priorities.pdf,data/raw/USDA/FAS/GAIN/Biofuels/2012/11/Summary/12.11_Netherlands_Dutch Refine Agricultural Priorities.md,True,3,3854,,중립/혼재,1,1,Source Document
12.12_EU_2012 Sunflower Crop Hit by Hot and Dry Weather.pdf,data/raw/USDA/FAS/GAIN/Biofuels/2012/12/12.12_EU_2012 Sunflower Crop Hit by Hot and Dry Weather.pdf,data/raw/USDA/FAS/GAIN/Biofuels/2012/12/Summary/12.12_EU_2012 Sunflower Crop Hit by Hot and Dry Weather.md,True,20,52595,기상이변|물류충격|바이오연료수요|생산변동|압착|재고,하방 우세,44,152,Import Volume|Export Volume|Heatwave|Soil Moisture Percentile|Harvested Area|Production Volume|Crushing Volume|Soybean|Soybean Oil|Crude Palm Oil|Canola Oil|Sunflower Oil
12.12_Poland_Renewable Energy and Bio-fuel Situation.pdf,data/raw/USDA/FAS/GAIN/Biofuels/2012/12/12.12_Poland_Renewable Energy and Bio-fuel Situation.pdf,data/raw/USDA/FAS/GAIN/Biofuels/2012/12/Summary/12.12_Poland_Renewable Energy and Bio-fuel Situation.md,True,20,38224,바이오연료수요|생산변동,중립/혼재,13,14,Import Volume|Source Document
13.01_France_Chooses Agro-Ecology for a More Sustainable Agriculture.pdf,data/raw/USDA/FAS/GAIN/Biofuels/2013/01/13.01_France_Chooses Agro-Ecology for a More Sustainable Agriculture.pdf,data/raw/USDA/FAS/GAIN/Biofuels/2013/01/Summary/13.01_France_Chooses Agro-Ecology for a More Sustainable Agriculture.md,True,5,11057,바이오연료수요,상방 우세,2,1,Import Volume|Source Document
13.01_Malta_Overview of Biofuel Sector and RED.pdf,data/raw/USDA/FAS/GAIN/Biofuels/2013/01/13.01_Malta_Overview of Biofuel Sector and RED.pdf,data/raw/USDA/FAS/GAIN/Biofuels/2013/01/Summary/13.01_Malta_Overview of Biofuel Sector and RED.md,True,5,9244,바이오연료수요,상방 우세,3,1,Source Document
13.01_Netherlands_The Market for Wood Pellets in the Benelux.pdf,data/raw/USDA/FAS/GAIN/Biofuels/2013/01/13.01_Netherlands_The Market for Wood Pellets in the Benelux.pdf,data/raw/USDA/FAS/GAIN/Biofuels/2013/01/Summary/13.01_Netherlands_The Market for Wood Pellets in the Benelux.md,True,9,24627,,상방 우세,9,5,Import Volume|Export Volume|Source Document
13.01_Panama_Ethanol Use in Panama.pdf,data/raw/USDA/FAS/GAIN/Biofuels/2013/01/13.01_Panama_Ethanol Use in Panama.pdf,data/raw/USDA/FAS/GAIN/Biofuels/2013/01/Summary/13.01_Panama_Ethanol Use in Panama.md,True,3,4189,물류충격|바이오연료수요,상방 우세,3,2,Import Volume|Subsidy|Source Document
13.04_France_Limiting First-Generation Biofuels - TTIP Sensitive Issue.pdf,data/raw/USDA/FAS/GAIN/Biofuels/2013/04/13.04_France_Limiting First-Generation Biofuels - TTIP Sensitive Issue.pdf,data/raw/USDA/FAS/GAIN/Biofuels/2013/04/Summary/13.04_France_Limiting First-Generation Biofuels - TTIP Sensitive Issue.md,True,4,7876,바이오연료수요|수입관세,상방 우세,5,1,Import Volume|Export Volume|Source Document
13.04_France_The Bioeconomy or Green Economy.pdf,data/raw/USDA/FAS/GAIN/Biofuels/2013/04/13.04_France_The Bioeconomy or Green Economy.pdf,data/raw/USDA/FAS/GAIN/Biofuels/2013/04/Summary/13.04_France_The Bioeconomy or Green Economy.md,True,5,9334,바이오연료수요|재고,중립/혼재,1,1,Import Volume|Source Document
13.04_Panama_Looks to biofuels to develop its energy sector.pdf,data/raw/USDA/FAS/GAIN/Biofuels/2013/04/13.04_Panama_Looks to biofuels to develop its energy sector.pdf,data/raw/USDA/FAS/GAIN/Biofuels/2013/04/Summary/13.04_Panama_Looks to biofuels to develop its energy sector.md,True,4,6477,물류충격|바이오연료수요,상방 우세,5,3,Import Volume|Subsidy|Source Document
13.06_Argentina_Biofuels Annual.pdf,data/raw/USDA/FAS/GAIN/Biofuels/2013/06/13.06_Argentina_Biofuels Annual.pdf,data/raw/USDA/FAS/GAIN/Biofuels/2013/06/Summary/13.06_Argentina_Biofuels Annual.md,True,14,36844,물류충격|바이오연료수요|수입관세|수출규제|압착|재고,상방 우세,26,14,Import Volume|Export Volume|Production Volume|Soybean|Neutral Regime|Import Tariff|Source Document|Bounding Box
13.06_Canada_Biofuels Annual.pdf,data/raw/USDA/FAS/GAIN/Biofuels/2013/06/13.06_Canada_Biofuels Annual.pdf,data/raw/USDA/FAS/GAIN/Biofuels/2013/06/Summary/13.06_Canada_Biofuels Annual.md,True,40,57195,물류충격|바이오연료수요|압착|재고,상방 우세,46,13,Import Volume|Export Volume|Soybean|Crude Palm Oil|Effective Date|Source Document
13.06_Malta_Update – Overview of Biofuel Sector and RED Implementation.pdf,data/raw/USDA/FAS/GAIN/Biofuels/2013/06/13.06_Malta_Update – Overview of Biofuel Sector and RED Implementation.pdf,data/raw/USDA/FAS/GAIN/Biofuels/2013/06/Summary/13.06_Malta_Update – Overview of Biofuel Sector and RED Implementation.md,True,6,12032,바이오연료수요,상방 우세,3,2,Source Document
13.06_Thailand_Biofuels Annual.pdf,data/raw/USDA/FAS/GAIN/Biofuels/2013/06/13.06_Thailand_Biofuels Annual.pdf,data/raw/USDA/FAS/GAIN/Biofuels/2013/06/Summary/13.06_Thailand_Biofuels Annual.md,True,13,27708,바이오연료수요|생산변동|압착|재고,상방 우세,48,7,Import Volume|Export Volume|Crude Palm Oil|Source Document
13.07_Australia_Biofuels Annual.pdf,data/raw/USDA/FAS/GAIN/Biofuels/2013/07/13.07_Australia_Biofuels Annual.pdf,data/raw/USDA/FAS/GAIN/Biofuels/2013/07/Summary/13.07_Australia_Biofuels Annual.md,True,11,23206,바이오연료수요|재고,상방 우세,21,4,Import Volume|Export Volume|Soybean|Crude Palm Oil|Import Tariff|Subsidy|Source Document|Confidence Score
13.07_Colombia_Biofuels Annual.pdf,data/raw/USDA/FAS/GAIN/Biofuels/2013/07/13.07_Colombia_Biofuels Annual.pdf,data/raw/USDA/FAS/GAIN/Biofuels/2013/07/Summary/13.07_Colombia_Biofuels Annual.md,True,7,12726,바이오연료수요|생산변동|수입관세|재고,상방 우세,14,3,Import Volume|Export Volume|Crude Palm Oil|Import Tariff|Source Document
13.07_Indonesia_Biofuels Annual 2013.pdf,data/raw/USDA/FAS/GAIN/Biofuels/2013/07/13.07_Indonesia_Biofuels Annual 2013.pdf,data/raw/USDA/FAS/GAIN/Biofuels/2013/07/Summary/13.07_Indonesia_Biofuels Annual 2013.md,True,10,19850,바이오연료수요|생산변동|수입관세|재고,상방 우세,19,12,Import Volume|Export Volume|Crude Palm Oil|Canola Oil|Biodiesel Feedstock|Freight Rate|Source Document
13.07_Japan_Biofuels Annual.pdf,data/raw/USDA/FAS/GAIN/Biofuels/2013/07/13.07_Japan_Biofuels Annual.pdf,data/raw/USDA/FAS/GAIN/Biofuels/2013/07/Summary/13.07_Japan_Biofuels Annual.md,True,13,32064,바이오연료수요|재고,상방 우세,26,11,Import Volume|Export Volume|Production Volume|Crude Palm Oil|Source Document
13.07_Malaysia_Biofuels Annual.pdf,data/raw/USDA/FAS/GAIN/Biofuels/2013/07/13.07_Malaysia_Biofuels Annual.pdf,data/raw/USDA/FAS/GAIN/Biofuels/2013/07/Summary/13.07_Malaysia_Biofuels Annual.md,True,10,16594,바이오연료수요|수입관세|수출규제|재고,중립/혼재,9,7,Import Volume|Export Volume|Crude Palm Oil|Canola Oil|Export Tax|Source Document
13.07_Paraguay_Biofuels Annual.pdf,data/raw/USDA/FAS/GAIN/Biofuels/2013/07/13.07_Paraguay_Biofuels Annual.pdf,data/raw/USDA/FAS/GAIN/Biofuels/2013/07/Summary/13.07_Paraguay_Biofuels Annual.md,True,11,25191,기상이변|바이오연료수요|압착|재고,상방 우세,23,6,Gross Domestic Product|Import Volume|Export Volume|Production Volume|Soybean|Neutral Regime|Source Document
13.07_Peru_Biofuels Annual.pdf,data/raw/USDA/FAS/GAIN/Biofuels/2013/07/13.07_Peru_Biofuels Annual.pdf,data/raw/USDA/FAS/GAIN/Biofuels/2013/07/Summary/13.07_Peru_Biofuels Annual.md,True,9,13734,바이오연료수요|수입관세|재고,상방 우세,11,2,Import Volume|Export Volume|Crude Palm Oil|Import Tariff|Source Document
13.07_Philippines_Biofuels Annual.pdf,data/raw/USDA/FAS/GAIN/Biofuels/2013/07/13.07_Philippines_Biofuels Annual.pdf,data/raw/USDA/FAS/GAIN/Biofuels/2013/07/Summary/13.07_Philippines_Biofuels Annual.md,True,14,32628,바이오연료수요|재고,상방 우세,18,10,Gross Domestic Product|Import Volume|Export Volume|Production Volume|Neutral Regime|Source Document
13.07_Russian Federation_Biofuels Annual.pdf,data/raw/USDA/FAS/GAIN/Biofuels/2013/07/13.07_Russian Federation_Biofuels Annual.pdf,data/raw/USDA/FAS/GAIN/Biofuels/2013/07/Summary/13.07_Russian Federation_Biofuels Annual.md,True,12,29736,물류충격|바이오연료수요|압착|재고,상방 우세,26,5,Gross Domestic Product|Import Volume|Export Volume|Canola Oil|Source Document
13.08_EU_Biofuels Annual.pdf,data/raw/USDA/FAS/GAIN/Biofuels/2013/08/13.08_EU_Biofuels Annual.pdf,data/raw/USDA/FAS/GAIN/Biofuels/2013/08/Summary/13.08_EU_Biofuels Annual.md,True,34,78908,바이오연료수요|생산변동|수입관세|압착|재고,중립/혼재,49,45,Import Volume|Export Volume|Production Volume|Soybean|Soybean Oil|Crude Palm Oil|Canola Oil|Neutral Regime|Biodiesel Feedstock|Import Tariff|Source Document|Outcome
13.08_Guatemala_Biofuels Annual.pdf,data/raw/USDA/FAS/GAIN/Biofuels/2013/08/13.08_Guatemala_Biofuels Annual.pdf,data/raw/USDA/FAS/GAIN/Biofuels/2013/08/Summary/13.08_Guatemala_Biofuels Annual.md,True,11,25571,물류충격|바이오연료수요|재고,상방 우세,11,2,Import Volume|Export Volume|Crop Yield|Crude Palm Oil|Neutral Regime|Source Document
13.09_Brazil_Biofuels Annual.pdf,data/raw/USDA/FAS/GAIN/Biofuels/2013/09/13.09_Brazil_Biofuels Annual.pdf,data/raw/USDA/FAS/GAIN/Biofuels/2013/09/Summary/13.09_Brazil_Biofuels Annual.md,True,28,47148,기상이변|바이오연료수요|생산변동|수입관세|압착|재고,상방 우세,20,10,Import Volume|Export Volume|Harvested Area|Soybean|Crude Palm Oil|Source Document
13.09_China_Biofuels Annual.pdf,data/raw/USDA/FAS/GAIN/Biofuels/2013/09/13.09_China_Biofuels Annual.pdf,data/raw/USDA/FAS/GAIN/Biofuels/2013/09/Summary/13.09_China_Biofuels Annual.md,True,12,28959,바이오연료수요|수입관세|재고,상방 우세,15,11,Import Volume|Export Volume|Production Volume|Crude Palm Oil|Source Document
13.09_India_Biofuels Annual.pdf,data/raw/USDA/FAS/GAIN/Biofuels/2013/09/13.09_India_Biofuels Annual.pdf,data/raw/USDA/FAS/GAIN/Biofuels/2013/09/Summary/13.09_India_Biofuels Annual.md,True,18,42788,기상이변|물류충격|바이오연료수요|수입관세|재고,하방 우세,21,28,Gross Domestic Product|Import Volume|Export Volume|Biodiesel Feedstock|Cost and Freight|Import Tariff|Source Document|Confidence Score
13.09_Netherlands_Dutch Roadmap for Sustainable Energy.pdf,data/raw/USDA/FAS/GAIN/Biofuels/2013/09/13.09_Netherlands_Dutch Roadmap for Sustainable Energy.pdf,data/raw/USDA/FAS/GAIN/Biofuels/2013/09/Summary/13.09_Netherlands_Dutch Roadmap for Sustainable Energy.md,True,3,3618,,중립/혼재,0,0,Production Volume|Source Document
13.10_Austria_Update - Expectations for Bumper Sunflower Crop.pdf,data/raw/USDA/FAS/GAIN/Biofuels/2013/10/13.10_Austria_Update - Expectations for Bumper Sunflower Crop.pdf,data/raw/USDA/FAS/GAIN/Biofuels/2013/10/Summary/13.10_Austria_Update - Expectations for Bumper Sunflower Crop.md,True,17,42375,기상이변|물류충격|바이오연료수요|생산변동|압착|재고,하방 우세,75,101,Import Volume|Export Volume|Soil Moisture Percentile|Planted Area|Harvested Area|Crushing Volume|Soybean|Soybean Oil|Crude Palm Oil|Canola Oil|Sunflower Oil|Source Document
13.10_Panama_Looks to biofuels to develop its energy sector.pdf,data/raw/USDA/FAS/GAIN/Biofuels/2013/10/13.10_Panama_Looks to biofuels to develop its energy sector.pdf,data/raw/USDA/FAS/GAIN/Biofuels/2013/10/Summary/13.10_Panama_Looks to biofuels to develop its energy sector.md,True,4,7955,물류충격|바이오연료수요,상방 우세,10,3,Import Volume|Subsidy|Source Document
13.10_Poland_Corn Interests Continue to Expand.pdf,data/raw/USDA/FAS/GAIN/Biofuels/2013/10/13.10_Poland_Corn Interests Continue to Expand.pdf,data/raw/USDA/FAS/GAIN/Biofuels/2013/10/Summary/13.10_Poland_Corn Interests Continue to Expand.md,True,7,7437,기상이변,상방 우세,12,9,Import Volume|Export Volume|Production Volume|Import Tariff|Source Document
13.10_South Africa_Looks to Develop Domestic Biofuels Production.pdf,data/raw/USDA/FAS/GAIN/Biofuels/2013/10/13.10_South Africa_Looks to Develop Domestic Biofuels Production.pdf,data/raw/USDA/FAS/GAIN/Biofuels/2013/10/Summary/13.10_South Africa_Looks to Develop Domestic Biofuels Production.md,True,3,4862,바이오연료수요,하방 우세,0,1,Soybean|Source Document
13.11_Brazil_Biofuels.pdf,data/raw/USDA/FAS/GAIN/Biofuels/2013/11/13.11_Brazil_Biofuels.pdf,data/raw/USDA/FAS/GAIN/Biofuels/2013/11/Summary/13.11_Brazil_Biofuels.md,True,2,4026,바이오연료수요,하방 우세,1,2,Export Volume|Neutral Regime|Source Document
13.11_Denmark_The Market for Wood Pellets.pdf,data/raw/USDA/FAS/GAIN/Biofuels/2013/11/13.11_Denmark_The Market for Wood Pellets.pdf,data/raw/USDA/FAS/GAIN/Biofuels/2013/11/Summary/13.11_Denmark_The Market for Wood Pellets.md,True,3,6490,,상방 우세,9,0,Import Volume|Export Volume|Source Document
13.11_Spain_Biodiesel Standing Report.pdf,data/raw/USDA/FAS/GAIN/Biofuels/2013/11/13.11_Spain_Biodiesel Standing Report.pdf,data/raw/USDA/FAS/GAIN/Biofuels/2013/11/Summary/13.11_Spain_Biodiesel Standing Report.md,True,18,35939,바이오연료수요|압착,하방 우세,13,17,Gross Domestic Product|Import Volume|Export Volume|Soybean|Crude Palm Oil|Canola Oil|Agricultural Exemption|Source Document
13.11_Spain_Bioethanol Standing Report.pdf,data/raw/USDA/FAS/GAIN/Biofuels/2013/11/13.11_Spain_Bioethanol Standing Report.pdf,data/raw/USDA/FAS/GAIN/Biofuels/2013/11/Summary/13.11_Spain_Bioethanol Standing Report.md,True,14,26152,바이오연료수요,중립/혼재,13,13,Gross Domestic Product|Import Volume|Export Volume|Source Document
13.12_Argentina_Increases its Biodiesel mix to 10 percent in 2014.pdf,data/raw/USDA/FAS/GAIN/Biofuels/2013/12/13.12_Argentina_Increases its Biodiesel mix to 10 percent in 2014.pdf,data/raw/USDA/FAS/GAIN/Biofuels/2013/12/Summary/13.12_Argentina_Increases its Biodiesel mix to 10 percent in 2014.md,True,2,2980,바이오연료수요|수출규제,상방 우세,5,1,Import Volume|Export Volume|Source Document
14.01_Panama_Continues Looking for Biofuel Opportunities.pdf,data/raw/USDA/FAS/GAIN/Biofuels/2014/01/14.01_Panama_Continues Looking for Biofuel Opportunities.pdf,data/raw/USDA/FAS/GAIN/Biofuels/2014/01/Summary/14.01_Panama_Continues Looking for Biofuel Opportunities.md,True,3,4717,물류충격|바이오연료수요|재고,상방 우세,1,0,Source Document
14.01_Romania_Revises down the biofuel mandates.pdf,data/raw/USDA/FAS/GAIN/Biofuels/2014/01/14.01_Romania_Revises down the biofuel mandates.pdf,data/raw/USDA/FAS/GAIN/Biofuels/2014/01/Summary/14.01_Romania_Revises down the biofuel mandates.md,True,2,2823,바이오연료수요,상방 우세,7,2,Source Document
14.03_Malaysia_Update on B5 Biodisel Mandate.pdf,data/raw/USDA/FAS/GAIN/Biofuels/2014/03/14.03_Malaysia_Update on B5 Biodisel Mandate.pdf,data/raw/USDA/FAS/GAIN/Biofuels/2014/03/Summary/14.03_Malaysia_Update on B5 Biodisel Mandate.md,True,3,3608,바이오연료수요,상방 우세,2,0,Crude Palm Oil|Source Document
14.04_Italy_Biofuels Overview 2014.pdf,data/raw/USDA/FAS/GAIN/Biofuels/2014/04/14.04_Italy_Biofuels Overview 2014.pdf,data/raw/USDA/FAS/GAIN/Biofuels/2014/04/Summary/14.04_Italy_Biofuels Overview 2014.md,True,4,3501,바이오연료수요,하방 우세,0,1,Import Volume|Production Volume|Crude Palm Oil|Canola Oil|Source Document
14.04_Poland_Established a New Record in Rapeseed Production.pdf,data/raw/USDA/FAS/GAIN/Biofuels/2014/04/14.04_Poland_Established a New Record in Rapeseed Production.pdf,data/raw/USDA/FAS/GAIN/Biofuels/2014/04/Summary/14.04_Poland_Established a New Record in Rapeseed Production.md,True,8,6858,바이오연료수요|압착,상방 우세,12,8,Import Volume|Export Volume|Soil Moisture Percentile|Canola Oil|Source Document
14.06_Colombia_Biofuels Annual.pdf,data/raw/USDA/FAS/GAIN/Biofuels/2014/06/14.06_Colombia_Biofuels Annual.pdf,data/raw/USDA/FAS/GAIN/Biofuels/2014/06/Summary/14.06_Colombia_Biofuels Annual.md,True,9,16340,바이오연료수요|수입관세|재고,상방 우세,20,4,Import Volume|Export Volume|Crude Palm Oil|Source Document
14.06_Colombia_Trade Protection Looms as U.S. Ethanol Exports Surge.pdf,data/raw/USDA/FAS/GAIN/Biofuels/2014/06/14.06_Colombia_Trade Protection Looms as U.S. Ethanol Exports Surge.pdf,data/raw/USDA/FAS/GAIN/Biofuels/2014/06/Summary/14.06_Colombia_Trade Protection Looms as U.S. Ethanol Exports Surge.md,True,4,5518,바이오연료수요|수입관세,상방 우세,6,3,Import Volume|Export Volume|Source Document
14.06_Indonesia_Biofuels Annual.pdf,data/raw/USDA/FAS/GAIN/Biofuels/2014/06/14.06_Indonesia_Biofuels Annual.pdf,data/raw/USDA/FAS/GAIN/Biofuels/2014/06/Summary/14.06_Indonesia_Biofuels Annual.md,True,14,20692,바이오연료수요|생산변동|재고,상방 우세,16,9,Import Volume|Export Volume|Crude Palm Oil|Neutral Regime|Source Document
14.06_Japan_Biofuels Annual.pdf,data/raw/USDA/FAS/GAIN/Biofuels/2014/06/14.06_Japan_Biofuels Annual.pdf,data/raw/USDA/FAS/GAIN/Biofuels/2014/06/Summary/14.06_Japan_Biofuels Annual.md,True,13,34893,바이오연료수요|수입관세|재고,상방 우세,29,12,Import Volume|Export Volume|Source Document
14.06_Malaysia_Biofuels Annual.pdf,data/raw/USDA/FAS/GAIN/Biofuels/2014/06/14.06_Malaysia_Biofuels Annual.pdf,data/raw/USDA/FAS/GAIN/Biofuels/2014/06/Summary/14.06_Malaysia_Biofuels Annual.md,True,9,14696,바이오연료수요|생산변동|재고,상방 우세,8,4,Import Volume|Export Volume|Production Volume|Crude Palm Oil|Source Document
14.06_Russian Federation_Biofuels Annual.pdf,data/raw/USDA/FAS/GAIN/Biofuels/2014/06/14.06_Russian Federation_Biofuels Annual.pdf,data/raw/USDA/FAS/GAIN/Biofuels/2014/06/Summary/14.06_Russian Federation_Biofuels Annual.md,True,15,37517,바이오연료수요|재고,상방 우세,40,14,Gross Domestic Product|Import Volume|Export Volume|Canola Oil|Source Document
14.06_Thailand_Biofuels Annual.pdf,data/raw/USDA/FAS/GAIN/Biofuels/2014/06/14.06_Thailand_Biofuels Annual.pdf,data/raw/USDA/FAS/GAIN/Biofuels/2014/06/Summary/14.06_Thailand_Biofuels Annual.md,True,14,24837,바이오연료수요|압착|재고,상방 우세,43,8,Import Volume|Export Volume|Crude Palm Oil|Source Document
14.07_Argentina_Biofuels Annual.pdf,data/raw/USDA/FAS/GAIN/Biofuels/2014/07/14.07_Argentina_Biofuels Annual.pdf,data/raw/USDA/FAS/GAIN/Biofuels/2014/07/Summary/14.07_Argentina_Biofuels Annual.md,True,15,41706,물류충격|바이오연료수요|생산변동|수입관세|수출규제|압착|재고,상방 우세,24,16,Import Volume|Export Volume|Production Volume|Soybean|Neutral Regime|Import Tariff|Source Document|Bounding Box
14.07_Australia_Biofuels Annual.pdf,data/raw/USDA/FAS/GAIN/Biofuels/2014/07/14.07_Australia_Biofuels Annual.pdf,data/raw/USDA/FAS/GAIN/Biofuels/2014/07/Summary/14.07_Australia_Biofuels Annual.md,True,25,47475,바이오연료수요|재고,중립/혼재,21,25,Import Volume|Export Volume|Production Volume|Crude Palm Oil|Neutral Regime|Import Tariff|Source Document
14.07_Brazil_Biofuels Annual.pdf,data/raw/USDA/FAS/GAIN/Biofuels/2014/07/14.07_Brazil_Biofuels Annual.pdf,data/raw/USDA/FAS/GAIN/Biofuels/2014/07/Summary/14.07_Brazil_Biofuels Annual.md,True,27,48190,기상이변|바이오연료수요|생산변동|수입관세|압착|재고,중립/혼재,13,10,Import Volume|Export Volume|Harvested Area|Soybean|Soybean Oil|Crude Palm Oil|Source Document
14.07_EU_EU-28 Biofuels Annual.pdf,data/raw/USDA/FAS/GAIN/Biofuels/2014/07/14.07_EU_EU-28 Biofuels Annual.pdf,data/raw/USDA/FAS/GAIN/Biofuels/2014/07/Summary/14.07_EU_EU-28 Biofuels Annual.md,True,40,61755,바이오연료수요|생산변동|수입관세|압착|재고,중립/혼재,43,43,Import Volume|Export Volume|Soybean|Soybean Oil|Crude Palm Oil|Canola Oil|Neutral Regime|Import Tariff|Source Document|Outcome
14.07_India_Biofuels Annual.pdf,data/raw/USDA/FAS/GAIN/Biofuels/2014/07/14.07_India_Biofuels Annual.pdf,data/raw/USDA/FAS/GAIN/Biofuels/2014/07/Summary/14.07_India_Biofuels Annual.md,True,21,47138,물류충격|바이오연료수요|수입관세|재고,상방 우세,29,21,Gross Domestic Product|Import Volume|Export Volume|Vegetable Oil|Biodiesel Feedstock|Cost and Freight|Import Tariff|Source Document|Bounding Box|Confidence Score
14.07_Paraguay_Biofuels Annual.pdf,data/raw/USDA/FAS/GAIN/Biofuels/2014/07/14.07_Paraguay_Biofuels Annual.pdf,data/raw/USDA/FAS/GAIN/Biofuels/2014/07/Summary/14.07_Paraguay_Biofuels Annual.md,True,11,25622,바이오연료수요|수입관세|압착|재고,상방 우세,20,7,Import Volume|Export Volume|Production Volume|Soybean|Neutral Regime|Source Document
14.07_Peru_Biofuels Annual.pdf,data/raw/USDA/FAS/GAIN/Biofuels/2014/07/14.07_Peru_Biofuels Annual.pdf,data/raw/USDA/FAS/GAIN/Biofuels/2014/07/Summary/14.07_Peru_Biofuels Annual.md,True,9,18879,물류충격|바이오연료수요|생산변동|수입관세|재고,상방 우세,8,4,Import Volume|Export Volume|Crude Palm Oil|Import Tariff|Source Document
14.08_Malaysia_Amended Biodiesel PSD.pdf,data/raw/USDA/FAS/GAIN/Biofuels/2014/08/14.08_Malaysia_Amended Biodiesel PSD.pdf,data/raw/USDA/FAS/GAIN/Biofuels/2014/08/Summary/14.08_Malaysia_Amended Biodiesel PSD.md,True,2,2074,바이오연료수요|재고,중립/혼재,0,0,Import Volume|Export Volume|Crude Palm Oil|Source Document
14.08_Malaysia_B5 Distribution Still Incomplete.pdf,data/raw/USDA/FAS/GAIN/Biofuels/2014/08/14.08_Malaysia_B5 Distribution Still Incomplete.pdf,data/raw/USDA/FAS/GAIN/Biofuels/2014/08/Summary/14.08_Malaysia_B5 Distribution Still Incomplete.md,True,2,2203,바이오연료수요,중립/혼재,0,0,Source Document
14.10_Philippines_Biofuels Annual.pdf,data/raw/USDA/FAS/GAIN/Biofuels/2014/10/14.10_Philippines_Biofuels Annual.pdf,data/raw/USDA/FAS/GAIN/Biofuels/2014/10/Summary/14.10_Philippines_Biofuels Annual.md,True,11,25939,바이오연료수요|생산변동|압착|재고,상방 우세,26,12,Gross Domestic Product|Import Volume|Export Volume|Production Volume|Neutral Regime|Source Document
14.11_Canada_Biofuels Annual.pdf,data/raw/USDA/FAS/GAIN/Biofuels/2014/11/14.11_Canada_Biofuels Annual.pdf,data/raw/USDA/FAS/GAIN/Biofuels/2014/11/Summary/14.11_Canada_Biofuels Annual.md,True,30,65609,물류충격|바이오연료수요|생산변동|재고,상방 우세,54,18,Import Volume|Export Volume|Soybean|Crude Palm Oil|Subsidy|Effective Date|Source Document
14.11_Colombia_Trade Protection Plunges U.S. Ethanol Exports.pdf,data/raw/USDA/FAS/GAIN/Biofuels/2014/11/14.11_Colombia_Trade Protection Plunges U.S. Ethanol Exports.pdf,data/raw/USDA/FAS/GAIN/Biofuels/2014/11/Summary/14.11_Colombia_Trade Protection Plunges U.S. Ethanol Exports.md,True,3,4358,바이오연료수요,하방 우세,2,4,Export Volume|Crude Palm Oil|Source Document
14.11_Southeast Asia_A Fast Growing Market for U.S. Agricultural Products.pdf,data/raw/USDA/FAS/GAIN/Biofuels/2014/11/14.11_Southeast Asia_A Fast Growing Market for U.S. Agricultural Products.pdf,data/raw/USDA/FAS/GAIN/Biofuels/2014/11/Summary/14.11_Southeast Asia_A Fast Growing Market for U.S. Agricultural Products.md,True,5,8326,바이오연료수요,상방 우세,22,0,Gross Domestic Product|Import Volume|Export Volume|Soybean|Source Document
14.12_India_Government of India Raises Procurement Price of Fuel Ethanol.pdf,data/raw/USDA/FAS/GAIN/Biofuels/2014/12/14.12_India_Government of India Raises Procurement Price of Fuel Ethanol.pdf,data/raw/USDA/FAS/GAIN/Biofuels/2014/12/Summary/14.12_India_Government of India Raises Procurement Price of Fuel Ethanol.md,True,4,9190,바이오연료수요|압착|재고,상방 우세,11,5,Import Volume|Bear Regime|Source Document
15.01_Netherlands_Proposal for Biomass Sustainability Criteria.pdf,data/raw/USDA/FAS/GAIN/Biofuels/2015/01/15.01_Netherlands_Proposal for Biomass Sustainability Criteria.pdf,data/raw/USDA/FAS/GAIN/Biofuels/2015/01/Summary/15.01_Netherlands_Proposal for Biomass Sustainability Criteria.md,True,4,8388,,중립/혼재,0,0,Export Volume|Source Document|Entity Mention
15.01_U.S_Exports of Corn-Based Products Continue to Climb.pdf,data/raw/USDA/FAS/GAIN/Biofuels/2015/01/15.01_U.S_Exports of Corn-Based Products Continue to Climb.pdf,data/raw/USDA/FAS/GAIN/Biofuels/2015/01/Summary/15.01_U.S_Exports of Corn-Based Products Continue to Climb.md,True,5,6264,바이오연료수요,상방 우세,4,3,Import Volume|Export Volume|Source Document
15.01_UK_Wood Pellet Market.pdf,data/raw/USDA/FAS/GAIN/Biofuels/2015/01/15.01_UK_Wood Pellet Market.pdf,data/raw/USDA/FAS/GAIN/Biofuels/2015/01/Summary/15.01_UK_Wood Pellet Market.md,True,13,36688,생산변동|재고,상방 우세,9,6,Gross Domestic Product|Import Volume|Export Volume|Free on Board|Source Document
15.04_Brazil_Biofuels - Raises Federal Taxes and Blend Mandate.pdf,data/raw/USDA/FAS/GAIN/Biofuels/2015/04/15.04_Brazil_Biofuels - Raises Federal Taxes and Blend Mandate.pdf,data/raw/USDA/FAS/GAIN/Biofuels/2015/04/Summary/15.04_Brazil_Biofuels - Raises Federal Taxes and Blend Mandate.md,True,3,3901,바이오연료수요,상방 우세,16,0,Source Document
15.04_Netherlands_Legislation on Biomass Sustainability Criteria.pdf,data/raw/USDA/FAS/GAIN/Biofuels/2015/04/15.04_Netherlands_Legislation on Biomass Sustainability Criteria.pdf,data/raw/USDA/FAS/GAIN/Biofuels/2015/04/Summary/15.04_Netherlands_Legislation on Biomass Sustainability Criteria.md,True,4,8222,,중립/혼재,1,1,Source Document
15.04_Poland_Rapeseed and Products Annual - Spring 2015.pdf,data/raw/USDA/FAS/GAIN/Biofuels/2015/04/15.04_Poland_Rapeseed and Products Annual - Spring 2015.pdf,data/raw/USDA/FAS/GAIN/Biofuels/2015/04/Summary/15.04_Poland_Rapeseed and Products Annual - Spring 2015.md,True,8,8683,바이오연료수요|생산변동|압착,중립/혼재,11,9,Import Volume|Export Volume|Soil Moisture Percentile|Canola Oil|Source Document
15.04_U.S_Ethanol Exports Rebound in 2014.pdf,data/raw/USDA/FAS/GAIN/Biofuels/2015/04/15.04_U.S_Ethanol Exports Rebound in 2014.pdf,data/raw/USDA/FAS/GAIN/Biofuels/2015/04/Summary/15.04_U.S_Ethanol Exports Rebound in 2014.md,True,5,8226,바이오연료수요,하방 우세,2,10,Import Volume|Export Volume|Production Volume|Source Document
15.04_U.S_Money Does Grow on Trees as U.S. Forest Product Exports Set Record.pdf,data/raw/USDA/FAS/GAIN/Biofuels/2015/04/15.04_U.S_Money Does Grow on Trees as U.S. Forest Product Exports Set Record.pdf,data/raw/USDA/FAS/GAIN/Biofuels/2015/04/Summary/15.04_U.S_Money Does Grow on Trees as U.S. Forest Product Exports Set Record.md,True,6,10278,,상방 우세,17,4,Import Volume|Export Volume|Soybean|Source Document
15.06_Italy_Biofuels Overview 2015.pdf,data/raw/USDA/FAS/GAIN/Biofuels/2015/06/15.06_Italy_Biofuels Overview 2015.pdf,data/raw/USDA/FAS/GAIN/Biofuels/2015/06/Summary/15.06_Italy_Biofuels Overview 2015.md,True,5,7237,바이오연료수요,하방 우세,0,1,Import Volume|Export Volume|Production Volume|Crude Palm Oil|Canola Oil|Source Document
15.06_Thailand_Palm Oil Production Supply-Demand Update.pdf,data/raw/USDA/FAS/GAIN/Biofuels/2015/06/15.06_Thailand_Palm Oil Production Supply-Demand Update.pdf,data/raw/USDA/FAS/GAIN/Biofuels/2015/06/Summary/15.06_Thailand_Palm Oil Production Supply-Demand Update.md,True,4,7518,바이오연료수요|재고,중립/혼재,7,9,Import Volume|Export Volume|Harvested Area|Production Volume|Crude Palm Oil|Source Document
15.07_Argentina_Biofuels Annual.pdf,data/raw/USDA/FAS/GAIN/Biofuels/2015/07/15.07_Argentina_Biofuels Annual.pdf,data/raw/USDA/FAS/GAIN/Biofuels/2015/07/Summary/15.07_Argentina_Biofuels Annual.md,True,15,44297,물류충격|바이오연료수요|수입관세|수출규제|압착|재고,상방 우세,33,25,Import Volume|Export Volume|Production Volume|Soybean|Import Tariff|Source Document|Bounding Box
15.07_Czech_Biofuels Annual 2015.pdf,data/raw/USDA/FAS/GAIN/Biofuels/2015/07/15.07_Czech_Biofuels Annual 2015.pdf,data/raw/USDA/FAS/GAIN/Biofuels/2015/07/Summary/15.07_Czech_Biofuels Annual 2015.md,True,5,8810,바이오연료수요,하방 우세,0,5,Import Volume|Export Volume|Source Document
15.07_EU_Biofuel Mandates in the EU by Member State.pdf,data/raw/USDA/FAS/GAIN/Biofuels/2015/07/15.07_EU_Biofuel Mandates in the EU by Member State.pdf,data/raw/USDA/FAS/GAIN/Biofuels/2015/07/Summary/15.07_EU_Biofuel Mandates in the EU by Member State.md,True,11,13156,바이오연료수요,상방 우세,5,2,Import Volume|Decree|Source Document
15.07_EU_Biofuels Annual 2015.pdf,data/raw/USDA/FAS/GAIN/Biofuels/2015/07/15.07_EU_Biofuels Annual 2015.pdf,data/raw/USDA/FAS/GAIN/Biofuels/2015/07/Summary/15.07_EU_Biofuels Annual 2015.md,True,42,66698,바이오연료수요|생산변동|수입관세|재고,상방 우세,46,29,Import Volume|Export Volume|Soybean|Soybean Oil|Crude Palm Oil|Canola Oil|Neutral Regime|Source Document|Outcome
15.07_India_Biofuels Annual.pdf,data/raw/USDA/FAS/GAIN/Biofuels/2015/07/15.07_India_Biofuels Annual.pdf,data/raw/USDA/FAS/GAIN/Biofuels/2015/07/Summary/15.07_India_Biofuels Annual.md,True,23,51447,기상이변|물류충격|바이오연료수요|수입관세|재고,중립/혼재,26,24,Gross Domestic Product|Import Volume|Export Volume|Vegetable Oil|Biodiesel Feedstock|Cost and Freight|Import Tariff|Source Document|Confidence Score
15.07_Indonesia_Biofuels Annual Report 2015.pdf,data/raw/USDA/FAS/GAIN/Biofuels/2015/07/15.07_Indonesia_Biofuels Annual Report 2015.pdf,data/raw/USDA/FAS/GAIN/Biofuels/2015/07/Summary/15.07_Indonesia_Biofuels Annual Report 2015.md,True,12,24459,기상이변|바이오연료수요|재고,중립/혼재,18,19,Import Volume|Export Volume|Crude Palm Oil|Bull Regime|Neutral Regime|Biodiesel Blend Mandate|Source Document
15.07_Japan_Biofuels Annual.pdf,data/raw/USDA/FAS/GAIN/Biofuels/2015/07/15.07_Japan_Biofuels Annual.pdf,data/raw/USDA/FAS/GAIN/Biofuels/2015/07/Summary/15.07_Japan_Biofuels Annual.md,True,15,28837,바이오연료수요|수입관세,상방 우세,26,11,Import Volume|Export Volume|Source Document
15.07_Peru_Biofuels Annual.pdf,data/raw/USDA/FAS/GAIN/Biofuels/2015/07/15.07_Peru_Biofuels Annual.pdf,data/raw/USDA/FAS/GAIN/Biofuels/2015/07/Summary/15.07_Peru_Biofuels Annual.md,True,7,18998,물류충격|바이오연료수요|재고,상방 우세,12,9,Import Volume|Export Volume|Crude Palm Oil|Source Document
15.07_Portugal_Biofuels Standing Report 2015.pdf,data/raw/USDA/FAS/GAIN/Biofuels/2015/07/15.07_Portugal_Biofuels Standing Report 2015.pdf,data/raw/USDA/FAS/GAIN/Biofuels/2015/07/Summary/15.07_Portugal_Biofuels Standing Report 2015.md,True,17,34115,물류충격|바이오연료수요|압착,상방 우세,26,9,Import Volume|Export Volume|Production Volume|Soybean|Crude Palm Oil|Canola Oil|Source Document
15.07_Russian Federation_Biofuels Annual.pdf,data/raw/USDA/FAS/GAIN/Biofuels/2015/07/15.07_Russian Federation_Biofuels Annual.pdf,data/raw/USDA/FAS/GAIN/Biofuels/2015/07/Summary/15.07_Russian Federation_Biofuels Annual.md,True,16,40371,바이오연료수요|수출규제|압착|재고,상방 우세,26,15,Gross Domestic Product|Import Volume|Export Volume|Canola Oil|Export Tax|Source Document
15.07_Thailand_Biofuels Annual.pdf,data/raw/USDA/FAS/GAIN/Biofuels/2015/07/15.07_Thailand_Biofuels Annual.pdf,data/raw/USDA/FAS/GAIN/Biofuels/2015/07/Summary/15.07_Thailand_Biofuels Annual.md,True,11,18498,바이오연료수요|압착|재고,상방 우세,40,7,Import Volume|Export Volume|Production Volume|Crude Palm Oil|Source Document
15.08_Australia_Biofuels Annual.pdf,data/raw/USDA/FAS/GAIN/Biofuels/2015/08/15.08_Australia_Biofuels Annual.pdf,data/raw/USDA/FAS/GAIN/Biofuels/2015/08/Summary/15.08_Australia_Biofuels Annual.md,True,26,47777,바이오연료수요|재고,상방 우세,28,18,Import Volume|Export Volume|Production Volume|Crude Palm Oil|Neutral Regime|Import Tariff|Source Document
15.08_Brazil_Biofuels Annual - Ethanol and Biodiesel.pdf,data/raw/USDA/FAS/GAIN/Biofuels/2015/08/15.08_Brazil_Biofuels Annual - Ethanol and Biodiesel.pdf,data/raw/USDA/FAS/GAIN/Biofuels/2015/08/Summary/15.08_Brazil_Biofuels Annual - Ethanol and Biodiesel.md,True,31,57600,기상이변|바이오연료수요|생산변동|수입관세|압착|재고,상방 우세,55,20,Import Volume|Export Volume|Harvested Area|Soybean|Soybean Oil|Crude Palm Oil|Subsidy|Source Document
15.08_Bulgaria_Biofuels Sector Update.pdf,data/raw/USDA/FAS/GAIN/Biofuels/2015/08/15.08_Bulgaria_Biofuels Sector Update.pdf,data/raw/USDA/FAS/GAIN/Biofuels/2015/08/Summary/15.08_Bulgaria_Biofuels Sector Update.md,True,7,14050,바이오연료수요,하방 우세,3,11,Import Volume|Soybean|Crude Palm Oil|Canola Oil|Source Document
15.08_Canada_Biofuels Annual.pdf,data/raw/USDA/FAS/GAIN/Biofuels/2015/08/15.08_Canada_Biofuels Annual.pdf,data/raw/USDA/FAS/GAIN/Biofuels/2015/08/Summary/15.08_Canada_Biofuels Annual.md,True,20,48648,기상이변|바이오연료수요|재고,중립/혼재,56,57,Import Volume|Export Volume|Crude Palm Oil|Subsidy|Source Document
15.08_Colombia_Biofuels Annual Trade Protection Worsens Biofuels Shortfall.pdf,data/raw/USDA/FAS/GAIN/Biofuels/2015/08/15.08_Colombia_Biofuels Annual Trade Protection Worsens Biofuels Shortfall.pdf,data/raw/USDA/FAS/GAIN/Biofuels/2015/08/Summary/15.08_Colombia_Biofuels Annual Trade Protection Worsens Biofuels Shortfall.md,True,9,16179,기상이변|바이오연료수요|수입관세|재고,중립/혼재,7,7,Import Volume|Export Volume|Crude Palm Oil|Source Document
15.08_EU_EU-28 Oilseeds Market Update.pdf,data/raw/USDA/FAS/GAIN/Biofuels/2015/08/15.08_EU_EU-28 Oilseeds Market Update.pdf,data/raw/USDA/FAS/GAIN/Biofuels/2015/08/Summary/15.08_EU_EU-28 Oilseeds Market Update.md,True,18,39476,기상이변|물류충격|바이오연료수요|압착|재고,하방 우세,38,114,Import Volume|Export Volume|Harvested Area|Production Volume|Crushing Volume|Soybean|Canola Oil|Source Document
15.08_Ecuador_Decree Encourages Expanded Biofuel Production.pdf,data/raw/USDA/FAS/GAIN/Biofuels/2015/08/15.08_Ecuador_Decree Encourages Expanded Biofuel Production.pdf,data/raw/USDA/FAS/GAIN/Biofuels/2015/08/Summary/15.08_Ecuador_Decree Encourages Expanded Biofuel Production.md,True,2,4256,물류충격|바이오연료수요,하방 우세,0,2,Source Document
15.08_Paraguay_Biofuels Annual.pdf,data/raw/USDA/FAS/GAIN/Biofuels/2015/08/15.08_Paraguay_Biofuels Annual.pdf,data/raw/USDA/FAS/GAIN/Biofuels/2015/08/Summary/15.08_Paraguay_Biofuels Annual.md,True,10,22458,바이오연료수요|수입관세|압착|재고,상방 우세,13,6,Import Volume|Export Volume|Production Volume|Soybean|Neutral Regime|Source Document
15.08_Poland_Biofuels Market Outlook 2015.pdf,data/raw/USDA/FAS/GAIN/Biofuels/2015/08/15.08_Poland_Biofuels Market Outlook 2015.pdf,data/raw/USDA/FAS/GAIN/Biofuels/2015/08/Summary/15.08_Poland_Biofuels Market Outlook 2015.md,True,9,14251,바이오연료수요,하방 우세,5,10,Import Volume|Production Volume|Source Document
15.09_China_Biofuels Annual.pdf,data/raw/USDA/FAS/GAIN/Biofuels/2015/09/15.09_China_Biofuels Annual.pdf,data/raw/USDA/FAS/GAIN/Biofuels/2015/09/Summary/15.09_China_Biofuels Annual.md,True,14,31832,바이오연료수요|생산변동|수입관세|재고,상방 우세,24,10,Import Volume|Export Volume|Source Document
15.09_Malaysia_Biofuels Annual.pdf,data/raw/USDA/FAS/GAIN/Biofuels/2015/09/15.09_Malaysia_Biofuels Annual.pdf,data/raw/USDA/FAS/GAIN/Biofuels/2015/09/Summary/15.09_Malaysia_Biofuels Annual.md,True,9,14610,바이오연료수요|재고,상방 우세,11,7,Import Volume|Export Volume|Crude Palm Oil|Source Document
15.09_Philippines_Biofuels Situation and Outlook.pdf,data/raw/USDA/FAS/GAIN/Biofuels/2015/09/15.09_Philippines_Biofuels Situation and Outlook.pdf,data/raw/USDA/FAS/GAIN/Biofuels/2015/09/Summary/15.09_Philippines_Biofuels Situation and Outlook.md,True,11,27259,바이오연료수요|생산변동|압착|재고,상방 우세,38,18,Import Volume|Export Volume|Production Volume|Crude Palm Oil|Source Document
15.10_EU_EU-28 Oilseeds Market Update.pdf,data/raw/USDA/FAS/GAIN/Biofuels/2015/10/15.10_EU_EU-28 Oilseeds Market Update.pdf,data/raw/USDA/FAS/GAIN/Biofuels/2015/10/Summary/15.10_EU_EU-28 Oilseeds Market Update.md,True,16,39854,기상이변|물류충격|바이오연료수요|생산변동|압착|재고,하방 우세,26,109,Import Volume|Export Volume|Harvested Area|Production Volume|Crushing Volume|Soybean|Canola Oil|Source Document
15.12_Italy_Biofuels Overview – Update December 2015.pdf,data/raw/USDA/FAS/GAIN/Biofuels/2015/12/15.12_Italy_Biofuels Overview – Update December 2015.pdf,data/raw/USDA/FAS/GAIN/Biofuels/2015/12/Summary/15.12_Italy_Biofuels Overview – Update December 2015.md,True,7,7621,바이오연료수요,하방 우세,0,1,Import Volume|Export Volume|Production Volume|Crude Palm Oil|Canola Oil|Source Document
15.12_Italy_The Italian Wood Pellet Market.pdf,data/raw/USDA/FAS/GAIN/Biofuels/2015/12/15.12_Italy_The Italian Wood Pellet Market.pdf,data/raw/USDA/FAS/GAIN/Biofuels/2015/12/Summary/15.12_Italy_The Italian Wood Pellet Market.md,True,4,5060,,중립/혼재,0,0,Import Volume|Export Volume|Source Document
16.03_Brazil_Increases Biodiesel Use Mandate.pdf,data/raw/USDA/FAS/GAIN/Biofuels/2016/03/16.03_Brazil_Increases Biodiesel Use Mandate.pdf,data/raw/USDA/FAS/GAIN/Biofuels/2016/03/Summary/16.03_Brazil_Increases Biodiesel Use Mandate.md,True,2,2598,바이오연료수요,상방 우세,5,1,Source Document
16.03_US_Growing Opportunities for U.S. Agricultural Exporters In Chile and Peru.pdf,data/raw/USDA/FAS/GAIN/Biofuels/2016/03/16.03_US_Growing Opportunities for U.S. Agricultural Exporters In Chile and Peru.pdf,data/raw/USDA/FAS/GAIN/Biofuels/2016/03/Summary/16.03_US_Growing Opportunities for U.S. Agricultural Exporters In Chile and Peru.md,True,4,8679,바이오연료수요,상방 우세,8,6,Gross Domestic Product|Import Volume|Export Volume|Soybean|Source Document
16.04_Peru_Secretary Vilsack Expands Market Access for U.S. Beef in Peru during ATM.pdf,data/raw/USDA/FAS/GAIN/Biofuels/2016/04/16.04_Peru_Secretary Vilsack Expands Market Access for U.S. Beef in Peru during ATM.pdf,data/raw/USDA/FAS/GAIN/Biofuels/2016/04/Summary/16.04_Peru_Secretary Vilsack Expands Market Access for U.S. Beef in Peru during ATM.md,True,3,5465,,중립/혼재,1,1,Gross Domestic Product|Export Volume|Source Document
16.05_Czech_Biofuels Annual.pdf,data/raw/USDA/FAS/GAIN/Biofuels/2016/05/16.05_Czech_Biofuels Annual.pdf,data/raw/USDA/FAS/GAIN/Biofuels/2016/05/Summary/16.05_Czech_Biofuels Annual.md,True,6,11099,바이오연료수요,중립/혼재,10,9,Import Volume|Export Volume|Source Document
16.06_EU_Biofuel Mandates in the EU by Member State.pdf,data/raw/USDA/FAS/GAIN/Biofuels/2016/06/16.06_EU_Biofuel Mandates in the EU by Member State.pdf,data/raw/USDA/FAS/GAIN/Biofuels/2016/06/Summary/16.06_EU_Biofuel Mandates in the EU by Member State.md,True,12,15575,바이오연료수요,상방 우세,7,4,Import Volume|Soybean|Decree|Source Document
16.06_EU_Biofuels Annual.pdf,data/raw/USDA/FAS/GAIN/Biofuels/2016/06/16.06_EU_Biofuels Annual.pdf,data/raw/USDA/FAS/GAIN/Biofuels/2016/06/Summary/16.06_EU_Biofuels Annual.md,True,42,70458,바이오연료수요|생산변동|수입관세|압착|재고,상방 우세,53,37,Gross Domestic Product|Import Volume|Export Volume|Soybean|Soybean Oil|Crude Palm Oil|Canola Oil|Subsidy|Source Document|Outcome
16.06_EU_General Court rules against anti-dumping duty on U.S. ethanol.pdf,data/raw/USDA/FAS/GAIN/Biofuels/2016/06/16.06_EU_General Court rules against anti-dumping duty on U.S. ethanol.pdf,data/raw/USDA/FAS/GAIN/Biofuels/2016/06/Summary/16.06_EU_General Court rules against anti-dumping duty on U.S. ethanol.md,True,2,4637,바이오연료수요,중립/혼재,4,4,Import Volume|Export Volume|Source Document
16.06_India_Biofuels Annual.pdf,data/raw/USDA/FAS/GAIN/Biofuels/2016/06/16.06_India_Biofuels Annual.pdf,data/raw/USDA/FAS/GAIN/Biofuels/2016/06/Summary/16.06_India_Biofuels Annual.md,True,29,50893,기상이변|물류충격|바이오연료수요|수입관세|재고,중립/혼재,30,28,Gross Domestic Product|Import Volume|Export Volume|Biodiesel Feedstock|Cost and Freight|Import Tariff|Source Document|Confidence Score
16.06_Lithuania_Biofuel Market Outlook 2016.pdf,data/raw/USDA/FAS/GAIN/Biofuels/2016/06/16.06_Lithuania_Biofuel Market Outlook 2016.pdf,data/raw/USDA/FAS/GAIN/Biofuels/2016/06/Summary/16.06_Lithuania_Biofuel Market Outlook 2016.md,True,5,7217,바이오연료수요,상방 우세,1,0,Import Volume|Canola Oil|Source Document
16.06_Poland_Biofuels Market Outlook 2016.pdf,data/raw/USDA/FAS/GAIN/Biofuels/2016/06/16.06_Poland_Biofuels Market Outlook 2016.pdf,data/raw/USDA/FAS/GAIN/Biofuels/2016/06/Summary/16.06_Poland_Biofuels Market Outlook 2016.md,True,8,12956,바이오연료수요,상방 우세,6,4,Import Volume|Production Volume|Canola Oil|Source Document
16.06_Russia_Biofuels Annual.pdf,data/raw/USDA/FAS/GAIN/Biofuels/2016/06/16.06_Russia_Biofuels Annual.pdf,data/raw/USDA/FAS/GAIN/Biofuels/2016/06/Summary/16.06_Russia_Biofuels Annual.md,True,21,43770,바이오연료수요|수출규제|압착|재고,상방 우세,34,14,Import Volume|Export Volume|Canola Oil|Export Tax|Source Document
16.06_South Korea_Wrap-Up Report of 2016 Workshop on Bio-Ethanol and Climate Change.pdf,data/raw/USDA/FAS/GAIN/Biofuels/2016/06/16.06_South Korea_Wrap-Up Report of 2016 Workshop on Bio-Ethanol and Climate Change.pdf,data/raw/USDA/FAS/GAIN/Biofuels/2016/06/Summary/16.06_South Korea_Wrap-Up Report of 2016 Workshop on Bio-Ethanol and Climate Change.md,True,11,23081,기상이변|바이오연료수요,상방 우세,14,6,Import Volume|Export Volume|Crude Palm Oil|Source Document
16.06_Spain_Only Reduced Planted Area to Corn Precludes a Record.pdf,data/raw/USDA/FAS/GAIN/Biofuels/2016/06/16.06_Spain_Only Reduced Planted Area to Corn Precludes a Record.pdf,data/raw/USDA/FAS/GAIN/Biofuels/2016/06/Summary/16.06_Spain_Only Reduced Planted Area to Corn Precludes a Record.md,True,11,17889,기상이변|바이오연료수요|압착|재고,하방 우세,6,21,Flood|Soil Moisture Percentile|Production Volume|Soybean|Source Document
16.07_Argentina_Biofuels Annual.pdf,data/raw/USDA/FAS/GAIN/Biofuels/2016/07/16.07_Argentina_Biofuels Annual.pdf,data/raw/USDA/FAS/GAIN/Biofuels/2016/07/Summary/16.07_Argentina_Biofuels Annual.md,True,16,48269,물류충격|바이오연료수요|수입관세|수출규제|압착|재고,상방 우세,36,16,Import Volume|Export Volume|Soybean|Neutral Regime|Biodiesel Feedstock|Import Tariff|Subsidy|Source Document|Bounding Box
16.07_Australia_Biofuels Annual.pdf,data/raw/USDA/FAS/GAIN/Biofuels/2016/07/16.07_Australia_Biofuels Annual.pdf,data/raw/USDA/FAS/GAIN/Biofuels/2016/07/Summary/16.07_Australia_Biofuels Annual.md,True,19,42040,바이오연료수요|재고,중립/혼재,30,28,Import Volume|Export Volume|Production Volume|Crude Palm Oil|B50|Import Tariff|Subsidy|Source Document
16.07_China_Biofuels Annual.pdf,data/raw/USDA/FAS/GAIN/Biofuels/2016/07/16.07_China_Biofuels Annual.pdf,data/raw/USDA/FAS/GAIN/Biofuels/2016/07/Summary/16.07_China_Biofuels Annual.md,True,24,51680,기상이변|바이오연료수요|수입관세|재고,하방 우세,13,22,Gross Domestic Product|Import Volume|Export Volume|Production Volume|Crude Palm Oil|Import Tariff|Source Document
16.07_Estonia_Production & Consumption of Renewable Energy.pdf,data/raw/USDA/FAS/GAIN/Biofuels/2016/07/16.07_Estonia_Production & Consumption of Renewable Energy.pdf,data/raw/USDA/FAS/GAIN/Biofuels/2016/07/Summary/16.07_Estonia_Production & Consumption of Renewable Energy.md,True,4,7059,바이오연료수요,하방 우세,2,5,Source Document
16.07_Indonesia_Biofuels Annual.pdf,data/raw/USDA/FAS/GAIN/Biofuels/2016/07/16.07_Indonesia_Biofuels Annual.pdf,data/raw/USDA/FAS/GAIN/Biofuels/2016/07/Summary/16.07_Indonesia_Biofuels Annual.md,True,11,22350,기상이변|바이오연료수요|재고,하방 우세,14,21,Import Volume|Export Volume|Crude Palm Oil|Biodiesel Blend Mandate|Source Document|Confidence Score
16.07_Latvia_Biofuels Market Outlook 2016.pdf,data/raw/USDA/FAS/GAIN/Biofuels/2016/07/16.07_Latvia_Biofuels Market Outlook 2016.pdf,data/raw/USDA/FAS/GAIN/Biofuels/2016/07/Summary/16.07_Latvia_Biofuels Market Outlook 2016.md,True,4,6229,바이오연료수요,상방 우세,6,0,Canola Oil|Source Document
16.07_Malaysia_Biofuels Annual.pdf,data/raw/USDA/FAS/GAIN/Biofuels/2016/07/16.07_Malaysia_Biofuels Annual.pdf,data/raw/USDA/FAS/GAIN/Biofuels/2016/07/Summary/16.07_Malaysia_Biofuels Annual.md,True,13,22898,바이오연료수요|재고,상방 우세,20,7,Import Volume|Export Volume|Crude Palm Oil|Source Document|Confidence Score
16.07_Thailand_Biofuels Annual.pdf,data/raw/USDA/FAS/GAIN/Biofuels/2016/07/16.07_Thailand_Biofuels Annual.pdf,data/raw/USDA/FAS/GAIN/Biofuels/2016/07/Summary/16.07_Thailand_Biofuels Annual.md,True,15,23510,바이오연료수요|재고,상방 우세,36,13,Import Volume|Export Volume|Crude Palm Oil|Source Document
16.08_Brazil_Biofuels Annual Report 2016.pdf,data/raw/USDA/FAS/GAIN/Biofuels/2016/08/16.08_Brazil_Biofuels Annual Report 2016.pdf,data/raw/USDA/FAS/GAIN/Biofuels/2016/08/Summary/16.08_Brazil_Biofuels Annual Report 2016.md,True,26,54202,바이오연료수요|생산변동|수입관세|압착|재고,중립/혼재,13,13,Import Volume|Export Volume|Soybean|Soybean Oil|Crude Palm Oil|Source Document
16.08_Canada_Biofuels Annual.pdf,data/raw/USDA/FAS/GAIN/Biofuels/2016/08/16.08_Canada_Biofuels Annual.pdf,data/raw/USDA/FAS/GAIN/Biofuels/2016/08/Summary/16.08_Canada_Biofuels Annual.md,True,16,43259,바이오연료수요|생산변동|재고,상방 우세,48,35,Import Volume|Export Volume|Crude Palm Oil|Neutral Regime|Subsidy|Source Document
16.08_Colombia_Biofuels Annual.pdf,data/raw/USDA/FAS/GAIN/Biofuels/2016/08/16.08_Colombia_Biofuels Annual.pdf,data/raw/USDA/FAS/GAIN/Biofuels/2016/08/Summary/16.08_Colombia_Biofuels Annual.md,True,12,23710,기상이변|바이오연료수요|재고,상방 우세,24,10,Import Volume|Export Volume|Crude Palm Oil|Source Document
16.08_EU_Oilseeds Market Update.pdf,data/raw/USDA/FAS/GAIN/Biofuels/2016/08/16.08_EU_Oilseeds Market Update.pdf,data/raw/USDA/FAS/GAIN/Biofuels/2016/08/Summary/16.08_EU_Oilseeds Market Update.md,True,16,37442,기상이변|물류충격|바이오연료수요|압착|재고,하방 우세,58,112,Import Volume|Export Volume|Harvested Area|Production Volume|Soybean|Canola Oil|Neutral Regime|Policy Pivot|Source Document
16.08_Italy_The Italian Wood Pellet Market.pdf,data/raw/USDA/FAS/GAIN/Biofuels/2016/08/16.08_Italy_The Italian Wood Pellet Market.pdf,data/raw/USDA/FAS/GAIN/Biofuels/2016/08/Summary/16.08_Italy_The Italian Wood Pellet Market.md,True,4,4828,,중립/혼재,0,0,Import Volume|Export Volume|Source Document
16.08_Japan_Biofuels Annual.pdf,data/raw/USDA/FAS/GAIN/Biofuels/2016/08/16.08_Japan_Biofuels Annual.pdf,data/raw/USDA/FAS/GAIN/Biofuels/2016/08/Summary/16.08_Japan_Biofuels Annual.md,True,19,41758,바이오연료수요|수입관세|재고,상방 우세,28,19,Import Volume|Export Volume|Source Document
16.08_Philippines_Biofuels Annual.pdf,data/raw/USDA/FAS/GAIN/Biofuels/2016/08/16.08_Philippines_Biofuels Annual.pdf,data/raw/USDA/FAS/GAIN/Biofuels/2016/08/Summary/16.08_Philippines_Biofuels Annual.md,True,12,28057,기상이변|바이오연료수요|수입관세|압착|재고,상방 우세,29,19,Import Volume|Export Volume|La Niña|Production Volume|Crude Palm Oil|Source Document
16.08_U.S_Ethanol Exports Remain Strong as Markets Diversify in 2015.pdf,data/raw/USDA/FAS/GAIN/Biofuels/2016/08/16.08_U.S_Ethanol Exports Remain Strong as Markets Diversify in 2015.pdf,data/raw/USDA/FAS/GAIN/Biofuels/2016/08/Summary/16.08_U.S_Ethanol Exports Remain Strong as Markets Diversify in 2015.md,True,4,9289,기상이변|바이오연료수요|수입관세,중립/혼재,18,14,Import Volume|Export Volume|Source Document
16.12_Peru_Biofuels Annual.pdf,data/raw/USDA/FAS/GAIN/Biofuels/2016/12/16.12_Peru_Biofuels Annual.pdf,data/raw/USDA/FAS/GAIN/Biofuels/2016/12/Summary/16.12_Peru_Biofuels Annual.md,True,13,26998,물류충격|바이오연료수요|수입관세|수출규제|재고,상방 우세,18,13,Import Volume|Export Volume|Soybean Oil|Crude Palm Oil|Import Tariff|Subsidy|Source Document
17.02_Canada_Proposes National Clean Fuel Standard.pdf,data/raw/USDA/FAS/GAIN/Biofuels/2017/02/17.02_Canada_Proposes National Clean Fuel Standard.pdf,data/raw/USDA/FAS/GAIN/Biofuels/2017/02/Summary/17.02_Canada_Proposes National Clean Fuel Standard.md,True,3,3308,,중립/혼재,3,3,Gross Domestic Product|Source Document
17.04_Italy_Wood Pellets Overview.pdf,data/raw/USDA/FAS/GAIN/Biofuels/2017/04/17.04_Italy_Wood Pellets Overview.pdf,data/raw/USDA/FAS/GAIN/Biofuels/2017/04/Summary/17.04_Italy_Wood Pellets Overview.md,True,4,4556,,중립/혼재,0,0,Import Volume|Export Volume|Source Document
17.06_EU_Biofuel Mandates in the EU by Member State of 2017.pdf,data/raw/USDA/FAS/GAIN/Biofuels/2017/06/17.06_EU_Biofuel Mandates in the EU by Member State of 2017.pdf,data/raw/USDA/FAS/GAIN/Biofuels/2017/06/Summary/17.06_EU_Biofuel Mandates in the EU by Member State of 2017.md,True,13,18831,바이오연료수요,중립/혼재,6,5,Import Volume|Decree|Source Document
17.06_EU_Biofuels Annual.pdf,data/raw/USDA/FAS/GAIN/Biofuels/2017/06/17.06_EU_Biofuels Annual.pdf,data/raw/USDA/FAS/GAIN/Biofuels/2017/06/Summary/17.06_EU_Biofuels Annual.md,True,44,67143,바이오연료수요|생산변동|수입관세|재고,상방 우세,59,25,Gross Domestic Product|Import Volume|Export Volume|Soybean|Soybean Oil|Vegetable Oil|Crude Palm Oil|Canola Oil|Neutral Regime|Subsidy|Source Document|Outcome
17.06_India_Biofuels Annual.pdf,data/raw/USDA/FAS/GAIN/Biofuels/2017/06/17.06_India_Biofuels Annual.pdf,data/raw/USDA/FAS/GAIN/Biofuels/2017/06/Summary/17.06_India_Biofuels Annual.md,True,30,60272,물류충격|바이오연료수요|생산변동|수입관세|재고,상방 우세,37,27,Gross Domestic Product|Import Volume|Export Volume|Production Volume|Vegetable Oil|Biodiesel Feedstock|Cost and Freight|Import Tariff|Source Document|Confidence Score
17.06_Indonesia_Biofuels Annual.pdf,data/raw/USDA/FAS/GAIN/Biofuels/2017/06/17.06_Indonesia_Biofuels Annual.pdf,data/raw/USDA/FAS/GAIN/Biofuels/2017/06/Summary/17.06_Indonesia_Biofuels Annual.md,True,16,29875,바이오연료수요|수출규제|재고,하방 우세,10,36,Import Volume|Export Volume|Crude Palm Oil|Biodiesel Blend Mandate|B20|Export Tax|Source Document|Confidence Score
17.06_Portugal_Biofuel Market Outlook.pdf,data/raw/USDA/FAS/GAIN/Biofuels/2017/06/17.06_Portugal_Biofuel Market Outlook.pdf,data/raw/USDA/FAS/GAIN/Biofuels/2017/06/Summary/17.06_Portugal_Biofuel Market Outlook.md,True,26,48911,바이오연료수요|압착,상방 우세,31,17,Import Volume|Export Volume|Production Volume|Soybean|Crude Palm Oil|Canola Oil|Source Document
17.06_Romania_Biofuels Market Overview.pdf,data/raw/USDA/FAS/GAIN/Biofuels/2017/06/17.06_Romania_Biofuels Market Overview.pdf,data/raw/USDA/FAS/GAIN/Biofuels/2017/06/Summary/17.06_Romania_Biofuels Market Overview.md,True,7,12613,바이오연료수요,중립/혼재,5,4,Import Volume|Export Volume|Canola Oil|Source Document
17.06_Russia_Biofuels Annual.pdf,data/raw/USDA/FAS/GAIN/Biofuels/2017/06/17.06_Russia_Biofuels Annual.pdf,data/raw/USDA/FAS/GAIN/Biofuels/2017/06/Summary/17.06_Russia_Biofuels Annual.md,True,20,44286,바이오연료수요|재고,상방 우세,35,7,Import Volume|Export Volume|Source Document
17.06_South Korea_2017 Bioethanol Workshop and Roundtable.pdf,data/raw/USDA/FAS/GAIN/Biofuels/2017/06/17.06_South Korea_2017 Bioethanol Workshop and Roundtable.pdf,data/raw/USDA/FAS/GAIN/Biofuels/2017/06/Summary/17.06_South Korea_2017 Bioethanol Workshop and Roundtable.md,True,7,7979,바이오연료수요,하방 우세,1,2,Import Volume|Source Document
17.06_Spain_Biodiesel and Renewable Diesel Overview.pdf,data/raw/USDA/FAS/GAIN/Biofuels/2017/06/17.06_Spain_Biodiesel and Renewable Diesel Overview.pdf,data/raw/USDA/FAS/GAIN/Biofuels/2017/06/Summary/17.06_Spain_Biodiesel and Renewable Diesel Overview.md,True,26,45116,바이오연료수요|생산변동|압착,상방 우세,33,16,Import Volume|Export Volume|Soybean|Crude Palm Oil|Canola Oil|Agricultural Exemption|Source Document
17.06_Thailand_Biofuels Annual.pdf,data/raw/USDA/FAS/GAIN/Biofuels/2017/06/17.06_Thailand_Biofuels Annual.pdf,data/raw/USDA/FAS/GAIN/Biofuels/2017/06/Summary/17.06_Thailand_Biofuels Annual.md,True,18,33642,기상이변|바이오연료수요|생산변동|수입관세|재고,상방 우세,45,22,Import Volume|Export Volume|Crude Palm Oil|Source Document
17.07_Argentina_Biofuels Annual.pdf,data/raw/USDA/FAS/GAIN/Biofuels/2017/07/17.07_Argentina_Biofuels Annual.pdf,data/raw/USDA/FAS/GAIN/Biofuels/2017/07/Summary/17.07_Argentina_Biofuels Annual.md,True,18,54847,물류충격|바이오연료수요|생산변동|수출규제|압착|재고,상방 우세,36,20,Gross Domestic Product|Import Volume|Export Volume|Production Volume|Soybean|Soybean Oil|Neutral Regime|Biodiesel Feedstock|Subsidy|Source Document|Bounding Box
17.07_SpainBioethanol Sector Overview.pdf,data/raw/USDA/FAS/GAIN/Biofuels/2017/07/17.07_SpainBioethanol Sector Overview.pdf,data/raw/USDA/FAS/GAIN/Biofuels/2017/07/Summary/17.07_SpainBioethanol Sector Overview.md,True,25,45285,바이오연료수요|생산변동,중립/혼재,16,15,Import Volume|Export Volume|Production Volume|Crude Palm Oil|Source Document
17.08_Australia_Biofuels Annual.pdf,data/raw/USDA/FAS/GAIN/Biofuels/2017/08/17.08_Australia_Biofuels Annual.pdf,data/raw/USDA/FAS/GAIN/Biofuels/2017/08/Summary/17.08_Australia_Biofuels Annual.md,True,21,55277,물류충격|바이오연료수요|수입관세|재고,중립/혼재,33,36,Import Volume|Export Volume|Production Volume|Crude Palm Oil|B50|Import Tariff|Subsidy|Source Document
17.08_Japan_Biofuels Annual.pdf,data/raw/USDA/FAS/GAIN/Biofuels/2017/08/17.08_Japan_Biofuels Annual.pdf,data/raw/USDA/FAS/GAIN/Biofuels/2017/08/Summary/17.08_Japan_Biofuels Annual.md,True,22,47864,바이오연료수요|생산변동|수입관세,상방 우세,38,13,Import Volume|Export Volume|Neutral Regime|Source Document
17.09_Brazil_Biofuels Annual.pdf,data/raw/USDA/FAS/GAIN/Biofuels/2017/09/17.09_Brazil_Biofuels Annual.pdf,data/raw/USDA/FAS/GAIN/Biofuels/2017/09/Summary/17.09_Brazil_Biofuels Annual.md,True,29,62477,기상이변|바이오연료수요|생산변동|수입관세|압착|재고,상방 우세,39,22,Import Volume|Export Volume|Soybean|Soybean Oil|Crude Palm Oil|Source Document
17.09_Colombia_Biofuels Annual.pdf,data/raw/USDA/FAS/GAIN/Biofuels/2017/09/17.09_Colombia_Biofuels Annual.pdf,data/raw/USDA/FAS/GAIN/Biofuels/2017/09/Summary/17.09_Colombia_Biofuels Annual.md,True,14,37681,기상이변|물류충격|바이오연료수요|생산변동|수입관세|재고,상방 우세,33,19,Import Volume|Export Volume|Crude Palm Oil|Source Document
17.09_EU_TO CUT ANTI-DUMPING DUTIES ON ARGENTINIAN BIODIESEL.pdf,data/raw/USDA/FAS/GAIN/Biofuels/2017/09/17.09_EU_TO CUT ANTI-DUMPING DUTIES ON ARGENTINIAN BIODIESEL.pdf,data/raw/USDA/FAS/GAIN/Biofuels/2017/09/Summary/17.09_EU_TO CUT ANTI-DUMPING DUTIES ON ARGENTINIAN BIODIESEL.md,True,2,3583,바이오연료수요,하방 우세,1,8,Import Volume|Source Document
17.09_Peru_Biofuels Annual.pdf,data/raw/USDA/FAS/GAIN/Biofuels/2017/09/17.09_Peru_Biofuels Annual.pdf,data/raw/USDA/FAS/GAIN/Biofuels/2017/09/Summary/17.09_Peru_Biofuels Annual.md,True,12,28794,물류충격|바이오연료수요|수입관세|수출규제|재고,중립/혼재,19,19,Import Volume|Export Volume|Soybean Oil|Crude Palm Oil|Import Tariff|Source Document
17.10_China_Biofuels Annual.pdf,data/raw/USDA/FAS/GAIN/Biofuels/2017/10/17.10_China_Biofuels Annual.pdf,data/raw/USDA/FAS/GAIN/Biofuels/2017/10/Summary/17.10_China_Biofuels Annual.md,True,13,31823,바이오연료수요|수입관세|재고,하방 우세,7,14,Gross Domestic Product|Import Volume|Export Volume|Production Volume|Import Tariff|Source Document
17.10_Malaysia_Biofuels Annual.pdf,data/raw/USDA/FAS/GAIN/Biofuels/2017/10/17.10_Malaysia_Biofuels Annual.pdf,data/raw/USDA/FAS/GAIN/Biofuels/2017/10/Summary/17.10_Malaysia_Biofuels Annual.md,True,16,31974,바이오연료수요|수출규제|재고,상방 우세,16,10,Import Volume|Export Volume|Crude Palm Oil|Source Document|Confidence Score
17.10_Philippines_Biofuels Annual.pdf,data/raw/USDA/FAS/GAIN/Biofuels/2017/10/17.10_Philippines_Biofuels Annual.pdf,data/raw/USDA/FAS/GAIN/Biofuels/2017/10/Summary/17.10_Philippines_Biofuels Annual.md,True,16,39494,기상이변|바이오연료수요|생산변동|수입관세|압착|재고,상방 우세,49,27,Gross Domestic Product|Import Volume|Export Volume|Production Volume|Neutral Regime|Biodiesel Feedstock|Geopolitical Conflict|Source Document
17.12_Bolivia_Possible E10 Mandate in 2018.pdf,data/raw/USDA/FAS/GAIN/Biofuels/2017/12/17.12_Bolivia_Possible E10 Mandate in 2018.pdf,data/raw/USDA/FAS/GAIN/Biofuels/2017/12/Summary/17.12_Bolivia_Possible E10 Mandate in 2018.md,True,3,3695,바이오연료수요,상방 우세,7,0,Gross Domestic Product|Source Document|Entity Mention
17.12_Canada_Ontario Proposes Amendments to Provincial Ethanol in Gasoline Regulations.pdf,data/raw/USDA/FAS/GAIN/Biofuels/2017/12/17.12_Canada_Ontario Proposes Amendments to Provincial Ethanol in Gasoline Regulations.pdf,data/raw/USDA/FAS/GAIN/Biofuels/2017/12/Summary/17.12_Canada_Ontario Proposes Amendments to Provincial Ethanol in Gasoline Regulations.md,True,4,7199,바이오연료수요,상방 우세,4,3,Source Document
17.12_Canada_Regulatory Framework on Clean Fuel Standard Announced.pdf,data/raw/USDA/FAS/GAIN/Biofuels/2017/12/17.12_Canada_Regulatory Framework on Clean Fuel Standard Announced.pdf,data/raw/USDA/FAS/GAIN/Biofuels/2017/12/Summary/17.12_Canada_Regulatory Framework on Clean Fuel Standard Announced.md,True,4,8046,바이오연료수요,중립/혼재,1,1,Biodiesel Feedstock|Source Document|Confidence Score
17.12_Indonesia_Ethanol Dilemma.pdf,data/raw/USDA/FAS/GAIN/Biofuels/2017/12/17.12_Indonesia_Ethanol Dilemma.pdf,data/raw/USDA/FAS/GAIN/Biofuels/2017/12/Summary/17.12_Indonesia_Ethanol Dilemma.md,True,4,7301,기상이변|바이오연료수요|수출규제,상방 우세,6,2,Import Volume|Export Volume|Crude Palm Oil|Source Document
17.12_Japan_To accept U.S. corn ethanol in bio-ETBE.pdf,data/raw/USDA/FAS/GAIN/Biofuels/2017/12/17.12_Japan_To accept U.S. corn ethanol in bio-ETBE.pdf,data/raw/USDA/FAS/GAIN/Biofuels/2017/12/Summary/17.12_Japan_To accept U.S. corn ethanol in bio-ETBE.md,True,4,6121,,중립/혼재,1,1,Source Document
18.01_Ecuador_Ethanol Industry Emerging.pdf,data/raw/USDA/FAS/GAIN/Biofuels/2018/01/18.01_Ecuador_Ethanol Industry Emerging.pdf,data/raw/USDA/FAS/GAIN/Biofuels/2018/01/Summary/18.01_Ecuador_Ethanol Industry Emerging.md,True,2,4407,바이오연료수요,상방 우세,8,4,Import Volume|Source Document
18.01_Japan_Invites Public Comments on Fuel Ethanol Policy.pdf,data/raw/USDA/FAS/GAIN/Biofuels/2018/01/18.01_Japan_Invites Public Comments on Fuel Ethanol Policy.pdf,data/raw/USDA/FAS/GAIN/Biofuels/2018/01/Summary/18.01_Japan_Invites Public Comments on Fuel Ethanol Policy.md,True,2,2434,,상방 우세,2,0,Source Document
18.03_Bolivia_Enters Ethanol Era.pdf,data/raw/USDA/FAS/GAIN/Biofuels/2018/03/18.03_Bolivia_Enters Ethanol Era.pdf,data/raw/USDA/FAS/GAIN/Biofuels/2018/03/Summary/18.03_Bolivia_Enters Ethanol Era.md,True,2,3066,바이오연료수요,상방 우세,4,0,Import Volume|Source Document
18.04_Canada_Biofuels Annual.pdf,data/raw/USDA/FAS/GAIN/Biofuels/2018/04/18.04_Canada_Biofuels Annual.pdf,data/raw/USDA/FAS/GAIN/Biofuels/2018/04/Summary/18.04_Canada_Biofuels Annual.md,True,15,43350,바이오연료수요|생산변동|재고,상방 우세,31,14,Import Volume|Export Volume|Production Volume|Subsidy|Policy Pivot|Source Document
18.04_Japan_Opens Doors to U.S. Ethanol.pdf,data/raw/USDA/FAS/GAIN/Biofuels/2018/04/18.04_Japan_Opens Doors to U.S. Ethanol.pdf,data/raw/USDA/FAS/GAIN/Biofuels/2018/04/Summary/18.04_Japan_Opens Doors to U.S. Ethanol.md,True,3,3673,바이오연료수요,중립/혼재,0,0,Source Document
18.05_Netherlands_Case Studies for a Biorefinery.pdf,data/raw/USDA/FAS/GAIN/Biofuels/2018/05/18.05_Netherlands_Case Studies for a Biorefinery.pdf,data/raw/USDA/FAS/GAIN/Biofuels/2018/05/Summary/18.05_Netherlands_Case Studies for a Biorefinery.md,True,4,8545,,중립/혼재,2,2,Production Volume|Source Document
18.05_Netherlands_Current Market Opportunities for Wood Pellets.pdf,data/raw/USDA/FAS/GAIN/Biofuels/2018/05/18.05_Netherlands_Current Market Opportunities for Wood Pellets.pdf,data/raw/USDA/FAS/GAIN/Biofuels/2018/05/Summary/18.05_Netherlands_Current Market Opportunities for Wood Pellets.md,True,3,4719,,상방 우세,1,0,Export Volume|Source Document
18.06_EU_Biofuel Mandates in the EU by Member State in 2018.pdf,data/raw/USDA/FAS/GAIN/Biofuels/2018/06/18.06_EU_Biofuel Mandates in the EU by Member State in 2018.pdf,data/raw/USDA/FAS/GAIN/Biofuels/2018/06/Summary/18.06_EU_Biofuel Mandates in the EU by Member State in 2018.md,True,17,24316,바이오연료수요|재고,상방 우세,9,4,Import Volume|Decree|Source Document
18.06_Russia_Wood Pellet Production Update.pdf,data/raw/USDA/FAS/GAIN/Biofuels/2018/06/18.06_Russia_Wood Pellet Production Update.pdf,data/raw/USDA/FAS/GAIN/Biofuels/2018/06/Summary/18.06_Russia_Wood Pellet Production Update.md,True,10,21969,바이오연료수요|생산변동|재고,상방 우세,19,2,Import Volume|Export Volume|Source Document|Entity Mention
18.07_Colombia_Biofuels Annual.pdf,data/raw/USDA/FAS/GAIN/Biofuels/2018/07/18.07_Colombia_Biofuels Annual.pdf,data/raw/USDA/FAS/GAIN/Biofuels/2018/07/Summary/18.07_Colombia_Biofuels Annual.md,True,11,28617,기상이변|물류충격|바이오연료수요|생산변동|수입관세|재고,상방 우세,31,9,Import Volume|Export Volume|Crude Palm Oil|Source Document
18.07_EU_Biofuels Annual.pdf,data/raw/USDA/FAS/GAIN/Biofuels/2018/07/18.07_EU_Biofuels Annual.pdf,data/raw/USDA/FAS/GAIN/Biofuels/2018/07/Summary/18.07_EU_Biofuels Annual.md,True,41,69581,바이오연료수요|생산변동|수입관세|수출규제|재고,중립/혼재,69,56,Gross Domestic Product|Import Volume|Export Volume|Soybean|Soybean Oil|Crude Palm Oil|Canola Oil|Export Tax|Source Document
18.08_Argentina_Biofuels Annual.pdf,data/raw/USDA/FAS/GAIN/Biofuels/2018/08/18.08_Argentina_Biofuels Annual.pdf,data/raw/USDA/FAS/GAIN/Biofuels/2018/08/Summary/18.08_Argentina_Biofuels Annual.md,True,16,51735,기상이변|바이오연료수요|수입관세|수출규제|압착|재고,상방 우세,54,33,Import Volume|Export Volume|Production Volume|Soybean|Soybean Oil|Neutral Regime|Biodiesel Feedstock|Import Tariff|Export Tax|Source Document|Bounding Box
18.08_Brazil_Biofuels Annual.pdf,data/raw/USDA/FAS/GAIN/Biofuels/2018/08/18.08_Brazil_Biofuels Annual.pdf,data/raw/USDA/FAS/GAIN/Biofuels/2018/08/Summary/18.08_Brazil_Biofuels Annual.md,True,27,61142,물류충격|바이오연료수요|수입관세|압착|재고,상방 우세,51,20,Import Volume|Export Volume|Soybean Oil|Crude Palm Oil|Import Quota|Source Document
18.08_Indonesia_Biofuels Annual.pdf,data/raw/USDA/FAS/GAIN/Biofuels/2018/08/18.08_Indonesia_Biofuels Annual.pdf,data/raw/USDA/FAS/GAIN/Biofuels/2018/08/Summary/18.08_Indonesia_Biofuels Annual.md,True,18,34036,바이오연료수요|생산변동|수입관세|수출규제|재고,중립/혼재,26,23,Gross Domestic Product|Import Volume|Export Volume|Soybean|Crude Palm Oil|Biodiesel Blend Mandate|Import Tariff|Export Tax|Subsidy|Decree|Source Document
18.08_South Korea_Wrap-Up Report for 2018 Seoul Bioethanol Conference.pdf,data/raw/USDA/FAS/GAIN/Biofuels/2018/08/18.08_South Korea_Wrap-Up Report for 2018 Seoul Bioethanol Conference.pdf,data/raw/USDA/FAS/GAIN/Biofuels/2018/08/Summary/18.08_South Korea_Wrap-Up Report for 2018 Seoul Bioethanol Conference.md,True,15,14917,바이오연료수요,상방 우세,8,3,Import Volume|Production Volume|Source Document
18.09_India_Biofuels Annual.pdf,data/raw/USDA/FAS/GAIN/Biofuels/2018/09/18.09_India_Biofuels Annual.pdf,data/raw/USDA/FAS/GAIN/Biofuels/2018/09/Summary/18.09_India_Biofuels Annual.md,True,26,62907,물류충격|바이오연료수요|수입관세|수출규제,상방 우세,42,31,Import Volume|Export Volume|Production Volume|Vegetable Oil|Biodiesel Feedstock|Import Tariff|Source Document
18.09_Indonesia_Expands Biodiesel Mandate.pdf,data/raw/USDA/FAS/GAIN/Biofuels/2018/09/18.09_Indonesia_Expands Biodiesel Mandate.pdf,data/raw/USDA/FAS/GAIN/Biofuels/2018/09/Summary/18.09_Indonesia_Expands Biodiesel Mandate.md,True,5,6177,바이오연료수요|재고,상방 우세,16,1,Import Volume|Export Volume|Crude Palm Oil|Source Document
18.10_Peru_Biofuels Annual.pdf,data/raw/USDA/FAS/GAIN/Biofuels/2018/10/18.10_Peru_Biofuels Annual.pdf,data/raw/USDA/FAS/GAIN/Biofuels/2018/10/Summary/18.10_Peru_Biofuels Annual.md,True,10,25587,물류충격|바이오연료수요|수입관세|재고,상방 우세,23,13,Import Volume|Export Volume|Soybean Oil|Crude Palm Oil|Import Tariff|Source Document
18.11_Australia_Biofuels Annual.pdf,data/raw/USDA/FAS/GAIN/Biofuels/2018/11/18.11_Australia_Biofuels Annual.pdf,data/raw/USDA/FAS/GAIN/Biofuels/2018/11/Summary/18.11_Australia_Biofuels Annual.md,True,20,52401,기상이변|물류충격|바이오연료수요|수입관세|압착|재고,중립/혼재,40,34,Import Volume|Export Volume|Production Volume|Crude Palm Oil|B50|Import Tariff|Subsidy|Source Document
18.11_China_Biofuels Annual.pdf,data/raw/USDA/FAS/GAIN/Biofuels/2018/11/18.11_China_Biofuels Annual.pdf,data/raw/USDA/FAS/GAIN/Biofuels/2018/11/Summary/18.11_China_Biofuels Annual.md,True,30,60877,바이오연료수요|수입관세|재고,중립/혼재,27,28,Gross Domestic Product|Import Volume|Export Volume|Production Volume|Crude Palm Oil|Neutral Regime|Source Document|Confidence Score
18.11_Japan_Biofuels Annual.pdf,data/raw/USDA/FAS/GAIN/Biofuels/2018/11/18.11_Japan_Biofuels Annual.pdf,data/raw/USDA/FAS/GAIN/Biofuels/2018/11/Summary/18.11_Japan_Biofuels Annual.md,True,14,30866,바이오연료수요|수입관세|재고,상방 우세,19,8,Gross Domestic Product|Import Volume|Export Volume|Crude Palm Oil|Source Document
18.11_Philippines_Biofuels Annual.pdf,data/raw/USDA/FAS/GAIN/Biofuels/2018/11/18.11_Philippines_Biofuels Annual.pdf,data/raw/USDA/FAS/GAIN/Biofuels/2018/11/Summary/18.11_Philippines_Biofuels Annual.md,True,14,32747,바이오연료수요|압착|재고,상방 우세,36,14,Gross Domestic Product|Import Volume|Export Volume|Production Volume|Neutral Regime|Source Document
18.12_Malaysia_Biofuels Annual.pdf,data/raw/USDA/FAS/GAIN/Biofuels/2018/12/18.12_Malaysia_Biofuels Annual.pdf,data/raw/USDA/FAS/GAIN/Biofuels/2018/12/Summary/18.12_Malaysia_Biofuels Annual.md,True,11,18856,바이오연료수요|수출규제|재고,상방 우세,16,2,Import Volume|Export Volume|Crude Palm Oil|Source Document
18.12_Thailand_Biofuels Annual.pdf,data/raw/USDA/FAS/GAIN/Biofuels/2018/12/18.12_Thailand_Biofuels Annual.pdf,data/raw/USDA/FAS/GAIN/Biofuels/2018/12/Summary/18.12_Thailand_Biofuels Annual.md,True,14,31745,바이오연료수요|생산변동|수입관세|재고,상방 우세,41,22,Import Volume|Export Volume|Production Volume|Stock-to-Use Ratio|Crude Palm Oil|Import Tariff|Source Document
19.02_EU_Recognizes U.S.Soybean Industry Sustainability Scheme.pdf,data/raw/USDA/FAS/GAIN/Biofuels/2019/02/19.02_EU_Recognizes U.S.Soybean Industry Sustainability Scheme.pdf,data/raw/USDA/FAS/GAIN/Biofuels/2019/02/Summary/19.02_EU_Recognizes U.S.Soybean Industry Sustainability Scheme.md,True,3,3586,바이오연료수요,중립/혼재,0,0,Soybean|Source Document
19.02_Netherlands_The Industrial Market for Biomass.pdf,data/raw/USDA/FAS/GAIN/Biofuels/2019/02/19.02_Netherlands_The Industrial Market for Biomass.pdf,data/raw/USDA/FAS/GAIN/Biofuels/2019/02/Summary/19.02_Netherlands_The Industrial Market for Biomass.md,True,6,12658,,상방 우세,16,0,Import Volume|Source Document
19.05_India_Import License Compulsory for Biofuel (non-fuel use) Imports.pdf,data/raw/USDA/FAS/GAIN/Biofuels/2019/05/19.05_India_Import License Compulsory for Biofuel (non-fuel use) Imports.pdf,data/raw/USDA/FAS/GAIN/Biofuels/2019/05/Summary/19.05_India_Import License Compulsory for Biofuel (non-fuel use) Imports.md,True,5,1882,바이오연료수요,중립/혼재,0,0,Import Volume|Source Document
19.06_EU_Biofuel Mandates in the EU by Member State of 2019.pdf,data/raw/USDA/FAS/GAIN/Biofuels/2019/06/19.06_EU_Biofuel Mandates in the EU by Member State of 2019.pdf,data/raw/USDA/FAS/GAIN/Biofuels/2019/06/Summary/19.06_EU_Biofuel Mandates in the EU by Member State of 2019.md,True,20,31205,바이오연료수요,상방 우세,12,7,Import Volume|Crude Palm Oil|Neutral Regime|Decree|Source Document
19.06_South Korea_Wrap-Up Report for 2019 Seoul Fuel Ethanol Conference.pdf,data/raw/USDA/FAS/GAIN/Biofuels/2019/06/19.06_South Korea_Wrap-Up Report for 2019 Seoul Fuel Ethanol Conference.pdf,data/raw/USDA/FAS/GAIN/Biofuels/2019/06/Summary/19.06_South Korea_Wrap-Up Report for 2019 Seoul Fuel Ethanol Conference.md,True,10,16133,바이오연료수요,상방 우세,8,5,Import Volume|Export Volume|Renewable Volume Obligation|Source Document
19.07_Argentina_Biofuels Annual.pdf,data/raw/USDA/FAS/GAIN/Biofuels/2019/07/19.07_Argentina_Biofuels Annual.pdf,data/raw/USDA/FAS/GAIN/Biofuels/2019/07/Summary/19.07_Argentina_Biofuels Annual.md,True,17,50013,기상이변|물류충격|바이오연료수요|수입관세|수출규제|압착|재고,중립/혼재,37,34,Import Volume|Export Volume|Production Volume|Soybean|Soybean Oil|Crude Palm Oil|Neutral Regime|Biodiesel Feedstock|Import Tariff|Export Tax|Source Document|Bounding Box
19.07_Canada_Biofuels Annual.pdf,data/raw/USDA/FAS/GAIN/Biofuels/2019/07/19.07_Canada_Biofuels Annual.pdf,data/raw/USDA/FAS/GAIN/Biofuels/2019/07/Summary/19.07_Canada_Biofuels Annual.md,True,20,53622,바이오연료수요|재고,상방 우세,45,24,Gross Domestic Product|Import Volume|Export Volume|Production Volume|Neutral Regime|Subsidy|Source Document
19.07_China_Biofuels Annual.pdf,data/raw/USDA/FAS/GAIN/Biofuels/2019/07/19.07_China_Biofuels Annual.pdf,data/raw/USDA/FAS/GAIN/Biofuels/2019/07/Summary/19.07_China_Biofuels Annual.md,True,25,63351,바이오연료수요|수입관세|재고,하방 우세,14,29,Gross Domestic Product|Import Volume|Export Volume|Production Volume|Crude Palm Oil|Trade War|Source Document
19.07_Colombia_Biofuels Annual.pdf,data/raw/USDA/FAS/GAIN/Biofuels/2019/07/19.07_Colombia_Biofuels Annual.pdf,data/raw/USDA/FAS/GAIN/Biofuels/2019/07/Summary/19.07_Colombia_Biofuels Annual.md,True,12,29568,물류충격|바이오연료수요|수입관세|재고,상방 우세,39,7,Gross Domestic Product|Import Volume|Export Volume|Crude Palm Oil|Source Document
19.07_EU_Biofuels Annual.pdf,data/raw/USDA/FAS/GAIN/Biofuels/2019/07/19.07_EU_Biofuels Annual.pdf,data/raw/USDA/FAS/GAIN/Biofuels/2019/07/Summary/19.07_EU_Biofuels Annual.md,True,52,59319,기상이변|바이오연료수요|생산변동|수입관세|재고,상방 우세,52,26,Gross Domestic Product|Import Volume|Export Volume|Soybean|Soybean Oil|Crude Palm Oil|Canola Oil|Neutral Regime|Source Document
19.07_Indonesia_Biofuels Annual.pdf,data/raw/USDA/FAS/GAIN/Biofuels/2019/07/19.07_Indonesia_Biofuels Annual.pdf,data/raw/USDA/FAS/GAIN/Biofuels/2019/07/Summary/19.07_Indonesia_Biofuels Annual.md,True,20,41771,바이오연료수요|생산변동|수입관세|수출규제|재고,상방 우세,30,17,Import Volume|Export Volume|Soybean|Crude Palm Oil|Biodiesel Blend Mandate|Import Tariff|Export Tax|Source Document|Entity Mention|Confidence Score
19.08_Brazil_Biofuels Annual.pdf,data/raw/USDA/FAS/GAIN/Biofuels/2019/08/19.08_Brazil_Biofuels Annual.pdf,data/raw/USDA/FAS/GAIN/Biofuels/2019/08/Summary/19.08_Brazil_Biofuels Annual.md,True,30,48654,바이오연료수요|수입관세|압착|재고,상방 우세,37,10,Import Volume|Export Volume|Source Document
19.08_India_Biofuels Annual.pdf,data/raw/USDA/FAS/GAIN/Biofuels/2019/08/19.08_India_Biofuels Annual.pdf,data/raw/USDA/FAS/GAIN/Biofuels/2019/08/Summary/19.08_India_Biofuels Annual.md,True,25,56453,물류충격|바이오연료수요|수입관세|수출규제|재고,중립/혼재,32,29,Gross Domestic Product|Import Volume|Export Volume|Vegetable Oil|Crude Palm Oil|Biodiesel Feedstock|Import Tariff|Source Document
19.11_Japan_Biofuels Annual.pdf,data/raw/USDA/FAS/GAIN/Biofuels/2019/11/19.11_Japan_Biofuels Annual.pdf,data/raw/USDA/FAS/GAIN/Biofuels/2019/11/Summary/19.11_Japan_Biofuels Annual.md,True,23,47278,바이오연료수요|수입관세|재고,상방 우세,26,10,Import Volume|Export Volume|Production Volume|Crude Palm Oil|Canola Oil|Agricultural Exemption|Source Document
19.11_Malaysia_Biofuels Annual.pdf,data/raw/USDA/FAS/GAIN/Biofuels/2019/11/19.11_Malaysia_Biofuels Annual.pdf,data/raw/USDA/FAS/GAIN/Biofuels/2019/11/Summary/19.11_Malaysia_Biofuels Annual.md,True,10,19743,바이오연료수요|수출규제|재고,상방 우세,20,3,Import Volume|Export Volume|Crude Palm Oil|Source Document
19.11_Russia_Wood Pellet Production Update.pdf,data/raw/USDA/FAS/GAIN/Biofuels/2019/11/19.11_Russia_Wood Pellet Production Update.pdf,data/raw/USDA/FAS/GAIN/Biofuels/2019/11/Summary/19.11_Russia_Wood Pellet Production Update.md,True,4,8309,생산변동|재고,상방 우세,10,0,Import Volume|Export Volume|Source Document
19.11_Thailand_Biofuels Annual.pdf,data/raw/USDA/FAS/GAIN/Biofuels/2019/11/19.11_Thailand_Biofuels Annual.pdf,data/raw/USDA/FAS/GAIN/Biofuels/2019/11/Summary/19.11_Thailand_Biofuels Annual.md,True,16,42788,바이오연료수요|수입관세|재고,상방 우세,48,26,Import Volume|Export Volume|Stock-to-Use Ratio|Crude Palm Oil|Import Tariff|Source Document
19.12_Peru_Biofuels Annual.pdf,data/raw/USDA/FAS/GAIN/Biofuels/2019/12/19.12_Peru_Biofuels Annual.pdf,data/raw/USDA/FAS/GAIN/Biofuels/2019/12/Summary/19.12_Peru_Biofuels Annual.md,True,12,25630,바이오연료수요|생산변동|수입관세|재고,상방 우세,22,10,Import Volume|Export Volume|Soybean Oil|Crude Palm Oil|Import Tariff|Source Document
19.12_Philippines_Biofuels Annual.pdf,data/raw/USDA/FAS/GAIN/Biofuels/2019/12/19.12_Philippines_Biofuels Annual.pdf,data/raw/USDA/FAS/GAIN/Biofuels/2019/12/Summary/19.12_Philippines_Biofuels Annual.md,True,13,30191,기상이변|바이오연료수요|생산변동|수입관세|압착|재고,상방 우세,28,16,Gross Domestic Product|Import Volume|Export Volume|Production Volume|Neutral Regime|Source Document
20.03_Portugal_Biofuels Policy and Market.pdf,data/raw/USDA/FAS/GAIN/Biofuels/2020/03/20.03_Portugal_Biofuels Policy and Market.pdf,data/raw/USDA/FAS/GAIN/Biofuels/2020/03/Summary/20.03_Portugal_Biofuels Policy and Market.md,True,25,43680,바이오연료수요|압착,중립/혼재,24,20,Import Volume|Export Volume|Production Volume|Soybean|Crude Palm Oil|Canola Oil|Source Document
20.04_Austria_Agricultural Processor AGRANA Starts Disinfectants Production Based on Bioethanol.pdf,data/raw/USDA/FAS/GAIN/Biofuels/2020/04/20.04_Austria_Agricultural Processor AGRANA Starts Disinfectants Production Based on Bioethanol.pdf,data/raw/USDA/FAS/GAIN/Biofuels/2020/04/Summary/20.04_Austria_Agricultural Processor AGRANA Starts Disinfectants Production Based on Bioethanol.md,True,3,4759,바이오연료수요,중립/혼재,3,3,Source Document
20.04_Romania_Approves New Biofuels Blending Exemptions.pdf,data/raw/USDA/FAS/GAIN/Biofuels/2020/04/20.04_Romania_Approves New Biofuels Blending Exemptions.pdf,data/raw/USDA/FAS/GAIN/Biofuels/2020/04/Summary/20.04_Romania_Approves New Biofuels Blending Exemptions.md,True,2,3212,바이오연료수요,중립/혼재,0,0,Import Volume|Source Document
20.05_EU_Biofuel Mandates in the EU by Member State of 2020.pdf,data/raw/USDA/FAS/GAIN/Biofuels/2020/05/20.05_EU_Biofuel Mandates in the EU by Member State of 2020.pdf,data/raw/USDA/FAS/GAIN/Biofuels/2020/05/Summary/20.05_EU_Biofuel Mandates in the EU by Member State of 2020.md,True,23,34741,바이오연료수요,상방 우세,14,8,Import Volume|Soybean Oil|Crude Palm Oil|Neutral Regime|Decree|Source Document
20.05_Japan_Clarifying Japanese Imports of Palm Kernel Residues.pdf,data/raw/USDA/FAS/GAIN/Biofuels/2020/05/20.05_Japan_Clarifying Japanese Imports of Palm Kernel Residues.pdf,data/raw/USDA/FAS/GAIN/Biofuels/2020/05/Summary/20.05_Japan_Clarifying Japanese Imports of Palm Kernel Residues.md,True,5,8876,압착,상방 우세,4,0,Import Volume|Export Volume|Crude Palm Oil|Source Document
20.05_Netherlands_Wood Pellet Imports Surge to a New Record in 2019.pdf,data/raw/USDA/FAS/GAIN/Biofuels/2020/05/20.05_Netherlands_Wood Pellet Imports Surge to a New Record in 2019.pdf,data/raw/USDA/FAS/GAIN/Biofuels/2020/05/Summary/20.05_Netherlands_Wood Pellet Imports Surge to a New Record in 2019.md,True,5,11103,,상방 우세,8,3,Import Volume|Export Volume|Source Document
20.06_Canada_Clean Fuel Standard Delayed.pdf,data/raw/USDA/FAS/GAIN/Biofuels/2020/06/20.06_Canada_Clean Fuel Standard Delayed.pdf,data/raw/USDA/FAS/GAIN/Biofuels/2020/06/Summary/20.06_Canada_Clean Fuel Standard Delayed.md,True,2,1711,,하방 우세,0,2,Source Document
20.06_EU_Biofuels Annual.pdf,data/raw/USDA/FAS/GAIN/Biofuels/2020/06/20.06_EU_Biofuels Annual.pdf,data/raw/USDA/FAS/GAIN/Biofuels/2020/06/Summary/20.06_EU_Biofuels Annual.md,True,56,71167,바이오연료수요|수입관세|재고,하방 우세,38,78,Import Volume|Export Volume|Soybean Oil|Crude Palm Oil|Neutral Regime|Subsidy|Decree|Source Document
20.06_Japan_Introduction of Mandatory Plastic Bag Fee Creates Opportunities for Bioplastic.pdf,data/raw/USDA/FAS/GAIN/Biofuels/2020/06/20.06_Japan_Introduction of Mandatory Plastic Bag Fee Creates Opportunities for Bioplastic.pdf,data/raw/USDA/FAS/GAIN/Biofuels/2020/06/Summary/20.06_Japan_Introduction of Mandatory Plastic Bag Fee Creates Opportunities for Bioplastic.md,True,3,3077,,상방 우세,1,0,Source Document
20.06_Japan_Invites Comments on Revised Carbon Intensity Value for Gasoline.pdf,data/raw/USDA/FAS/GAIN/Biofuels/2020/06/20.06_Japan_Invites Comments on Revised Carbon Intensity Value for Gasoline.pdf,data/raw/USDA/FAS/GAIN/Biofuels/2020/06/Summary/20.06_Japan_Invites Comments on Revised Carbon Intensity Value for Gasoline.md,True,3,5497,재고,상방 우세,7,1,Import Volume|Source Document
20.06_Poland_Wood Pellets Market Brief.pdf,data/raw/USDA/FAS/GAIN/Biofuels/2020/06/20.06_Poland_Wood Pellets Market Brief.pdf,data/raw/USDA/FAS/GAIN/Biofuels/2020/06/Summary/20.06_Poland_Wood Pellets Market Brief.md,True,6,8536,생산변동,하방 우세,3,4,Import Volume|Export Volume|Source Document
20.06_Spain_Perfect Weather Secures a Record Winter Grains Crop.pdf,data/raw/USDA/FAS/GAIN/Biofuels/2020/06/20.06_Spain_Perfect Weather Secures a Record Winter Grains Crop.pdf,data/raw/USDA/FAS/GAIN/Biofuels/2020/06/Summary/20.06_Spain_Perfect Weather Secures a Record Winter Grains Crop.md,True,10,15211,물류충격|수입관세|재고,하방 우세,10,14,Import Volume|Export Volume|Soil Moisture Percentile|Import Tariff|Source Document
20.07_Australia_Biofuels Annual.pdf,data/raw/USDA/FAS/GAIN/Biofuels/2020/07/20.07_Australia_Biofuels Annual.pdf,data/raw/USDA/FAS/GAIN/Biofuels/2020/07/Summary/20.07_Australia_Biofuels Annual.md,True,21,54042,기상이변|물류충격|바이오연료수요|수입관세|재고,중립/혼재,35,42,Import Volume|Export Volume|Biodiesel Feedstock|B50|Import Tariff|Subsidy|Source Document|Confidence Score
20.07_Canada_Biofuels Annual.pdf,data/raw/USDA/FAS/GAIN/Biofuels/2020/07/20.07_Canada_Biofuels Annual.pdf,data/raw/USDA/FAS/GAIN/Biofuels/2020/07/Summary/20.07_Canada_Biofuels Annual.md,True,23,53043,바이오연료수요|재고,하방 우세,26,35,Production Volume|Subsidy|Source Document
20.07_China_Biofuels Annual.pdf,data/raw/USDA/FAS/GAIN/Biofuels/2020/07/20.07_China_Biofuels Annual.pdf,data/raw/USDA/FAS/GAIN/Biofuels/2020/07/Summary/20.07_China_Biofuels Annual.md,True,21,57787,바이오연료수요|생산변동|수입관세|재고,하방 우세,17,49,Gross Domestic Product|Import Volume|Export Volume|Production Volume|Crude Palm Oil|Geopolitical Conflict|Source Document
20.07_Colombia_Biofuels Annual.pdf,data/raw/USDA/FAS/GAIN/Biofuels/2020/07/20.07_Colombia_Biofuels Annual.pdf,data/raw/USDA/FAS/GAIN/Biofuels/2020/07/Summary/20.07_Colombia_Biofuels Annual.md,True,15,34454,물류충격|바이오연료수요|생산변동|수입관세|재고,하방 우세,16,44,Gross Domestic Product|Import Volume|Export Volume|Crude Palm Oil|Source Document
20.07_Colombia_Imposes 2 Year Duty on US Ethanol After CVD Investigation.pdf,data/raw/USDA/FAS/GAIN/Biofuels/2020/07/20.07_Colombia_Imposes 2 Year Duty on US Ethanol After CVD Investigation.pdf,data/raw/USDA/FAS/GAIN/Biofuels/2020/07/Summary/20.07_Colombia_Imposes 2 Year Duty on US Ethanol After CVD Investigation.md,True,4,4916,바이오연료수요,상방 우세,1,0,Import Volume|Source Document
20.07_Netherlands_Government Advised to Cascade Biomass.pdf,data/raw/USDA/FAS/GAIN/Biofuels/2020/07/20.07_Netherlands_Government Advised to Cascade Biomass.pdf,data/raw/USDA/FAS/GAIN/Biofuels/2020/07/Summary/20.07_Netherlands_Government Advised to Cascade Biomass.md,True,5,11792,,상방 우세,4,0,Import Volume|Source Document
20.07_Spain_Biofuels Policy and Market.pdf,data/raw/USDA/FAS/GAIN/Biofuels/2020/07/20.07_Spain_Biofuels Policy and Market.pdf,data/raw/USDA/FAS/GAIN/Biofuels/2020/07/Summary/20.07_Spain_Biofuels Policy and Market.md,True,25,50035,바이오연료수요|생산변동|압착,하방 우세,18,29,Import Volume|Export Volume|Production Volume|Soybean|Crude Palm Oil|Canola Oil|Source Document
20.08_Argentina_Biofuels Annual.pdf,data/raw/USDA/FAS/GAIN/Biofuels/2020/08/20.08_Argentina_Biofuels Annual.pdf,data/raw/USDA/FAS/GAIN/Biofuels/2020/08/Summary/20.08_Argentina_Biofuels Annual.md,True,20,51334,물류충격|바이오연료수요|수입관세|수출규제|재고,하방 우세,24,42,Gross Domestic Product|Import Volume|Export Volume|Soybean|Soybean Oil|Neutral Regime|Import Tariff|Import Quota|Source Document
20.08_Canada_Overview of COVID-19 Impacts on Canadian Agriculture.pdf,data/raw/USDA/FAS/GAIN/Biofuels/2020/08/20.08_Canada_Overview of COVID-19 Impacts on Canadian Agriculture.pdf,data/raw/USDA/FAS/GAIN/Biofuels/2020/08/Summary/20.08_Canada_Overview of COVID-19 Impacts on Canadian Agriculture.md,True,7,17961,바이오연료수요,상방 우세,19,13,Import Volume|Export Volume|Source Document|Confidence Score
20.08_EU_European Commission Launches Public Consultation on Possible Revision of REDII.pdf,data/raw/USDA/FAS/GAIN/Biofuels/2020/08/20.08_EU_European Commission Launches Public Consultation on Possible Revision of REDII.pdf,data/raw/USDA/FAS/GAIN/Biofuels/2020/08/Summary/20.08_EU_European Commission Launches Public Consultation on Possible Revision of REDII.md,True,3,3640,,중립/혼재,0,0,Source Document
20.08_Indonesia_Biofuels Annual.pdf,data/raw/USDA/FAS/GAIN/Biofuels/2020/08/20.08_Indonesia_Biofuels Annual.pdf,data/raw/USDA/FAS/GAIN/Biofuels/2020/08/Summary/20.08_Indonesia_Biofuels Annual.md,True,20,37923,바이오연료수요|수입관세|수출규제|재고,중립/혼재,20,26,Import Volume|Export Volume|Crude Palm Oil|Biodiesel Blend Mandate|Geopolitical Conflict|Import Tariff|Export Tax|Source Document
20.08_Vietnam_Ethanol Background Report.pdf,data/raw/USDA/FAS/GAIN/Biofuels/2020/08/20.08_Vietnam_Ethanol Background Report.pdf,data/raw/USDA/FAS/GAIN/Biofuels/2020/08/Summary/20.08_Vietnam_Ethanol Background Report.md,True,8,12669,바이오연료수요|수입관세,중립/혼재,7,9,Import Volume|Export Volume|Production Volume|Source Document
20.09_Brazil_Biofuels Annual.pdf,data/raw/USDA/FAS/GAIN/Biofuels/2020/09/20.09_Brazil_Biofuels Annual.pdf,data/raw/USDA/FAS/GAIN/Biofuels/2020/09/Summary/20.09_Brazil_Biofuels Annual.md,True,37,61055,바이오연료수요|수입관세|압착|재고,중립/혼재,33,35,Import Volume|Export Volume|Import Quota|Agricultural Exemption|Source Document
20.09_Czech Republic_Sees Solid Harvest Despite Initial Drought.pdf,data/raw/USDA/FAS/GAIN/Biofuels/2020/09/20.09_Czech Republic_Sees Solid Harvest Despite Initial Drought.pdf,data/raw/USDA/FAS/GAIN/Biofuels/2020/09/Summary/20.09_Czech Republic_Sees Solid Harvest Despite Initial Drought.md,True,8,7359,기상이변|바이오연료수요|수입관세,상방 우세,11,8,Export Volume|Source Document
20.09_EU_Launches Expiry Review of Countervailing Duties Against US Biodiesel.pdf,data/raw/USDA/FAS/GAIN/Biofuels/2020/09/20.09_EU_Launches Expiry Review of Countervailing Duties Against US Biodiesel.pdf,data/raw/USDA/FAS/GAIN/Biofuels/2020/09/Summary/20.09_EU_Launches Expiry Review of Countervailing Duties Against US Biodiesel.md,True,3,3007,바이오연료수요,중립/혼재,1,1,Import Volume|Subsidy|Source Document
20.09_India_Biofuels Annual.pdf,data/raw/USDA/FAS/GAIN/Biofuels/2020/09/20.09_India_Biofuels Annual.pdf,data/raw/USDA/FAS/GAIN/Biofuels/2020/09/Summary/20.09_India_Biofuels Annual.md,True,26,65395,물류충격|바이오연료수요|생산변동|수입관세|수출규제|압착|재고,중립/혼재,45,54,Import Volume|Export Volume|Vegetable Oil|Crude Palm Oil|Bull Regime|Biodiesel Feedstock|Import Tariff|Source Document
20.09_Japan_Proposes to Revise Eligibility for Biomass Feed-In Tariff Program.pdf,data/raw/USDA/FAS/GAIN/Biofuels/2020/09/20.09_Japan_Proposes to Revise Eligibility for Biomass Feed-In Tariff Program.pdf,data/raw/USDA/FAS/GAIN/Biofuels/2020/09/Summary/20.09_Japan_Proposes to Revise Eligibility for Biomass Feed-In Tariff Program.md,True,3,5474,,중립/혼재,0,0,Source Document
20.09_Japan_Raises Carbon Intensity Value for Gasoline.pdf,data/raw/USDA/FAS/GAIN/Biofuels/2020/09/20.09_Japan_Raises Carbon Intensity Value for Gasoline.pdf,data/raw/USDA/FAS/GAIN/Biofuels/2020/09/Summary/20.09_Japan_Raises Carbon Intensity Value for Gasoline.md,True,2,2941,바이오연료수요|재고,상방 우세,4,0,Source Document
20.09_Thailand_Biofuels Annual.pdf,data/raw/USDA/FAS/GAIN/Biofuels/2020/09/20.09_Thailand_Biofuels Annual.pdf,data/raw/USDA/FAS/GAIN/Biofuels/2020/09/Summary/20.09_Thailand_Biofuels Annual.md,True,18,44751,기상이변|바이오연료수요|생산변동|수입관세|재고,중립/혼재,45,41,Import Volume|Export Volume|Stock-to-Use Ratio|Crude Palm Oil|Import Tariff|Source Document
20.10_Brazil_Corn Ethanol Production Booms.pdf,data/raw/USDA/FAS/GAIN/Biofuels/2020/10/20.10_Brazil_Corn Ethanol Production Booms.pdf,data/raw/USDA/FAS/GAIN/Biofuels/2020/10/Summary/20.10_Brazil_Corn Ethanol Production Booms.md,True,12,31077,바이오연료수요|생산변동|수입관세,상방 우세,24,6,Import Volume|Export Volume|Soybean|Neutral Regime|Import Tariff|Source Document
20.10_Peru_Biofuels Annual.pdf,data/raw/USDA/FAS/GAIN/Biofuels/2020/10/20.10_Peru_Biofuels Annual.pdf,data/raw/USDA/FAS/GAIN/Biofuels/2020/10/Summary/20.10_Peru_Biofuels Annual.md,True,13,28657,바이오연료수요|수입관세|재고,하방 우세,17,25,Import Volume|Export Volume|Soybean Oil|Crude Palm Oil|Import Tariff|Source Document
20.11_Brazil_Allows Imported Soy in Biodiesel Production.pdf,data/raw/USDA/FAS/GAIN/Biofuels/2020/11/20.11_Brazil_Allows Imported Soy in Biodiesel Production.pdf,data/raw/USDA/FAS/GAIN/Biofuels/2020/11/Summary/20.11_Brazil_Allows Imported Soy in Biodiesel Production.md,True,4,5988,바이오연료수요|수입관세|압착,상방 우세,4,3,Import Volume|Soybean|Soybean Oil|Source Document
20.11_EU_Launches Public Consultation on the Review of the Renewable Energy Directive.pdf,data/raw/USDA/FAS/GAIN/Biofuels/2020/11/20.11_EU_Launches Public Consultation on the Review of the Renewable Energy Directive.pdf,data/raw/USDA/FAS/GAIN/Biofuels/2020/11/Summary/20.11_EU_Launches Public Consultation on the Review of the Renewable Energy Directive.md,True,2,3337,,상방 우세,1,0,Source Document
20.11_India_Government Approves Market Year 2020-21 Revised Procurement Prices for Fuel-use Ethanol.pdf,data/raw/USDA/FAS/GAIN/Biofuels/2020/11/20.11_India_Government Approves Market Year 2020-21 Revised Procurement Prices for Fuel-use Ethanol.pdf,data/raw/USDA/FAS/GAIN/Biofuels/2020/11/Summary/20.11_India_Government Approves Market Year 2020-21 Revised Procurement Prices for Fuel-use Ethanol.md,True,2,2397,바이오연료수요,상방 우세,1,0,Source Document
20.11_Japan_Biofuels Annual.pdf,data/raw/USDA/FAS/GAIN/Biofuels/2020/11/20.11_Japan_Biofuels Annual.pdf,data/raw/USDA/FAS/GAIN/Biofuels/2020/11/Summary/20.11_Japan_Biofuels Annual.md,True,22,39986,바이오연료수요|재고,상방 우세,27,14,Import Volume|Export Volume|Production Volume|Crude Palm Oil|Canola Oil|Source Document
20.11_Philippines_Biofuels Annual.pdf,data/raw/USDA/FAS/GAIN/Biofuels/2020/11/20.11_Philippines_Biofuels Annual.pdf,data/raw/USDA/FAS/GAIN/Biofuels/2020/11/Summary/20.11_Philippines_Biofuels Annual.md,True,15,39298,기상이변|바이오연료수요|생산변동|수입관세|수출규제|압착|재고,하방 우세,28,43,Gross Domestic Product|Import Volume|Export Volume|Production Volume|Neutral Regime|Source Document
20.12_India_Government Publishes Draft Automotive Industry Standards as it Accelerates Ethanol Blending Mandate.pdf,data/raw/USDA/FAS/GAIN/Biofuels/2020/12/20.12_India_Government Publishes Draft Automotive Industry Standards as it Accelerates Ethanol Blending Mandate.pdf,data/raw/USDA/FAS/GAIN/Biofuels/2020/12/Summary/20.12_India_Government Publishes Draft Automotive Industry Standards as it Accelerates Ethanol Blending Mandate.md,True,2,3450,바이오연료수요|재고,하방 우세,0,3,Source Document
20.12_Malaysia_Biofuels Annual.pdf,data/raw/USDA/FAS/GAIN/Biofuels/2020/12/20.12_Malaysia_Biofuels Annual.pdf,data/raw/USDA/FAS/GAIN/Biofuels/2020/12/Summary/20.12_Malaysia_Biofuels Annual.md,True,11,23363,바이오연료수요|수출규제|재고,하방 우세,13,21,Import Volume|Export Volume|Crude Palm Oil|Brent Crude|Effective Date|Source Document
21.01_India_Government Approves Interest Subvention Scheme for Ethanol Distilleries.pdf,data/raw/USDA/FAS/GAIN/Biofuels/2021/01/21.01_India_Government Approves Interest Subvention Scheme for Ethanol Distilleries.pdf,data/raw/USDA/FAS/GAIN/Biofuels/2021/01/Summary/21.01_India_Government Approves Interest Subvention Scheme for Ethanol Distilleries.md,True,3,4356,바이오연료수요,하방 우세,0,2,Agricultural Exemption|Source Document
21.02_Brazil_Implementation of RenovaBio - Brazil's National Biofuels Policy.pdf,data/raw/USDA/FAS/GAIN/Biofuels/2021/02/21.02_Brazil_Implementation of RenovaBio - Brazil's National Biofuels Policy.pdf,data/raw/USDA/FAS/GAIN/Biofuels/2021/02/Summary/21.02_Brazil_Implementation of RenovaBio - Brazil's National Biofuels Policy.md,True,5,12302,바이오연료수요,상방 우세,2,0,Import Volume|Neutral Regime|Source Document
21.02_Germany_Call for Technology Neutrality Dominates Fuel of the Future Congress.pdf,data/raw/USDA/FAS/GAIN/Biofuels/2021/02/21.02_Germany_Call for Technology Neutrality Dominates Fuel of the Future Congress.pdf,data/raw/USDA/FAS/GAIN/Biofuels/2021/02/Summary/21.02_Germany_Call for Technology Neutrality Dominates Fuel of the Future Congress.md,True,5,10895,,상방 우세,6,1,Source Document
21.02_India_New Budget Estimates for the Sugar Industry and a Revised Ethanol Import Duty.pdf,data/raw/USDA/FAS/GAIN/Biofuels/2021/02/21.02_India_New Budget Estimates for the Sugar Industry and a Revised Ethanol Import Duty.pdf,data/raw/USDA/FAS/GAIN/Biofuels/2021/02/Summary/21.02_India_New Budget Estimates for the Sugar Industry and a Revised Ethanol Import Duty.md,True,2,2790,바이오연료수요|수입관세,상방 우세,2,0,Import Volume|Import Tariff|Source Document
21.03_Bolivia_Approves Biodiesel Production.pdf,data/raw/USDA/FAS/GAIN/Biofuels/2021/03/21.03_Bolivia_Approves Biodiesel Production.pdf,data/raw/USDA/FAS/GAIN/Biofuels/2021/03/Summary/21.03_Bolivia_Approves Biodiesel Production.md,True,2,2916,바이오연료수요,상방 우세,1,0,Import Volume|Soybean|Source Document
21.03_Canada_Carbon Economy and the Impact on Grain and Oilseeds.pdf,data/raw/USDA/FAS/GAIN/Biofuels/2021/03/21.03_Canada_Carbon Economy and the Impact on Grain and Oilseeds.pdf,data/raw/USDA/FAS/GAIN/Biofuels/2021/03/Summary/21.03_Canada_Carbon Economy and the Impact on Grain and Oilseeds.md,True,4,7304,,상방 우세,8,1,Source Document
21.03_Canada_Proposes Federal Carbon Offset System.pdf,data/raw/USDA/FAS/GAIN/Biofuels/2021/03/21.03_Canada_Proposes Federal Carbon Offset System.pdf,data/raw/USDA/FAS/GAIN/Biofuels/2021/03/Summary/21.03_Canada_Proposes Federal Carbon Offset System.md,True,3,5759,,하방 우세,0,1,Production Volume|Source Document
21.04_Belgium_To Ban Palm and Soya Oil for Use in Biofuels from 2022.pdf,data/raw/USDA/FAS/GAIN/Biofuels/2021/04/21.04_Belgium_To Ban Palm and Soya Oil for Use in Biofuels from 2022.pdf,data/raw/USDA/FAS/GAIN/Biofuels/2021/04/Summary/21.04_Belgium_To Ban Palm and Soya Oil for Use in Biofuels from 2022.md,True,2,3190,,중립/혼재,0,0,Soybean Oil|Crude Palm Oil|Source Document
21.04_Colombia_Decreases Ethanol Blend Mandate from E10 to E4.pdf,data/raw/USDA/FAS/GAIN/Biofuels/2021/04/21.04_Colombia_Decreases Ethanol Blend Mandate from E10 to E4.pdf,data/raw/USDA/FAS/GAIN/Biofuels/2021/04/Summary/21.04_Colombia_Decreases Ethanol Blend Mandate from E10 to E4.md,True,3,6857,기상이변|바이오연료수요,중립/혼재,6,5,Import Volume|Source Document
21.04_Netherlands_Wood Pellet Imports Reach New High.pdf,data/raw/USDA/FAS/GAIN/Biofuels/2021/04/21.04_Netherlands_Wood Pellet Imports Reach New High.pdf,data/raw/USDA/FAS/GAIN/Biofuels/2021/04/Summary/21.04_Netherlands_Wood Pellet Imports Reach New High.md,True,5,10383,,상방 우세,7,1,Import Volume|Export Volume|Source Document
21.05_Canada_Budget 2021 Delivers on Compensation and Climate Programs.pdf,data/raw/USDA/FAS/GAIN/Biofuels/2021/05/21.05_Canada_Budget 2021 Delivers on Compensation and Climate Programs.pdf,data/raw/USDA/FAS/GAIN/Biofuels/2021/05/Summary/21.05_Canada_Budget 2021 Delivers on Compensation and Climate Programs.md,True,6,12350,,상방 우세,1,0,Source Document
21.05_EU_European Commission Adopts its EU Taxonomy for Green Investments.pdf,data/raw/USDA/FAS/GAIN/Biofuels/2021/05/21.05_EU_European Commission Adopts its EU Taxonomy for Green Investments.pdf,data/raw/USDA/FAS/GAIN/Biofuels/2021/05/Summary/21.05_EU_European Commission Adopts its EU Taxonomy for Green Investments.md,True,4,7163,,하방 우세,0,1,Source Document
21.05_Japan_Industrial Ethanol Market.pdf,data/raw/USDA/FAS/GAIN/Biofuels/2021/05/21.05_Japan_Industrial Ethanol Market.pdf,data/raw/USDA/FAS/GAIN/Biofuels/2021/05/Summary/21.05_Japan_Industrial Ethanol Market.md,True,8,15941,바이오연료수요,상방 우세,4,3,Import Volume|Export Volume|Neutral Regime|Source Document
21.06_Colombia_Biofuels Annual.pdf,data/raw/USDA/FAS/GAIN/Biofuels/2021/06/21.06_Colombia_Biofuels Annual.pdf,data/raw/USDA/FAS/GAIN/Biofuels/2021/06/Summary/21.06_Colombia_Biofuels Annual.md,True,12,30470,기상이변|물류충격|바이오연료수요|생산변동|수입관세|재고,중립/혼재,32,37,ARS per USD|Import Volume|Export Volume|Crude Palm Oil|Source Document
21.06_EU_Biofuel Mandates in the EU by Member State and United Kingdom - 2021.pdf,data/raw/USDA/FAS/GAIN/Biofuels/2021/06/21.06_EU_Biofuel Mandates in the EU by Member State and United Kingdom - 2021.pdf,data/raw/USDA/FAS/GAIN/Biofuels/2021/06/Summary/21.06_EU_Biofuel Mandates in the EU by Member State and United Kingdom - 2021.md,True,24,37762,바이오연료수요,상방 우세,11,6,Import Volume|Soybean Oil|Crude Palm Oil|Neutral Regime|Decree|Source Document
21.06_EU_Biofuels Annual.pdf,data/raw/USDA/FAS/GAIN/Biofuels/2021/06/21.06_EU_Biofuels Annual.pdf,data/raw/USDA/FAS/GAIN/Biofuels/2021/06/Summary/21.06_EU_Biofuels Annual.md,True,45,67931,바이오연료수요|생산변동|수입관세|재고,상방 우세,57,42,Import Volume|Export Volume|Soybean Oil|Crude Palm Oil|Canola Oil|Neutral Regime|Subsidy|Source Document
21.06_India_Biofuels Annual.pdf,data/raw/USDA/FAS/GAIN/Biofuels/2021/06/21.06_India_Biofuels Annual.pdf,data/raw/USDA/FAS/GAIN/Biofuels/2021/06/Summary/21.06_India_Biofuels Annual.md,True,21,66170,물류충격|바이오연료수요|수입관세|재고,하방 우세,39,59,Import Volume|Export Volume|Production Volume|Marketing Year|Vegetable Oil|Crude Palm Oil|Biodiesel Feedstock|Import Tariff|Agricultural Exemption|Source Document
21.06_Indonesia_Biofuels Annual.pdf,data/raw/USDA/FAS/GAIN/Biofuels/2021/06/21.06_Indonesia_Biofuels Annual.pdf,data/raw/USDA/FAS/GAIN/Biofuels/2021/06/Summary/21.06_Indonesia_Biofuels Annual.md,True,17,34195,바이오연료수요|수입관세|수출규제|재고,중립/혼재,27,24,Import Volume|Export Volume|Crude Palm Oil|Biodiesel Blend Mandate|Export Tax|Source Document
21.06_New Zealand_Proposes Biofuels Mandate.pdf,data/raw/USDA/FAS/GAIN/Biofuels/2021/06/21.06_New Zealand_Proposes Biofuels Mandate.pdf,data/raw/USDA/FAS/GAIN/Biofuels/2021/06/Summary/21.06_New Zealand_Proposes Biofuels Mandate.md,True,2,2900,,중립/혼재,1,1,Source Document
21.06_Philippines_Biodiesel Standards under Consideration.pdf,data/raw/USDA/FAS/GAIN/Biofuels/2021/06/21.06_Philippines_Biodiesel Standards under Consideration.pdf,data/raw/USDA/FAS/GAIN/Biofuels/2021/06/Summary/21.06_Philippines_Biodiesel Standards under Consideration.md,True,3,4218,바이오연료수요,상방 우세,3,0,Source Document
21.06_Thailand_Biofuels Annual.pdf,data/raw/USDA/FAS/GAIN/Biofuels/2021/06/21.06_Thailand_Biofuels Annual.pdf,data/raw/USDA/FAS/GAIN/Biofuels/2021/06/Summary/21.06_Thailand_Biofuels Annual.md,True,17,45311,기상이변|바이오연료수요|생산변동|수입관세|재고,중립/혼재,48,41,Gross Domestic Product|Import Volume|Export Volume|Stock-to-Use Ratio|Crude Palm Oil|Source Document
21.07_Brazil_A New Model for the Biodiesel Market.pdf,data/raw/USDA/FAS/GAIN/Biofuels/2021/07/21.07_Brazil_A New Model for the Biodiesel Market.pdf,data/raw/USDA/FAS/GAIN/Biofuels/2021/07/Summary/21.07_Brazil_A New Model for the Biodiesel Market.md,True,5,12269,바이오연료수요|수입관세,상방 우세,7,1,Import Volume|Soybean|Neutral Regime|Source Document
21.07_Canada_Wood Pellets for Heat and Power.pdf,data/raw/USDA/FAS/GAIN/Biofuels/2021/07/21.07_Canada_Wood Pellets for Heat and Power.pdf,data/raw/USDA/FAS/GAIN/Biofuels/2021/07/Summary/21.07_Canada_Wood Pellets for Heat and Power.md,True,7,9509,생산변동|재고,상방 우세,6,1,Import Volume|Export Volume|Source Document
21.07_Philippines_Revised Biofuel Accreditation Rules Issued.pdf,data/raw/USDA/FAS/GAIN/Biofuels/2021/07/21.07_Philippines_Revised Biofuel Accreditation Rules Issued.pdf,data/raw/USDA/FAS/GAIN/Biofuels/2021/07/Summary/21.07_Philippines_Revised Biofuel Accreditation Rules Issued.md,True,2,3026,바이오연료수요,상방 우세,2,0,Source Document
21.08_Argentina_Biofuels Annual.pdf,data/raw/USDA/FAS/GAIN/Biofuels/2021/08/21.08_Argentina_Biofuels Annual.pdf,data/raw/USDA/FAS/GAIN/Biofuels/2021/08/Summary/21.08_Argentina_Biofuels Annual.md,True,22,51874,물류충격|바이오연료수요|수입관세|수출규제|재고,중립/혼재,26,27,Import Volume|Export Volume|Soybean|Soybean Oil|Canola Oil|Import Tariff|Source Document
21.08_Brazil_Biofuels Annual.pdf,data/raw/USDA/FAS/GAIN/Biofuels/2021/08/21.08_Brazil_Biofuels Annual.pdf,data/raw/USDA/FAS/GAIN/Biofuels/2021/08/Summary/21.08_Brazil_Biofuels Annual.md,True,47,68793,바이오연료수요|수입관세|압착|재고,상방 우세,39,24,Import Volume|Export Volume|Production Volume|Soybean|Import Quota|Source Document
21.08_Colombia_Will Not Resume E10 Blend Mandate.pdf,data/raw/USDA/FAS/GAIN/Biofuels/2021/08/21.08_Colombia_Will Not Resume E10 Blend Mandate.pdf,data/raw/USDA/FAS/GAIN/Biofuels/2021/08/Summary/21.08_Colombia_Will Not Resume E10 Blend Mandate.md,True,3,5879,기상이변|바이오연료수요,중립/혼재,10,12,Import Volume|Export Volume|Source Document
21.08_EU_Extends Its Anti-Dumping Duty and Countervailing Duties on Imports of US Biodiesel.pdf,data/raw/USDA/FAS/GAIN/Biofuels/2021/08/21.08_EU_Extends Its Anti-Dumping Duty and Countervailing Duties on Imports of US Biodiesel.pdf,data/raw/USDA/FAS/GAIN/Biofuels/2021/08/Summary/21.08_EU_Extends Its Anti-Dumping Duty and Countervailing Duties on Imports of US Biodiesel.md,True,2,3649,바이오연료수요,하방 우세,0,2,Import Volume|Source Document
21.08_Japan_Publishes Draft 6th Strategic Energy Plan.pdf,data/raw/USDA/FAS/GAIN/Biofuels/2021/08/21.08_Japan_Publishes Draft 6th Strategic Energy Plan.pdf,data/raw/USDA/FAS/GAIN/Biofuels/2021/08/Summary/21.08_Japan_Publishes Draft 6th Strategic Energy Plan.md,True,5,7377,바이오연료수요,상방 우세,4,2,Source Document
21.09_China_Biofuels Annual.pdf,data/raw/USDA/FAS/GAIN/Biofuels/2021/09/21.09_China_Biofuels Annual.pdf,data/raw/USDA/FAS/GAIN/Biofuels/2021/09/Summary/21.09_China_Biofuels Annual.md,True,18,56287,바이오연료수요|수입관세|재고,하방 우세,23,35,Import Volume|Export Volume|Production Volume|Crude Palm Oil|Agricultural Exemption|Source Document|Entity Mention
21.09_Colombia_Decreases its Ethanol Fuel Blend Again.pdf,data/raw/USDA/FAS/GAIN/Biofuels/2021/09/21.09_Colombia_Decreases its Ethanol Fuel Blend Again.pdf,data/raw/USDA/FAS/GAIN/Biofuels/2021/09/Summary/21.09_Colombia_Decreases its Ethanol Fuel Blend Again.md,True,3,5369,바이오연료수요|재고,중립/혼재,8,10,Import Volume|Source Document
21.09_Japan_Opens Public Comment Period for its Proposed 6th Strategic Energy Plan.pdf,data/raw/USDA/FAS/GAIN/Biofuels/2021/09/21.09_Japan_Opens Public Comment Period for its Proposed 6th Strategic Energy Plan.pdf,data/raw/USDA/FAS/GAIN/Biofuels/2021/09/Summary/21.09_Japan_Opens Public Comment Period for its Proposed 6th Strategic Energy Plan.md,True,2,1759,,중립/혼재,0,0,Source Document
21.10_Peru_Biofuels Annual.pdf,data/raw/USDA/FAS/GAIN/Biofuels/2021/10/21.10_Peru_Biofuels Annual.pdf,data/raw/USDA/FAS/GAIN/Biofuels/2021/10/Summary/21.10_Peru_Biofuels Annual.md,True,12,26889,바이오연료수요|수입관세|재고,상방 우세,25,10,Import Volume|Export Volume|Soybean Oil|Crude Palm Oil|Import Tariff|Policy Pivot|Source Document
21.11_Japan_Proposes New JAS Standards for Wood Pellets for Non-Industrial Use.pdf,data/raw/USDA/FAS/GAIN/Biofuels/2021/11/21.11_Japan_Proposes New JAS Standards for Wood Pellets for Non-Industrial Use.pdf,data/raw/USDA/FAS/GAIN/Biofuels/2021/11/Summary/21.11_Japan_Proposes New JAS Standards for Wood Pellets for Non-Industrial Use.md,True,4,3930,,상방 우세,4,0,Import Volume|Source Document
21.12_Australia_Biofuels Annual.pdf,data/raw/USDA/FAS/GAIN/Biofuels/2021/12/21.12_Australia_Biofuels Annual.pdf,data/raw/USDA/FAS/GAIN/Biofuels/2021/12/Summary/21.12_Australia_Biofuels Annual.md,True,18,46120,바이오연료수요|수입관세|재고,하방 우세,24,33,Import Volume|Export Volume|Import Tariff|Subsidy|Source Document|Confidence Score
21.12_China_Decrees 248 and 249 - January 1 Implementation Date.pdf,data/raw/USDA/FAS/GAIN/Biofuels/2021/12/21.12_China_Decrees 248 and 249 - January 1 Implementation Date.pdf,data/raw/USDA/FAS/GAIN/Biofuels/2021/12/Summary/21.12_China_Decrees 248 and 249 - January 1 Implementation Date.md,True,4,9049,,상방 우세,2,0,Import Volume|Export Volume|Effective Date|Source Document
21.12_India_Government Approves Ethanol Procurement Prices for Upcoming Supply Season.pdf,data/raw/USDA/FAS/GAIN/Biofuels/2021/12/21.12_India_Government Approves Ethanol Procurement Prices for Upcoming Supply Season.pdf,data/raw/USDA/FAS/GAIN/Biofuels/2021/12/Summary/21.12_India_Government Approves Ethanol Procurement Prices for Upcoming Supply Season.md,True,4,4705,바이오연료수요,상방 우세,4,2,Source Document
21.12_Japan_Biofuels Annual.pdf,data/raw/USDA/FAS/GAIN/Biofuels/2021/12/21.12_Japan_Biofuels Annual.pdf,data/raw/USDA/FAS/GAIN/Biofuels/2021/12/Summary/21.12_Japan_Biofuels Annual.md,True,21,43666,바이오연료수요|재고,상방 우세,20,10,Import Volume|Export Volume|Production Volume|Crude Palm Oil|Canola Oil|Source Document
21.12_Malaysia_Biofuels Annual.pdf,data/raw/USDA/FAS/GAIN/Biofuels/2021/12/21.12_Malaysia_Biofuels Annual.pdf,data/raw/USDA/FAS/GAIN/Biofuels/2021/12/Summary/21.12_Malaysia_Biofuels Annual.md,True,14,33750,바이오연료수요|재고,상방 우세,23,16,Import Volume|Export Volume|Crude Palm Oil|Brent Crude|Effective Date|Source Document
21.12_Netherlands_Sustainable Marine and Aviation Fuels in Northern Europe.pdf,data/raw/USDA/FAS/GAIN/Biofuels/2021/12/21.12_Netherlands_Sustainable Marine and Aviation Fuels in Northern Europe.pdf,data/raw/USDA/FAS/GAIN/Biofuels/2021/12/Summary/21.12_Netherlands_Sustainable Marine and Aviation Fuels in Northern Europe.md,True,7,17240,,중립/혼재,2,2,Gross Domestic Product|Production Volume|Source Document
21.12_Philippines_Biofuels Annual.pdf,data/raw/USDA/FAS/GAIN/Biofuels/2021/12/21.12_Philippines_Biofuels Annual.pdf,data/raw/USDA/FAS/GAIN/Biofuels/2021/12/Summary/21.12_Philippines_Biofuels Annual.md,True,20,42166,바이오연료수요|수입관세|수출규제|재고,상방 우세,39,15,Import Volume|Export Volume|Crude Palm Oil|Biodiesel Feedstock|Source Document
21.12_Taiwan_Climate Change Overview.pdf,data/raw/USDA/FAS/GAIN/Biofuels/2021/12/21.12_Taiwan_Climate Change Overview.pdf,data/raw/USDA/FAS/GAIN/Biofuels/2021/12/Summary/21.12_Taiwan_Climate Change Overview.md,True,11,16263,기상이변|바이오연료수요|재고,하방 우세,3,10,Import Volume|Export Volume|Source Document
22.01_China_Expiry Review Initiated on AD and CVD for United States Origin DDGS.pdf,data/raw/USDA/FAS/GAIN/Biofuels/2022/01/22.01_China_Expiry Review Initiated on AD and CVD for United States Origin DDGS.pdf,data/raw/USDA/FAS/GAIN/Biofuels/2022/01/Summary/22.01_China_Expiry Review Initiated on AD and CVD for United States Origin DDGS.md,True,4,8573,,중립/혼재,0,0,Source Document
22.02_India_Accelerates Initiatives to Enhance Grain-based Ethanol Productionpdf.pdf,data/raw/USDA/FAS/GAIN/Biofuels/2022/02/22.02_India_Accelerates Initiatives to Enhance Grain-based Ethanol Productionpdf.pdf,data/raw/USDA/FAS/GAIN/Biofuels/2022/02/Summary/22.02_India_Accelerates Initiatives to Enhance Grain-based Ethanol Productionpdf.md,True,3,5213,바이오연료수요,상방 우세,3,2,Import Volume|Source Document
22.03_Brazil_Eliminates Import Tariffs for Ethanol through December of 2022.pdf,data/raw/USDA/FAS/GAIN/Biofuels/2022/03/22.03_Brazil_Eliminates Import Tariffs for Ethanol through December of 2022.pdf,data/raw/USDA/FAS/GAIN/Biofuels/2022/03/Summary/22.03_Brazil_Eliminates Import Tariffs for Ethanol through December of 2022.md,True,4,4255,수입관세,하방 우세,2,7,Export Volume|Neutral Regime|Source Document
22.03_Canada_Biofuels Annual.pdf,data/raw/USDA/FAS/GAIN/Biofuels/2022/03/22.03_Canada_Biofuels Annual.pdf,data/raw/USDA/FAS/GAIN/Biofuels/2022/03/Summary/22.03_Canada_Biofuels Annual.md,True,29,61425,바이오연료수요|재고,상방 우세,45,26,Import Volume|Export Volume|Crop Yield|Production Volume|Subsidy|Source Document|Entity Mention
22.03_Germany_Fuel of the Future Congress Concludes Biofuels are Indispensable for Reaching EU Climate Goals.pdf,data/raw/USDA/FAS/GAIN/Biofuels/2022/03/22.03_Germany_Fuel of the Future Congress Concludes Biofuels are Indispensable for Reaching EU Climate Goals.pdf,data/raw/USDA/FAS/GAIN/Biofuels/2022/03/Summary/22.03_Germany_Fuel of the Future Congress Concludes Biofuels are Indispensable for Reaching EU Climate Goals.md,True,7,15111,바이오연료수요,상방 우세,8,3,Neutral Regime|Source Document
22.03_Philippines_Agricultural Fuel Subsidy Program Announced.pdf,data/raw/USDA/FAS/GAIN/Biofuels/2022/03/22.03_Philippines_Agricultural Fuel Subsidy Program Announced.pdf,data/raw/USDA/FAS/GAIN/Biofuels/2022/03/Summary/22.03_Philippines_Agricultural Fuel Subsidy Program Announced.md,True,3,4600,바이오연료수요,하방 우세,3,4,Source Document
22.04_Netherlands_Government Lays Out New Biomass Policy.pdf,data/raw/USDA/FAS/GAIN/Biofuels/2022/04/22.04_Netherlands_Government Lays Out New Biomass Policy.pdf,data/raw/USDA/FAS/GAIN/Biofuels/2022/04/Summary/22.04_Netherlands_Government Lays Out New Biomass Policy.md,True,3,5284,,상방 우세,1,0,Import Volume|Export Volume|Source Document
22.04_Thailand_Updated Biofuel Situation in 2022.pdf,data/raw/USDA/FAS/GAIN/Biofuels/2022/04/22.04_Thailand_Updated Biofuel Situation in 2022.pdf,data/raw/USDA/FAS/GAIN/Biofuels/2022/04/Summary/22.04_Thailand_Updated Biofuel Situation in 2022.md,True,6,7723,바이오연료수요,상방 우세,8,4,Crude Palm Oil|Brent Crude|Source Document
22.05_China_Agriculture Key Component of Bio-economy Five-Year Plan.pdf,data/raw/USDA/FAS/GAIN/Biofuels/2022/05/22.05_China_Agriculture Key Component of Bio-economy Five-Year Plan.pdf,data/raw/USDA/FAS/GAIN/Biofuels/2022/05/Summary/22.05_China_Agriculture Key Component of Bio-economy Five-Year Plan.md,True,4,10737,바이오연료수요,상방 우세,3,1,Soybean|Source Document
22.05_India_Government Restricts Sugar Exports.pdf,data/raw/USDA/FAS/GAIN/Biofuels/2022/05/22.05_India_Government Restricts Sugar Exports.pdf,data/raw/USDA/FAS/GAIN/Biofuels/2022/05/Summary/22.05_India_Government Restricts Sugar Exports.md,True,3,4449,바이오연료수요|수출규제,하방 우세,1,6,Export Volume|Source Document
22.05_Japan_Government and Industry Partner to Develop SAF Capacity.pdf,data/raw/USDA/FAS/GAIN/Biofuels/2022/05/22.05_Japan_Government and Industry Partner to Develop SAF Capacity.pdf,data/raw/USDA/FAS/GAIN/Biofuels/2022/05/Summary/22.05_Japan_Government and Industry Partner to Develop SAF Capacity.md,True,2,3715,,중립/혼재,0,0,Source Document
22.06_India_Biofuels Annual.pdf,data/raw/USDA/FAS/GAIN/Biofuels/2022/06/22.06_India_Biofuels Annual.pdf,data/raw/USDA/FAS/GAIN/Biofuels/2022/06/Summary/22.06_India_Biofuels Annual.md,True,24,64447,기상이변|물류충격|바이오연료수요|수입관세|수출규제|압착|재고,하방 우세,40,61,Import Volume|Export Volume|Vegetable Oil|Crude Palm Oil|Neutral Regime|Biodiesel Feedstock|Import Tariff|Agricultural Exemption|Source Document
22.06_Spain_Grain Supply Chain Shows Resilience in Challenging Times.pdf,data/raw/USDA/FAS/GAIN/Biofuels/2022/06/22.06_Spain_Grain Supply Chain Shows Resilience in Challenging Times.pdf,data/raw/USDA/FAS/GAIN/Biofuels/2022/06/Summary/22.06_Spain_Grain Supply Chain Shows Resilience in Challenging Times.md,True,9,12315,,하방 우세,5,10,Import Volume|Export Volume|Production Volume|Neutral Regime|Source Document
22.06_Thailand_Biofuels Annual.pdf,data/raw/USDA/FAS/GAIN/Biofuels/2022/06/22.06_Thailand_Biofuels Annual.pdf,data/raw/USDA/FAS/GAIN/Biofuels/2022/06/Summary/22.06_Thailand_Biofuels Annual.md,True,17,48246,기상이변|바이오연료수요|수입관세|재고,중립/혼재,43,48,Gross Domestic Product|Import Volume|Export Volume|Stock-to-Use Ratio|Crude Palm Oil|Brent Crude|Source Document
22.08_Argentina_Biofuels Annual.pdf,data/raw/USDA/FAS/GAIN/Biofuels/2022/08/22.08_Argentina_Biofuels Annual.pdf,data/raw/USDA/FAS/GAIN/Biofuels/2022/08/Summary/22.08_Argentina_Biofuels Annual.md,True,22,53983,물류충격|바이오연료수요|수입관세|수출규제|압착|재고,상방 우세,71,25,Import Volume|Export Volume|Soybean|Soybean Oil|Crude Palm Oil|Neutral Regime|Geopolitical Conflict|Import Tariff|Source Document
22.08_Canada_Biofuels Annual.pdf,data/raw/USDA/FAS/GAIN/Biofuels/2022/08/22.08_Canada_Biofuels Annual.pdf,data/raw/USDA/FAS/GAIN/Biofuels/2022/08/Summary/22.08_Canada_Biofuels Annual.md,True,26,50170,바이오연료수요|생산변동|수출규제|압착|재고,상방 우세,40,18,Inflation|Import Volume|Export Volume|Production Volume|Soybean|Soybean Oil|Crude Palm Oil|Canola Oil|Biodiesel Feedstock|Source Document
22.08_Colombia_Biofuels Annual.pdf,data/raw/USDA/FAS/GAIN/Biofuels/2022/08/22.08_Colombia_Biofuels Annual.pdf,data/raw/USDA/FAS/GAIN/Biofuels/2022/08/Summary/22.08_Colombia_Biofuels Annual.md,True,12,31251,기상이변|물류충격|바이오연료수요|수입관세|재고,중립/혼재,28,36,Gross Domestic Product|ARS per USD|Import Volume|Export Volume|Crude Palm Oil|Source Document
22.09_Brazil_Biofuels Annual.pdf,data/raw/USDA/FAS/GAIN/Biofuels/2022/09/22.09_Brazil_Biofuels Annual.pdf,data/raw/USDA/FAS/GAIN/Biofuels/2022/09/Summary/22.09_Brazil_Biofuels Annual.md,True,42,59760,바이오연료수요|수입관세|압착|재고,상방 우세,41,17,Import Volume|Export Volume|Production Volume|Soybean|Bull Regime|Geopolitical Conflict|Import Tariff|Import Quota|Subsidy|Source Document
22.09_China_Biofuels Annual.pdf,data/raw/USDA/FAS/GAIN/Biofuels/2022/09/22.09_China_Biofuels Annual.pdf,data/raw/USDA/FAS/GAIN/Biofuels/2022/09/Summary/22.09_China_Biofuels Annual.md,True,20,55486,바이오연료수요|수입관세|재고,중립/혼재,27,30,Import Volume|Export Volume|Production Volume|Crude Palm Oil|Brent Crude|Agricultural Exemption|Source Document
22.09_EU_EU Parliament Adopts Negotiating Positions on Deforestation-Free Supply Chains and Renewable Energy.pdf,data/raw/USDA/FAS/GAIN/Biofuels/2022/09/22.09_EU_EU Parliament Adopts Negotiating Positions on Deforestation-Free Supply Chains and Renewable Energy.pdf,data/raw/USDA/FAS/GAIN/Biofuels/2022/09/Summary/22.09_EU_EU Parliament Adopts Negotiating Positions on Deforestation-Free Supply Chains and Renewable Energy.md,True,6,12770,,상방 우세,5,2,Export Volume|Crude Palm Oil|Source Document|Bounding Box
22.09_Japan_Begins Review of its Transport Biofuel Policy.pdf,data/raw/USDA/FAS/GAIN/Biofuels/2022/09/22.09_Japan_Begins Review of its Transport Biofuel Policy.pdf,data/raw/USDA/FAS/GAIN/Biofuels/2022/09/Summary/22.09_Japan_Begins Review of its Transport Biofuel Policy.md,True,2,1837,,중립/혼재,0,0,Source Document
22.10_EU_Oilseeds and Products Update.pdf,data/raw/USDA/FAS/GAIN/Biofuels/2022/10/22.10_EU_Oilseeds and Products Update.pdf,data/raw/USDA/FAS/GAIN/Biofuels/2022/10/Summary/22.10_EU_Oilseeds and Products Update.md,True,18,42334,기상이변|물류충격|생산변동|수출규제|압착|재고,하방 우세,88,137,Import Volume|Export Volume|Production Volume|Soybean|Canola Oil|Geopolitical Conflict|Export Tax|Source Document
22.10_Japan_Opens comment period for its Basic Policy for Promoting Decarbonization of Aviation.pdf,data/raw/USDA/FAS/GAIN/Biofuels/2022/10/22.10_Japan_Opens comment period for its Basic Policy for Promoting Decarbonization of Aviation.pdf,data/raw/USDA/FAS/GAIN/Biofuels/2022/10/Summary/22.10_Japan_Opens comment period for its Basic Policy for Promoting Decarbonization of Aviation.md,True,3,4361,,중립/혼재,0,0,Source Document
22.10_Philippines_Biofuels in the Philippines Renewable Energy Program for the Agriculture and Fisheries Sector.pdf,data/raw/USDA/FAS/GAIN/Biofuels/2022/10/22.10_Philippines_Biofuels in the Philippines Renewable Energy Program for the Agriculture and Fisheries Sector.pdf,data/raw/USDA/FAS/GAIN/Biofuels/2022/10/Summary/22.10_Philippines_Biofuels in the Philippines Renewable Energy Program for the Agriculture and Fisheries Sector.md,True,6,10816,바이오연료수요,상방 우세,21,0,Source Document
22.11_Malaysia_Biofuels Annual.pdf,data/raw/USDA/FAS/GAIN/Biofuels/2022/11/22.11_Malaysia_Biofuels Annual.pdf,data/raw/USDA/FAS/GAIN/Biofuels/2022/11/Summary/22.11_Malaysia_Biofuels Annual.md,True,15,35892,바이오연료수요|재고,상방 우세,30,11,Import Volume|Export Volume|Crude Palm Oil|Brent Crude|Effective Date|Source Document
22.12_Australia_Biofuels Annual.pdf,data/raw/USDA/FAS/GAIN/Biofuels/2022/12/22.12_Australia_Biofuels Annual.pdf,data/raw/USDA/FAS/GAIN/Biofuels/2022/12/Summary/22.12_Australia_Biofuels Annual.md,True,19,52683,바이오연료수요|수입관세|재고,중립/혼재,35,29,Import Volume|Export Volume|Hold Recommendation|Import Tariff|Subsidy|Source Document|Confidence Score
22.12_Japan_Biofuels Annual.pdf,data/raw/USDA/FAS/GAIN/Biofuels/2022/12/22.12_Japan_Biofuels Annual.pdf,data/raw/USDA/FAS/GAIN/Biofuels/2022/12/Summary/22.12_Japan_Biofuels Annual.md,True,19,38250,물류충격|바이오연료수요|재고,하방 우세,9,12,Inflation|Import Volume|Export Volume|Crude Palm Oil|Source Document
22.12_Peru_Biofuels Annual.pdf,data/raw/USDA/FAS/GAIN/Biofuels/2022/12/22.12_Peru_Biofuels Annual.pdf,data/raw/USDA/FAS/GAIN/Biofuels/2022/12/Summary/22.12_Peru_Biofuels Annual.md,True,15,29596,바이오연료수요|수입관세|재고,상방 우세,28,19,Gross Domestic Product|Import Volume|Export Volume|Soybean Oil|Crude Palm Oil|Policy Pivot|Source Document
23.01_Canada_Wood Pellet Annual of 2022.pdf,data/raw/USDA/FAS/GAIN/Biofuels/2023/01/23.01_Canada_Wood Pellet Annual of 2022.pdf,data/raw/USDA/FAS/GAIN/Biofuels/2023/01/Summary/23.01_Canada_Wood Pellet Annual of 2022.md,True,17,25519,재고,중립/혼재,11,9,Import Volume|Export Volume|Source Document|Entity Mention
23.01_Indonesia_To Implement Biodiesel B35 in February.pdf,data/raw/USDA/FAS/GAIN/Biofuels/2023/01/23.01_Indonesia_To Implement Biodiesel B35 in February.pdf,data/raw/USDA/FAS/GAIN/Biofuels/2023/01/Summary/23.01_Indonesia_To Implement Biodiesel B35 in February.md,True,3,3185,바이오연료수요|재고,상방 우세,7,0,Import Volume|Export Volume|Crude Palm Oil|Source Document
23.01_Japan_Invites Comments on Proposed Biofuel Standards.pdf,data/raw/USDA/FAS/GAIN/Biofuels/2023/01/23.01_Japan_Invites Comments on Proposed Biofuel Standards.pdf,data/raw/USDA/FAS/GAIN/Biofuels/2023/01/Summary/23.01_Japan_Invites Comments on Proposed Biofuel Standards.md,True,2,3497,,상방 우세,1,0,Source Document
23.01_Japan_Proposes Default GHG Emission Values for Wood Pellets.pdf,data/raw/USDA/FAS/GAIN/Biofuels/2023/01/23.01_Japan_Proposes Default GHG Emission Values for Wood Pellets.pdf,data/raw/USDA/FAS/GAIN/Biofuels/2023/01/Summary/23.01_Japan_Proposes Default GHG Emission Values for Wood Pellets.md,True,2,3327,,하방 우세,0,1,Crude Palm Oil|Source Document
23.01_Philippines_Flying Green - Sustainable Aviation Fuel.pdf,data/raw/USDA/FAS/GAIN/Biofuels/2023/01/23.01_Philippines_Flying Green - Sustainable Aviation Fuel.pdf,data/raw/USDA/FAS/GAIN/Biofuels/2023/01/Summary/23.01_Philippines_Flying Green - Sustainable Aviation Fuel.md,True,4,9041,바이오연료수요,상방 우세,2,1,Neutral Regime|Source Document
23.01_Philippines_Higher Voluntary Ethanol Blends Considered.pdf,data/raw/USDA/FAS/GAIN/Biofuels/2023/01/23.01_Philippines_Higher Voluntary Ethanol Blends Considered.pdf,data/raw/USDA/FAS/GAIN/Biofuels/2023/01/Summary/23.01_Philippines_Higher Voluntary Ethanol Blends Considered.md,True,3,4678,바이오연료수요,상방 우세,8,2,Import Volume|Source Document
23.02_Japan_Proposes Biofuel Standards for 2023-2027 and Opens Comment Period.pdf,data/raw/USDA/FAS/GAIN/Biofuels/2023/02/23.02_Japan_Proposes Biofuel Standards for 2023-2027 and Opens Comment Period.pdf,data/raw/USDA/FAS/GAIN/Biofuels/2023/02/Summary/23.02_Japan_Proposes Biofuel Standards for 2023-2027 and Opens Comment Period.md,True,3,5077,,상방 우세,1,0,Vegetable Oil|Source Document
23.02_Japan_Translation of Japan's Proposed Biofuel Standards for 2023-2027.pdf,data/raw/USDA/FAS/GAIN/Biofuels/2023/02/23.02_Japan_Translation of Japan's Proposed Biofuel Standards for 2023-2027.pdf,data/raw/USDA/FAS/GAIN/Biofuels/2023/02/Summary/23.02_Japan_Translation of Japan's Proposed Biofuel Standards for 2023-2027.md,True,2,1454,,중립/혼재,0,0,Source Document
23.02_Philippines_MFN Tariff Schedule Opens for Public Comment.pdf,data/raw/USDA/FAS/GAIN/Biofuels/2023/02/23.02_Philippines_MFN Tariff Schedule Opens for Public Comment.pdf,data/raw/USDA/FAS/GAIN/Biofuels/2023/02/Summary/23.02_Philippines_MFN Tariff Schedule Opens for Public Comment.md,True,2,3413,,하방 우세,0,2,Export Volume|Source Document
23.04_Colombia_Continues to Impose Duty on US Ethanol After CVD Expiry Review.pdf,data/raw/USDA/FAS/GAIN/Biofuels/2023/04/23.04_Colombia_Continues to Impose Duty on US Ethanol After CVD Expiry Review.pdf,data/raw/USDA/FAS/GAIN/Biofuels/2023/04/Summary/23.04_Colombia_Continues to Impose Duty on US Ethanol After CVD Expiry Review.md,True,3,3996,,중립/혼재,0,0,Import Volume|Source Document
23.05_Spain_Wood Pellet Market Outlook 2023.pdf,data/raw/USDA/FAS/GAIN/Biofuels/2023/05/23.05_Spain_Wood Pellet Market Outlook 2023.pdf,data/raw/USDA/FAS/GAIN/Biofuels/2023/05/Summary/23.05_Spain_Wood Pellet Market Outlook 2023.md,True,7,13155,재고,상방 우세,10,2,Import Volume|Export Volume|Source Document
23.06_Colombia_Biofuels Annual.pdf,data/raw/USDA/FAS/GAIN/Biofuels/2023/06/23.06_Colombia_Biofuels Annual.pdf,data/raw/USDA/FAS/GAIN/Biofuels/2023/06/Summary/23.06_Colombia_Biofuels Annual.md,True,14,33254,기상이변|바이오연료수요|생산변동|수입관세|재고,상방 우세,34,21,Gross Domestic Product|Import Volume|Export Volume|Crude Palm Oil|Source Document
23.06_India_Biofuels Annual.pdf,data/raw/USDA/FAS/GAIN/Biofuels/2023/06/23.06_India_Biofuels Annual.pdf,data/raw/USDA/FAS/GAIN/Biofuels/2023/06/Summary/23.06_India_Biofuels Annual.md,True,23,60381,물류충격|바이오연료수요|생산변동|수입관세|재고,중립/혼재,39,32,Gross Domestic Product|Import Volume|Export Volume|Production Volume|Vegetable Oil|Crude Palm Oil|Biodiesel Feedstock|Import Tariff|Source Document
23.06_India_METI to Develop a Separate SAF Target.pdf,data/raw/USDA/FAS/GAIN/Biofuels/2023/06/23.06_India_METI to Develop a Separate SAF Target.pdf,data/raw/USDA/FAS/GAIN/Biofuels/2023/06/Summary/23.06_India_METI to Develop a Separate SAF Target.md,True,3,3688,바이오연료수요|수입관세,중립/혼재,0,0,Source Document
23.06_Indonesia_Pertamina Rolls Out E5 Blending in June.pdf,data/raw/USDA/FAS/GAIN/Biofuels/2023/06/23.06_Indonesia_Pertamina Rolls Out E5 Blending in June.pdf,data/raw/USDA/FAS/GAIN/Biofuels/2023/06/Summary/23.06_Indonesia_Pertamina Rolls Out E5 Blending in June.md,True,2,3189,바이오연료수요,상방 우세,2,0,Export Volume|Source Document
23.06_Philippines_Biofuels Annual.pdf,data/raw/USDA/FAS/GAIN/Biofuels/2023/06/23.06_Philippines_Biofuels Annual.pdf,data/raw/USDA/FAS/GAIN/Biofuels/2023/06/Summary/23.06_Philippines_Biofuels Annual.md,True,25,62314,바이오연료수요|수입관세|재고,상방 우세,56,21,Gross Domestic Product|Import Volume|Export Volume|Crude Palm Oil|Import Tariff|Source Document
23.06_Spain_Grain Production Decline to Test Supply Chain Logistics Resilience.pdf,data/raw/USDA/FAS/GAIN/Biofuels/2023/06/23.06_Spain_Grain Production Decline to Test Supply Chain Logistics Resilience.pdf,data/raw/USDA/FAS/GAIN/Biofuels/2023/06/Summary/23.06_Spain_Grain Production Decline to Test Supply Chain Logistics Resilience.md,True,11,19762,기상이변|물류충격|바이오연료수요|생산변동|수입관세|재고,하방 우세,13,41,Import Volume|Export Volume|Heatwave|Soil Moisture Percentile|Marketing Year|Neutral Regime|Source Document
23.06_Thailand_Biofuels Annual.pdf,data/raw/USDA/FAS/GAIN/Biofuels/2023/06/23.06_Thailand_Biofuels Annual.pdf,data/raw/USDA/FAS/GAIN/Biofuels/2023/06/Summary/23.06_Thailand_Biofuels Annual.md,True,17,48273,바이오연료수요|생산변동|수입관세|재고,중립/혼재,48,47,Import Volume|Export Volume|Stock-to-Use Ratio|Crude Palm Oil|Brent Crude|Source Document
23.06_Vietnam_Reduces MFN Tariff Rates on Ethanol.pdf,data/raw/USDA/FAS/GAIN/Biofuels/2023/06/23.06_Vietnam_Reduces MFN Tariff Rates on Ethanol.pdf,data/raw/USDA/FAS/GAIN/Biofuels/2023/06/Summary/23.06_Vietnam_Reduces MFN Tariff Rates on Ethanol.md,True,2,2202,수입관세,하방 우세,0,1,Decree|Source Document
23.07_EU_Biofuel Mandates in the EU by Member State of 2023.pdf,data/raw/USDA/FAS/GAIN/Biofuels/2023/07/23.07_EU_Biofuel Mandates in the EU by Member State of 2023.pdf,data/raw/USDA/FAS/GAIN/Biofuels/2023/07/Summary/23.07_EU_Biofuel Mandates in the EU by Member State of 2023.md,True,31,45975,바이오연료수요,상방 우세,20,5,Import Volume|Soybean Oil|Crude Palm Oil|Neutral Regime|Decree|Source Document
23.08_Argentina_Biofuels Annual.pdf,data/raw/USDA/FAS/GAIN/Biofuels/2023/08/23.08_Argentina_Biofuels Annual.pdf,data/raw/USDA/FAS/GAIN/Biofuels/2023/08/Summary/23.08_Argentina_Biofuels Annual.md,True,22,55088,기상이변|물류충격|바이오연료수요|수입관세|수출규제|압착|재고,중립/혼재,38,40,Import Volume|Export Volume|La Niña|Production Volume|Soybean|Soybean Oil|Crude Palm Oil|Neutral Regime|Import Tariff|Source Document
23.08_Canada_Biofuels Annual.pdf,data/raw/USDA/FAS/GAIN/Biofuels/2023/08/23.08_Canada_Biofuels Annual.pdf,data/raw/USDA/FAS/GAIN/Biofuels/2023/08/Summary/23.08_Canada_Biofuels Annual.md,True,25,49289,물류충격|바이오연료수요|생산변동|압착|재고,상방 우세,41,18,Import Volume|Export Volume|Canola Oil|Biodiesel Feedstock|Subsidy|Source Document
23.08_EU_Biofuels Annual.pdf,data/raw/USDA/FAS/GAIN/Biofuels/2023/08/23.08_EU_Biofuels Annual.pdf,data/raw/USDA/FAS/GAIN/Biofuels/2023/08/Summary/23.08_EU_Biofuels Annual.md,True,44,67593,물류충격|바이오연료수요|생산변동|수입관세|재고,상방 우세,69,48,Inflation|Import Volume|Export Volume|Soybean|Soybean Oil|Crude Palm Oil|Canola Oil|Neutral Regime|Geopolitical Conflict|Subsidy|Agricultural Exemption|Source Document
23.08_Japan_Biomass Annual of 2023.pdf,data/raw/USDA/FAS/GAIN/Biofuels/2023/08/23.08_Japan_Biomass Annual of 2023.pdf,data/raw/USDA/FAS/GAIN/Biofuels/2023/08/Summary/23.08_Japan_Biomass Annual of 2023.md,True,10,17560,,상방 우세,12,4,Import Volume|Export Volume|Production Volume|Crude Palm Oil|Source Document
23.09_Brazil_Biofuels Annual.pdf,data/raw/USDA/FAS/GAIN/Biofuels/2023/09/23.09_Brazil_Biofuels Annual.pdf,data/raw/USDA/FAS/GAIN/Biofuels/2023/09/Summary/23.09_Brazil_Biofuels Annual.md,True,37,57872,기상이변|바이오연료수요|수입관세|압착|재고,상방 우세,52,17,Inflation|Import Volume|Export Volume|Production Volume|Soybean|Geopolitical Conflict|Import Tariff|Import Quota|Subsidy|Source Document
23.09_Indonesia_Biofuels Annual.pdf,data/raw/USDA/FAS/GAIN/Biofuels/2023/09/23.09_Indonesia_Biofuels Annual.pdf,data/raw/USDA/FAS/GAIN/Biofuels/2023/09/Summary/23.09_Indonesia_Biofuels Annual.md,True,21,45777,바이오연료수요|수입관세|수출규제|재고,중립/혼재,21,19,Gross Domestic Product|Import Volume|Export Volume|Production Volume|Crude Palm Oil|Biodiesel Blend Mandate|Policy Pivot|Source Document
23.10_China_Biofuels Annual.pdf,data/raw/USDA/FAS/GAIN/Biofuels/2023/10/23.10_China_Biofuels Annual.pdf,data/raw/USDA/FAS/GAIN/Biofuels/2023/10/Summary/23.10_China_Biofuels Annual.md,True,26,65445,기상이변|바이오연료수요|수입관세|수출규제|재고,하방 우세,29,43,Import Volume|Export Volume|Production Volume|Crude Palm Oil|Brent Crude|Agricultural Exemption|Source Document
23.11_Canada_Acknowledges that US feedstocks are in compliance with Land Use and Biodiversity Criteria under the Clean Fuel Regulation.pdf,data/raw/USDA/FAS/GAIN/Biofuels/2023/11/23.11_Canada_Acknowledges that US feedstocks are in compliance with Land Use and Biodiversity Criteria under the Clean Fuel Regulation.pdf,data/raw/USDA/FAS/GAIN/Biofuels/2023/11/Summary/23.11_Canada_Acknowledges that US feedstocks are in compliance with Land Use and Biodiversity Criteria under the Clean Fuel Regulation.md,True,2,3699,바이오연료수요,중립/혼재,0,0,Export Volume|Biodiesel Feedstock|Source Document
23.11_India_The Rise of Electric Vehicles.pdf,data/raw/USDA/FAS/GAIN/Biofuels/2023/11/23.11_India_The Rise of Electric Vehicles.pdf,data/raw/USDA/FAS/GAIN/Biofuels/2023/11/Summary/23.11_India_The Rise of Electric Vehicles.md,True,4,4882,,상방 우세,7,4,Source Document
23.11_Peru_Biofuels Annual.pdf,data/raw/USDA/FAS/GAIN/Biofuels/2023/11/23.11_Peru_Biofuels Annual.pdf,data/raw/USDA/FAS/GAIN/Biofuels/2023/11/Summary/23.11_Peru_Biofuels Annual.md,True,14,27922,바이오연료수요|수입관세|재고,상방 우세,26,8,Import Volume|Export Volume|Soybean Oil|Crude Palm Oil|Policy Pivot|Source Document
23.12_Japan_Biofuels Annual.pdf,data/raw/USDA/FAS/GAIN/Biofuels/2023/12/23.12_Japan_Biofuels Annual.pdf,data/raw/USDA/FAS/GAIN/Biofuels/2023/12/Summary/23.12_Japan_Biofuels Annual.md,True,18,39293,물류충격|바이오연료수요|수입관세|재고,중립/혼재,17,16,Inflation|Import Volume|Export Volume|Production Volume|Crude Palm Oil|Source Document
23.12_Malaysia_Biofuels Annual.pdf,data/raw/USDA/FAS/GAIN/Biofuels/2023/12/23.12_Malaysia_Biofuels Annual.pdf,data/raw/USDA/FAS/GAIN/Biofuels/2023/12/Summary/23.12_Malaysia_Biofuels Annual.md,True,14,32306,바이오연료수요|수입관세|수출규제|재고,상방 우세,12,4,Import Volume|Export Volume|Crude Palm Oil|Source Document
24.01_Argentina_Approves GM Yeasts to Improve Bioethanol Production.pdf,data/raw/USDA/FAS/GAIN/Biofuels/2024/01/24.01_Argentina_Approves GM Yeasts to Improve Bioethanol Production.pdf,data/raw/USDA/FAS/GAIN/Biofuels/2024/01/Summary/24.01_Argentina_Approves GM Yeasts to Improve Bioethanol Production.md,True,2,2560,,상방 우세,2,1,Source Document
24.03_China_NEA Announcement of Biodiesel Promotion Pilot Programs.pdf,data/raw/USDA/FAS/GAIN/Biofuels/2024/03/24.03_China_NEA Announcement of Biodiesel Promotion Pilot Programs.pdf,data/raw/USDA/FAS/GAIN/Biofuels/2024/03/Summary/24.03_China_NEA Announcement of Biodiesel Promotion Pilot Programs.md,True,3,6037,바이오연료수요,상방 우세,4,0,Source Document
24.03_South Korea_Vegetable Oil Market Overview.pdf,data/raw/USDA/FAS/GAIN/Biofuels/2024/03/24.03_South Korea_Vegetable Oil Market Overview.pdf,data/raw/USDA/FAS/GAIN/Biofuels/2024/03/Summary/24.03_South Korea_Vegetable Oil Market Overview.md,True,18,38398,물류충격|바이오연료수요|수입관세|압착,하방 우세,23,31,Import Volume|Export Volume|Soybean|Vegetable Oil|Crude Palm Oil|Canola Oil|Neutral Regime|Biodiesel Feedstock|Import Tariff|Source Document
24.04_Denmark_Markets for Wood Chips in Northwestern Europe.pdf,data/raw/USDA/FAS/GAIN/Biofuels/2024/04/24.04_Denmark_Markets for Wood Chips in Northwestern Europe.pdf,data/raw/USDA/FAS/GAIN/Biofuels/2024/04/Summary/24.04_Denmark_Markets for Wood Chips in Northwestern Europe.md,True,8,16594,,중립/혼재,4,5,Import Volume|Export Volume|Production Volume|Neutral Regime|Source Document
24.05_China_Pilot Projects on Biomass-Based Diesel Announced.pdf,data/raw/USDA/FAS/GAIN/Biofuels/2024/05/24.05_China_Pilot Projects on Biomass-Based Diesel Announced.pdf,data/raw/USDA/FAS/GAIN/Biofuels/2024/05/Summary/24.05_China_Pilot Projects on Biomass-Based Diesel Announced.md,True,4,5414,바이오연료수요,상방 우세,4,0,Source Document|Confidence Score
24.05_Philippines_Biofuels Annual.pdf,data/raw/USDA/FAS/GAIN/Biofuels/2024/05/24.05_Philippines_Biofuels Annual.pdf,data/raw/USDA/FAS/GAIN/Biofuels/2024/05/Summary/24.05_Philippines_Biofuels Annual.md,True,22,57918,바이오연료수요|수입관세|재고,상방 우세,52,16,Gross Domestic Product|Import Volume|Export Volume|Crude Palm Oil|Geopolitical Conflict|Source Document
24.05_Philippines_Set to Roll Out Higher Biofuels Blends.pdf,data/raw/USDA/FAS/GAIN/Biofuels/2024/05/24.05_Philippines_Set to Roll Out Higher Biofuels Blends.pdf,data/raw/USDA/FAS/GAIN/Biofuels/2024/05/Summary/24.05_Philippines_Set to Roll Out Higher Biofuels Blends.md,True,3,4518,바이오연료수요,상방 우세,6,4,Source Document
24.06_EU_Biofuel Mandates in the EU by Member State of 2024.pdf,data/raw/USDA/FAS/GAIN/Biofuels/2024/06/24.06_EU_Biofuel Mandates in the EU by Member State of 2024.pdf,data/raw/USDA/FAS/GAIN/Biofuels/2024/06/Summary/24.06_EU_Biofuel Mandates in the EU by Member State of 2024.md,True,34,44173,바이오연료수요,상방 우세,11,4,Import Volume|Soybean Oil|Crude Palm Oil|Neutral Regime|Decree|Source Document
24.07_Colombia_Biofuels Annual.pdf,data/raw/USDA/FAS/GAIN/Biofuels/2024/07/24.07_Colombia_Biofuels Annual.pdf,data/raw/USDA/FAS/GAIN/Biofuels/2024/07/Summary/24.07_Colombia_Biofuels Annual.md,True,15,38381,기상이변|바이오연료수요|생산변동|수입관세|압착|재고,상방 우세,41,19,Gross Domestic Product|Import Volume|Export Volume|Crude Palm Oil|Bear Regime|Source Document
24.07_India_Biofuels Annual.pdf,data/raw/USDA/FAS/GAIN/Biofuels/2024/07/24.07_India_Biofuels Annual.pdf,data/raw/USDA/FAS/GAIN/Biofuels/2024/07/Summary/24.07_India_Biofuels Annual.md,True,23,67498,물류충격|바이오연료수요|생산변동|수입관세|수출규제|재고,중립/혼재,50,51,Gross Domestic Product|Import Volume|Export Volume|Production Volume|Vegetable Oil|Crude Palm Oil|Biodiesel Feedstock|Import Tariff|Export Tax|Source Document
24.07_Japan_To Develop SAF Standards.pdf,data/raw/USDA/FAS/GAIN/Biofuels/2024/07/24.07_Japan_To Develop SAF Standards.pdf,data/raw/USDA/FAS/GAIN/Biofuels/2024/07/Summary/24.07_Japan_To Develop SAF Standards.md,True,3,4096,바이오연료수요,상방 우세,3,0,Source Document
24.07_Thailand_Biofuels Annual.pdf,data/raw/USDA/FAS/GAIN/Biofuels/2024/07/24.07_Thailand_Biofuels Annual.pdf,data/raw/USDA/FAS/GAIN/Biofuels/2024/07/Summary/24.07_Thailand_Biofuels Annual.md,True,19,47364,기상이변|물류충격|바이오연료수요|생산변동|수입관세|재고,상방 우세,52,37,Import Volume|Export Volume|Production Volume|Stock-to-Use Ratio|Crude Palm Oil|Source Document
24.08_Argentina_Biofuels Annual.pdf,data/raw/USDA/FAS/GAIN/Biofuels/2024/08/24.08_Argentina_Biofuels Annual.pdf,data/raw/USDA/FAS/GAIN/Biofuels/2024/08/Summary/24.08_Argentina_Biofuels Annual.md,True,20,56647,기상이변|물류충격|바이오연료수요|수입관세|수출규제|압착|재고,중립/혼재,46,36,Import Volume|Export Volume|Production Volume|Soybean|Soybean Oil|Neutral Regime|Import Tariff|Source Document
24.08_Brazil_Biofuels Annual.pdf,data/raw/USDA/FAS/GAIN/Biofuels/2024/08/24.08_Brazil_Biofuels Annual.pdf,data/raw/USDA/FAS/GAIN/Biofuels/2024/08/Summary/24.08_Brazil_Biofuels Annual.md,True,48,56617,물류충격|바이오연료수요|수입관세|재고,상방 우세,22,14,Import Volume|Marketing Year|Soybean|Crude Palm Oil|Import Quota|Source Document
24.08_Canada_Rail Stoppage Begins.pdf,data/raw/USDA/FAS/GAIN/Biofuels/2024/08/24.08_Canada_Rail Stoppage Begins.pdf,data/raw/USDA/FAS/GAIN/Biofuels/2024/08/Summary/24.08_Canada_Rail Stoppage Begins.md,True,5,7518,바이오연료수요,상방 우세,3,1,Export Volume|Soybean|Source Document
24.08_China_Biofuels Annual.pdf,data/raw/USDA/FAS/GAIN/Biofuels/2024/08/24.08_China_Biofuels Annual.pdf,data/raw/USDA/FAS/GAIN/Biofuels/2024/08/Summary/24.08_China_Biofuels Annual.md,True,31,67557,기상이변|바이오연료수요|수입관세|수출규제|재고,중립/혼재,33,39,Import Volume|Export Volume|Production Volume|Crude Palm Oil|Canola Oil|Subsidy|Agricultural Exemption|Source Document|Confidence Score
24.08_EU_Biofuels Annual.pdf,data/raw/USDA/FAS/GAIN/Biofuels/2024/08/24.08_EU_Biofuels Annual.pdf,data/raw/USDA/FAS/GAIN/Biofuels/2024/08/Summary/24.08_EU_Biofuels Annual.md,True,43,69081,바이오연료수요|생산변동|수입관세|재고,상방 우세,76,46,Inflation|Import Volume|Export Volume|Soybean|Crude Palm Oil|Canola Oil|Neutral Regime|Geopolitical Conflict|Subsidy|Source Document
24.10_Brazil_Foreign Trade Chamber Rejects the Request to Remove Ethanol Import Tariff.pdf,data/raw/USDA/FAS/GAIN/Biofuels/2024/10/24.10_Brazil_Foreign Trade Chamber Rejects the Request to Remove Ethanol Import Tariff.pdf,data/raw/USDA/FAS/GAIN/Biofuels/2024/10/Summary/24.10_Brazil_Foreign Trade Chamber Rejects the Request to Remove Ethanol Import Tariff.md,True,3,3911,수입관세,하방 우세,0,1,Import Volume|Source Document
24.10_Indonesia_Biofuels Annual.pdf,data/raw/USDA/FAS/GAIN/Biofuels/2024/10/24.10_Indonesia_Biofuels Annual.pdf,data/raw/USDA/FAS/GAIN/Biofuels/2024/10/Summary/24.10_Indonesia_Biofuels Annual.md,True,24,50417,기상이변|바이오연료수요|수입관세|수출규제|재고,상방 우세,35,24,Gross Domestic Product|Import Volume|Export Volume|Marketing Year|Vegetable Oil|Crude Palm Oil|Biodiesel Blend Mandate|Source Document
24.10_Indonesia_Simplifies Palm Oil Export Levies in Response to Decreasing CPO Exports.pdf,data/raw/USDA/FAS/GAIN/Biofuels/2024/10/24.10_Indonesia_Simplifies Palm Oil Export Levies in Response to Decreasing CPO Exports.pdf,data/raw/USDA/FAS/GAIN/Biofuels/2024/10/Summary/24.10_Indonesia_Simplifies Palm Oil Export Levies in Response to Decreasing CPO Exports.md,True,3,3980,바이오연료수요|수출규제,상방 우세,4,3,Export Volume|Vegetable Oil|Crude Palm Oil|Source Document
24.10_Philippines_Implements Higher Biodiesel Blend.pdf,data/raw/USDA/FAS/GAIN/Biofuels/2024/10/24.10_Philippines_Implements Higher Biodiesel Blend.pdf,data/raw/USDA/FAS/GAIN/Biofuels/2024/10/Summary/24.10_Philippines_Implements Higher Biodiesel Blend.md,True,3,4112,바이오연료수요,상방 우세,10,1,Source Document
24.11_Canada_Port of Montreal Labor Strike.pdf,data/raw/USDA/FAS/GAIN/Biofuels/2024/11/24.11_Canada_Port of Montreal Labor Strike.pdf,data/raw/USDA/FAS/GAIN/Biofuels/2024/11/Summary/24.11_Canada_Port of Montreal Labor Strike.md,True,3,4275,,중립/혼재,0,0,Export Volume|Soybean|Source Document
24.11_China_UCO Export Tax Rebate Terminated.pdf,data/raw/USDA/FAS/GAIN/Biofuels/2024/11/24.11_China_UCO Export Tax Rebate Terminated.pdf,data/raw/USDA/FAS/GAIN/Biofuels/2024/11/Summary/24.11_China_UCO Export Tax Rebate Terminated.md,True,4,8140,바이오연료수요|수출규제,상방 우세,5,3,Import Volume|Export Volume|Crude Palm Oil|Neutral Regime|Policy Pivot|Source Document
24.11_Finland_United States Tall Oil Exports to the Nordics Surge.pdf,data/raw/USDA/FAS/GAIN/Biofuels/2024/11/24.11_Finland_United States Tall Oil Exports to the Nordics Surge.pdf,data/raw/USDA/FAS/GAIN/Biofuels/2024/11/Summary/24.11_Finland_United States Tall Oil Exports to the Nordics Surge.md,True,6,9658,바이오연료수요,상방 우세,10,5,Import Volume|Export Volume|Crude Palm Oil|Source Document
24.11_Japan_Biofuels Annual.pdf,data/raw/USDA/FAS/GAIN/Biofuels/2024/11/24.11_Japan_Biofuels Annual.pdf,data/raw/USDA/FAS/GAIN/Biofuels/2024/11/Summary/24.11_Japan_Biofuels Annual.md,True,22,54166,물류충격|바이오연료수요|재고,중립/혼재,25,24,Inflation|Import Volume|Export Volume|Crude Palm Oil|Route Diversion|Source Document
24.11_Malaysia_Biofuels Annual.pdf,data/raw/USDA/FAS/GAIN/Biofuels/2024/11/24.11_Malaysia_Biofuels Annual.pdf,data/raw/USDA/FAS/GAIN/Biofuels/2024/11/Summary/24.11_Malaysia_Biofuels Annual.md,True,12,25583,바이오연료수요|수입관세|수출규제|재고,상방 우세,16,12,Gross Domestic Product|Import Volume|Export Volume|Crude Palm Oil|Export Tax|Source Document
24.12_Canada_Biofuels Annual.pdf,data/raw/USDA/FAS/GAIN/Biofuels/2024/12/24.12_Canada_Biofuels Annual.pdf,data/raw/USDA/FAS/GAIN/Biofuels/2024/12/Summary/24.12_Canada_Biofuels Annual.md,True,23,54332,바이오연료수요|생산변동|재고,상방 우세,38,23,Import Volume|Export Volume|Production Volume|Soybean Oil|Crude Palm Oil|Canola Oil|Renewable Volume Obligation|Subsidy|Source Document|Entity Mention
24.12_Peru_Biofuels Annual.pdf,data/raw/USDA/FAS/GAIN/Biofuels/2024/12/24.12_Peru_Biofuels Annual.pdf,data/raw/USDA/FAS/GAIN/Biofuels/2024/12/Summary/24.12_Peru_Biofuels Annual.md,True,14,28879,바이오연료수요|수입관세|재고,상방 우세,27,17,Import Volume|Export Volume|Soybean|Soybean Oil|Crude Palm Oil|Policy Pivot|Source Document
25.01_U.K_Sustainable Aviation Fuel.pdf,data/raw/USDA/FAS/GAIN/Biofuels/2025/01/25.01_U.K_Sustainable Aviation Fuel.pdf,data/raw/USDA/FAS/GAIN/Biofuels/2025/01/Summary/25.01_U.K_Sustainable Aviation Fuel.md,True,6,13907,바이오연료수요,상방 우세,8,6,Gross Domestic Product|Import Volume|Source Document
25.01_Vietnam_Issues Directive to Accelerate Solutions for the Use of Biofuels.pdf,data/raw/USDA/FAS/GAIN/Biofuels/2025/01/25.01_Vietnam_Issues Directive to Accelerate Solutions for the Use of Biofuels.pdf,data/raw/USDA/FAS/GAIN/Biofuels/2025/01/Summary/25.01_Vietnam_Issues Directive to Accelerate Solutions for the Use of Biofuels.md,True,2,2178,바이오연료수요,중립/혼재,0,0,Source Document
25.02_Indonesia_After a Decade Indonesia is Updating Its Biofuel Roadmap.pdf,data/raw/USDA/FAS/GAIN/Biofuels/2025/02/25.02_Indonesia_After a Decade Indonesia is Updating Its Biofuel Roadmap.pdf,data/raw/USDA/FAS/GAIN/Biofuels/2025/02/Summary/25.02_Indonesia_After a Decade Indonesia is Updating Its Biofuel Roadmap.md,True,3,4648,바이오연료수요,상방 우세,3,1,Import Volume|Biodiesel Feedstock|Source Document
25.02_Indonesia_Curbing Palm Waste Exports - Discouraging CPO Mixture Practices.pdf,data/raw/USDA/FAS/GAIN/Biofuels/2025/02/25.02_Indonesia_Curbing Palm Waste Exports - Discouraging CPO Mixture Practices.pdf,data/raw/USDA/FAS/GAIN/Biofuels/2025/02/Summary/25.02_Indonesia_Curbing Palm Waste Exports - Discouraging CPO Mixture Practices.md,True,3,4337,바이오연료수요,상방 우세,5,3,Export Volume|Crude Palm Oil|Neutral Regime|Source Document
25.02_Philippines_Amends Policy and Allows Expansion of Fuel Ethanol Capacity.pdf,data/raw/USDA/FAS/GAIN/Biofuels/2025/02/25.02_Philippines_Amends Policy and Allows Expansion of Fuel Ethanol Capacity.pdf,data/raw/USDA/FAS/GAIN/Biofuels/2025/02/Summary/25.02_Philippines_Amends Policy and Allows Expansion of Fuel Ethanol Capacity.md,True,2,2665,,중립/혼재,0,0,Source Document
25.03_China_UCO Trade Update.pdf,data/raw/USDA/FAS/GAIN/Biofuels/2025/03/25.03_China_UCO Trade Update.pdf,data/raw/USDA/FAS/GAIN/Biofuels/2025/03/Summary/25.03_China_UCO Trade Update.md,True,2,3717,수출규제,상방 우세,8,5,Export Volume|Source Document|Confidence Score
25.04_Vietnam_Eliminates and Reduces MFN Import Tariff Rates on Select Agricultural Products.pdf,data/raw/USDA/FAS/GAIN/Biofuels/2025/04/25.04_Vietnam_Eliminates and Reduces MFN Import Tariff Rates on Select Agricultural Products.pdf,data/raw/USDA/FAS/GAIN/Biofuels/2025/04/Summary/25.04_Vietnam_Eliminates and Reduces MFN Import Tariff Rates on Select Agricultural Products.md,True,2,2428,수입관세,중립/혼재,0,0,Source Document
25.05_Indonesia_Raises Palm Exports Levy.pdf,data/raw/USDA/FAS/GAIN/Biofuels/2025/05/25.05_Indonesia_Raises Palm Exports Levy.pdf,data/raw/USDA/FAS/GAIN/Biofuels/2025/05/Summary/25.05_Indonesia_Raises Palm Exports Levy.md,True,3,3549,바이오연료수요,상방 우세,7,1,Export Volume|Crude Palm Oil|Source Document
25.05_Taiwan_Wood Pellets Market Update.pdf,data/raw/USDA/FAS/GAIN/Biofuels/2025/05/25.05_Taiwan_Wood Pellets Market Update.pdf,data/raw/USDA/FAS/GAIN/Biofuels/2025/05/Summary/25.05_Taiwan_Wood Pellets Market Update.md,True,6,9816,,중립/혼재,6,5,Import Volume|Production Volume|Source Document
25.05_Vietnam_MOIT Restructured Regarding Ethanol Blended Gasoline Regulatory Issue.pdf,data/raw/USDA/FAS/GAIN/Biofuels/2025/05/25.05_Vietnam_MOIT Restructured Regarding Ethanol Blended Gasoline Regulatory Issue.pdf,data/raw/USDA/FAS/GAIN/Biofuels/2025/05/Summary/25.05_Vietnam_MOIT Restructured Regarding Ethanol Blended Gasoline Regulatory Issue.md,True,2,3252,바이오연료수요,중립/혼재,1,1,Source Document
25.06_India_Biofuels Annual.pdf,data/raw/USDA/FAS/GAIN/Biofuels/2025/06/25.06_India_Biofuels Annual.pdf,data/raw/USDA/FAS/GAIN/Biofuels/2025/06/Summary/25.06_India_Biofuels Annual.md,True,27,64867,기상이변|물류충격|바이오연료수요|수입관세|수출규제|재고,상방 우세,57,23,Gross Domestic Product|Import Volume|Export Volume|Production Volume|Marketing Year|Vegetable Oil|Crude Palm Oil|Neutral Regime|B20|Import Tariff|Export Tax|Source Document
25.06_Japan_Action Plan to Introduce E10 and E20.pdf,data/raw/USDA/FAS/GAIN/Biofuels/2025/06/25.06_Japan_Action Plan to Introduce E10 and E20.pdf,data/raw/USDA/FAS/GAIN/Biofuels/2025/06/Summary/25.06_Japan_Action Plan to Introduce E10 and E20.md,True,3,4642,바이오연료수요,상방 우세,4,0,Neutral Regime|Source Document
25.06_Peru_Biofuels Annual.pdf,data/raw/USDA/FAS/GAIN/Biofuels/2025/06/25.06_Peru_Biofuels Annual.pdf,data/raw/USDA/FAS/GAIN/Biofuels/2025/06/Summary/25.06_Peru_Biofuels Annual.md,True,16,37534,물류충격|바이오연료수요|수입관세|수출규제|재고,상방 우세,31,16,Import Volume|Export Volume|Production Volume|Soybean|Soybean Oil|Crude Palm Oil|Import Tariff|Source Document|Confidence Score
25.06_Philippines_Biofuels Annual.pdf,data/raw/USDA/FAS/GAIN/Biofuels/2025/06/25.06_Philippines_Biofuels Annual.pdf,data/raw/USDA/FAS/GAIN/Biofuels/2025/06/Summary/25.06_Philippines_Biofuels Annual.md,True,24,61070,바이오연료수요|수입관세|재고,상방 우세,40,12,Import Volume|Export Volume|Crude Palm Oil|Geopolitical Conflict|Import Tariff|Source Document
25.07_Colombia_Biofuels Annual.pdf,data/raw/USDA/FAS/GAIN/Biofuels/2025/07/25.07_Colombia_Biofuels Annual.pdf,data/raw/USDA/FAS/GAIN/Biofuels/2025/07/Summary/25.07_Colombia_Biofuels Annual.md,True,15,42460,기상이변|바이오연료수요|생산변동|수입관세|재고,상방 우세,35,17,Gross Domestic Product|Import Volume|Export Volume|Production Volume|Crude Palm Oil|Bear Regime|Source Document
25.08_Canada_Ontario Announces Domestic Biobased Content Requirements for Diesel Fuel and Gasoline.pdf,data/raw/USDA/FAS/GAIN/Biofuels/2025/08/25.08_Canada_Ontario Announces Domestic Biobased Content Requirements for Diesel Fuel and Gasoline.pdf,data/raw/USDA/FAS/GAIN/Biofuels/2025/08/Summary/25.08_Canada_Ontario Announces Domestic Biobased Content Requirements for Diesel Fuel and Gasoline.md,True,5,10782,바이오연료수요,하방 우세,6,10,Import Volume|Export Volume|Subsidy|Source Document
25.08_China_Biofuels Annual.pdf,data/raw/USDA/FAS/GAIN/Biofuels/2025/08/25.08_China_Biofuels Annual.pdf,data/raw/USDA/FAS/GAIN/Biofuels/2025/08/Summary/25.08_China_Biofuels Annual.md,True,43,63867,기상이변|바이오연료수요|수입관세|수출규제|재고,상방 우세,37,27,Import Volume|Export Volume|Production Volume|Crude Palm Oil|Subsidy|Source Document|Confidence Score
25.08_EU_Biofuels Annual.pdf,data/raw/USDA/FAS/GAIN/Biofuels/2025/08/25.08_EU_Biofuels Annual.pdf,data/raw/USDA/FAS/GAIN/Biofuels/2025/08/Summary/25.08_EU_Biofuels Annual.md,True,42,68689,기상이변|바이오연료수요|생산변동|수입관세|재고,상방 우세,60,29,Gross Domestic Product|Import Volume|Export Volume|Production Volume|Crude Palm Oil|Canola Oil|Neutral Regime|Geopolitical Conflict|Subsidy|Source Document
25.08_Indonesia_Biofuels Annual.pdf,data/raw/USDA/FAS/GAIN/Biofuels/2025/08/25.08_Indonesia_Biofuels Annual.pdf,data/raw/USDA/FAS/GAIN/Biofuels/2025/08/Summary/25.08_Indonesia_Biofuels Annual.md,True,24,53779,바이오연료수요|수입관세|재고,상방 우세,29,19,Gross Domestic Product|Import Volume|Export Volume|Production Volume|Crude Palm Oil|Biodiesel Blend Mandate|Import Tariff|Source Document
25.08_Japan_Raises Carbon Intensity Value for Gasoline and Reduction Target.pdf,data/raw/USDA/FAS/GAIN/Biofuels/2025/08/25.08_Japan_Raises Carbon Intensity Value for Gasoline and Reduction Target.pdf,data/raw/USDA/FAS/GAIN/Biofuels/2025/08/Summary/25.08_Japan_Raises Carbon Intensity Value for Gasoline and Reduction Target.md,True,3,2403,,상방 우세,3,0,Source Document
25.08_Philippines_Suspends Implementation of B4 and B5 Mandates.pdf,data/raw/USDA/FAS/GAIN/Biofuels/2025/08/25.08_Philippines_Suspends Implementation of B4 and B5 Mandates.pdf,data/raw/USDA/FAS/GAIN/Biofuels/2025/08/Summary/25.08_Philippines_Suspends Implementation of B4 and B5 Mandates.md,True,2,1931,바이오연료수요,상방 우세,2,0,Source Document
25.09_Argentina_Biofuels Annual.pdf,data/raw/USDA/FAS/GAIN/Biofuels/2025/09/25.09_Argentina_Biofuels Annual.pdf,data/raw/USDA/FAS/GAIN/Biofuels/2025/09/Summary/25.09_Argentina_Biofuels Annual.md,True,22,56797,기상이변|물류충격|바이오연료수요|수입관세|수출규제|압착|재고,중립/혼재,35,29,Import Volume|Export Volume|Production Volume|Marketing Year|Soybean|Soybean Oil|Neutral Regime|Import Tariff|Source Document
25.09_Brazil_Biofuels Annual.pdf,data/raw/USDA/FAS/GAIN/Biofuels/2025/09/25.09_Brazil_Biofuels Annual.pdf,data/raw/USDA/FAS/GAIN/Biofuels/2025/09/Summary/25.09_Brazil_Biofuels Annual.md,True,60,56363,물류충격|바이오연료수요|수입관세,상방 우세,33,13,Gross Domestic Product|Import Volume|Export Volume|Soybean|Soybean Oil|Crude Palm Oil|Source Document
25.11_Vietnam_Issues Plan to Expand Ethanol Blending.pdf,data/raw/USDA/FAS/GAIN/Biofuels/2025/11/25.11_Vietnam_Issues Plan to Expand Ethanol Blending.pdf,data/raw/USDA/FAS/GAIN/Biofuels/2025/11/Summary/25.11_Vietnam_Issues Plan to Expand Ethanol Blending.md,True,2,2451,바이오연료수요,중립/혼재,0,0,Source Document
25.12_Japan_Biofuels Annual.pdf,data/raw/USDA/FAS/GAIN/Biofuels/2025/12/25.12_Japan_Biofuels Annual.pdf,data/raw/USDA/FAS/GAIN/Biofuels/2025/12/Summary/25.12_Japan_Biofuels Annual.md,True,26,60123,물류충격|바이오연료수요|재고,중립/혼재,27,24,Inflation|Import Volume|Export Volume|Source Document|Confidence Score
26.01_Brazil_Brazilian Production of Distillers Dried Grains and Distillers Dried Grains with Solubles.pdf,data/raw/USDA/FAS/GAIN/Biofuels/2026/01/26.01_Brazil_Brazilian Production of Distillers Dried Grains and Distillers Dried Grains with Solubles.pdf,data/raw/USDA/FAS/GAIN/Biofuels/2026/01/Summary/26.01_Brazil_Brazilian Production of Distillers Dried Grains and Distillers Dried Grains with Solubles.md,True,10,15328,바이오연료수요,상방 우세,9,2,Import Volume|Export Volume|Production Volume|Marketing Year|Source Document
26.01_EU_Biofuel Mandates in the EU by Member State - 2025.pdf,data/raw/USDA/FAS/GAIN/Biofuels/2026/01/26.01_EU_Biofuel Mandates in the EU by Member State - 2025.pdf,data/raw/USDA/FAS/GAIN/Biofuels/2026/01/Summary/26.01_EU_Biofuel Mandates in the EU by Member State - 2025.md,True,34,46039,바이오연료수요|재고,상방 우세,10,6,Import Volume|Soybean Oil|Crude Palm Oil|Neutral Regime|Decree|Source Document
26.01_Mexico_Newly Enacted Laws and Regulations Governing Biofuels Development in Mexico in 2025.pdf,data/raw/USDA/FAS/GAIN/Biofuels/2026/01/26.01_Mexico_Newly Enacted Laws and Regulations Governing Biofuels Development in Mexico in 2025.pdf,data/raw/USDA/FAS/GAIN/Biofuels/2026/01/Summary/26.01_Mexico_Newly Enacted Laws and Regulations Governing Biofuels Development in Mexico in 2025.md,True,4,9931,바이오연료수요,하방 우세,2,3,Import Volume|Export Volume|Source Document
26.01_Taiwan_Biofuels Report 2026.pdf,data/raw/USDA/FAS/GAIN/Biofuels/2026/01/26.01_Taiwan_Biofuels Report 2026.pdf,data/raw/USDA/FAS/GAIN/Biofuels/2026/01/Summary/26.01_Taiwan_Biofuels Report 2026.md,True,15,35975,바이오연료수요|생산변동|수입관세|수출규제|재고,중립/혼재,11,9,Import Volume|Export Volume|Neutral Regime|Source Document|Confidence Score
26.02_Canada_Biofuels Annual.pdf,data/raw/USDA/FAS/GAIN/Biofuels/2026/02/26.02_Canada_Biofuels Annual.pdf,data/raw/USDA/FAS/GAIN/Biofuels/2026/02/Summary/26.02_Canada_Biofuels Annual.md,True,31,61596,바이오연료수요|생산변동|수입관세|수출규제|재고,중립/혼재,38,33,Import Volume|Export Volume|Production Volume|Crude Palm Oil|Renewable Volume Obligation|Subsidy|Source Document
26.02_India_Biofuels Market - Opportunities and Challenges in a Changing Energy and Agricultural Landscape.pdf,data/raw/USDA/FAS/GAIN/Biofuels/2026/02/26.02_India_Biofuels Market - Opportunities and Challenges in a Changing Energy and Agricultural Landscape.pdf,data/raw/USDA/FAS/GAIN/Biofuels/2026/02/Summary/26.02_India_Biofuels Market - Opportunities and Challenges in a Changing Energy and Agricultural Landscape.md,True,9,21991,기상이변|바이오연료수요,중립/혼재,20,17,Import Volume|Export Volume|Production Volume|Marketing Year|Soybean|B20|Source Document
26.03_Germany_RED III Implementation Hot Topic at Fuels of the Future 2026.pdf,data/raw/USDA/FAS/GAIN/Biofuels/2026/03/26.03_Germany_RED III Implementation Hot Topic at Fuels of the Future 2026.pdf,data/raw/USDA/FAS/GAIN/Biofuels/2026/03/Summary/26.03_Germany_RED III Implementation Hot Topic at Fuels of the Future 2026.md,True,4,8156,바이오연료수요,상방 우세,4,1,Source Document
26.04_EU_To Phase Out the Use of Soy-based Biofuels.pdf,data/raw/USDA/FAS/GAIN/Biofuels/2026/04/26.04_EU_To Phase Out the Use of Soy-based Biofuels.pdf,data/raw/USDA/FAS/GAIN/Biofuels/2026/04/Summary/26.04_EU_To Phase Out the Use of Soy-based Biofuels.md,True,3,4331,바이오연료수요,하방 우세,1,2,Soybean|Crude Palm Oil|Source Document
26.04_Malaysia_Biofuels Annual.pdf,data/raw/USDA/FAS/GAIN/Biofuels/2026/04/26.04_Malaysia_Biofuels Annual.pdf,data/raw/USDA/FAS/GAIN/Biofuels/2026/04/Summary/26.04_Malaysia_Biofuels Annual.md,True,14,32964,물류충격|바이오연료수요|수입관세|수출규제|재고,상방 우세,30,5,Import Volume|Export Volume|Production Volume|Crude Palm Oil|Import Tariff|Export Tax|Source Document
26.04_UK_Biofuels Annual.pdf,data/raw/USDA/FAS/GAIN/Biofuels/2026/04/26.04_UK_Biofuels Annual.pdf,data/raw/USDA/FAS/GAIN/Biofuels/2026/04/Summary/26.04_UK_Biofuels Annual.md,True,18,45152,바이오연료수요|수입관세|수출규제,상방 우세,39,19,Import Volume|Export Volume|Vegetable Oil|Crude Palm Oil|Canola Oil|Source Document
26.05_Netherlands_US Biofuels Exports to the Netherlands Surge - New Markets Arise.pdf,data/raw/USDA/FAS/GAIN/Biofuels/2026/05/26.05_Netherlands_US Biofuels Exports to the Netherlands Surge - New Markets Arise.pdf,data/raw/USDA/FAS/GAIN/Biofuels/2026/05/Summary/26.05_Netherlands_US Biofuels Exports to the Netherlands Surge - New Markets Arise.md,True,3,6465,바이오연료수요,상방 우세,3,2,Import Volume|Export Volume|Crude Palm Oil|Source Document
26.06_Japan_Proposed GHG Emission Values for Ethanol Derived from Additional Feedstocks.pdf,data/raw/USDA/FAS/GAIN/Biofuels/2026/06/26.06_Japan_Proposed GHG Emission Values for Ethanol Derived from Additional Feedstocks.pdf,data/raw/USDA/FAS/GAIN/Biofuels/2026/06/Summary/26.06_Japan_Proposed GHG Emission Values for Ethanol Derived from Additional Feedstocks.md,True,5,9490,,상방 우세,5,1,Import Volume|Source Document
26.06_Taiwan_Revises National Standards for Automotive Unleaded Gasoline and Denatured Fuel Ethanol.pdf,data/raw/USDA/FAS/GAIN/Biofuels/2026/26.06_Taiwan_Revises National Standards for Automotive Unleaded Gasoline and Denatured Fuel Ethanol.pdf,data/raw/USDA/FAS/GAIN/Biofuels/2026/Summary/26.06_Taiwan_Revises National Standards for Automotive Unleaded Gasoline and Denatured Fuel Ethanol.md,True,3,4055,,중립/혼재,0,0,Source Document
26.07_EU_Biofuel Mandates in the EU by Member State.pdf,data/raw/USDA/FAS/GAIN/Biofuels/2026/26.07_EU_Biofuel Mandates in the EU by Member State.pdf,data/raw/USDA/FAS/GAIN/Biofuels/2026/Summary/26.07_EU_Biofuel Mandates in the EU by Member State.md,True,35,49695,바이오연료수요|재고,상방 우세,17,11,Import Volume|Soybean|Soybean Oil|Crude Palm Oil|Neutral Regime|Decree|Source Document
26.07_EU_Biofuels Annual.pdf,data/raw/USDA/FAS/GAIN/Biofuels/2026/26.07_EU_Biofuels Annual.pdf,data/raw/USDA/FAS/GAIN/Biofuels/2026/Summary/26.07_EU_Biofuels Annual.md,True,43,67429,기상이변|물류충격|바이오연료수요|생산변동|수입관세|재고,상방 우세,58,23,Import Volume|Export Volume|Production Volume|Soybean|Crude Palm Oil|Canola Oil|Neutral Regime|Geopolitical Conflict|Subsidy|Source Document
26.07_India_Biofuels Annual.pdf,data/raw/USDA/FAS/GAIN/Biofuels/2026/26.07_India_Biofuels Annual.pdf,data/raw/USDA/FAS/GAIN/Biofuels/2026/Summary/26.07_India_Biofuels Annual.md,True,30,63202,물류충격|바이오연료수요|생산변동|수입관세|수출규제|재고,상방 우세,68,36,Gross Domestic Product|Import Volume|Export Volume|Production Volume|Marketing Year|Soybean|Vegetable Oil|Crude Palm Oil|Neutral Regime|Import Tariff|Export Tax|Agricultural Exemption
26.07_Philippines_Biofuels Annual.pdf,data/raw/USDA/FAS/GAIN/Biofuels/2026/26.07_Philippines_Biofuels Annual.pdf,data/raw/USDA/FAS/GAIN/Biofuels/2026/Summary/26.07_Philippines_Biofuels Annual.md,True,23,63113,바이오연료수요|수입관세|재고,상방 우세,39,22,Import Volume|Export Volume|Crude Palm Oil|Biodiesel Feedstock|Geopolitical Conflict|Import Tariff|Policy Pivot|Source Document|Bounding Box
26.07_Vietnam_Biofuels.pdf,data/raw/USDA/FAS/GAIN/Biofuels/2026/26.07_Vietnam_Biofuels.pdf,data/raw/USDA/FAS/GAIN/Biofuels/2026/Summary/26.07_Vietnam_Biofuels.md,True,25,41857,물류충격|바이오연료수요|수입관세|압착|재고,상방 우세,14,5,Import Volume|Export Volume|Production Volume|Soybean|Soybean Oil|Crude Palm Oil|Neutral Regime|Import Tariff|Decree|Source Document
10.01_Russian Federation_Soybean Meal Import Duty Fixed at 5 Percent.pdf,data/raw/USDA/FAS/GAIN/Oilseeds/2010/01/10.01_Russian Federation_Soybean Meal Import Duty Fixed at 5 Percent.pdf,data/raw/USDA/FAS/GAIN/Oilseeds/2010/01/Summary/10.01_Russian Federation_Soybean Meal Import Duty Fixed at 5 Percent.md,True,4,5352,수입관세|압착,상방 우세,1,0,Import Volume|Soybean|Import Tariff|Source Document
10.01_Thailand_Soybean TRQ Allocation is Effective Now.pdf,data/raw/USDA/FAS/GAIN/Oilseeds/2010/01/10.01_Thailand_Soybean TRQ Allocation is Effective Now.pdf,data/raw/USDA/FAS/GAIN/Oilseeds/2010/01/Summary/10.01_Thailand_Soybean TRQ Allocation is Effective Now.md,True,2,1300,,중립/혼재,0,0,Import Volume|Soybean|Source Document
10.01_Venezuela_Priority Food Products and Import Certification.pdf,data/raw/USDA/FAS/GAIN/Oilseeds/2010/01/10.01_Venezuela_Priority Food Products and Import Certification.pdf,data/raw/USDA/FAS/GAIN/Oilseeds/2010/01/Summary/10.01_Venezuela_Priority Food Products and Import Certification.md,True,2,2361,,중립/혼재,1,1,Source Document
10.02_China_Oilseeds and Products Annual.pdf,data/raw/USDA/FAS/GAIN/Oilseeds/2010/02/10.02_China_Oilseeds and Products Annual.pdf,data/raw/USDA/FAS/GAIN/Oilseeds/2010/02/Summary/10.02_China_Oilseeds and Products Annual.md,True,49,60055,기상이변|바이오연료수요|생산변동|수입관세|압착|재고,상방 우세,46,27,Gross Domestic Product|Import Volume|Export Volume|Harvested Area|Production Volume|Soybean|Crude Palm Oil|Canola Oil|Bear Regime|Neutral Regime|Source Document
10.02_Malaysia_Oilseeds and Products Update Jan.pdf,data/raw/USDA/FAS/GAIN/Oilseeds/2010/02/10.02_Malaysia_Oilseeds and Products Update Jan.pdf,data/raw/USDA/FAS/GAIN/Oilseeds/2010/02/Summary/10.02_Malaysia_Oilseeds and Products Update Jan.md,True,7,5149,,하방 우세,4,8,Import Volume|Export Volume|Production Volume|Crude Palm Oil|Source Document
10.02_Peru_Oilseeds and Products Annual.pdf,data/raw/USDA/FAS/GAIN/Oilseeds/2010/02/10.02_Peru_Oilseeds and Products Annual.pdf,data/raw/USDA/FAS/GAIN/Oilseeds/2010/02/Summary/10.02_Peru_Oilseeds and Products Annual.md,True,10,15993,기상이변|수입관세|압착|재고,하방 우세,7,10,Import Volume|Export Volume|Soybean|Soybean Oil|Neutral Regime|Source Document
10.02_Senegal_New Senegalese Peanut Export Policy.pdf,data/raw/USDA/FAS/GAIN/Oilseeds/2010/02/10.02_Senegal_New Senegalese Peanut Export Policy.pdf,data/raw/USDA/FAS/GAIN/Oilseeds/2010/02/Summary/10.02_Senegal_New Senegalese Peanut Export Policy.md,True,3,4049,,중립/혼재,6,5,Import Volume|Export Volume|Production Volume|Source Document
10.02_Tunisia_Oilseeds and Products Annual.pdf,data/raw/USDA/FAS/GAIN/Oilseeds/2010/02/10.02_Tunisia_Oilseeds and Products Annual.pdf,data/raw/USDA/FAS/GAIN/Oilseeds/2010/02/Summary/10.02_Tunisia_Oilseeds and Products Annual.md,True,12,22014,수입관세|압착|재고,하방 우세,10,30,Import Volume|Export Volume|Harvested Area|Soybean|Vegetable Oil|Crude Palm Oil|Canola Oil|Neutral Regime|Source Document
10.03_EU_New EU Aflatoxin Levels and Sampling Plan.pdf,data/raw/USDA/FAS/GAIN/Oilseeds/2010/03/10.03_EU_New EU Aflatoxin Levels and Sampling Plan.pdf,data/raw/USDA/FAS/GAIN/Oilseeds/2010/03/Summary/10.03_EU_New EU Aflatoxin Levels and Sampling Plan.md,True,4,6957,압착,상방 우세,8,0,Import Volume|Export Volume|Source Document
10.03_Indonesia_Oilseeds and Products Annual.pdf,data/raw/USDA/FAS/GAIN/Oilseeds/2010/03/10.03_Indonesia_Oilseeds and Products Annual.pdf,data/raw/USDA/FAS/GAIN/Oilseeds/2010/03/Summary/10.03_Indonesia_Oilseeds and Products Annual.md,True,28,28117,기상이변|바이오연료수요|수출규제|압착|재고,상방 우세,21,3,Import Volume|Export Volume|Harvested Area|Soybean|Crude Palm Oil|Source Document
10.03_Malaysia_Oilseeds and Products Annual.pdf,data/raw/USDA/FAS/GAIN/Oilseeds/2010/03/10.03_Malaysia_Oilseeds and Products Annual.pdf,data/raw/USDA/FAS/GAIN/Oilseeds/2010/03/Summary/10.03_Malaysia_Oilseeds and Products Annual.md,True,24,38740,기상이변|바이오연료수요|수입관세|수출규제|압착|재고,상방 우세,47,11,Gross Domestic Product|Import Volume|Export Volume|Harvested Area|Production Volume|Soybean|Soybean Oil|Crude Palm Oil|Source Document
10.03_South Africa_Oilseeds and Products Annual.pdf,data/raw/USDA/FAS/GAIN/Oilseeds/2010/03/10.03_South Africa_Oilseeds and Products Annual.pdf,data/raw/USDA/FAS/GAIN/Oilseeds/2010/03/Summary/10.03_South Africa_Oilseeds and Products Annual.md,True,19,31542,바이오연료수요|수입관세|압착|재고,하방 우세,32,122,Import Volume|Export Volume|Harvested Area|Soybean|Crude Palm Oil|Import Tariff|Source Document
10.03_Turkey_Oilseeds and Products Annual.pdf,data/raw/USDA/FAS/GAIN/Oilseeds/2010/03/10.03_Turkey_Oilseeds and Products Annual.pdf,data/raw/USDA/FAS/GAIN/Oilseeds/2010/03/Summary/10.03_Turkey_Oilseeds and Products Annual.md,True,20,47836,기상이변|물류충격|바이오연료수요|생산변동|수입관세|압착|재고,중립/혼재,88,112,Import Volume|Export Volume|Heatwave|Harvested Area|Production Volume|Crushing Volume|Soybean|Soybean Oil|Neutral Regime|Import Tariff|Import Quota|Source Document
10.03_Ukraine_Oilseeds and Products Annual.pdf,data/raw/USDA/FAS/GAIN/Oilseeds/2010/03/10.03_Ukraine_Oilseeds and Products Annual.pdf,data/raw/USDA/FAS/GAIN/Oilseeds/2010/03/Summary/10.03_Ukraine_Oilseeds and Products Annual.md,True,29,36856,물류충격|바이오연료수요|생산변동|수출규제|압착|재고,하방 우세,33,125,Import Volume|Export Volume|Harvested Area|Crushing Volume|Crude Palm Oil|Canola Oil|Export Tax|Source Document
10.03_Uzbekistan_Oilseeds and Products Annual.pdf,data/raw/USDA/FAS/GAIN/Oilseeds/2010/03/10.03_Uzbekistan_Oilseeds and Products Annual.pdf,data/raw/USDA/FAS/GAIN/Oilseeds/2010/03/Summary/10.03_Uzbekistan_Oilseeds and Products Annual.md,True,10,20297,바이오연료수요|생산변동|압착|재고,하방 우세,10,25,Import Volume|Export Volume|Harvested Area|Soybean|Source Document
10.04_Argentina_Oilseeds and Products Annual.pdf,data/raw/USDA/FAS/GAIN/Oilseeds/2010/04/10.04_Argentina_Oilseeds and Products Annual.pdf,data/raw/USDA/FAS/GAIN/Oilseeds/2010/04/Summary/10.04_Argentina_Oilseeds and Products Annual.md,True,15,31367,기상이변|물류충격|바이오연료수요|수출규제|압착|재고,하방 우세,47,71,Import Volume|Export Volume|Soil Moisture Percentile|Harvested Area|Production Volume|Crushing Volume|Soybean|Soybean Oil|Crude Palm Oil|Source Document
10.04_Brazil_Oilseeds and Products Annual.pdf,data/raw/USDA/FAS/GAIN/Oilseeds/2010/04/10.04_Brazil_Oilseeds and Products Annual.pdf,data/raw/USDA/FAS/GAIN/Oilseeds/2010/04/Summary/10.04_Brazil_Oilseeds and Products Annual.md,True,20,26395,기상이변|바이오연료수요|압착|재고,상방 우세,29,7,Import Volume|Export Volume|Harvested Area|Soybean|Source Document
10.04_Canada_Oilseeds and Products Annual.pdf,data/raw/USDA/FAS/GAIN/Oilseeds/2010/04/10.04_Canada_Oilseeds and Products Annual.pdf,data/raw/USDA/FAS/GAIN/Oilseeds/2010/04/Summary/10.04_Canada_Oilseeds and Products Annual.md,True,23,34541,압착|재고,상방 우세,49,27,Import Volume|Export Volume|Soil Moisture Percentile|Harvested Area|Crushing Volume|Soybean|Source Document
10.04_Dominican Republic_Oilseeds and Products Annual.pdf,data/raw/USDA/FAS/GAIN/Oilseeds/2010/04/10.04_Dominican Republic_Oilseeds and Products Annual.pdf,data/raw/USDA/FAS/GAIN/Oilseeds/2010/04/Summary/10.04_Dominican Republic_Oilseeds and Products Annual.md,True,8,13058,압착|재고,하방 우세,7,18,Import Volume|Export Volume|Soybean|Vegetable Oil|Crude Palm Oil|Canola Oil|Source Document
10.04_EU_Oilseeds and Products Annual.pdf,data/raw/USDA/FAS/GAIN/Oilseeds/2010/04/10.04_EU_Oilseeds and Products Annual.pdf,data/raw/USDA/FAS/GAIN/Oilseeds/2010/04/Summary/10.04_EU_Oilseeds and Products Annual.md,True,33,50286,바이오연료수요|수입관세|압착|재고,중립/혼재,83,84,Import Volume|Export Volume|Soil Moisture Percentile|Harvested Area|Production Volume|Crushing Volume|Soybean|Crude Palm Oil|Canola Oil|Source Document
10.04_India_Oilseeds and Products Annual.pdf,data/raw/USDA/FAS/GAIN/Oilseeds/2010/04/10.04_India_Oilseeds and Products Annual.pdf,data/raw/USDA/FAS/GAIN/Oilseeds/2010/04/Summary/10.04_India_Oilseeds and Products Annual.md,True,24,45506,물류충격|바이오연료수요|수입관세|압착|재고,하방 우세,28,43,Import Volume|Export Volume|Harvested Area|Production Volume|Soybean|Soybean Oil|Crude Soybean Oil|Vegetable Oil|Crude Palm Oil|Canola Oil|Sunflower Oil|Import Tariff
10.04_India_Oilseeds and Products Update.pdf,data/raw/USDA/FAS/GAIN/Oilseeds/2010/04/10.04_India_Oilseeds and Products Update.pdf,data/raw/USDA/FAS/GAIN/Oilseeds/2010/04/Summary/10.04_India_Oilseeds and Products Update.md,True,11,15837,수입관세|압착|재고,하방 우세,4,19,Import Volume|Export Volume|Soil Moisture Percentile|Harvested Area|Production Volume|Soybean Oil|Vegetable Oil|Crude Palm Oil|Sunflower Oil|Import Tariff|Source Document
10.04_Japan_Amended PSD table for Oilseed and Products Annual.pdf,data/raw/USDA/FAS/GAIN/Oilseeds/2010/04/10.04_Japan_Amended PSD table for Oilseed and Products Annual.pdf,data/raw/USDA/FAS/GAIN/Oilseeds/2010/04/Summary/10.04_Japan_Amended PSD table for Oilseed and Products Annual.md,True,3,3143,압착|재고,하방 우세,0,2,Import Volume|Export Volume|Harvested Area|Source Document
10.04_Japan_Oilseeds and Products Annual.pdf,data/raw/USDA/FAS/GAIN/Oilseeds/2010/04/10.04_Japan_Oilseeds and Products Annual.pdf,data/raw/USDA/FAS/GAIN/Oilseeds/2010/04/Summary/10.04_Japan_Oilseeds and Products Annual.md,True,19,26766,생산변동|수입관세|압착|재고,중립/혼재,15,17,Import Volume|Export Volume|Harvested Area|Soybean|Crude Palm Oil|Canola Oil|Source Document
10.04_Mexico_Oilseeds and Products Annual.pdf,data/raw/USDA/FAS/GAIN/Oilseeds/2010/04/10.04_Mexico_Oilseeds and Products Annual.pdf,data/raw/USDA/FAS/GAIN/Oilseeds/2010/04/Summary/10.04_Mexico_Oilseeds and Products Annual.md,True,19,48262,물류충격|생산변동|압착|재고,중립/혼재,70,55,Import Volume|Export Volume|Harvested Area|Production Volume|Soybean|Canola Oil|Bull Regime|Bear Regime|Neutral Regime|Source Document
10.04_Paraguay_Oilseeds and Products Annual.pdf,data/raw/USDA/FAS/GAIN/Oilseeds/2010/04/10.04_Paraguay_Oilseeds and Products Annual.pdf,data/raw/USDA/FAS/GAIN/Oilseeds/2010/04/Summary/10.04_Paraguay_Oilseeds and Products Annual.md,True,10,16350,기상이변|바이오연료수요|수출규제|압착|재고,하방 우세,14,44,Import Volume|Export Volume|Harvested Area|Production Volume|Soybean|Soybean Oil|Neutral Regime|Source Document
10.04_Russian Federation_Oilseeds and Products Annual.pdf,data/raw/USDA/FAS/GAIN/Oilseeds/2010/04/10.04_Russian Federation_Oilseeds and Products Annual.pdf,data/raw/USDA/FAS/GAIN/Oilseeds/2010/04/Summary/10.04_Russian Federation_Oilseeds and Products Annual.md,True,27,37869,생산변동|수입관세|수출규제|압착|재고,하방 우세,34,74,Import Volume|Export Volume|Harvested Area|Soybean|Crude Palm Oil|Canola Oil|Import Tariff|Export Tax|Source Document
10.04_South Korea_Oilseeds and Products Annual.pdf,data/raw/USDA/FAS/GAIN/Oilseeds/2010/04/10.04_South Korea_Oilseeds and Products Annual.pdf,data/raw/USDA/FAS/GAIN/Oilseeds/2010/04/Summary/10.04_South Korea_Oilseeds and Products Annual.md,True,31,35050,바이오연료수요|수입관세|압착|재고,중립/혼재,16,14,Import Volume|Export Volume|Harvested Area|Soybean|Crude Palm Oil|Canola Oil|Neutral Regime|Import Tariff|Source Document
10.04_Taiwan_Oilseeds and Products Annual.pdf,data/raw/USDA/FAS/GAIN/Oilseeds/2010/04/10.04_Taiwan_Oilseeds and Products Annual.pdf,data/raw/USDA/FAS/GAIN/Oilseeds/2010/04/Summary/10.04_Taiwan_Oilseeds and Products Annual.md,True,15,30166,바이오연료수요|압착|재고,하방 우세,17,25,Import Volume|Export Volume|Soybean|Vegetable Oil|Crude Palm Oil|Source Document|Confidence Score
10.04_Thailand_Oilseeds and Products Annual.pdf,data/raw/USDA/FAS/GAIN/Oilseeds/2010/04/10.04_Thailand_Oilseeds and Products Annual.pdf,data/raw/USDA/FAS/GAIN/Oilseeds/2010/04/Summary/10.04_Thailand_Oilseeds and Products Annual.md,True,10,20580,기상이변|물류충격|압착|재고,상방 우세,29,14,Import Volume|Export Volume|Harvested Area|Soybean|Crude Palm Oil|Neutral Regime|Source Document
10.04_Uruguay_Oilseeds and Products Annual.pdf,data/raw/USDA/FAS/GAIN/Oilseeds/2010/04/10.04_Uruguay_Oilseeds and Products Annual.pdf,data/raw/USDA/FAS/GAIN/Oilseeds/2010/04/Summary/10.04_Uruguay_Oilseeds and Products Annual.md,True,9,13462,바이오연료수요|수출규제|압착|재고,중립/혼재,23,22,Import Volume|Export Volume|Harvested Area|Production Volume|Crushing Volume|Soybean|Soybean Oil|Crude Soybean Oil|Source Document
10.04_Vietnam_Oilseeds and Products Annual.pdf,data/raw/USDA/FAS/GAIN/Oilseeds/2010/04/10.04_Vietnam_Oilseeds and Products Annual.pdf,data/raw/USDA/FAS/GAIN/Oilseeds/2010/04/Summary/10.04_Vietnam_Oilseeds and Products Annual.md,True,21,37099,물류충격|수입관세|압착|재고,중립/혼재,22,24,Import Volume|Export Volume|Harvested Area|Production Volume|Soybean|Soybean Oil|Crude Soybean Oil|Crude Palm Oil|Neutral Regime|Import Tariff|Source Document
10.05_Australia_Ag DownUnder - Issue 2.pdf,data/raw/USDA/FAS/GAIN/Oilseeds/2010/05/10.05_Australia_Ag DownUnder - Issue 2.pdf,data/raw/USDA/FAS/GAIN/Oilseeds/2010/05/Summary/10.05_Australia_Ag DownUnder - Issue 2.md,True,4,8063,기상이변|재고,상방 우세,17,3,Import Volume|Export Volume|Source Document|Confidence Score
10.05_Austria_First Hailstorm in 2010 Causes Damage on More than 6000 Hectares.pdf,data/raw/USDA/FAS/GAIN/Oilseeds/2010/05/10.05_Austria_First Hailstorm in 2010 Causes Damage on More than 6000 Hectares.pdf,data/raw/USDA/FAS/GAIN/Oilseeds/2010/05/Summary/10.05_Austria_First Hailstorm in 2010 Causes Damage on More than 6000 Hectares.md,True,2,1995,,하방 우세,2,4,Source Document
10.05_Egypt_Oilseeds and Products Annual.pdf,data/raw/USDA/FAS/GAIN/Oilseeds/2010/05/10.05_Egypt_Oilseeds and Products Annual.pdf,data/raw/USDA/FAS/GAIN/Oilseeds/2010/05/Summary/10.05_Egypt_Oilseeds and Products Annual.md,True,11,17975,생산변동|수입관세|압착|재고,중립/혼재,26,26,Import Volume|Export Volume|Harvested Area|Soybean|Soybean Oil|Crude Palm Oil|Cost and Freight|Import Tariff|Source Document
10.05_France_First Generation Biofuels Gain Credibility- Next Generation Projects.pdf,data/raw/USDA/FAS/GAIN/Oilseeds/2010/05/10.05_France_First Generation Biofuels Gain Credibility- Next Generation Projects.pdf,data/raw/USDA/FAS/GAIN/Oilseeds/2010/05/Summary/10.05_France_First Generation Biofuels Gain Credibility- Next Generation Projects.md,True,6,12861,바이오연료수요,상방 우세,6,3,Production Volume|Neutral Regime|Source Document
10.05_Israel_Oilseeds and Products Annual.pdf,data/raw/USDA/FAS/GAIN/Oilseeds/2010/05/10.05_Israel_Oilseeds and Products Annual.pdf,data/raw/USDA/FAS/GAIN/Oilseeds/2010/05/Summary/10.05_Israel_Oilseeds and Products Annual.md,True,22,31875,압착|재고,하방 우세,53,88,Import Volume|Export Volume|Soybean|Soybean Oil|Crude Palm Oil|Import Tariff|Source Document
10.05_Philippines_Oilseeds and Products Annual.pdf,data/raw/USDA/FAS/GAIN/Oilseeds/2010/05/10.05_Philippines_Oilseeds and Products Annual.pdf,data/raw/USDA/FAS/GAIN/Oilseeds/2010/05/Summary/10.05_Philippines_Oilseeds and Products Annual.md,True,12,25928,기상이변|바이오연료수요|생산변동|수입관세|압착|재고,중립/혼재,48,45,Import Volume|Export Volume|Heatwave|Harvested Area|Production Volume|Soybean|Vegetable Oil|Hold Recommendation|Import Tariff|Source Document
10.06_Australia_Ag DownUnder - Issue 3.pdf,data/raw/USDA/FAS/GAIN/Oilseeds/2010/06/10.06_Australia_Ag DownUnder - Issue 3.pdf,data/raw/USDA/FAS/GAIN/Oilseeds/2010/06/Summary/10.06_Australia_Ag DownUnder - Issue 3.md,True,3,5883,생산변동,하방 우세,5,13,Import Volume|Export Volume|Source Document
10.06_Australia_Canola Production Forecast to Jump in 2010-11.pdf,data/raw/USDA/FAS/GAIN/Oilseeds/2010/06/10.06_Australia_Canola Production Forecast to Jump in 2010-11.pdf,data/raw/USDA/FAS/GAIN/Oilseeds/2010/06/Summary/10.06_Australia_Canola Production Forecast to Jump in 2010-11.md,True,3,3945,생산변동,상방 우세,6,0,Import Volume|Export Volume|Source Document
10.06_Czech Republic_Mainly Spring Crops Destroyed by Extreme Rains.pdf,data/raw/USDA/FAS/GAIN/Oilseeds/2010/06/10.06_Czech Republic_Mainly Spring Crops Destroyed by Extreme Rains.pdf,data/raw/USDA/FAS/GAIN/Oilseeds/2010/06/Summary/10.06_Czech Republic_Mainly Spring Crops Destroyed by Extreme Rains.md,True,3,2967,,하방 우세,2,8,Source Document
10.06_Malaysia_Oilseeds and Products Update.pdf,data/raw/USDA/FAS/GAIN/Oilseeds/2010/06/10.06_Malaysia_Oilseeds and Products Update.pdf,data/raw/USDA/FAS/GAIN/Oilseeds/2010/06/Summary/10.06_Malaysia_Oilseeds and Products Update.md,True,6,5503,기상이변|재고,하방 우세,4,13,Import Volume|Export Volume|Production Volume|Crude Palm Oil|Source Document
10.06_Poland_Floods destroy specialty crops - Wisla River back to flood stage.pdf,data/raw/USDA/FAS/GAIN/Oilseeds/2010/06/10.06_Poland_Floods destroy specialty crops - Wisla River back to flood stage.pdf,data/raw/USDA/FAS/GAIN/Oilseeds/2010/06/Summary/10.06_Poland_Floods destroy specialty crops - Wisla River back to flood stage.md,True,7,8750,,하방 우세,8,12,Import Volume|Production Volume|Neutral Regime|Hold Recommendation|Source Document
10.06_Russian Federation_Producers and Processors Agreed on Minimum Sunseed Prices in MY 2010.pdf,data/raw/USDA/FAS/GAIN/Oilseeds/2010/06/10.06_Russian Federation_Producers and Processors Agreed on Minimum Sunseed Prices in MY 2010.pdf,data/raw/USDA/FAS/GAIN/Oilseeds/2010/06/Summary/10.06_Russian Federation_Producers and Processors Agreed on Minimum Sunseed Prices in MY 2010.md,True,4,6032,수출규제|압착|재고,하방 우세,2,23,Import Volume|Export Volume|Harvested Area|Soybean|Source Document|Entity Mention
10.07_Australia_Ag DownUnder - Issue 5.pdf,data/raw/USDA/FAS/GAIN/Oilseeds/2010/07/10.07_Australia_Ag DownUnder - Issue 5.pdf,data/raw/USDA/FAS/GAIN/Oilseeds/2010/07/Summary/10.07_Australia_Ag DownUnder - Issue 5.md,True,4,10209,기상이변|생산변동,상방 우세,4,2,Export Volume|Production Volume|Source Document
10.07_Italy_Olive Oil Update.pdf,data/raw/USDA/FAS/GAIN/Oilseeds/2010/07/10.07_Italy_Olive Oil Update.pdf,data/raw/USDA/FAS/GAIN/Oilseeds/2010/07/Summary/10.07_Italy_Olive Oil Update.md,True,5,9086,재고,하방 우세,4,6,Import Volume|Export Volume|Source Document
10.07_Pakistan_Oilseeds and Products Annual.pdf,data/raw/USDA/FAS/GAIN/Oilseeds/2010/07/10.07_Pakistan_Oilseeds and Products Annual.pdf,data/raw/USDA/FAS/GAIN/Oilseeds/2010/07/Summary/10.07_Pakistan_Oilseeds and Products Annual.md,True,13,28110,물류충격|수입관세|압착|재고,중립/혼재,23,20,Import Volume|Export Volume|Harvested Area|Production Volume|Vegetable Oil|Crude Palm Oil|Canola Oil|Import Tariff|Source Document
10.07_Turkey_Cotton Update June.pdf,data/raw/USDA/FAS/GAIN/Oilseeds/2010/07/10.07_Turkey_Cotton Update June.pdf,data/raw/USDA/FAS/GAIN/Oilseeds/2010/07/Summary/10.07_Turkey_Cotton Update June.md,True,4,6696,재고,상방 우세,11,2,Import Volume|Export Volume|Harvested Area|Source Document
10.08_EU_Oilseeds Crop Update - Use of Soybean Products Up.pdf,data/raw/USDA/FAS/GAIN/Oilseeds/2010/08/10.08_EU_Oilseeds Crop Update - Use of Soybean Products Up.pdf,data/raw/USDA/FAS/GAIN/Oilseeds/2010/08/Summary/10.08_EU_Oilseeds Crop Update - Use of Soybean Products Up.md,True,16,32506,기상이변|바이오연료수요|생산변동|압착|재고,하방 우세,52,92,Import Volume|Export Volume|Harvested Area|Production Volume|Crushing Volume|Soybean|Soybean Oil|Canola Oil|Bull Regime|Biodiesel Feedstock|Source Document|Outcome
10.08_India_Amends Standards for Rapeseed and Mustard Oil.pdf,data/raw/USDA/FAS/GAIN/Oilseeds/2010/08/10.08_India_Amends Standards for Rapeseed and Mustard Oil.pdf,data/raw/USDA/FAS/GAIN/Oilseeds/2010/08/Summary/10.08_India_Amends Standards for Rapeseed and Mustard Oil.md,True,5,2399,,중립/혼재,0,0,Export Volume|Source Document
10.08_Russian Federation_Oilseeds Crop September Update.pdf,data/raw/USDA/FAS/GAIN/Oilseeds/2010/08/10.08_Russian Federation_Oilseeds Crop September Update.pdf,data/raw/USDA/FAS/GAIN/Oilseeds/2010/08/Summary/10.08_Russian Federation_Oilseeds Crop September Update.md,True,4,7777,기상이변|압착|재고,상방 우세,24,17,Import Volume|Export Volume|Planted Area|Harvested Area|Soybean|Source Document
10.08_Thailand_Oil Palm Situation Field Trip.pdf,data/raw/USDA/FAS/GAIN/Oilseeds/2010/08/10.08_Thailand_Oil Palm Situation Field Trip.pdf,data/raw/USDA/FAS/GAIN/Oilseeds/2010/08/Summary/10.08_Thailand_Oil Palm Situation Field Trip.md,True,6,13416,바이오연료수요|압착|재고,상방 우세,12,5,Import Volume|Export Volume|Harvested Area|Crude Palm Oil|Source Document
10.08_Vietnam_Growth in Meat Consumption Leads to Opportunities for U.S. Exporters.pdf,data/raw/USDA/FAS/GAIN/Oilseeds/2010/08/10.08_Vietnam_Growth in Meat Consumption Leads to Opportunities for U.S. Exporters.pdf,data/raw/USDA/FAS/GAIN/Oilseeds/2010/08/Summary/10.08_Vietnam_Growth in Meat Consumption Leads to Opportunities for U.S. Exporters.md,True,5,8633,생산변동,상방 우세,14,5,Import Volume|Export Volume|Production Volume|Source Document
10.09_Brazil_Oilseeds and Products Update.pdf,data/raw/USDA/FAS/GAIN/Oilseeds/2010/09/10.09_Brazil_Oilseeds and Products Update.pdf,data/raw/USDA/FAS/GAIN/Oilseeds/2010/09/Summary/10.09_Brazil_Oilseeds and Products Update.md,True,4,6752,기상이변|압착|재고,상방 우세,7,3,Import Volume|Export Volume|La Niña|Harvested Area|Production Volume|Soybean|Source Document
10.09_India_Indian Oilseed Planting Situation.pdf,data/raw/USDA/FAS/GAIN/Oilseeds/2010/09/10.09_India_Indian Oilseed Planting Situation.pdf,data/raw/USDA/FAS/GAIN/Oilseeds/2010/09/Summary/10.09_India_Indian Oilseed Planting Situation.md,True,2,2080,,중립/혼재,4,4,Soybean|Source Document
10.09_Indonesia_Agriculture and Livestock Integration Project.pdf,data/raw/USDA/FAS/GAIN/Oilseeds/2010/09/10.09_Indonesia_Agriculture and Livestock Integration Project.pdf,data/raw/USDA/FAS/GAIN/Oilseeds/2010/09/Summary/10.09_Indonesia_Agriculture and Livestock Integration Project.md,True,2,1937,,상방 우세,1,0,Soybean|Crude Palm Oil|Source Document
10.09_Russian Federation_Oilseeds Crop October Update.pdf,data/raw/USDA/FAS/GAIN/Oilseeds/2010/09/10.09_Russian Federation_Oilseeds Crop October Update.pdf,data/raw/USDA/FAS/GAIN/Oilseeds/2010/09/Summary/10.09_Russian Federation_Oilseeds Crop October Update.md,True,5,8505,기상이변|생산변동|수출규제|압착|재고,하방 우세,5,29,Import Volume|Export Volume|Planted Area|Harvested Area|Soybean|Export Tax|Source Document
10.09_Turkey_Oilseeds and Products Update.pdf,data/raw/USDA/FAS/GAIN/Oilseeds/2010/09/10.09_Turkey_Oilseeds and Products Update.pdf,data/raw/USDA/FAS/GAIN/Oilseeds/2010/09/Summary/10.09_Turkey_Oilseeds and Products Update.md,True,4,7891,압착,상방 우세,17,4,Import Volume|Export Volume|Soybean|Soybean Oil|Source Document
10.09_Venezuela_Government Raises Some Fixed Prices.pdf,data/raw/USDA/FAS/GAIN/Oilseeds/2010/09/10.09_Venezuela_Government Raises Some Fixed Prices.pdf,data/raw/USDA/FAS/GAIN/Oilseeds/2010/09/Summary/10.09_Venezuela_Government Raises Some Fixed Prices.md,True,2,1289,,상방 우세,7,3,Source Document
10.10_India_Oilseeds and Products Update.pdf,data/raw/USDA/FAS/GAIN/Oilseeds/2010/10/10.10_India_Oilseeds and Products Update.pdf,data/raw/USDA/FAS/GAIN/Oilseeds/2010/10/Summary/10.10_India_Oilseeds and Products Update.md,True,11,20204,생산변동|수입관세|압착|재고,하방 우세,3,24,Import Volume|Export Volume|Harvested Area|Crushing Volume|Soybean|Vegetable Oil|Crude Palm Oil|Sunflower Oil|Import Tariff|Source Document
10.10_Venezuela_Situation of Food Sector Has Been Unfavorable During 2010.pdf,data/raw/USDA/FAS/GAIN/Oilseeds/2010/10/10.10_Venezuela_Situation of Food Sector Has Been Unfavorable During 2010.pdf,data/raw/USDA/FAS/GAIN/Oilseeds/2010/10/Summary/10.10_Venezuela_Situation of Food Sector Has Been Unfavorable During 2010.md,True,2,2209,,상방 우세,2,1,Source Document
10.10_Zimbabwe_Oilseeds and Products Annual Report.pdf,data/raw/USDA/FAS/GAIN/Oilseeds/2010/10/10.10_Zimbabwe_Oilseeds and Products Annual Report.pdf,data/raw/USDA/FAS/GAIN/Oilseeds/2010/10/Summary/10.10_Zimbabwe_Oilseeds and Products Annual Report.md,True,14,21003,바이오연료수요|생산변동|수입관세|압착|재고,중립/혼재,23,29,Import Volume|Export Volume|Harvested Area|Production Volume|Soybean|Source Document
10.11_Argentina_Oilseeds and Products Update.pdf,data/raw/USDA/FAS/GAIN/Oilseeds/2010/11/10.11_Argentina_Oilseeds and Products Update.pdf,data/raw/USDA/FAS/GAIN/Oilseeds/2010/11/Summary/10.11_Argentina_Oilseeds and Products Update.md,True,2,2358,기상이변,하방 우세,2,3,Export Volume|Soybean|Source Document
10.11_EU_Oilseeds - Increased Domestic Soybean and Soybean Meal Production.pdf,data/raw/USDA/FAS/GAIN/Oilseeds/2010/11/10.11_EU_Oilseeds - Increased Domestic Soybean and Soybean Meal Production.pdf,data/raw/USDA/FAS/GAIN/Oilseeds/2010/11/Summary/10.11_EU_Oilseeds - Increased Domestic Soybean and Soybean Meal Production.md,True,14,29134,바이오연료수요|압착|재고,하방 우세,40,68,Import Volume|Export Volume|Harvested Area|Production Volume|Soybean|Soybean Oil|Crude Palm Oil|Canola Oil|Sunflower Oil|Bull Regime|Source Document
10.11_Germany_Green Party Plan To End Soybean Imports.pdf,data/raw/USDA/FAS/GAIN/Oilseeds/2010/11/10.11_Germany_Green Party Plan To End Soybean Imports.pdf,data/raw/USDA/FAS/GAIN/Oilseeds/2010/11/Summary/10.11_Germany_Green Party Plan To End Soybean Imports.md,True,3,5874,압착,상방 우세,4,0,Import Volume|Production Volume|Soybean|Neutral Regime|Source Document
10.11_Kazakhstan_Custom Union Reported Oilseeds and Oils Export Ban.pdf,data/raw/USDA/FAS/GAIN/Oilseeds/2010/11/10.11_Kazakhstan_Custom Union Reported Oilseeds and Oils Export Ban.pdf,data/raw/USDA/FAS/GAIN/Oilseeds/2010/11/Summary/10.11_Kazakhstan_Custom Union Reported Oilseeds and Oils Export Ban.md,True,3,4237,기상이변|수출규제,하방 우세,4,6,Export Volume|Soybean|Canola Oil|Source Document
10.11_South Africa_Soybean production could reach 1.62MTs.pdf,data/raw/USDA/FAS/GAIN/Oilseeds/2010/11/10.11_South Africa_Soybean production could reach 1.62MTs.pdf,data/raw/USDA/FAS/GAIN/Oilseeds/2010/11/Summary/10.11_South Africa_Soybean production could reach 1.62MTs.md,True,3,4012,압착,상방 우세,10,5,Export Volume|Soybean|Source Document
10.12_Argentina_Oilseeds and Products Update.pdf,data/raw/USDA/FAS/GAIN/Oilseeds/2010/12/10.12_Argentina_Oilseeds and Products Update.pdf,data/raw/USDA/FAS/GAIN/Oilseeds/2010/12/Summary/10.12_Argentina_Oilseeds and Products Update.md,True,11,13749,기상이변|바이오연료수요|압착|재고,하방 우세,16,27,Import Volume|Export Volume|Soil Moisture Percentile|Harvested Area|Production Volume|Crushing Volume|Soybean|Neutral Regime|Source Document
10.12_Brazil_Oilseeds and Products Update - Soybean Sector.pdf,data/raw/USDA/FAS/GAIN/Oilseeds/2010/12/10.12_Brazil_Oilseeds and Products Update - Soybean Sector.pdf,data/raw/USDA/FAS/GAIN/Oilseeds/2010/12/Summary/10.12_Brazil_Oilseeds and Products Update - Soybean Sector.md,True,4,5772,기상이변|압착|재고,하방 우세,5,8,Import Volume|Export Volume|La Niña|Harvested Area|Soybean|Source Document
10.12_Brazil_Oilseeds and Products Update.pdf,data/raw/USDA/FAS/GAIN/Oilseeds/2010/12/10.12_Brazil_Oilseeds and Products Update.pdf,data/raw/USDA/FAS/GAIN/Oilseeds/2010/12/Summary/10.12_Brazil_Oilseeds and Products Update.md,True,3,5062,기상이변|물류충격|압착|재고,상방 우세,15,2,Import Volume|Export Volume|La Niña|Harvested Area|Source Document
10.12_Germany_Adjusts accounting period for sustainable biofuel.pdf,data/raw/USDA/FAS/GAIN/Oilseeds/2010/12/10.12_Germany_Adjusts accounting period for sustainable biofuel.pdf,data/raw/USDA/FAS/GAIN/Oilseeds/2010/12/Summary/10.12_Germany_Adjusts accounting period for sustainable biofuel.md,True,3,7845,바이오연료수요,상방 우세,4,1,Import Volume|Soybean|Crude Palm Oil|Canola Oil|Neutral Regime|Source Document
10.12_Senegal_Revitalization of the Groundnut sector in West Africa.pdf,data/raw/USDA/FAS/GAIN/Oilseeds/2010/12/10.12_Senegal_Revitalization of the Groundnut sector in West Africa.pdf,data/raw/USDA/FAS/GAIN/Oilseeds/2010/12/Summary/10.12_Senegal_Revitalization of the Groundnut sector in West Africa.md,True,6,14103,생산변동,상방 우세,13,6,Import Volume|Export Volume|Source Document
11.01_Argentina_Oilseeds and Products Update.pdf,data/raw/USDA/FAS/GAIN/Oilseeds/2011/01/11.01_Argentina_Oilseeds and Products Update.pdf,data/raw/USDA/FAS/GAIN/Oilseeds/2011/01/Summary/11.01_Argentina_Oilseeds and Products Update.md,True,5,9167,바이오연료수요|압착|재고,하방 우세,3,16,Import Volume|Export Volume|Soil Moisture Percentile|Harvested Area|Soybean|Source Document
11.01_Indonesia_Grain and Feed and Oilseeds Import Duty Update.pdf,data/raw/USDA/FAS/GAIN/Oilseeds/2011/01/11.01_Indonesia_Grain and Feed and Oilseeds Import Duty Update.pdf,data/raw/USDA/FAS/GAIN/Oilseeds/2011/01/Summary/11.01_Indonesia_Grain and Feed and Oilseeds Import Duty Update.md,True,3,3931,수입관세,상방 우세,5,0,Soybean|Import Tariff|Source Document
11.01_Indonesia_Oilseeds and Products Update.pdf,data/raw/USDA/FAS/GAIN/Oilseeds/2011/01/11.01_Indonesia_Oilseeds and Products Update.pdf,data/raw/USDA/FAS/GAIN/Oilseeds/2011/01/Summary/11.01_Indonesia_Oilseeds and Products Update.md,True,11,24506,바이오연료수요|수입관세|수출규제|압착|재고,중립/혼재,23,21,Import Volume|Export Volume|Harvested Area|Soybean|Crude Palm Oil|Import Tariff|Source Document
11.01_Poland_Witnessing increasing costs for feed components.pdf,data/raw/USDA/FAS/GAIN/Oilseeds/2011/01/11.01_Poland_Witnessing increasing costs for feed components.pdf,data/raw/USDA/FAS/GAIN/Oilseeds/2011/01/Summary/11.01_Poland_Witnessing increasing costs for feed components.md,True,4,3853,재고,하방 우세,1,2,Import Volume|Canola Oil|Source Document
11.01_Venezuela_Imports May Increase to Hold Down Food Prices.pdf,data/raw/USDA/FAS/GAIN/Oilseeds/2011/01/11.01_Venezuela_Imports May Increase to Hold Down Food Prices.pdf,data/raw/USDA/FAS/GAIN/Oilseeds/2011/01/Summary/11.01_Venezuela_Imports May Increase to Hold Down Food Prices.md,True,2,1708,,상방 우세,5,0,Inflation|Import Volume|Source Document
11.01_Venezuela_Updated Foreign Exchange Rates.pdf,data/raw/USDA/FAS/GAIN/Oilseeds/2011/01/11.01_Venezuela_Updated Foreign Exchange Rates.pdf,data/raw/USDA/FAS/GAIN/Oilseeds/2011/01/Summary/11.01_Venezuela_Updated Foreign Exchange Rates.md,True,2,1355,,중립/혼재,0,0,Import Volume|Source Document
11.02_Argentina_Oilseeds and Products Update.pdf,data/raw/USDA/FAS/GAIN/Oilseeds/2011/02/11.02_Argentina_Oilseeds and Products Update.pdf,data/raw/USDA/FAS/GAIN/Oilseeds/2011/02/Summary/11.02_Argentina_Oilseeds and Products Update.md,True,4,5642,압착|재고,하방 우세,1,9,Import Volume|Export Volume|Harvested Area|Source Document
11.02_Peru_Oilseeds and Products Annual.pdf,data/raw/USDA/FAS/GAIN/Oilseeds/2011/02/11.02_Peru_Oilseeds and Products Annual.pdf,data/raw/USDA/FAS/GAIN/Oilseeds/2011/02/Summary/11.02_Peru_Oilseeds and Products Annual.md,True,8,12785,기상이변|압착|재고,상방 우세,11,3,Import Volume|Export Volume|Soybean|Neutral Regime|Source Document
11.02_Thailand_FAS-BKK Forecast of Palm Oil Shortfall Turns Out.pdf,data/raw/USDA/FAS/GAIN/Oilseeds/2011/02/11.02_Thailand_FAS-BKK Forecast of Palm Oil Shortfall Turns Out.pdf,data/raw/USDA/FAS/GAIN/Oilseeds/2011/02/Summary/11.02_Thailand_FAS-BKK Forecast of Palm Oil Shortfall Turns Out.md,True,4,7200,바이오연료수요,하방 우세,4,12,Import Volume|Crude Palm Oil|Source Document
11.02_Tunisia_Oilseeds and Products Annual.pdf,data/raw/USDA/FAS/GAIN/Oilseeds/2011/02/11.02_Tunisia_Oilseeds and Products Annual.pdf,data/raw/USDA/FAS/GAIN/Oilseeds/2011/02/Summary/11.02_Tunisia_Oilseeds and Products Annual.md,True,11,20563,수입관세|압착|재고,하방 우세,13,20,Import Volume|Export Volume|Harvested Area|Soybean|Vegetable Oil|Crude Palm Oil|Neutral Regime|Source Document
11.02_Ukraine_New Measures Governing Export of Grain and Oilseeds.pdf,data/raw/USDA/FAS/GAIN/Oilseeds/2011/02/11.02_Ukraine_New Measures Governing Export of Grain and Oilseeds.pdf,data/raw/USDA/FAS/GAIN/Oilseeds/2011/02/Summary/11.02_Ukraine_New Measures Governing Export of Grain and Oilseeds.md,True,4,7745,,상방 우세,5,3,Export Volume|Soybean|Source Document
11.03_Argentina_Oilseeds and Products Annual.pdf,data/raw/USDA/FAS/GAIN/Oilseeds/2011/03/11.03_Argentina_Oilseeds and Products Annual.pdf,data/raw/USDA/FAS/GAIN/Oilseeds/2011/03/Summary/11.03_Argentina_Oilseeds and Products Annual.md,True,11,20913,기상이변|바이오연료수요|수출규제|압착|재고,하방 우세,16,29,Import Volume|Export Volume|Harvested Area|Crushing Volume|Soybean|Source Document
11.03_Bolivia_Oilseeds and Products Annual.pdf,data/raw/USDA/FAS/GAIN/Oilseeds/2011/03/11.03_Bolivia_Oilseeds and Products Annual.pdf,data/raw/USDA/FAS/GAIN/Oilseeds/2011/03/Summary/11.03_Bolivia_Oilseeds and Products Annual.md,True,6,10294,물류충격|수입관세|수출규제|압착|재고,상방 우세,6,3,Import Volume|Export Volume|Harvested Area|Production Volume|Soybean|Source Document
11.03_China_Oilseeds and Products Annual.pdf,data/raw/USDA/FAS/GAIN/Oilseeds/2011/03/11.03_China_Oilseeds and Products Annual.pdf,data/raw/USDA/FAS/GAIN/Oilseeds/2011/03/Summary/11.03_China_Oilseeds and Products Annual.md,True,33,58967,기상이변|바이오연료수요|생산변동|수입관세|압착|재고,상방 우세,78,41,Import Volume|Export Volume|Harvested Area|Crushing Volume|Soybean|Soybean Oil|Crude Palm Oil|Canola Oil|Bear Regime|Source Document
11.03_India_Oilseeds and Products Update.pdf,data/raw/USDA/FAS/GAIN/Oilseeds/2011/03/11.03_India_Oilseeds and Products Update.pdf,data/raw/USDA/FAS/GAIN/Oilseeds/2011/03/Summary/11.03_India_Oilseeds and Products Update.md,True,13,15180,생산변동|압착|재고,하방 우세,11,16,Import Volume|Export Volume|Soil Moisture Percentile|Harvested Area|Soybean Oil|Vegetable Oil|Crude Palm Oil|Sunflower Oil|Source Document
11.03_Indonesia_Grain and Feed and Oilseed Tariff Update.pdf,data/raw/USDA/FAS/GAIN/Oilseeds/2011/03/11.03_Indonesia_Grain and Feed and Oilseed Tariff Update.pdf,data/raw/USDA/FAS/GAIN/Oilseeds/2011/03/Summary/11.03_Indonesia_Grain and Feed and Oilseed Tariff Update.md,True,3,3185,수입관세,상방 우세,6,0,Import Tariff|Source Document
11.03_Indonesia_Oilseeds and Products Annual.pdf,data/raw/USDA/FAS/GAIN/Oilseeds/2011/03/11.03_Indonesia_Oilseeds and Products Annual.pdf,data/raw/USDA/FAS/GAIN/Oilseeds/2011/03/Summary/11.03_Indonesia_Oilseeds and Products Annual.md,True,18,27960,수출규제|압착|재고,상방 우세,34,20,Gross Domestic Product|Import Volume|Export Volume|Harvested Area|Soybean|Crude Palm Oil|Biodiesel Feedstock|Source Document
11.03_Paraguay_Oilseeds and Products Annual.pdf,data/raw/USDA/FAS/GAIN/Oilseeds/2011/03/11.03_Paraguay_Oilseeds and Products Annual.pdf,data/raw/USDA/FAS/GAIN/Oilseeds/2011/03/Summary/11.03_Paraguay_Oilseeds and Products Annual.md,True,8,14401,기상이변|바이오연료수요|수출규제|압착|재고,하방 우세,3,30,Import Volume|Export Volume|Harvested Area|Crushing Volume|Soybean|Source Document
11.03_South Africa_Oilseeds and Products Annual.pdf,data/raw/USDA/FAS/GAIN/Oilseeds/2011/03/11.03_South Africa_Oilseeds and Products Annual.pdf,data/raw/USDA/FAS/GAIN/Oilseeds/2011/03/Summary/11.03_South Africa_Oilseeds and Products Annual.md,True,24,32608,수입관세|압착|재고,하방 우세,45,96,Gross Domestic Product|Import Volume|Export Volume|Harvested Area|Soybean|Crude Palm Oil|Import Tariff|Source Document
11.03_South Korea_Oilseeds and Products Annual.pdf,data/raw/USDA/FAS/GAIN/Oilseeds/2011/03/11.03_South Korea_Oilseeds and Products Annual.pdf,data/raw/USDA/FAS/GAIN/Oilseeds/2011/03/Summary/11.03_South Korea_Oilseeds and Products Annual.md,True,23,42242,바이오연료수요|수입관세|압착|재고,하방 우세,13,28,Import Volume|Export Volume|Harvested Area|Soybean|Soybean Oil|Vegetable Oil|Crude Palm Oil|Canola Oil|Bull Regime|Neutral Regime|Import Tariff|Source Document
11.03_Turkey_Oilseeds and Products Annual.pdf,data/raw/USDA/FAS/GAIN/Oilseeds/2011/03/11.03_Turkey_Oilseeds and Products Annual.pdf,data/raw/USDA/FAS/GAIN/Oilseeds/2011/03/Summary/11.03_Turkey_Oilseeds and Products Annual.md,True,18,46820,기상이변|물류충격|바이오연료수요|생산변동|수입관세|압착|재고,중립/혼재,97,121,Import Volume|Export Volume|Soil Moisture Percentile|Harvested Area|Production Volume|Crushing Volume|Soybean|Soybean Oil|Neutral Regime|Import Tariff|Import Quota|Source Document
11.03_Uruguay_Oilseeds and Products Annual.pdf,data/raw/USDA/FAS/GAIN/Oilseeds/2011/03/11.03_Uruguay_Oilseeds and Products Annual.pdf,data/raw/USDA/FAS/GAIN/Oilseeds/2011/03/Summary/11.03_Uruguay_Oilseeds and Products Annual.md,True,5,9434,바이오연료수요|압착|재고,중립/혼재,10,11,Import Volume|Export Volume|Harvested Area|Soybean|Neutral Regime|Source Document
11.03_Uzbekistan_Oilseeds and Products Annual.pdf,data/raw/USDA/FAS/GAIN/Oilseeds/2011/03/11.03_Uzbekistan_Oilseeds and Products Annual.pdf,data/raw/USDA/FAS/GAIN/Oilseeds/2011/03/Summary/11.03_Uzbekistan_Oilseeds and Products Annual.md,True,9,17367,생산변동|압착|재고,하방 우세,8,22,Import Volume|Export Volume|Harvested Area|Soybean|Source Document
11.04_Brazil_Oilseeds and Products Annual.pdf,data/raw/USDA/FAS/GAIN/Oilseeds/2011/04/11.04_Brazil_Oilseeds and Products Annual.pdf,data/raw/USDA/FAS/GAIN/Oilseeds/2011/04/Summary/11.04_Brazil_Oilseeds and Products Annual.md,True,22,34570,기상이변|물류충격|바이오연료수요|압착|재고,상방 우세,43,9,Import Volume|Export Volume|La Niña|Soil Moisture Percentile|Harvested Area|Production Volume|Soybean|Crude Palm Oil|Source Document
11.04_Canada_Oilseeds and Products Annual.pdf,data/raw/USDA/FAS/GAIN/Oilseeds/2011/04/11.04_Canada_Oilseeds and Products Annual.pdf,data/raw/USDA/FAS/GAIN/Oilseeds/2011/04/Summary/11.04_Canada_Oilseeds and Products Annual.md,True,17,25048,기상이변|바이오연료수요|압착|재고,중립/혼재,41,34,Import Volume|Export Volume|Harvested Area|Crushing Volume|Soybean|Source Document
11.04_EU_Oilseeds and Products Annual.pdf,data/raw/USDA/FAS/GAIN/Oilseeds/2011/04/11.04_EU_Oilseeds and Products Annual.pdf,data/raw/USDA/FAS/GAIN/Oilseeds/2011/04/Summary/11.04_EU_Oilseeds and Products Annual.md,True,42,40163,바이오연료수요|생산변동|압착|재고,중립/혼재,71,83,Import Volume|Export Volume|Harvested Area|Production Volume|Crushing Volume|Soybean|Crude Palm Oil|Canola Oil|Neutral Regime|Source Document
11.04_Egypt_Oilseeds and Products Annual.pdf,data/raw/USDA/FAS/GAIN/Oilseeds/2011/04/11.04_Egypt_Oilseeds and Products Annual.pdf,data/raw/USDA/FAS/GAIN/Oilseeds/2011/04/Summary/11.04_Egypt_Oilseeds and Products Annual.md,True,10,15263,생산변동|수입관세|압착|재고,상방 우세,36,24,Import Volume|Export Volume|Harvested Area|Production Volume|Soybean|Crude Palm Oil|Cost and Freight|Import Tariff|Source Document
11.04_Germany_FAQs on Biofuel Sustainability Certification.pdf,data/raw/USDA/FAS/GAIN/Oilseeds/2011/04/11.04_Germany_FAQs on Biofuel Sustainability Certification.pdf,data/raw/USDA/FAS/GAIN/Oilseeds/2011/04/Summary/11.04_Germany_FAQs on Biofuel Sustainability Certification.md,True,8,14768,바이오연료수요,상방 우세,2,1,Export Volume|Soybean|Crude Palm Oil|Canola Oil|Subsidy|Source Document
11.04_India_Oilseeds and Products Annual.pdf,data/raw/USDA/FAS/GAIN/Oilseeds/2011/04/11.04_India_Oilseeds and Products Annual.pdf,data/raw/USDA/FAS/GAIN/Oilseeds/2011/04/Summary/11.04_India_Oilseeds and Products Annual.md,True,28,35713,바이오연료수요|수입관세|수출규제|압착|재고,중립/혼재,31,33,Import Volume|Export Volume|Harvested Area|Soybean|Soybean Oil|Crude Soybean Oil|Vegetable Oil|Crude Palm Oil|Canola Oil|Sunflower Oil|Import Tariff|Source Document
11.04_Indonesia_Oilseeds and Products Update.pdf,data/raw/USDA/FAS/GAIN/Oilseeds/2011/04/11.04_Indonesia_Oilseeds and Products Update.pdf,data/raw/USDA/FAS/GAIN/Oilseeds/2011/04/Summary/11.04_Indonesia_Oilseeds and Products Update.md,True,7,12012,기상이변|생산변동|수입관세|수출규제|압착|재고,상방 우세,13,6,Import Volume|Export Volume|Harvested Area|Soybean|Crude Palm Oil|Biodiesel Feedstock|Source Document
11.04_Israel_Oilseeds and Products Annual.pdf,data/raw/USDA/FAS/GAIN/Oilseeds/2011/04/11.04_Israel_Oilseeds and Products Annual.pdf,data/raw/USDA/FAS/GAIN/Oilseeds/2011/04/Summary/11.04_Israel_Oilseeds and Products Annual.md,True,22,42547,물류충격|수입관세|압착|재고,중립/혼재,92,109,Gross Domestic Product|Import Volume|Export Volume|Harvested Area|Soybean|Soybean Oil|Crude Palm Oil|Political Instability|Import Tariff|Source Document
11.04_Malaysia_Oilseeds and Products Annual.pdf,data/raw/USDA/FAS/GAIN/Oilseeds/2011/04/11.04_Malaysia_Oilseeds and Products Annual.pdf,data/raw/USDA/FAS/GAIN/Oilseeds/2011/04/Summary/11.04_Malaysia_Oilseeds and Products Annual.md,True,24,39409,기상이변|바이오연료수요|수입관세|수출규제|압착|재고,상방 우세,43,19,Import Volume|Export Volume|La Niña|Harvested Area|Production Volume|Soybean|Soybean Oil|Crude Palm Oil|Source Document
11.04_Mexico_Oilseeds and Products Annual.pdf,data/raw/USDA/FAS/GAIN/Oilseeds/2011/04/11.04_Mexico_Oilseeds and Products Annual.pdf,data/raw/USDA/FAS/GAIN/Oilseeds/2011/04/Summary/11.04_Mexico_Oilseeds and Products Annual.md,True,20,45779,물류충격|생산변동|수입관세|압착|재고,중립/혼재,74,67,Gross Domestic Product|Import Volume|Export Volume|Harvested Area|Soybean|Soybean Oil|Vegetable Oil|Canola Oil|Bull Regime|Neutral Regime|Source Document|Confidence Score
11.04_Pakistan_Oilseeds and Products Annual.pdf,data/raw/USDA/FAS/GAIN/Oilseeds/2011/04/11.04_Pakistan_Oilseeds and Products Annual.pdf,data/raw/USDA/FAS/GAIN/Oilseeds/2011/04/Summary/11.04_Pakistan_Oilseeds and Products Annual.md,True,13,27842,물류충격|바이오연료수요|수입관세|압착|재고,상방 우세,31,23,Import Volume|Export Volume|Harvested Area|Production Volume|Vegetable Oil|Crude Palm Oil|Canola Oil|Import Tariff|Source Document
11.04_Russian Federation_Oilseeds and Products Annual.pdf,data/raw/USDA/FAS/GAIN/Oilseeds/2011/04/11.04_Russian Federation_Oilseeds and Products Annual.pdf,data/raw/USDA/FAS/GAIN/Oilseeds/2011/04/Summary/11.04_Russian Federation_Oilseeds and Products Annual.md,True,20,36158,기상이변|물류충격|생산변동|수입관세|수출규제|압착|재고,하방 우세,46,94,Import Volume|Export Volume|Planted Area|Harvested Area|Crushing Volume|Soybean|Crude Palm Oil|Canola Oil|Import Tariff|Source Document
11.04_Taiwan_Oilseeds and Products Annual.pdf,data/raw/USDA/FAS/GAIN/Oilseeds/2011/04/11.04_Taiwan_Oilseeds and Products Annual.pdf,data/raw/USDA/FAS/GAIN/Oilseeds/2011/04/Summary/11.04_Taiwan_Oilseeds and Products Annual.md,True,15,30508,바이오연료수요|압착|재고,하방 우세,15,27,Import Volume|Export Volume|Harvested Area|Production Volume|Soybean|Vegetable Oil|Crude Palm Oil|Source Document
11.04_Thailand_Oilseeds and Products Annual.pdf,data/raw/USDA/FAS/GAIN/Oilseeds/2011/04/11.04_Thailand_Oilseeds and Products Annual.pdf,data/raw/USDA/FAS/GAIN/Oilseeds/2011/04/Summary/11.04_Thailand_Oilseeds and Products Annual.md,True,11,19282,압착,상방 우세,29,8,Gross Domestic Product|Import Volume|Export Volume|Soybean|Crude Palm Oil|Neutral Regime|Source Document
11.04_Ukraine_Oilseeds and Products Annual.pdf,data/raw/USDA/FAS/GAIN/Oilseeds/2011/04/11.04_Ukraine_Oilseeds and Products Annual.pdf,data/raw/USDA/FAS/GAIN/Oilseeds/2011/04/Summary/11.04_Ukraine_Oilseeds and Products Annual.md,True,31,45155,물류충격|수출규제|압착|재고,하방 우세,32,101,Inflation|Import Volume|Export Volume|Harvested Area|Production Volume|Crushing Volume|Soybean|Crude Palm Oil|Canola Oil|Sunflower Oil|Export Tax|Source Document
11.05_China_Oilseeds and Products Update.pdf,data/raw/USDA/FAS/GAIN/Oilseeds/2011/05/11.05_China_Oilseeds and Products Update.pdf,data/raw/USDA/FAS/GAIN/Oilseeds/2011/05/Summary/11.05_China_Oilseeds and Products Update.md,True,12,19188,기상이변|생산변동|압착|재고,상방 우세,26,16,Import Volume|Export Volume|Harvested Area|Crushing Volume|Soybean|Soybean Oil|Canola Oil|Source Document|Confidence Score
11.05_Japan_Oilseeds and Products Annual.pdf,data/raw/USDA/FAS/GAIN/Oilseeds/2011/05/11.05_Japan_Oilseeds and Products Annual.pdf,data/raw/USDA/FAS/GAIN/Oilseeds/2011/05/Summary/11.05_Japan_Oilseeds and Products Annual.md,True,20,30297,바이오연료수요|수입관세|압착|재고,상방 우세,39,20,Import Volume|Export Volume|Crop Yield|Harvested Area|Soybean|Soybean Oil|Crude Palm Oil|Canola Oil|Source Document
11.05_Vietnam_Oilseeds and Products Annual.pdf,data/raw/USDA/FAS/GAIN/Oilseeds/2011/05/11.05_Vietnam_Oilseeds and Products Annual.pdf,data/raw/USDA/FAS/GAIN/Oilseeds/2011/05/Summary/11.05_Vietnam_Oilseeds and Products Annual.md,True,42,41631,물류충격|생산변동|수입관세|압착|재고,상방 우세,44,22,Import Volume|Export Volume|Harvested Area|Production Volume|Soybean|Soybean Oil|Crude Palm Oil|Freight Rate|Import Tariff|Source Document
11.06_Indonesia_Forest Moratorium.pdf,data/raw/USDA/FAS/GAIN/Oilseeds/2011/06/11.06_Indonesia_Forest Moratorium.pdf,data/raw/USDA/FAS/GAIN/Oilseeds/2011/06/Summary/11.06_Indonesia_Forest Moratorium.md,True,5,6549,,상방 우세,1,0,Crude Palm Oil|Source Document
11.06_Senegal_Oilseeds and products Annual Update.pdf,data/raw/USDA/FAS/GAIN/Oilseeds/2011/06/11.06_Senegal_Oilseeds and products Annual Update.pdf,data/raw/USDA/FAS/GAIN/Oilseeds/2011/06/Summary/11.06_Senegal_Oilseeds and products Annual Update.md,True,7,13932,압착|재고,상방 우세,6,4,Import Volume|Export Volume|Harvested Area|Hold Recommendation|Political Instability|Source Document
11.07_Russian Federation_Sunflowerseed Sown Area Reaches Record Level.pdf,data/raw/USDA/FAS/GAIN/Oilseeds/2011/07/11.07_Russian Federation_Sunflowerseed Sown Area Reaches Record Level.pdf,data/raw/USDA/FAS/GAIN/Oilseeds/2011/07/Summary/11.07_Russian Federation_Sunflowerseed Sown Area Reaches Record Level.md,True,3,5668,수출규제|압착|재고,하방 우세,6,26,Import Volume|Export Volume|Planted Area|Harvested Area|Export Tax|Source Document
11.07_Turkey_Oilseeds and Products Update.pdf,data/raw/USDA/FAS/GAIN/Oilseeds/2011/07/11.07_Turkey_Oilseeds and Products Update.pdf,data/raw/USDA/FAS/GAIN/Oilseeds/2011/07/Summary/11.07_Turkey_Oilseeds and Products Update.md,True,7,12728,생산변동|압착|재고,상방 우세,20,6,Import Volume|Export Volume|Harvested Area|Soybean|Soybean Oil|Source Document
11.08_EU_Rapeseed Production Somewhat Better than Expected.pdf,data/raw/USDA/FAS/GAIN/Oilseeds/2011/08/11.08_EU_Rapeseed Production Somewhat Better than Expected.pdf,data/raw/USDA/FAS/GAIN/Oilseeds/2011/08/Summary/11.08_EU_Rapeseed Production Somewhat Better than Expected.md,True,13,36019,물류충격|바이오연료수요|압착|재고,중립/혼재,62,68,Import Volume|Export Volume|Soil Moisture Percentile|Harvested Area|Production Volume|Crushing Volume|Soybean|Soybean Oil|Crude Palm Oil|Canola Oil|Sunflower Oil|Bear Regime
11.08_Indonesia_Oilseeds and Products Update.pdf,data/raw/USDA/FAS/GAIN/Oilseeds/2011/08/11.08_Indonesia_Oilseeds and Products Update.pdf,data/raw/USDA/FAS/GAIN/Oilseeds/2011/08/Summary/11.08_Indonesia_Oilseeds and Products Update.md,True,7,11929,바이오연료수요|압착|재고,중립/혼재,12,13,Import Volume|Export Volume|Harvested Area|Soybean|Crude Palm Oil|Source Document
11.08_South Africa_Pioneer Hi-Bred Seeks Commercialization of New Biotech Soybean.pdf,data/raw/USDA/FAS/GAIN/Oilseeds/2011/08/11.08_South Africa_Pioneer Hi-Bred Seeks Commercialization of New Biotech Soybean.pdf,data/raw/USDA/FAS/GAIN/Oilseeds/2011/08/Summary/11.08_South Africa_Pioneer Hi-Bred Seeks Commercialization of New Biotech Soybean.md,True,2,2835,,상방 우세,5,0,Soybean|Source Document
11.09_Argentina_Oilseeds and Products Update.pdf,data/raw/USDA/FAS/GAIN/Oilseeds/2011/09/11.09_Argentina_Oilseeds and Products Update.pdf,data/raw/USDA/FAS/GAIN/Oilseeds/2011/09/Summary/11.09_Argentina_Oilseeds and Products Update.md,True,9,13316,기상이변|압착|재고,하방 우세,8,16,Import Volume|Export Volume|Soil Moisture Percentile|Harvested Area|Soybean|Source Document
11.09_India_Oilseeds and Products Update.pdf,data/raw/USDA/FAS/GAIN/Oilseeds/2011/09/11.09_India_Oilseeds and Products Update.pdf,data/raw/USDA/FAS/GAIN/Oilseeds/2011/09/Summary/11.09_India_Oilseeds and Products Update.md,True,11,19254,압착|재고,하방 우세,9,23,Import Volume|Export Volume|Soil Moisture Percentile|Harvested Area|Soybean Oil|Vegetable Oil|Crude Palm Oil|Source Document
11.09_Malaysia_Oilseeds and Products Update.pdf,data/raw/USDA/FAS/GAIN/Oilseeds/2011/09/11.09_Malaysia_Oilseeds and Products Update.pdf,data/raw/USDA/FAS/GAIN/Oilseeds/2011/09/Summary/11.09_Malaysia_Oilseeds and Products Update.md,True,6,4873,재고,중립/혼재,4,5,Import Volume|Export Volume|Production Volume|Crude Palm Oil|Source Document
11.09_Turkey_Oilseeds and Products Update.pdf,data/raw/USDA/FAS/GAIN/Oilseeds/2011/09/11.09_Turkey_Oilseeds and Products Update.pdf,data/raw/USDA/FAS/GAIN/Oilseeds/2011/09/Summary/11.09_Turkey_Oilseeds and Products Update.md,True,4,6146,물류충격|압착|재고,하방 우세,14,25,Import Volume|Export Volume|Harvested Area|Sunflower Oil|Source Document
11.09_Ukraine_Extension of Export Tariffs Proposed.pdf,data/raw/USDA/FAS/GAIN/Oilseeds/2011/09/11.09_Ukraine_Extension of Export Tariffs Proposed.pdf,data/raw/USDA/FAS/GAIN/Oilseeds/2011/09/Summary/11.09_Ukraine_Extension of Export Tariffs Proposed.md,True,2,1672,수출규제,하방 우세,0,2,Soybean|Source Document
11.09_Ukraine_Grain Export Duties Debated Within the Government.pdf,data/raw/USDA/FAS/GAIN/Oilseeds/2011/09/11.09_Ukraine_Grain Export Duties Debated Within the Government.pdf,data/raw/USDA/FAS/GAIN/Oilseeds/2011/09/Summary/11.09_Ukraine_Grain Export Duties Debated Within the Government.md,True,3,4692,수출규제,하방 우세,1,2,Source Document
11.09_Zimbabwe_ANNUAL REPORT.pdf,data/raw/USDA/FAS/GAIN/Oilseeds/2011/09/11.09_Zimbabwe_ANNUAL REPORT.pdf,data/raw/USDA/FAS/GAIN/Oilseeds/2011/09/Summary/11.09_Zimbabwe_ANNUAL REPORT.md,True,12,21813,기상이변|바이오연료수요|생산변동|압착|재고,상방 우세,30,17,Import Volume|Export Volume|Harvested Area|Production Volume|Soybean|Source Document|Confidence Score
11.10_Argentina_Oilseeds and Products Update.pdf,data/raw/USDA/FAS/GAIN/Oilseeds/2011/10/11.10_Argentina_Oilseeds and Products Update.pdf,data/raw/USDA/FAS/GAIN/Oilseeds/2011/10/Summary/11.10_Argentina_Oilseeds and Products Update.md,True,7,12303,기상이변|압착|재고,하방 우세,11,25,Import Volume|Export Volume|Soil Moisture Percentile|Harvested Area|Soybean|Source Document
11.10_Brazil_Oilseeds and Products Update.pdf,data/raw/USDA/FAS/GAIN/Oilseeds/2011/10/11.10_Brazil_Oilseeds and Products Update.pdf,data/raw/USDA/FAS/GAIN/Oilseeds/2011/10/Summary/11.10_Brazil_Oilseeds and Products Update.md,True,4,8206,기상이변|바이오연료수요|생산변동|압착|재고,하방 우세,7,11,Import Volume|Export Volume|La Niña|Harvested Area|Soybean|Source Document
11.10_Estonia_Harvest Update.pdf,data/raw/USDA/FAS/GAIN/Oilseeds/2011/10/11.10_Estonia_Harvest Update.pdf,data/raw/USDA/FAS/GAIN/Oilseeds/2011/10/Summary/11.10_Estonia_Harvest Update.md,True,2,1599,,상방 우세,1,0,Planted Area|Neutral Regime|Source Document
11.10_Poland_Grain and Oilseeds Harvest Update 2011-12.pdf,data/raw/USDA/FAS/GAIN/Oilseeds/2011/10/11.10_Poland_Grain and Oilseeds Harvest Update 2011-12.pdf,data/raw/USDA/FAS/GAIN/Oilseeds/2011/10/Summary/11.10_Poland_Grain and Oilseeds Harvest Update 2011-12.md,True,2,1836,기상이변,하방 우세,1,3,Import Volume|Export Volume|Production Volume|Neutral Regime|Source Document
11.10_Ukraine_Export Duties on Wheat and Corn Canceled.pdf,data/raw/USDA/FAS/GAIN/Oilseeds/2011/10/11.10_Ukraine_Export Duties on Wheat and Corn Canceled.pdf,data/raw/USDA/FAS/GAIN/Oilseeds/2011/10/Summary/11.10_Ukraine_Export Duties on Wheat and Corn Canceled.md,True,2,3133,수출규제,상방 우세,4,2,Export Volume|Export Tax|Source Document
11.11_Brazil_Oilseeds and Products Update.pdf,data/raw/USDA/FAS/GAIN/Oilseeds/2011/11/11.11_Brazil_Oilseeds and Products Update.pdf,data/raw/USDA/FAS/GAIN/Oilseeds/2011/11/Summary/11.11_Brazil_Oilseeds and Products Update.md,True,3,4745,바이오연료수요|생산변동|압착|재고,상방 우세,7,2,Import Volume|Export Volume|Harvested Area|Source Document
11.11_EU_Record EU-27 Sunflower Production.pdf,data/raw/USDA/FAS/GAIN/Oilseeds/2011/11/11.11_EU_Record EU-27 Sunflower Production.pdf,data/raw/USDA/FAS/GAIN/Oilseeds/2011/11/Summary/11.11_EU_Record EU-27 Sunflower Production.md,True,14,37718,기상이변|물류충격|바이오연료수요|생산변동|압착|재고,하방 우세,54,80,Import Volume|Export Volume|Soil Moisture Percentile|Harvested Area|Production Volume|Crushing Volume|Soybean|Crude Palm Oil|Canola Oil|Neutral Regime|Source Document
11.11_India_Oilseeds and Products Update.pdf,data/raw/USDA/FAS/GAIN/Oilseeds/2011/11/11.11_India_Oilseeds and Products Update.pdf,data/raw/USDA/FAS/GAIN/Oilseeds/2011/11/Summary/11.11_India_Oilseeds and Products Update.md,True,12,21185,수입관세|압착|재고,하방 우세,10,14,Import Volume|Export Volume|Soil Moisture Percentile|Harvested Area|Soybean|Vegetable Oil|Crude Palm Oil|Import Tariff|Source Document
11.11_Indonesia_Oilseeds and Products Update.pdf,data/raw/USDA/FAS/GAIN/Oilseeds/2011/11/11.11_Indonesia_Oilseeds and Products Update.pdf,data/raw/USDA/FAS/GAIN/Oilseeds/2011/11/Summary/11.11_Indonesia_Oilseeds and Products Update.md,True,12,19660,바이오연료수요|수입관세|수출규제|압착|재고,하방 우세,15,20,Import Volume|Export Volume|Harvested Area|Soybean|Crude Palm Oil|Neutral Regime|Import Tariff|Source Document
11.11_Malaysia_Oilseeds and Products Update - October.pdf,data/raw/USDA/FAS/GAIN/Oilseeds/2011/11/11.11_Malaysia_Oilseeds and Products Update - October.pdf,data/raw/USDA/FAS/GAIN/Oilseeds/2011/11/Summary/11.11_Malaysia_Oilseeds and Products Update - October.md,True,6,5208,재고,하방 우세,4,9,Import Volume|Export Volume|Production Volume|Crude Palm Oil|Source Document
11.11_Malaysia_Oilseeds and Products Update.pdf,data/raw/USDA/FAS/GAIN/Oilseeds/2011/11/11.11_Malaysia_Oilseeds and Products Update.pdf,data/raw/USDA/FAS/GAIN/Oilseeds/2011/11/Summary/11.11_Malaysia_Oilseeds and Products Update.md,True,6,4709,생산변동|재고,중립/혼재,5,5,Import Volume|Export Volume|Production Volume|Crude Palm Oil|Source Document
11.11_Nigeria_Soybeans and Products.pdf,data/raw/USDA/FAS/GAIN/Oilseeds/2011/11/11.11_Nigeria_Soybeans and Products.pdf,data/raw/USDA/FAS/GAIN/Oilseeds/2011/11/Summary/11.11_Nigeria_Soybeans and Products.md,True,6,10727,수입관세|압착|재고,상방 우세,16,4,Import Volume|Export Volume|Harvested Area|Production Volume|Soybean|Crude Palm Oil|Import Tariff|Source Document
11.11_Spain_Biodiesel Standing Report.pdf,data/raw/USDA/FAS/GAIN/Oilseeds/2011/11/11.11_Spain_Biodiesel Standing Report.pdf,data/raw/USDA/FAS/GAIN/Oilseeds/2011/11/Summary/11.11_Spain_Biodiesel Standing Report.md,True,13,27321,바이오연료수요|수입관세|압착,상방 우세,16,11,Import Volume|Export Volume|Soybean|Crude Palm Oil|Neutral Regime|Source Document
11.11_Turkey_Oilseeds and Products Update.pdf,data/raw/USDA/FAS/GAIN/Oilseeds/2011/11/11.11_Turkey_Oilseeds and Products Update.pdf,data/raw/USDA/FAS/GAIN/Oilseeds/2011/11/Summary/11.11_Turkey_Oilseeds and Products Update.md,True,5,9691,물류충격|생산변동|압착|재고,상방 우세,15,4,Import Volume|Export Volume|Harvested Area|Soybean|Soybean Oil|Crude Soybean Oil|Source Document
11.11_Ukraine_Grain and Feed Update.pdf,data/raw/USDA/FAS/GAIN/Oilseeds/2011/11/11.11_Ukraine_Grain and Feed Update.pdf,data/raw/USDA/FAS/GAIN/Oilseeds/2011/11/Summary/11.11_Ukraine_Grain and Feed Update.md,True,9,20623,수출규제,하방 우세,4,10,Export Volume|Soil Moisture Percentile|Harvested Area|Export Tax|Source Document
11.11_Ukraine_Winter Crop in Ukraine at Risk.pdf,data/raw/USDA/FAS/GAIN/Oilseeds/2011/11/11.11_Ukraine_Winter Crop in Ukraine at Risk.pdf,data/raw/USDA/FAS/GAIN/Oilseeds/2011/11/Summary/11.11_Ukraine_Winter Crop in Ukraine at Risk.md,True,2,1884,,하방 우세,0,1,Soil Moisture Percentile|Source Document
11.12_Argentina_Oilseeds and Products Update.pdf,data/raw/USDA/FAS/GAIN/Oilseeds/2011/12/11.12_Argentina_Oilseeds and Products Update.pdf,data/raw/USDA/FAS/GAIN/Oilseeds/2011/12/Summary/11.12_Argentina_Oilseeds and Products Update.md,True,4,3697,기상이변|압착,하방 우세,0,8,Export Volume|Soil Moisture Percentile|Production Volume|Crushing Volume|Soybean|Source Document
11.12_India_Indian Rupee Slide.pdf,data/raw/USDA/FAS/GAIN/Oilseeds/2011/12/11.12_India_Indian Rupee Slide.pdf,data/raw/USDA/FAS/GAIN/Oilseeds/2011/12/Summary/11.12_India_Indian Rupee Slide.md,True,5,8233,,하방 우세,4,10,Gross Domestic Product|Import Volume|Export Volume|Bear Regime|Hold Recommendation|Source Document
11.12_Indonesia_Oilseed Grain and Feed Update.pdf,data/raw/USDA/FAS/GAIN/Oilseeds/2011/12/11.12_Indonesia_Oilseed Grain and Feed Update.pdf,data/raw/USDA/FAS/GAIN/Oilseeds/2011/12/Summary/11.12_Indonesia_Oilseed Grain and Feed Update.md,True,3,2966,수입관세,상방 우세,2,0,Import Tariff|Source Document
11.12_Russian Federation_33rd Meeting of the Customs Union Commission.pdf,data/raw/USDA/FAS/GAIN/Oilseeds/2011/12/11.12_Russian Federation_33rd Meeting of the Customs Union Commission.pdf,data/raw/USDA/FAS/GAIN/Oilseeds/2011/12/Summary/11.12_Russian Federation_33rd Meeting of the Customs Union Commission.md,True,7,15598,,중립/혼재,0,0,Export Volume|Source Document
11.12_Russian Federation_Oilseeds and Products December Update.pdf,data/raw/USDA/FAS/GAIN/Oilseeds/2011/12/11.12_Russian Federation_Oilseeds and Products December Update.pdf,data/raw/USDA/FAS/GAIN/Oilseeds/2011/12/Summary/11.12_Russian Federation_Oilseeds and Products December Update.md,True,11,19828,생산변동|수입관세|수출규제|압착|재고,하방 우세,23,53,Import Volume|Export Volume|Planted Area|Harvested Area|Soybean|Crude Palm Oil|Canola Oil|Import Tariff|Export Tax|Source Document
12.01_Argentina_Oilseeds and Products Update.pdf,data/raw/USDA/FAS/GAIN/Oilseeds/2012/01/12.01_Argentina_Oilseeds and Products Update.pdf,data/raw/USDA/FAS/GAIN/Oilseeds/2012/01/Summary/12.01_Argentina_Oilseeds and Products Update.md,True,7,9120,기상이변|압착|재고,하방 우세,6,18,Import Volume|Export Volume|Soil Moisture Percentile|Harvested Area|Production Volume|Harvest Delay|Soybean|Source Document
12.02_Argentina_Oilseeds and Products Update.pdf,data/raw/USDA/FAS/GAIN/Oilseeds/2012/02/12.02_Argentina_Oilseeds and Products Update.pdf,data/raw/USDA/FAS/GAIN/Oilseeds/2012/02/Summary/12.02_Argentina_Oilseeds and Products Update.md,True,4,3831,압착|재고,하방 우세,0,7,Import Volume|Export Volume|Harvested Area|Soybean|Source Document
12.02_Brazil_Oilseeds and Products Update.pdf,data/raw/USDA/FAS/GAIN/Oilseeds/2012/02/12.02_Brazil_Oilseeds and Products Update.pdf,data/raw/USDA/FAS/GAIN/Oilseeds/2012/02/Summary/12.02_Brazil_Oilseeds and Products Update.md,True,3,6109,기상이변|생산변동|압착|재고,하방 우세,2,4,Import Volume|Export Volume|La Niña|Harvested Area|Neutral Regime|Source Document
12.02_France_Incentives and Plant Breeding Breakthroughs to Reduce Soy Imports.pdf,data/raw/USDA/FAS/GAIN/Oilseeds/2012/02/12.02_France_Incentives and Plant Breeding Breakthroughs to Reduce Soy Imports.pdf,data/raw/USDA/FAS/GAIN/Oilseeds/2012/02/Summary/12.02_France_Incentives and Plant Breeding Breakthroughs to Reduce Soy Imports.md,True,9,12339,바이오연료수요|압착,상방 우세,16,5,Import Volume|Soybean|Canola Oil|Source Document
12.02_France_Non-Biotech Labeling Rules in Place - Proposed Rules on Coexistence.pdf,data/raw/USDA/FAS/GAIN/Oilseeds/2012/02/12.02_France_Non-Biotech Labeling Rules in Place - Proposed Rules on Coexistence.pdf,data/raw/USDA/FAS/GAIN/Oilseeds/2012/02/Summary/12.02_France_Non-Biotech Labeling Rules in Place - Proposed Rules on Coexistence.md,True,5,12685,,상방 우세,2,0,Harvested Area|Production Volume|Soybean|Source Document
12.02_India_Oilseeds and Products Update.pdf,data/raw/USDA/FAS/GAIN/Oilseeds/2012/02/12.02_India_Oilseeds and Products Update.pdf,data/raw/USDA/FAS/GAIN/Oilseeds/2012/02/Summary/12.02_India_Oilseeds and Products Update.md,True,15,17774,압착|재고,하방 우세,5,28,Import Volume|Export Volume|Harvested Area|Soybean|Soybean Oil|Vegetable Oil|Crude Palm Oil|Sunflower Oil|Source Document
12.02_Indonesia_Oilseeds and Products Update.pdf,data/raw/USDA/FAS/GAIN/Oilseeds/2012/02/12.02_Indonesia_Oilseeds and Products Update.pdf,data/raw/USDA/FAS/GAIN/Oilseeds/2012/02/Summary/12.02_Indonesia_Oilseeds and Products Update.md,True,8,16374,바이오연료수요|수출규제|압착|재고,하방 우세,18,28,Import Volume|Export Volume|Harvested Area|Crude Palm Oil|Source Document
12.02_Peru_Oilseeds and Products Annual.pdf,data/raw/USDA/FAS/GAIN/Oilseeds/2012/02/12.02_Peru_Oilseeds and Products Annual.pdf,data/raw/USDA/FAS/GAIN/Oilseeds/2012/02/Summary/12.02_Peru_Oilseeds and Products Annual.md,True,7,13135,기상이변|수입관세|압착|재고,상방 우세,14,6,Import Volume|Export Volume|Soybean|Source Document
12.02_Philippines_Oilseeds and Products Annual.pdf,data/raw/USDA/FAS/GAIN/Oilseeds/2012/02/12.02_Philippines_Oilseeds and Products Annual.pdf,data/raw/USDA/FAS/GAIN/Oilseeds/2012/02/Summary/12.02_Philippines_Oilseeds and Products Annual.md,True,15,30309,기상이변|바이오연료수요|생산변동|수입관세|압착|재고,중립/혼재,44,35,Gross Domestic Product|Import Volume|Export Volume|Harvested Area|Production Volume|Crushing Volume|Soybean|Crude Palm Oil|Neutral Regime|Source Document
12.02_Spain_No Rain in Spain Falling on the Plain.pdf,data/raw/USDA/FAS/GAIN/Oilseeds/2012/02/12.02_Spain_No Rain in Spain Falling on the Plain.pdf,data/raw/USDA/FAS/GAIN/Oilseeds/2012/02/Summary/12.02_Spain_No Rain in Spain Falling on the Plain.md,True,5,6278,기상이변,하방 우세,0,20,Import Volume|Drought|Soil Moisture Percentile|Production Volume|Source Document
12.02_Tunisia_Oilseeds and Products Annual.pdf,data/raw/USDA/FAS/GAIN/Oilseeds/2012/02/12.02_Tunisia_Oilseeds and Products Annual.pdf,data/raw/USDA/FAS/GAIN/Oilseeds/2012/02/Summary/12.02_Tunisia_Oilseeds and Products Annual.md,True,11,21740,수입관세|압착|재고,중립/혼재,20,24,Import Volume|Export Volume|Harvested Area|Soybean|Vegetable Oil|Crude Palm Oil|Canola Oil|Neutral Regime|Geopolitical Conflict|Source Document
12.03_Argentina_Oilseeds and Products Annual.pdf,data/raw/USDA/FAS/GAIN/Oilseeds/2012/03/12.03_Argentina_Oilseeds and Products Annual.pdf,data/raw/USDA/FAS/GAIN/Oilseeds/2012/03/Summary/12.03_Argentina_Oilseeds and Products Annual.md,True,17,31276,기상이변|바이오연료수요|수출규제|압착|재고,하방 우세,16,58,Import Volume|Export Volume|Harvested Area|Crushing Volume|Soybean|Import Quota|Source Document
12.03_Brazil_Oilseeds and Products Annual.pdf,data/raw/USDA/FAS/GAIN/Oilseeds/2012/03/12.03_Brazil_Oilseeds and Products Annual.pdf,data/raw/USDA/FAS/GAIN/Oilseeds/2012/03/Summary/12.03_Brazil_Oilseeds and Products Annual.md,True,24,38776,기상이변|물류충격|바이오연료수요|생산변동|압착|재고,상방 우세,36,10,Import Volume|Export Volume|La Niña|Harvested Area|Production Volume|Stock-to-Use Ratio|Soybean|Crude Palm Oil|Source Document
12.03_China_Oilseeds and Products Annual.pdf,data/raw/USDA/FAS/GAIN/Oilseeds/2012/03/12.03_China_Oilseeds and Products Annual.pdf,data/raw/USDA/FAS/GAIN/Oilseeds/2012/03/Summary/12.03_China_Oilseeds and Products Annual.md,True,35,56652,바이오연료수요|생산변동|수입관세|압착|재고,상방 우세,66,39,Import Volume|Export Volume|Harvested Area|Soybean|Soybean Oil|Crude Palm Oil|Canola Oil|Bear Regime|Neutral Regime|Source Document|Confidence Score
12.03_Malaysia_Oilseeds and Products Annual.pdf,data/raw/USDA/FAS/GAIN/Oilseeds/2012/03/12.03_Malaysia_Oilseeds and Products Annual.pdf,data/raw/USDA/FAS/GAIN/Oilseeds/2012/03/Summary/12.03_Malaysia_Oilseeds and Products Annual.md,True,35,28125,바이오연료수요|수출규제|압착|재고,중립/혼재,29,31,Import Volume|Export Volume|Harvested Area|Production Volume|Soybean|Crude Palm Oil|Export Tax|Source Document
12.03_Paraguay_Oilseeds and Products Annual.pdf,data/raw/USDA/FAS/GAIN/Oilseeds/2012/03/12.03_Paraguay_Oilseeds and Products Annual.pdf,data/raw/USDA/FAS/GAIN/Oilseeds/2012/03/Summary/12.03_Paraguay_Oilseeds and Products Annual.md,True,9,18189,기상이변|바이오연료수요|수출규제|압착|재고,하방 우세,11,42,Import Volume|Export Volume|Harvested Area|Crushing Volume|Soybean|Source Document
12.03_Russian Federation_Customs Union Ag Times No. 2.pdf,data/raw/USDA/FAS/GAIN/Oilseeds/2012/03/12.03_Russian Federation_Customs Union Ag Times No. 2.pdf,data/raw/USDA/FAS/GAIN/Oilseeds/2012/03/Summary/12.03_Russian Federation_Customs Union Ag Times No. 2.md,True,4,7488,수입관세,상방 우세,1,0,Source Document
12.03_Russian Federation_Tropical Oils Excluded from Kaliningrad Special Economic Zone.pdf,data/raw/USDA/FAS/GAIN/Oilseeds/2012/03/12.03_Russian Federation_Tropical Oils Excluded from Kaliningrad Special Economic Zone.pdf,data/raw/USDA/FAS/GAIN/Oilseeds/2012/03/Summary/12.03_Russian Federation_Tropical Oils Excluded from Kaliningrad Special Economic Zone.md,True,8,12247,수입관세,하방 우세,0,8,Crude Palm Oil|Source Document
12.03_South Korea_Oilseeds and Products Annual.pdf,data/raw/USDA/FAS/GAIN/Oilseeds/2012/03/12.03_South Korea_Oilseeds and Products Annual.pdf,data/raw/USDA/FAS/GAIN/Oilseeds/2012/03/Summary/12.03_South Korea_Oilseeds and Products Annual.md,True,26,40501,바이오연료수요|수입관세|압착|재고,하방 우세,10,20,Import Volume|Export Volume|Harvested Area|Soybean|Soybean Oil|Vegetable Oil|Crude Palm Oil|Canola Oil|Import Tariff|Source Document
12.03_Taiwan_Oilseeds and Products Annual.pdf,data/raw/USDA/FAS/GAIN/Oilseeds/2012/03/12.03_Taiwan_Oilseeds and Products Annual.pdf,data/raw/USDA/FAS/GAIN/Oilseeds/2012/03/Summary/12.03_Taiwan_Oilseeds and Products Annual.md,True,14,26690,바이오연료수요|압착|재고,하방 우세,13,25,Import Volume|Export Volume|Harvested Area|Production Volume|Soybean|Vegetable Oil|Crude Palm Oil|Source Document
12.03_Turkey_Oilseeds and Products Annual.pdf,data/raw/USDA/FAS/GAIN/Oilseeds/2012/03/12.03_Turkey_Oilseeds and Products Annual.pdf,data/raw/USDA/FAS/GAIN/Oilseeds/2012/03/Summary/12.03_Turkey_Oilseeds and Products Annual.md,True,22,47614,물류충격|바이오연료수요|생산변동|수입관세|압착|재고,중립/혼재,94,101,Import Volume|Export Volume|Harvested Area|Production Volume|Crushing Volume|Soybean|Soybean Oil|Sunflower Oil|Neutral Regime|Import Quota|Source Document
12.03_Uruguay_Oilseeds and Products Annual.pdf,data/raw/USDA/FAS/GAIN/Oilseeds/2012/03/12.03_Uruguay_Oilseeds and Products Annual.pdf,data/raw/USDA/FAS/GAIN/Oilseeds/2012/03/Summary/12.03_Uruguay_Oilseeds and Products Annual.md,True,6,10892,기상이변|바이오연료수요|압착|재고,하방 우세,10,14,Import Volume|Export Volume|Harvested Area|Soybean|Neutral Regime|Source Document
12.04_Bolivia_Oilseeds and Products Annual.pdf,data/raw/USDA/FAS/GAIN/Oilseeds/2012/04/12.04_Bolivia_Oilseeds and Products Annual.pdf,data/raw/USDA/FAS/GAIN/Oilseeds/2012/04/Summary/12.04_Bolivia_Oilseeds and Products Annual.md,True,6,11231,물류충격|수입관세|수출규제|압착|재고,상방 우세,8,4,Import Volume|Export Volume|Harvested Area|Soybean|Source Document
12.04_Canada_Oilseeds and Products Annual.pdf,data/raw/USDA/FAS/GAIN/Oilseeds/2012/04/12.04_Canada_Oilseeds and Products Annual.pdf,data/raw/USDA/FAS/GAIN/Oilseeds/2012/04/Summary/12.04_Canada_Oilseeds and Products Annual.md,True,13,18147,바이오연료수요|생산변동|압착|재고,상방 우세,35,21,Import Volume|Export Volume|Harvested Area|Crushing Volume|Soybean|Source Document
12.04_EU_Oilseeds and Products Annual.pdf,data/raw/USDA/FAS/GAIN/Oilseeds/2012/04/12.04_EU_Oilseeds and Products Annual.pdf,data/raw/USDA/FAS/GAIN/Oilseeds/2012/04/Summary/12.04_EU_Oilseeds and Products Annual.md,True,37,41995,기상이변|바이오연료수요|압착|재고,하방 우세,62,102,Import Volume|Export Volume|Harvested Area|Production Volume|Crushing Volume|Soybean|Crude Palm Oil|Canola Oil|Source Document
12.04_Egypt_Oilseeds and Products Annual.pdf,data/raw/USDA/FAS/GAIN/Oilseeds/2012/04/12.04_Egypt_Oilseeds and Products Annual.pdf,data/raw/USDA/FAS/GAIN/Oilseeds/2012/04/Summary/12.04_Egypt_Oilseeds and Products Annual.md,True,9,15253,생산변동|수입관세|압착|재고,하방 우세,16,33,Gross Domestic Product|Import Volume|Export Volume|Harvested Area|Soybean|Crude Palm Oil|Sunflower Oil|Cost and Freight|Import Tariff|Source Document
12.04_India_Oilseeds and Products Annual.pdf,data/raw/USDA/FAS/GAIN/Oilseeds/2012/04/12.04_India_Oilseeds and Products Annual.pdf,data/raw/USDA/FAS/GAIN/Oilseeds/2012/04/Summary/12.04_India_Oilseeds and Products Annual.md,True,33,38005,바이오연료수요|수입관세|수출규제|압착|재고,상방 우세,30,19,Import Volume|Export Volume|Harvested Area|Soybean|Soybean Oil|Crude Soybean Oil|Vegetable Oil|Crude Palm Oil|Canola Oil|Sunflower Oil|Import Tariff|Source Document
12.04_Indonesia_Oilseeds and Products Annual.pdf,data/raw/USDA/FAS/GAIN/Oilseeds/2012/04/12.04_Indonesia_Oilseeds and Products Annual.pdf,data/raw/USDA/FAS/GAIN/Oilseeds/2012/04/Summary/12.04_Indonesia_Oilseeds and Products Annual.md,True,22,31387,바이오연료수요|수출규제|압착|재고,상방 우세,49,13,Import Volume|Export Volume|Harvested Area|Crude Palm Oil|Export Tax|Source Document
12.04_Indonesia_Oilseeds and Products Update.pdf,data/raw/USDA/FAS/GAIN/Oilseeds/2012/04/12.04_Indonesia_Oilseeds and Products Update.pdf,data/raw/USDA/FAS/GAIN/Oilseeds/2012/04/Summary/12.04_Indonesia_Oilseeds and Products Update.md,True,8,12766,수입관세|압착|재고,중립/혼재,12,11,Import Volume|Export Volume|Harvested Area|Soybean|Crude Palm Oil|Import Tariff|Source Document
12.04_Japan_Oilseeds and Products Annual.pdf,data/raw/USDA/FAS/GAIN/Oilseeds/2012/04/12.04_Japan_Oilseeds and Products Annual.pdf,data/raw/USDA/FAS/GAIN/Oilseeds/2012/04/Summary/12.04_Japan_Oilseeds and Products Annual.md,True,15,29962,수입관세|압착|재고,중립/혼재,27,23,Import Volume|Export Volume|Crop Yield|Harvested Area|Production Volume|Soybean|Crude Palm Oil|Canola Oil|Source Document
12.04_Malaysia_Oilseeds and Products Update.pdf,data/raw/USDA/FAS/GAIN/Oilseeds/2012/04/12.04_Malaysia_Oilseeds and Products Update.pdf,data/raw/USDA/FAS/GAIN/Oilseeds/2012/04/Summary/12.04_Malaysia_Oilseeds and Products Update.md,True,2,693,,하방 우세,0,2,Source Document
12.04_Mexico_Oilseeds and Products Annual.pdf,data/raw/USDA/FAS/GAIN/Oilseeds/2012/04/12.04_Mexico_Oilseeds and Products Annual.pdf,data/raw/USDA/FAS/GAIN/Oilseeds/2012/04/Summary/12.04_Mexico_Oilseeds and Products Annual.md,True,22,52386,물류충격|생산변동|수입관세|압착|재고,중립/혼재,58,74,Import Volume|Export Volume|Harvested Area|Production Volume|Soybean|Soybean Oil|Vegetable Oil|Canola Oil|Bull Regime|Bear Regime|Neutral Regime|Source Document
12.04_Philippines_Oilseeds and Products Annual.pdf,data/raw/USDA/FAS/GAIN/Oilseeds/2012/04/12.04_Philippines_Oilseeds and Products Annual.pdf,data/raw/USDA/FAS/GAIN/Oilseeds/2012/04/Summary/12.04_Philippines_Oilseeds and Products Annual.md,True,16,32616,기상이변|바이오연료수요|생산변동|수입관세|압착|재고,상방 우세,66,24,Gross Domestic Product|Import Volume|Export Volume|Harvested Area|Production Volume|Crushing Volume|Soybean|Crude Palm Oil|Source Document
12.04_Romania_Winter crops offer another boost to spring crops.pdf,data/raw/USDA/FAS/GAIN/Oilseeds/2012/04/12.04_Romania_Winter crops offer another boost to spring crops.pdf,data/raw/USDA/FAS/GAIN/Oilseeds/2012/04/Summary/12.04_Romania_Winter crops offer another boost to spring crops.md,True,4,7040,기상이변|물류충격|바이오연료수요|압착,하방 우세,6,17,Import Volume|Export Volume|Soil Moisture Percentile|Production Volume|Source Document
12.04_Russian Federation_Oilseeds and Products Annual.pdf,data/raw/USDA/FAS/GAIN/Oilseeds/2012/04/12.04_Russian Federation_Oilseeds and Products Annual.pdf,data/raw/USDA/FAS/GAIN/Oilseeds/2012/04/Summary/12.04_Russian Federation_Oilseeds and Products Annual.md,True,23,41777,생산변동|수입관세|수출규제|압착|재고,하방 우세,47,121,Import Volume|Export Volume|Planted Area|Harvested Area|Crushing Volume|Soybean|Crude Palm Oil|Canola Oil|Import Tariff|Export Tax|Source Document
12.04_South Africa_Oilseeds and Products Annual.pdf,data/raw/USDA/FAS/GAIN/Oilseeds/2012/04/12.04_South Africa_Oilseeds and Products Annual.pdf,data/raw/USDA/FAS/GAIN/Oilseeds/2012/04/Summary/12.04_South Africa_Oilseeds and Products Annual.md,True,23,31741,기상이변|수입관세|압착|재고,하방 우세,45,108,Gross Domestic Product|Import Volume|Export Volume|Harvested Area|Soybean|Crude Palm Oil|Import Tariff|Source Document
12.04_Spain_Enacts Biodiesel Production Quota System.pdf,data/raw/USDA/FAS/GAIN/Oilseeds/2012/04/12.04_Spain_Enacts Biodiesel Production Quota System.pdf,data/raw/USDA/FAS/GAIN/Oilseeds/2012/04/Summary/12.04_Spain_Enacts Biodiesel Production Quota System.md,True,6,10901,바이오연료수요|압착,상방 우세,5,3,Import Volume|Export Volume|Crude Palm Oil|Canola Oil|Source Document
12.04_Spain_Rain in Spain - Enough Already.pdf,data/raw/USDA/FAS/GAIN/Oilseeds/2012/04/12.04_Spain_Rain in Spain - Enough Already.pdf,data/raw/USDA/FAS/GAIN/Oilseeds/2012/04/Summary/12.04_Spain_Rain in Spain - Enough Already.md,True,9,12702,기상이변,하방 우세,6,28,Import Volume|Soil Moisture Percentile|Source Document
12.04_Thailand_Oilseeds and Products Annual.pdf,data/raw/USDA/FAS/GAIN/Oilseeds/2012/04/12.04_Thailand_Oilseeds and Products Annual.pdf,data/raw/USDA/FAS/GAIN/Oilseeds/2012/04/Summary/12.04_Thailand_Oilseeds and Products Annual.md,True,13,25737,기상이변|물류충격|바이오연료수요|압착|재고,중립/혼재,24,20,Import Volume|Export Volume|Harvested Area|Soybean|Crude Palm Oil|Neutral Regime|Geopolitical Conflict|Import Quota|Source Document
12.04_Vietnam_Oilseeds and Products Annual.pdf,data/raw/USDA/FAS/GAIN/Oilseeds/2012/04/12.04_Vietnam_Oilseeds and Products Annual.pdf,data/raw/USDA/FAS/GAIN/Oilseeds/2012/04/Summary/12.04_Vietnam_Oilseeds and Products Annual.md,True,40,38638,물류충격|생산변동|수입관세|압착|재고,상방 우세,43,27,Import Volume|Export Volume|Harvested Area|Production Volume|Soybean|Soybean Oil|Freight Rate|Import Tariff|Source Document
12.05_Bulgaria_Grains and Oilseeds Market Update.pdf,data/raw/USDA/FAS/GAIN/Oilseeds/2012/05/12.05_Bulgaria_Grains and Oilseeds Market Update.pdf,data/raw/USDA/FAS/GAIN/Oilseeds/2012/05/Summary/12.05_Bulgaria_Grains and Oilseeds Market Update.md,True,9,15184,물류충격|압착,하방 우세,7,33,Import Volume|Export Volume|Soil Moisture Percentile|Neutral Regime|Hold Recommendation|Source Document
12.05_China_Oilseeds and Products Update.pdf,data/raw/USDA/FAS/GAIN/Oilseeds/2012/05/12.05_China_Oilseeds and Products Update.pdf,data/raw/USDA/FAS/GAIN/Oilseeds/2012/05/Summary/12.05_China_Oilseeds and Products Update.md,True,9,16278,생산변동|압착|재고,중립/혼재,18,19,Import Volume|Export Volume|Harvested Area|Soybean|Canola Oil|Source Document
12.05_Greece_Olive Oil.pdf,data/raw/USDA/FAS/GAIN/Oilseeds/2012/05/12.05_Greece_Olive Oil.pdf,data/raw/USDA/FAS/GAIN/Oilseeds/2012/05/Summary/12.05_Greece_Olive Oil.md,True,3,5219,재고,하방 우세,0,3,Import Volume|Export Volume|Production Volume|Source Document
12.05_Ukraine_Oilseeds and Products Annual.pdf,data/raw/USDA/FAS/GAIN/Oilseeds/2012/05/12.05_Ukraine_Oilseeds and Products Annual.pdf,data/raw/USDA/FAS/GAIN/Oilseeds/2012/05/Summary/12.05_Ukraine_Oilseeds and Products Annual.md,True,27,52926,수출규제|압착|재고,하방 우세,26,67,Import Volume|Export Volume|Harvested Area|Crushing Volume|Soybean|Crude Palm Oil|Canola Oil|Export Tax|Source Document
12.06_Malaysia_Oilseeds and Products Update.pdf,data/raw/USDA/FAS/GAIN/Oilseeds/2012/06/12.06_Malaysia_Oilseeds and Products Update.pdf,data/raw/USDA/FAS/GAIN/Oilseeds/2012/06/Summary/12.06_Malaysia_Oilseeds and Products Update.md,True,7,4729,생산변동|재고,중립/혼재,7,8,Import Volume|Export Volume|Production Volume|Crude Palm Oil|Source Document
12.06_Russian Federation_Agricultural Domestic Support Programs.pdf,data/raw/USDA/FAS/GAIN/Oilseeds/2012/06/12.06_Russian Federation_Agricultural Domestic Support Programs.pdf,data/raw/USDA/FAS/GAIN/Oilseeds/2012/06/Summary/12.06_Russian Federation_Agricultural Domestic Support Programs.md,True,648,107996,,상방 우세,2,1,Production Volume|Source Document
12.06_Thailand_Export Surcharge on Crude Palm Oil- A Move to Control Prices.pdf,data/raw/USDA/FAS/GAIN/Oilseeds/2012/06/12.06_Thailand_Export Surcharge on Crude Palm Oil- A Move to Control Prices.pdf,data/raw/USDA/FAS/GAIN/Oilseeds/2012/06/Summary/12.06_Thailand_Export Surcharge on Crude Palm Oil- A Move to Control Prices.md,True,2,4823,바이오연료수요,상방 우세,7,4,Import Volume|Export Volume|Crude Palm Oil|Source Document
12.07_Brazil_Developments of Northern Ports Move Forward with Favorable.pdf,data/raw/USDA/FAS/GAIN/Oilseeds/2012/07/12.07_Brazil_Developments of Northern Ports Move Forward with Favorable.pdf,data/raw/USDA/FAS/GAIN/Oilseeds/2012/07/Summary/12.07_Brazil_Developments of Northern Ports Move Forward with Favorable.md,True,11,28258,물류충격,중립/혼재,4,5,Export Volume|Soybean|Source Document
12.07_Bulgaria_Grains and Oilseeds Market Update.pdf,data/raw/USDA/FAS/GAIN/Oilseeds/2012/07/12.07_Bulgaria_Grains and Oilseeds Market Update.pdf,data/raw/USDA/FAS/GAIN/Oilseeds/2012/07/Summary/12.07_Bulgaria_Grains and Oilseeds Market Update.md,True,9,12556,기상이변|물류충격|압착|재고,하방 우세,6,29,Export Volume|Soil Moisture Percentile|Production Volume|Neutral Regime|Source Document
12.07_China_LOCK-UP REPORT.pdf,data/raw/USDA/FAS/GAIN/Oilseeds/2012/07/12.07_China_LOCK-UP REPORT.pdf,data/raw/USDA/FAS/GAIN/Oilseeds/2012/07/Summary/12.07_China_LOCK-UP REPORT.md,True,4,5582,압착,하방 우세,3,6,Import Volume|Export Volume|Soybean|Source Document
12.07_France_Biotechnology - Food Security - Sustainability in the Americas.pdf,data/raw/USDA/FAS/GAIN/Oilseeds/2012/07/12.07_France_Biotechnology - Food Security - Sustainability in the Americas.pdf,data/raw/USDA/FAS/GAIN/Oilseeds/2012/07/Summary/12.07_France_Biotechnology - Food Security - Sustainability in the Americas.md,True,4,10406,,상방 우세,6,1,Export Volume|Soybean|Source Document
12.07_Malaysia_Oilseeds and Products Update.pdf,data/raw/USDA/FAS/GAIN/Oilseeds/2012/07/12.07_Malaysia_Oilseeds and Products Update.pdf,data/raw/USDA/FAS/GAIN/Oilseeds/2012/07/Summary/12.07_Malaysia_Oilseeds and Products Update.md,True,6,4742,생산변동|재고,중립/혼재,9,7,Import Volume|Export Volume|Production Volume|Crude Palm Oil|Source Document
12.07_Pakistan_Oilseed and Products Update.pdf,data/raw/USDA/FAS/GAIN/Oilseeds/2012/07/12.07_Pakistan_Oilseed and Products Update.pdf,data/raw/USDA/FAS/GAIN/Oilseeds/2012/07/Summary/12.07_Pakistan_Oilseed and Products Update.md,True,3,5021,바이오연료수요|수입관세|압착,중립/혼재,7,7,Import Volume|Vegetable Oil|Crude Palm Oil|Source Document
12.07_Romania_Corn and Sunflower crops Affected by Persistent Drought.pdf,data/raw/USDA/FAS/GAIN/Oilseeds/2012/07/12.07_Romania_Corn and Sunflower crops Affected by Persistent Drought.pdf,data/raw/USDA/FAS/GAIN/Oilseeds/2012/07/Summary/12.07_Romania_Corn and Sunflower crops Affected by Persistent Drought.md,True,3,6031,기상이변|바이오연료수요|생산변동|압착,하방 우세,4,19,Import Volume|Soil Moisture Percentile|Production Volume|Neutral Regime|Source Document
12.07_Taiwan_Market Share for U.S. Soybeans to Decline.pdf,data/raw/USDA/FAS/GAIN/Oilseeds/2012/07/12.07_Taiwan_Market Share for U.S. Soybeans to Decline.pdf,data/raw/USDA/FAS/GAIN/Oilseeds/2012/07/Summary/12.07_Taiwan_Market Share for U.S. Soybeans to Decline.md,True,3,3551,기상이변|압착|재고,하방 우세,1,4,Import Volume|Export Volume|Harvested Area|Soybean|Hold Recommendation|Source Document
12.07_Turkey_Oilseeds and Products Update.pdf,data/raw/USDA/FAS/GAIN/Oilseeds/2012/07/12.07_Turkey_Oilseeds and Products Update.pdf,data/raw/USDA/FAS/GAIN/Oilseeds/2012/07/Summary/12.07_Turkey_Oilseeds and Products Update.md,True,5,7789,압착|재고,중립/혼재,5,4,Import Volume|Export Volume|Harvested Area|Soybean|Soybean Oil|Source Document
12.08_Argentina_Biodiesel Tax Increase and Temporary Soybean Import Policy.pdf,data/raw/USDA/FAS/GAIN/Oilseeds/2012/08/12.08_Argentina_Biodiesel Tax Increase and Temporary Soybean Import Policy.pdf,data/raw/USDA/FAS/GAIN/Oilseeds/2012/08/Summary/12.08_Argentina_Biodiesel Tax Increase and Temporary Soybean Import Policy.md,True,3,5816,기상이변|바이오연료수요|수출규제|압착,하방 우세,4,6,Import Volume|Export Volume|Soybean|Source Document
12.08_Bulgaria_Drought Hits Bulgarian Spring Crops.pdf,data/raw/USDA/FAS/GAIN/Oilseeds/2012/08/12.08_Bulgaria_Drought Hits Bulgarian Spring Crops.pdf,data/raw/USDA/FAS/GAIN/Oilseeds/2012/08/Summary/12.08_Bulgaria_Drought Hits Bulgarian Spring Crops.md,True,4,7036,기상이변,하방 우세,6,19,Soil Moisture Percentile|Neutral Regime|Source Document
12.08_Czech Republic_Crop Situation Update.pdf,data/raw/USDA/FAS/GAIN/Oilseeds/2012/08/12.08_Czech Republic_Crop Situation Update.pdf,data/raw/USDA/FAS/GAIN/Oilseeds/2012/08/Summary/12.08_Czech Republic_Crop Situation Update.md,True,3,3309,,하방 우세,3,7,Source Document
12.08_EU_Unfavorable Weather Conditions Limit EU-27 Oilseeds Production.pdf,data/raw/USDA/FAS/GAIN/Oilseeds/2012/08/12.08_EU_Unfavorable Weather Conditions Limit EU-27 Oilseeds Production.pdf,data/raw/USDA/FAS/GAIN/Oilseeds/2012/08/Summary/12.08_EU_Unfavorable Weather Conditions Limit EU-27 Oilseeds Production.md,True,17,41004,기상이변|물류충격|바이오연료수요|생산변동|압착|재고,하방 우세,39,102,Import Volume|Export Volume|Soil Moisture Percentile|Harvested Area|Production Volume|Crushing Volume|Soybean|Soybean Oil|Canola Oil|Source Document
12.08_Germany_Ag Ministry publishes draft 'protein strategy'.pdf,data/raw/USDA/FAS/GAIN/Oilseeds/2012/08/12.08_Germany_Ag Ministry publishes draft 'protein strategy'.pdf,data/raw/USDA/FAS/GAIN/Oilseeds/2012/08/Summary/12.08_Germany_Ag Ministry publishes draft 'protein strategy'.md,True,7,12824,,하방 우세,4,6,Import Volume|Production Volume|Soybean|Source Document
12.08_India_Monsoon Report 4.pdf,data/raw/USDA/FAS/GAIN/Oilseeds/2012/08/12.08_India_Monsoon Report 4.pdf,data/raw/USDA/FAS/GAIN/Oilseeds/2012/08/Summary/12.08_India_Monsoon Report 4.md,True,4,2494,,하방 우세,2,8,Source Document
12.08_India_Monsoon Report 5.pdf,data/raw/USDA/FAS/GAIN/Oilseeds/2012/08/12.08_India_Monsoon Report 5.pdf,data/raw/USDA/FAS/GAIN/Oilseeds/2012/08/Summary/12.08_India_Monsoon Report 5.md,True,5,5865,기상이변,하방 우세,3,10,Precipitation Deficit|Soil Moisture Percentile|Source Document
12.08_India_Oilseeds and Products Update.pdf,data/raw/USDA/FAS/GAIN/Oilseeds/2012/08/12.08_India_Oilseeds and Products Update.pdf,data/raw/USDA/FAS/GAIN/Oilseeds/2012/08/Summary/12.08_India_Oilseeds and Products Update.md,True,15,21190,기상이변|수입관세|수출규제|압착|재고,하방 우세,9,31,Import Volume|Export Volume|Soil Moisture Percentile|Harvested Area|Soybean|Vegetable Oil|Crude Palm Oil|Import Tariff|Export Tax|Source Document
12.08_Indonesia_Impact of Soybean Price Rally on Indonesian Soy Business.pdf,data/raw/USDA/FAS/GAIN/Oilseeds/2012/08/12.08_Indonesia_Impact of Soybean Price Rally on Indonesian Soy Business.pdf,data/raw/USDA/FAS/GAIN/Oilseeds/2012/08/Summary/12.08_Indonesia_Impact of Soybean Price Rally on Indonesian Soy Business.md,True,3,5265,수입관세,상방 우세,13,1,Import Volume|Soybean|Import Tariff|Source Document
12.08_Indonesia_Reduces Import Duty on Soybean to Zero Percent.pdf,data/raw/USDA/FAS/GAIN/Oilseeds/2012/08/12.08_Indonesia_Reduces Import Duty on Soybean to Zero Percent.pdf,data/raw/USDA/FAS/GAIN/Oilseeds/2012/08/Summary/12.08_Indonesia_Reduces Import Duty on Soybean to Zero Percent.md,True,2,1399,수입관세,하방 우세,0,1,Soybean|Import Tariff|Source Document
12.08_Malaysia_Oilseeds and Products Update.pdf,data/raw/USDA/FAS/GAIN/Oilseeds/2012/08/12.08_Malaysia_Oilseeds and Products Update.pdf,data/raw/USDA/FAS/GAIN/Oilseeds/2012/08/Summary/12.08_Malaysia_Oilseeds and Products Update.md,True,9,6799,기상이변|생산변동|재고,하방 우세,7,12,Import Volume|Export Volume|Production Volume|Crude Palm Oil|Source Document
12.08_Senegal_Oilseeds and Products Annual.pdf,data/raw/USDA/FAS/GAIN/Oilseeds/2012/08/12.08_Senegal_Oilseeds and Products Annual.pdf,data/raw/USDA/FAS/GAIN/Oilseeds/2012/08/Summary/12.08_Senegal_Oilseeds and Products Annual.md,True,9,18179,기상이변|생산변동|압착|재고,중립/혼재,10,13,Import Volume|Export Volume|Harvested Area|Crude Palm Oil|Source Document
12.09_Argentina_Oilseeds and Products Update.pdf,data/raw/USDA/FAS/GAIN/Oilseeds/2012/09/12.09_Argentina_Oilseeds and Products Update.pdf,data/raw/USDA/FAS/GAIN/Oilseeds/2012/09/Summary/12.09_Argentina_Oilseeds and Products Update.md,True,6,8538,기상이변|바이오연료수요|수출규제|압착|재고,하방 우세,5,11,Import Volume|Export Volume|Soil Moisture Percentile|Harvested Area|Soybean|Hold Recommendation|Source Document
12.09_India_Monsoon Report 6.pdf,data/raw/USDA/FAS/GAIN/Oilseeds/2012/09/12.09_India_Monsoon Report 6.pdf,data/raw/USDA/FAS/GAIN/Oilseeds/2012/09/Summary/12.09_India_Monsoon Report 6.md,True,6,6545,기상이변,하방 우세,2,13,Source Document
12.09_Turkey_Oilseeds and Products Update.pdf,data/raw/USDA/FAS/GAIN/Oilseeds/2012/09/12.09_Turkey_Oilseeds and Products Update.pdf,data/raw/USDA/FAS/GAIN/Oilseeds/2012/09/Summary/12.09_Turkey_Oilseeds and Products Update.md,True,5,8239,물류충격|생산변동|압착|재고,중립/혼재,21,27,Import Volume|Export Volume|Harvested Area|Sunflower Oil|Neutral Regime|Source Document
12.10_Argentina_Oilseeds and Products Update.pdf,data/raw/USDA/FAS/GAIN/Oilseeds/2012/10/12.10_Argentina_Oilseeds and Products Update.pdf,data/raw/USDA/FAS/GAIN/Oilseeds/2012/10/Summary/12.10_Argentina_Oilseeds and Products Update.md,True,7,9649,압착|재고,하방 우세,3,17,Import Volume|Export Volume|Harvested Area|Soybean|Hold Recommendation|Source Document
12.10_Brazil_Oilseeds and Products Update - Soybean Production.pdf,data/raw/USDA/FAS/GAIN/Oilseeds/2012/10/12.10_Brazil_Oilseeds and Products Update - Soybean Production.pdf,data/raw/USDA/FAS/GAIN/Oilseeds/2012/10/Summary/12.10_Brazil_Oilseeds and Products Update - Soybean Production.md,True,3,6475,기상이변|물류충격|생산변동|압착|재고,상방 우세,13,2,Import Volume|Export Volume|Harvested Area|Soybean|Source Document
12.10_Brazil_Oilseeds and Products Update.pdf,data/raw/USDA/FAS/GAIN/Oilseeds/2012/10/12.10_Brazil_Oilseeds and Products Update.pdf,data/raw/USDA/FAS/GAIN/Oilseeds/2012/10/Summary/12.10_Brazil_Oilseeds and Products Update.md,True,3,6449,기상이변|생산변동|압착|재고,하방 우세,2,9,Import Volume|Export Volume|Harvested Area|Soybean|Source Document
12.10_Bulgaria_Grains and Oilseeds Market Update.pdf,data/raw/USDA/FAS/GAIN/Oilseeds/2012/10/12.10_Bulgaria_Grains and Oilseeds Market Update.pdf,data/raw/USDA/FAS/GAIN/Oilseeds/2012/10/Summary/12.10_Bulgaria_Grains and Oilseeds Market Update.md,True,9,14734,기상이변|압착|재고,하방 우세,11,31,Import Volume|Export Volume|Soil Moisture Percentile|Source Document
12.10_China_LOCK-UP REPORT.pdf,data/raw/USDA/FAS/GAIN/Oilseeds/2012/10/12.10_China_LOCK-UP REPORT.pdf,data/raw/USDA/FAS/GAIN/Oilseeds/2012/10/Summary/12.10_China_LOCK-UP REPORT.md,True,8,13185,생산변동|압착|재고,중립/혼재,16,14,Import Volume|Soybean|Crude Palm Oil|Canola Oil|Source Document
12.10_China_Oilseeds and Products Update.pdf,data/raw/USDA/FAS/GAIN/Oilseeds/2012/10/12.10_China_Oilseeds and Products Update.pdf,data/raw/USDA/FAS/GAIN/Oilseeds/2012/10/Summary/12.10_China_Oilseeds and Products Update.md,True,5,6152,기상이변|바이오연료수요|생산변동|압착|재고,하방 우세,6,9,Import Volume|Export Volume|Soybean|Crude Palm Oil|Source Document
12.10_Ecuador_Imports Record Levels of U.S. Soybean Meal.pdf,data/raw/USDA/FAS/GAIN/Oilseeds/2012/10/12.10_Ecuador_Imports Record Levels of U.S. Soybean Meal.pdf,data/raw/USDA/FAS/GAIN/Oilseeds/2012/10/Summary/12.10_Ecuador_Imports Record Levels of U.S. Soybean Meal.md,True,2,3723,,상방 우세,10,0,Import Volume|Soybean|Source Document
12.10_France_First-Generation Biofuels Weakened - Advanced Biofuels in Progress.pdf,data/raw/USDA/FAS/GAIN/Oilseeds/2012/10/12.10_France_First-Generation Biofuels Weakened - Advanced Biofuels in Progress.pdf,data/raw/USDA/FAS/GAIN/Oilseeds/2012/10/Summary/12.10_France_First-Generation Biofuels Weakened - Advanced Biofuels in Progress.md,True,6,10255,바이오연료수요,하방 우세,5,10,Import Volume|Canola Oil|Source Document
12.10_Greece_Olive Oil Update 2012.pdf,data/raw/USDA/FAS/GAIN/Oilseeds/2012/10/12.10_Greece_Olive Oil Update 2012.pdf,data/raw/USDA/FAS/GAIN/Oilseeds/2012/10/Summary/12.10_Greece_Olive Oil Update 2012.md,True,4,5252,재고,하방 우세,1,3,Import Volume|Export Volume|Production Volume|Source Document
12.10_India_Monsoon 2012 Wrap up Report.pdf,data/raw/USDA/FAS/GAIN/Oilseeds/2012/10/12.10_India_Monsoon 2012 Wrap up Report.pdf,data/raw/USDA/FAS/GAIN/Oilseeds/2012/10/Summary/12.10_India_Monsoon 2012 Wrap up Report.md,True,8,6112,기상이변,하방 우세,2,23,Precipitation Deficit|Soil Moisture Percentile|Source Document
12.10_Indonesia_Oilseeds and Products Update.pdf,data/raw/USDA/FAS/GAIN/Oilseeds/2012/10/12.10_Indonesia_Oilseeds and Products Update.pdf,data/raw/USDA/FAS/GAIN/Oilseeds/2012/10/Summary/12.10_Indonesia_Oilseeds and Products Update.md,True,5,6754,수출규제|재고,상방 우세,8,1,Import Volume|Export Volume|Harvested Area|Crude Palm Oil|Source Document
12.10_Malaysia_Oilseeds and Products Update - September .pdf,data/raw/USDA/FAS/GAIN/Oilseeds/2012/10/12.10_Malaysia_Oilseeds and Products Update - September .pdf,data/raw/USDA/FAS/GAIN/Oilseeds/2012/10/Summary/12.10_Malaysia_Oilseeds and Products Update - September .md,True,9,6642,재고,하방 우세,6,10,Import Volume|Export Volume|Production Volume|Crude Palm Oil|Source Document
12.10_Malaysia_Oilseeds and Products Update.pdf,data/raw/USDA/FAS/GAIN/Oilseeds/2012/10/12.10_Malaysia_Oilseeds and Products Update.pdf,data/raw/USDA/FAS/GAIN/Oilseeds/2012/10/Summary/12.10_Malaysia_Oilseeds and Products Update.md,True,7,5815,생산변동|수출규제|재고,중립/혼재,7,6,Import Volume|Export Volume|Production Volume|Crude Palm Oil|Source Document
12.10_Pakistan_Oilseeds and Products Update.pdf,data/raw/USDA/FAS/GAIN/Oilseeds/2012/10/12.10_Pakistan_Oilseeds and Products Update.pdf,data/raw/USDA/FAS/GAIN/Oilseeds/2012/10/Summary/12.10_Pakistan_Oilseeds and Products Update.md,True,4,5825,바이오연료수요,하방 우세,4,10,Import Volume|Vegetable Oil|Crude Palm Oil|Source Document
12.10_Romania_Romanian spring crops withered by heat and drought.pdf,data/raw/USDA/FAS/GAIN/Oilseeds/2012/10/12.10_Romania_Romanian spring crops withered by heat and drought.pdf,data/raw/USDA/FAS/GAIN/Oilseeds/2012/10/Summary/12.10_Romania_Romanian spring crops withered by heat and drought.md,True,5,9131,기상이변|물류충격|압착,하방 우세,4,21,Import Volume|Export Volume|Soil Moisture Percentile|Source Document
12.10_Russian Federation_No Longer Requires Veterinary Certificates for Key Imported.pdf,data/raw/USDA/FAS/GAIN/Oilseeds/2012/10/12.10_Russian Federation_No Longer Requires Veterinary Certificates for Key Imported.pdf,data/raw/USDA/FAS/GAIN/Oilseeds/2012/10/Summary/12.10_Russian Federation_No Longer Requires Veterinary Certificates for Key Imported.md,True,5,9154,,상방 우세,2,1,Import Volume|Export Volume|Soybean|Agricultural Exemption|Source Document
12.10_Russian Federation_Oilseeds October Update.pdf,data/raw/USDA/FAS/GAIN/Oilseeds/2012/10/12.10_Russian Federation_Oilseeds October Update.pdf,data/raw/USDA/FAS/GAIN/Oilseeds/2012/10/Summary/12.10_Russian Federation_Oilseeds October Update.md,True,6,12103,수출규제|압착|재고,하방 우세,18,36,Import Volume|Export Volume|Planted Area|Harvested Area|Soybean|Export Tax|Source Document
12.11_Argentina_Oilseeds and Products Update.pdf,data/raw/USDA/FAS/GAIN/Oilseeds/2012/11/12.11_Argentina_Oilseeds and Products Update.pdf,data/raw/USDA/FAS/GAIN/Oilseeds/2012/11/Summary/12.11_Argentina_Oilseeds and Products Update.md,True,5,7728,기상이변|압착|재고,하방 우세,1,14,Import Volume|Export Volume|Heatwave|Harvested Area|Soybean|Source Document
12.11_India_Government Defers Decision on Support Price of Wheat.pdf,data/raw/USDA/FAS/GAIN/Oilseeds/2012/11/12.11_India_Government Defers Decision on Support Price of Wheat.pdf,data/raw/USDA/FAS/GAIN/Oilseeds/2012/11/Summary/12.11_India_Government Defers Decision on Support Price of Wheat.md,True,3,5615,,상방 우세,6,2,Import Volume|Source Document
12.11_India_Oilseeds and Products Update.pdf,data/raw/USDA/FAS/GAIN/Oilseeds/2012/11/12.11_India_Oilseeds and Products Update.pdf,data/raw/USDA/FAS/GAIN/Oilseeds/2012/11/Summary/12.11_India_Oilseeds and Products Update.md,True,14,19253,수입관세|압착|재고,하방 우세,3,18,Import Volume|Export Volume|Soil Moisture Percentile|Harvested Area|Soybean|Soybean Oil|Crude Soybean Oil|Vegetable Oil|Crude Palm Oil|Sunflower Oil|Import Tariff|Source Document
12.11_Indonesia_Oilseeds and Products Update.pdf,data/raw/USDA/FAS/GAIN/Oilseeds/2012/11/12.11_Indonesia_Oilseeds and Products Update.pdf,data/raw/USDA/FAS/GAIN/Oilseeds/2012/11/Summary/12.11_Indonesia_Oilseeds and Products Update.md,True,6,9072,바이오연료수요|수출규제|압착|재고,상방 우세,20,4,Import Volume|Export Volume|Harvested Area|Crude Palm Oil|Source Document
12.11_Malaysia_Oilseeds and Products Update.pdf,data/raw/USDA/FAS/GAIN/Oilseeds/2012/11/12.11_Malaysia_Oilseeds and Products Update.pdf,data/raw/USDA/FAS/GAIN/Oilseeds/2012/11/Summary/12.11_Malaysia_Oilseeds and Products Update.md,True,2,732,수출규제,하방 우세,0,2,Export Volume|Source Document
12.11_Turkey_Oilseeds and Products Update.pdf,data/raw/USDA/FAS/GAIN/Oilseeds/2012/11/12.11_Turkey_Oilseeds and Products Update.pdf,data/raw/USDA/FAS/GAIN/Oilseeds/2012/11/Summary/12.11_Turkey_Oilseeds and Products Update.md,True,5,7791,압착|재고,상방 우세,5,3,Import Volume|Export Volume|Harvested Area|Soybean|Soybean Oil|Source Document
12.12_Australia_Canola Voluntary Report December.pdf,data/raw/USDA/FAS/GAIN/Oilseeds/2012/12/12.12_Australia_Canola Voluntary Report December.pdf,data/raw/USDA/FAS/GAIN/Oilseeds/2012/12/Summary/12.12_Australia_Canola Voluntary Report December.md,True,4,4762,압착|재고,중립/혼재,5,5,Import Volume|Export Volume|Harvested Area|Source Document
12.12_EU_Sunflower Crop Hit by Hot and Dry Weather.pdf,data/raw/USDA/FAS/GAIN/Oilseeds/2012/12/12.12_EU_Sunflower Crop Hit by Hot and Dry Weather.pdf,data/raw/USDA/FAS/GAIN/Oilseeds/2012/12/Summary/12.12_EU_Sunflower Crop Hit by Hot and Dry Weather.md,True,20,52595,기상이변|물류충격|바이오연료수요|생산변동|압착|재고,하방 우세,44,152,Import Volume|Export Volume|Heatwave|Soil Moisture Percentile|Harvested Area|Production Volume|Crushing Volume|Soybean|Soybean Oil|Crude Palm Oil|Canola Oil|Sunflower Oil
12.28_Brazil_Oilseeds and Products Update.pdf,data/raw/USDA/FAS/GAIN/Oilseeds/2012/28/12.28_Brazil_Oilseeds and Products Update.pdf,data/raw/USDA/FAS/GAIN/Oilseeds/2012/28/Summary/12.28_Brazil_Oilseeds and Products Update.md,True,3,4872,압착|재고,중립/혼재,4,4,Import Volume|Export Volume|Harvested Area|Soybean|Source Document
13.01_Argentina_Oilseeds and Products Update.pdf,data/raw/USDA/FAS/GAIN/Oilseeds/2013/01/13.01_Argentina_Oilseeds and Products Update.pdf,data/raw/USDA/FAS/GAIN/Oilseeds/2013/01/Summary/13.01_Argentina_Oilseeds and Products Update.md,True,3,3014,압착|재고,하방 우세,0,9,Import Volume|Export Volume|Harvested Area|Soybean|Source Document
13.01_Bulgaria_Grains and Oilseeds Market Update.pdf,data/raw/USDA/FAS/GAIN/Oilseeds/2013/01/13.01_Bulgaria_Grains and Oilseeds Market Update.pdf,data/raw/USDA/FAS/GAIN/Oilseeds/2013/01/Summary/13.01_Bulgaria_Grains and Oilseeds Market Update.md,True,9,13340,기상이변|압착|재고,하방 우세,10,30,Import Volume|Export Volume|Soil Moisture Percentile|Production Volume|Source Document
13.01_France_Chooses Agro-Ecology for a More Sustainable Agriculture.pdf,data/raw/USDA/FAS/GAIN/Oilseeds/2013/01/13.01_France_Chooses Agro-Ecology for a More Sustainable Agriculture.pdf,data/raw/USDA/FAS/GAIN/Oilseeds/2013/01/Summary/13.01_France_Chooses Agro-Ecology for a More Sustainable Agriculture.md,True,5,11057,바이오연료수요,상방 우세,2,1,Import Volume|Source Document
13.01_Kazakhstan_Sharply Lower Flax and Rapeseed Production to Cut Exports.pdf,data/raw/USDA/FAS/GAIN/Oilseeds/2013/01/13.01_Kazakhstan_Sharply Lower Flax and Rapeseed Production to Cut Exports.pdf,data/raw/USDA/FAS/GAIN/Oilseeds/2013/01/Summary/13.01_Kazakhstan_Sharply Lower Flax and Rapeseed Production to Cut Exports.md,True,5,5255,기상이변,하방 우세,2,20,Export Volume|Soybean|Source Document
13.02_Argentina_Oilseeds and Products Update.pdf,data/raw/USDA/FAS/GAIN/Oilseeds/2013/02/13.02_Argentina_Oilseeds and Products Update.pdf,data/raw/USDA/FAS/GAIN/Oilseeds/2013/02/Summary/13.02_Argentina_Oilseeds and Products Update.md,True,3,4519,기상이변|압착|재고,하방 우세,0,9,Import Volume|Export Volume|Soil Moisture Percentile|Harvested Area|Soybean|Source Document
13.02_Brazil_Oilseeds and Products Update.pdf,data/raw/USDA/FAS/GAIN/Oilseeds/2013/02/13.02_Brazil_Oilseeds and Products Update.pdf,data/raw/USDA/FAS/GAIN/Oilseeds/2013/02/Summary/13.02_Brazil_Oilseeds and Products Update.md,True,6,10054,물류충격|바이오연료수요|압착|재고,하방 우세,5,10,Import Volume|Export Volume|Harvested Area|Production Volume|Hold Recommendation|Source Document
13.02_Hong Kong_BaP Action Level Set for Cooking Oil.pdf,data/raw/USDA/FAS/GAIN/Oilseeds/2013/02/13.02_Hong Kong_BaP Action Level Set for Cooking Oil.pdf,data/raw/USDA/FAS/GAIN/Oilseeds/2013/02/Summary/13.02_Hong Kong_BaP Action Level Set for Cooking Oil.md,True,4,7052,바이오연료수요,중립/혼재,3,3,Import Volume|Source Document
13.02_India_Oilseeds and Products Update.pdf,data/raw/USDA/FAS/GAIN/Oilseeds/2013/02/13.02_India_Oilseeds and Products Update.pdf,data/raw/USDA/FAS/GAIN/Oilseeds/2013/02/Summary/13.02_India_Oilseeds and Products Update.md,True,16,17981,수입관세|압착|재고,중립/혼재,15,17,Import Volume|Export Volume|Soil Moisture Percentile|Harvested Area|Soybean Oil|Vegetable Oil|Crude Palm Oil|Sunflower Oil|Source Document
13.02_Indonesia_Oilseeds and Products Update.pdf,data/raw/USDA/FAS/GAIN/Oilseeds/2013/02/13.02_Indonesia_Oilseeds and Products Update.pdf,data/raw/USDA/FAS/GAIN/Oilseeds/2013/02/Summary/13.02_Indonesia_Oilseeds and Products Update.md,True,7,10304,바이오연료수요|수입관세|수출규제|재고,중립/혼재,17,18,Import Volume|Export Volume|Production Volume|Soybean|Crude Palm Oil|Hold Recommendation|Import Tariff|Export Tax|Policy Pivot|Source Document
13.02_Peru_Oilseeds and Products Annual.pdf,data/raw/USDA/FAS/GAIN/Oilseeds/2013/02/13.02_Peru_Oilseeds and Products Annual.pdf,data/raw/USDA/FAS/GAIN/Oilseeds/2013/02/Summary/13.02_Peru_Oilseeds and Products Annual.md,True,8,13485,수입관세|압착|재고,중립/혼재,10,10,Import Volume|Export Volume|Soybean|Source Document
13.03_Argentina_Oilseeds and Products Annual.pdf,data/raw/USDA/FAS/GAIN/Oilseeds/2013/03/13.03_Argentina_Oilseeds and Products Annual.pdf,data/raw/USDA/FAS/GAIN/Oilseeds/2013/03/Summary/13.03_Argentina_Oilseeds and Products Annual.md,True,18,34772,기상이변|바이오연료수요|수출규제|압착|재고,하방 우세,26,45,Import Volume|Export Volume|Soil Moisture Percentile|Harvested Area|Crushing Volume|Soybean|Import Quota|Source Document
13.03_Brazil_Oilseeds and Products Annual.pdf,data/raw/USDA/FAS/GAIN/Oilseeds/2013/03/13.03_Brazil_Oilseeds and Products Annual.pdf,data/raw/USDA/FAS/GAIN/Oilseeds/2013/03/Summary/13.03_Brazil_Oilseeds and Products Annual.md,True,27,54297,기상이변|물류충격|바이오연료수요|생산변동|압착|재고,상방 우세,65,18,Gross Domestic Product|Import Volume|Export Volume|Harvested Area|Production Volume|Soybean|Crude Palm Oil|Hold Recommendation|Subsidy|Agricultural Exemption|Source Document
13.03_Canada_Oilseeds and Products Annual.pdf,data/raw/USDA/FAS/GAIN/Oilseeds/2013/03/13.03_Canada_Oilseeds and Products Annual.pdf,data/raw/USDA/FAS/GAIN/Oilseeds/2013/03/Summary/13.03_Canada_Oilseeds and Products Annual.md,True,12,21962,바이오연료수요|생산변동|압착|재고,상방 우세,30,23,Import Volume|Export Volume|Harvested Area|Crushing Volume|Soybean|Crude Palm Oil|Source Document
13.03_China_OILSEEDS AND PRODUCTS ANNUAL.pdf,data/raw/USDA/FAS/GAIN/Oilseeds/2013/03/13.03_China_OILSEEDS AND PRODUCTS ANNUAL.pdf,data/raw/USDA/FAS/GAIN/Oilseeds/2013/03/Summary/13.03_China_OILSEEDS AND PRODUCTS ANNUAL.md,True,39,57027,기상이변|바이오연료수요|생산변동|수입관세|압착|재고,상방 우세,64,34,Import Volume|Export Volume|Harvested Area|Soybean|Soybean Oil|Crude Palm Oil|Canola Oil|Source Document
13.03_Indonesia_Oilseeds and Products Annual.pdf,data/raw/USDA/FAS/GAIN/Oilseeds/2013/03/13.03_Indonesia_Oilseeds and Products Annual.pdf,data/raw/USDA/FAS/GAIN/Oilseeds/2013/03/Summary/13.03_Indonesia_Oilseeds and Products Annual.md,True,20,35552,바이오연료수요|수출규제|압착|재고,상방 우세,68,22,Import Volume|Export Volume|Harvested Area|Soybean|Crude Palm Oil|Source Document
13.03_Malaysia_Oilseeds and Products Annual.pdf,data/raw/USDA/FAS/GAIN/Oilseeds/2013/03/13.03_Malaysia_Oilseeds and Products Annual.pdf,data/raw/USDA/FAS/GAIN/Oilseeds/2013/03/Summary/13.03_Malaysia_Oilseeds and Products Annual.md,True,13,19480,바이오연료수요|생산변동|수출규제|압착|재고,상방 우세,11,3,Gross Domestic Product|Import Volume|Export Volume|Harvested Area|Production Volume|Soybean|Crude Palm Oil|Source Document
13.03_Paraguay_Oilseeds and Products Annual.pdf,data/raw/USDA/FAS/GAIN/Oilseeds/2013/03/13.03_Paraguay_Oilseeds and Products Annual.pdf,data/raw/USDA/FAS/GAIN/Oilseeds/2013/03/Summary/13.03_Paraguay_Oilseeds and Products Annual.md,True,7,12866,기상이변|바이오연료수요|수출규제|압착|재고,상방 우세,11,3,Import Volume|Export Volume|Soil Moisture Percentile|Harvested Area|Crushing Volume|Soybean|Source Document
13.03_South Africa_Oilseeds and Products Annual.pdf,data/raw/USDA/FAS/GAIN/Oilseeds/2013/03/13.03_South Africa_Oilseeds and Products Annual.pdf,data/raw/USDA/FAS/GAIN/Oilseeds/2013/03/Summary/13.03_South Africa_Oilseeds and Products Annual.md,True,17,26076,기상이변|수입관세|압착|재고,하방 우세,50,80,Gross Domestic Product|Import Volume|Export Volume|Harvested Area|Soybean|Crude Palm Oil|Political Instability|Source Document
13.03_South Korea_Oilseeds and Products Annual.pdf,data/raw/USDA/FAS/GAIN/Oilseeds/2013/03/13.03_South Korea_Oilseeds and Products Annual.pdf,data/raw/USDA/FAS/GAIN/Oilseeds/2013/03/Summary/13.03_South Korea_Oilseeds and Products Annual.md,True,23,43867,기상이변|바이오연료수요|수입관세|압착|재고,중립/혼재,15,19,Import Volume|Export Volume|Harvested Area|Soybean|Soybean Oil|Vegetable Oil|Crude Palm Oil|Canola Oil|Bull Regime|Import Tariff|Source Document
13.03_Tunisia_Oilseeds and Products Annual.pdf,data/raw/USDA/FAS/GAIN/Oilseeds/2013/03/13.03_Tunisia_Oilseeds and Products Annual.pdf,data/raw/USDA/FAS/GAIN/Oilseeds/2013/03/Summary/13.03_Tunisia_Oilseeds and Products Annual.md,True,11,21646,기상이변|수입관세|압착|재고,하방 우세,15,21,Import Volume|Export Volume|Harvested Area|Soybean|Vegetable Oil|Crude Palm Oil|Canola Oil|Neutral Regime|Geopolitical Conflict|Source Document
13.03_Turkey_Oilseeds and Products Annual.pdf,data/raw/USDA/FAS/GAIN/Oilseeds/2013/03/13.03_Turkey_Oilseeds and Products Annual.pdf,data/raw/USDA/FAS/GAIN/Oilseeds/2013/03/Summary/13.03_Turkey_Oilseeds and Products Annual.md,True,22,48484,기상이변|물류충격|바이오연료수요|생산변동|수입관세|압착|재고,중립/혼재,87,90,Import Volume|Export Volume|Harvested Area|Production Volume|Crushing Volume|Soybean|Soybean Oil|Sunflower Oil|Neutral Regime|Freight Rate|Source Document
13.03_Uruguay_Oilseeds and Products Annual.pdf,data/raw/USDA/FAS/GAIN/Oilseeds/2013/03/13.03_Uruguay_Oilseeds and Products Annual.pdf,data/raw/USDA/FAS/GAIN/Oilseeds/2013/03/Summary/13.03_Uruguay_Oilseeds and Products Annual.md,True,7,15133,기상이변|바이오연료수요|압착|재고,상방 우세,16,9,Import Volume|Export Volume|Harvested Area|Production Volume|Soybean|Neutral Regime|Source Document
13.04_Bulgaria_Grains and Oilseeds Market Update.pdf,data/raw/USDA/FAS/GAIN/Oilseeds/2013/04/13.04_Bulgaria_Grains and Oilseeds Market Update.pdf,data/raw/USDA/FAS/GAIN/Oilseeds/2013/04/Summary/13.04_Bulgaria_Grains and Oilseeds Market Update.md,True,10,12079,기상이변|생산변동|압착|재고,하방 우세,7,27,Import Volume|Export Volume|Soil Moisture Percentile|Production Volume|Soybean|Source Document
13.04_EU_Oilseeds and Products Annual.pdf,data/raw/USDA/FAS/GAIN/Oilseeds/2013/04/13.04_EU_Oilseeds and Products Annual.pdf,data/raw/USDA/FAS/GAIN/Oilseeds/2013/04/Summary/13.04_EU_Oilseeds and Products Annual.md,True,46,44668,기상이변|물류충격|바이오연료수요|압착|재고,중립/혼재,79,98,Import Volume|Export Volume|Harvested Area|Production Volume|Crushing Volume|Soybean|Soybean Oil|Crude Palm Oil|Canola Oil|Neutral Regime|Source Document
13.04_India_Monsoon Forecast.pdf,data/raw/USDA/FAS/GAIN/Oilseeds/2013/04/13.04_India_Monsoon Forecast.pdf,data/raw/USDA/FAS/GAIN/Oilseeds/2013/04/Summary/13.04_India_Monsoon Forecast.md,True,2,2444,,하방 우세,2,7,Source Document
13.04_India_Oilseeds and Products Annual.pdf,data/raw/USDA/FAS/GAIN/Oilseeds/2013/04/13.04_India_Oilseeds and Products Annual.pdf,data/raw/USDA/FAS/GAIN/Oilseeds/2013/04/Summary/13.04_India_Oilseeds and Products Annual.md,True,34,36625,바이오연료수요|수입관세|수출규제|압착|재고,상방 우세,29,22,Import Volume|Export Volume|Harvested Area|Production Volume|Soybean|Soybean Oil|Crude Soybean Oil|Vegetable Oil|Crude Palm Oil|Canola Oil|Sunflower Oil|Import Tariff
13.04_Japan_Oilseeds and Products Annual.pdf,data/raw/USDA/FAS/GAIN/Oilseeds/2013/04/13.04_Japan_Oilseeds and Products Annual.pdf,data/raw/USDA/FAS/GAIN/Oilseeds/2013/04/Summary/13.04_Japan_Oilseeds and Products Annual.md,True,16,32234,기상이변|생산변동|수입관세|압착|재고,중립/혼재,34,33,Import Volume|Export Volume|Harvested Area|Production Volume|Soybean|Crude Palm Oil|Canola Oil|Source Document
13.04_Mexico_Oilseeds and Products Annual.pdf,data/raw/USDA/FAS/GAIN/Oilseeds/2013/04/13.04_Mexico_Oilseeds and Products Annual.pdf,data/raw/USDA/FAS/GAIN/Oilseeds/2013/04/Summary/13.04_Mexico_Oilseeds and Products Annual.md,True,22,59244,기상이변|물류충격|바이오연료수요|생산변동|수입관세|압착|재고,상방 우세,89,65,Gross Domestic Product|Import Volume|Export Volume|Soil Moisture Percentile|Harvested Area|Soybean|Vegetable Oil|Canola Oil|Bull Regime|Bear Regime|Neutral Regime|Source Document
13.04_Pakistan_Oilseeds and Products Annual.pdf,data/raw/USDA/FAS/GAIN/Oilseeds/2013/04/13.04_Pakistan_Oilseeds and Products Annual.pdf,data/raw/USDA/FAS/GAIN/Oilseeds/2013/04/Summary/13.04_Pakistan_Oilseeds and Products Annual.md,True,15,28195,물류충격|바이오연료수요|수입관세|압착|재고,상방 우세,29,16,Import Volume|Export Volume|Harvested Area|Vegetable Oil|Crude Palm Oil|Canola Oil|Neutral Regime|Import Tariff|Source Document
13.04_Philippines_Oilseeds and Products Annual.pdf,data/raw/USDA/FAS/GAIN/Oilseeds/2013/04/13.04_Philippines_Oilseeds and Products Annual.pdf,data/raw/USDA/FAS/GAIN/Oilseeds/2013/04/Summary/13.04_Philippines_Oilseeds and Products Annual.md,True,14,29809,기상이변|바이오연료수요|수입관세|압착|재고,상방 우세,42,19,Import Volume|Export Volume|Harvested Area|Production Volume|Crushing Volume|Soybean|Crude Palm Oil|Source Document
13.04_Romania_Romanian oilseeds are expected to return to normal levels.pdf,data/raw/USDA/FAS/GAIN/Oilseeds/2013/04/13.04_Romania_Romanian oilseeds are expected to return to normal levels.pdf,data/raw/USDA/FAS/GAIN/Oilseeds/2013/04/Summary/13.04_Romania_Romanian oilseeds are expected to return to normal levels.md,True,5,5789,기상이변|바이오연료수요|재고,하방 우세,1,17,Import Volume|Export Volume|Soil Moisture Percentile|Production Volume|Soybean|Source Document
13.04_Russian Federation_Customs Union Technical Regulation on Fat and Oil Products.pdf,data/raw/USDA/FAS/GAIN/Oilseeds/2013/04/13.04_Russian Federation_Customs Union Technical Regulation on Fat and Oil Products.pdf,data/raw/USDA/FAS/GAIN/Oilseeds/2013/04/Summary/13.04_Russian Federation_Customs Union Technical Regulation on Fat and Oil Products.md,True,35,66605,바이오연료수요|재고,하방 우세,0,8,Canola Oil|Source Document
13.04_Russian Federation_Oilseeds and Products Annual.pdf,data/raw/USDA/FAS/GAIN/Oilseeds/2013/04/13.04_Russian Federation_Oilseeds and Products Annual.pdf,data/raw/USDA/FAS/GAIN/Oilseeds/2013/04/Summary/13.04_Russian Federation_Oilseeds and Products Annual.md,True,24,50019,기상이변|바이오연료수요|생산변동|수입관세|수출규제|압착|재고,하방 우세,84,119,Import Volume|Export Volume|Planted Area|Harvested Area|Production Volume|Crushing Volume|Soybean|Crude Palm Oil|Canola Oil|Sunflower Oil|Biodiesel Feedstock|Import Tariff
13.04_Spain_Arable Crops Hold Potential despite Record Precipitation.pdf,data/raw/USDA/FAS/GAIN/Oilseeds/2013/04/13.04_Spain_Arable Crops Hold Potential despite Record Precipitation.pdf,data/raw/USDA/FAS/GAIN/Oilseeds/2013/04/Summary/13.04_Spain_Arable Crops Hold Potential despite Record Precipitation.md,True,8,11559,기상이변|생산변동,중립/혼재,12,15,Import Volume|Soil Moisture Percentile|Production Volume|Source Document
13.04_Taiwan_Oilseeds and Products Annual.pdf,data/raw/USDA/FAS/GAIN/Oilseeds/2013/04/13.04_Taiwan_Oilseeds and Products Annual.pdf,data/raw/USDA/FAS/GAIN/Oilseeds/2013/04/Summary/13.04_Taiwan_Oilseeds and Products Annual.md,True,13,24693,바이오연료수요|생산변동|압착|재고,하방 우세,19,26,Import Volume|Export Volume|Harvested Area|Production Volume|Soybean|Soybean Oil|Vegetable Oil|Crude Palm Oil|Source Document
13.04_Thailand_Oilseeds and Products Annual.pdf,data/raw/USDA/FAS/GAIN/Oilseeds/2013/04/13.04_Thailand_Oilseeds and Products Annual.pdf,data/raw/USDA/FAS/GAIN/Oilseeds/2013/04/Summary/13.04_Thailand_Oilseeds and Products Annual.md,True,14,18447,기상이변|물류충격|압착,상방 우세,34,22,Gross Domestic Product|Import Volume|Export Volume|Production Volume|Soybean|Crude Palm Oil|Neutral Regime|Source Document
13.04_Vietnam_Oilseeds and Products Annual.pdf,data/raw/USDA/FAS/GAIN/Oilseeds/2013/04/13.04_Vietnam_Oilseeds and Products Annual.pdf,data/raw/USDA/FAS/GAIN/Oilseeds/2013/04/Summary/13.04_Vietnam_Oilseeds and Products Annual.md,True,47,39361,물류충격|생산변동|수입관세|압착|재고,상방 우세,36,17,Import Volume|Export Volume|Harvested Area|Production Volume|Soybean|Soybean Oil|Crude Degummed Soybean Oil|Freight Rate|Source Document
13.05_Australia_Australian Crop Update - Winter Planting.pdf,data/raw/USDA/FAS/GAIN/Oilseeds/2013/05/13.05_Australia_Australian Crop Update - Winter Planting.pdf,data/raw/USDA/FAS/GAIN/Oilseeds/2013/05/Summary/13.05_Australia_Australian Crop Update - Winter Planting.md,True,9,10605,,중립/혼재,21,18,Export Volume|Heatwave|Soil Moisture Percentile|Hold Recommendation|Source Document|Confidence Score
13.05_Bulgaria_Grains and Oilseeds Update.pdf,data/raw/USDA/FAS/GAIN/Oilseeds/2013/05/13.05_Bulgaria_Grains and Oilseeds Update.pdf,data/raw/USDA/FAS/GAIN/Oilseeds/2013/05/Summary/13.05_Bulgaria_Grains and Oilseeds Update.md,True,8,10901,기상이변|재고,하방 우세,3,20,Import Volume|Export Volume|Soil Moisture Percentile|Production Volume|Neutral Regime|Source Document
13.05_China_Oilseeds and Products Update.pdf,data/raw/USDA/FAS/GAIN/Oilseeds/2013/05/13.05_China_Oilseeds and Products Update.pdf,data/raw/USDA/FAS/GAIN/Oilseeds/2013/05/Summary/13.05_China_Oilseeds and Products Update.md,True,7,14218,생산변동|수입관세|압착|재고,중립/혼재,17,20,Import Volume|Export Volume|Soil Moisture Percentile|Harvested Area|Production Volume|Crushing Volume|Soybean|Crude Palm Oil|Canola Oil|Source Document
13.05_Egypt_Oilseeds and Products Annual.pdf,data/raw/USDA/FAS/GAIN/Oilseeds/2013/05/13.05_Egypt_Oilseeds and Products Annual.pdf,data/raw/USDA/FAS/GAIN/Oilseeds/2013/05/Summary/13.05_Egypt_Oilseeds and Products Annual.md,True,19,31387,물류충격|바이오연료수요|수입관세|압착|재고,하방 우세,16,84,Import Volume|Export Volume|Harvested Area|Production Volume|Soybean|Vegetable Oil|Crude Palm Oil|Source Document
13.05_Russian Federation_Draft Amendments to CU Technical Regulation on Fat and Oil Products.pdf,data/raw/USDA/FAS/GAIN/Oilseeds/2013/05/13.05_Russian Federation_Draft Amendments to CU Technical Regulation on Fat and Oil Products.pdf,data/raw/USDA/FAS/GAIN/Oilseeds/2013/05/Summary/13.05_Russian Federation_Draft Amendments to CU Technical Regulation on Fat and Oil Products.md,True,3,6366,,중립/혼재,0,0,Source Document
13.05_Russian Federation_Draft Amendments to CU Technical Regulation on Safety of Grain.pdf,data/raw/USDA/FAS/GAIN/Oilseeds/2013/05/13.05_Russian Federation_Draft Amendments to CU Technical Regulation on Safety of Grain.pdf,data/raw/USDA/FAS/GAIN/Oilseeds/2013/05/Summary/13.05_Russian Federation_Draft Amendments to CU Technical Regulation on Safety of Grain.md,True,11,17605,,하방 우세,0,63,Soybean|Source Document|Entity Alias
13.06_China_Oilseeds and Products Update.pdf,data/raw/USDA/FAS/GAIN/Oilseeds/2013/06/13.06_China_Oilseeds and Products Update.pdf,data/raw/USDA/FAS/GAIN/Oilseeds/2013/06/Summary/13.06_China_Oilseeds and Products Update.md,True,5,6470,생산변동|압착,상방 우세,6,2,Import Volume|Soybean|Canola Oil|Source Document
13.06_Greece_Olive Oil Update.pdf,data/raw/USDA/FAS/GAIN/Oilseeds/2013/06/13.06_Greece_Olive Oil Update.pdf,data/raw/USDA/FAS/GAIN/Oilseeds/2013/06/Summary/13.06_Greece_Olive Oil Update.md,True,3,5224,재고,하방 우세,1,2,Import Volume|Export Volume|Production Volume|Source Document
13.06_India_List of Permissible Food Packaging Sizes Expanded.pdf,data/raw/USDA/FAS/GAIN/Oilseeds/2013/06/13.06_India_List of Permissible Food Packaging Sizes Expanded.pdf,data/raw/USDA/FAS/GAIN/Oilseeds/2013/06/Summary/13.06_India_List of Permissible Food Packaging Sizes Expanded.md,True,6,4195,,중립/혼재,0,0,Vegetable Oil|Source Document
13.06_India_Monsoon Report 2.pdf,data/raw/USDA/FAS/GAIN/Oilseeds/2013/06/13.06_India_Monsoon Report 2.pdf,data/raw/USDA/FAS/GAIN/Oilseeds/2013/06/Summary/13.06_India_Monsoon Report 2.md,True,3,2571,,하방 우세,0,7,Source Document
13.06_India_Monsoon Report 3.pdf,data/raw/USDA/FAS/GAIN/Oilseeds/2013/06/13.06_India_Monsoon Report 3.pdf,data/raw/USDA/FAS/GAIN/Oilseeds/2013/06/Summary/13.06_India_Monsoon Report 3.md,True,4,3339,기상이변,하방 우세,0,5,Soybean|Source Document
13.06_India_Monsoon Report 4.pdf,data/raw/USDA/FAS/GAIN/Oilseeds/2013/06/13.06_India_Monsoon Report 4.pdf,data/raw/USDA/FAS/GAIN/Oilseeds/2013/06/Summary/13.06_India_Monsoon Report 4.md,True,4,3864,,하방 우세,2,8,Source Document
13.06_Indonesia_Indonesian Minister of Trade Regulations on Soybeans.pdf,data/raw/USDA/FAS/GAIN/Oilseeds/2013/06/13.06_Indonesia_Indonesian Minister of Trade Regulations on Soybeans.pdf,data/raw/USDA/FAS/GAIN/Oilseeds/2013/06/Summary/13.06_Indonesia_Indonesian Minister of Trade Regulations on Soybeans.md,True,3,6361,,하방 우세,0,1,Import Volume|Soybean|Source Document
13.06_Malaysia_Oilseeds and Products Update.pdf,data/raw/USDA/FAS/GAIN/Oilseeds/2013/06/13.06_Malaysia_Oilseeds and Products Update.pdf,data/raw/USDA/FAS/GAIN/Oilseeds/2013/06/Summary/13.06_Malaysia_Oilseeds and Products Update.md,True,6,4022,수출규제|재고,하방 우세,0,2,Import Volume|Export Volume|Crude Palm Oil|Source Document
13.06_Pakistan_Oilseeds and Products Update.pdf,data/raw/USDA/FAS/GAIN/Oilseeds/2013/06/13.06_Pakistan_Oilseeds and Products Update.pdf,data/raw/USDA/FAS/GAIN/Oilseeds/2013/06/Summary/13.06_Pakistan_Oilseeds and Products Update.md,True,3,3959,압착,하방 우세,5,7,Import Volume|Crude Palm Oil|Source Document
13.06_Ukraine_Grain and Oilseed Crops Look Good Near Poltava.pdf,data/raw/USDA/FAS/GAIN/Oilseeds/2013/06/13.06_Ukraine_Grain and Oilseed Crops Look Good Near Poltava.pdf,data/raw/USDA/FAS/GAIN/Oilseeds/2013/06/Summary/13.06_Ukraine_Grain and Oilseed Crops Look Good Near Poltava.md,True,6,1755,,하방 우세,0,4,Soybean|Source Document
13.07_Czech Republic_Record Breaking Rapeseed and Good Grains Crop.pdf,data/raw/USDA/FAS/GAIN/Oilseeds/2013/07/13.07_Czech Republic_Record Breaking Rapeseed and Good Grains Crop.pdf,data/raw/USDA/FAS/GAIN/Oilseeds/2013/07/Summary/13.07_Czech Republic_Record Breaking Rapeseed and Good Grains Crop.md,True,3,3322,,하방 우세,5,8,Planted Area|Source Document
13.07_India_Amendments to Food Products Standards and Additives Regulations.pdf,data/raw/USDA/FAS/GAIN/Oilseeds/2013/07/13.07_India_Amendments to Food Products Standards and Additives Regulations.pdf,data/raw/USDA/FAS/GAIN/Oilseeds/2013/07/Summary/13.07_India_Amendments to Food Products Standards and Additives Regulations.md,True,5,3360,,상방 우세,1,0,Source Document
13.07_India_Amendments to Packaging and Labeling Regulations.pdf,data/raw/USDA/FAS/GAIN/Oilseeds/2013/07/13.07_India_Amendments to Packaging and Labeling Regulations.pdf,data/raw/USDA/FAS/GAIN/Oilseeds/2013/07/Summary/13.07_India_Amendments to Packaging and Labeling Regulations.md,True,3,2901,,중립/혼재,0,0,Vegetable Oil|Source Document
13.07_India_Monsoon Report 5.pdf,data/raw/USDA/FAS/GAIN/Oilseeds/2013/07/13.07_India_Monsoon Report 5.pdf,data/raw/USDA/FAS/GAIN/Oilseeds/2013/07/Summary/13.07_India_Monsoon Report 5.md,True,4,2154,,하방 우세,0,2,Source Document
13.07_India_Monsoon Report 6.pdf,data/raw/USDA/FAS/GAIN/Oilseeds/2013/07/13.07_India_Monsoon Report 6.pdf,data/raw/USDA/FAS/GAIN/Oilseeds/2013/07/Summary/13.07_India_Monsoon Report 6.md,True,4,4207,,하방 우세,1,4,Soybean|Source Document
13.07_Indonesia_Oilseeds and Products Update.pdf,data/raw/USDA/FAS/GAIN/Oilseeds/2013/07/13.07_Indonesia_Oilseeds and Products Update.pdf,data/raw/USDA/FAS/GAIN/Oilseeds/2013/07/Summary/13.07_Indonesia_Oilseeds and Products Update.md,True,8,14725,바이오연료수요|압착|재고,중립/혼재,8,9,Import Volume|Export Volume|Harvested Area|Soybean|Crude Palm Oil|Canola Oil|Source Document
13.07_Russian Federation_Customs Union Food Technical Regulations in Force.pdf,data/raw/USDA/FAS/GAIN/Oilseeds/2013/07/13.07_Russian Federation_Customs Union Food Technical Regulations in Force.pdf,data/raw/USDA/FAS/GAIN/Oilseeds/2013/07/Summary/13.07_Russian Federation_Customs Union Food Technical Regulations in Force.md,True,2,4217,,중립/혼재,0,0,Source Document
13.07_Spain_Below Average Temperatures in late Spring Help Spanish Cereal Crop.pdf,data/raw/USDA/FAS/GAIN/Oilseeds/2013/07/13.07_Spain_Below Average Temperatures in late Spring Help Spanish Cereal Crop.pdf,data/raw/USDA/FAS/GAIN/Oilseeds/2013/07/Summary/13.07_Spain_Below Average Temperatures in late Spring Help Spanish Cereal Crop.md,True,6,8293,기상이변|생산변동,상방 우세,12,6,Import Volume|Production Volume|Source Document
13.08_China_Oilseeds and Products Update.pdf,data/raw/USDA/FAS/GAIN/Oilseeds/2013/08/13.08_China_Oilseeds and Products Update.pdf,data/raw/USDA/FAS/GAIN/Oilseeds/2013/08/Summary/13.08_China_Oilseeds and Products Update.md,True,7,15654,생산변동|수입관세|압착,중립/혼재,17,15,Import Volume|Export Volume|Soybean|Soybean Oil|Crude Palm Oil|Canola Oil|Neutral Regime|Import Tariff|Source Document
13.08_China_Oilseeds and Products.pdf,data/raw/USDA/FAS/GAIN/Oilseeds/2013/08/13.08_China_Oilseeds and Products.pdf,data/raw/USDA/FAS/GAIN/Oilseeds/2013/08/Summary/13.08_China_Oilseeds and Products.md,True,4,6878,생산변동|재고,중립/혼재,4,5,Import Volume|Soybean|Canola Oil|Source Document
13.08_Germany_Protesters block major soybean port.pdf,data/raw/USDA/FAS/GAIN/Oilseeds/2013/08/13.08_Germany_Protesters block major soybean port.pdf,data/raw/USDA/FAS/GAIN/Oilseeds/2013/08/Summary/13.08_Germany_Protesters block major soybean port.md,True,3,6225,,하방 우세,1,2,Import Volume|Soybean|Source Document
13.08_India_Monsoon Report 7.pdf,data/raw/USDA/FAS/GAIN/Oilseeds/2013/08/13.08_India_Monsoon Report 7.pdf,data/raw/USDA/FAS/GAIN/Oilseeds/2013/08/Summary/13.08_India_Monsoon Report 7.md,True,3,3990,,하방 우세,3,13,Soil Moisture Percentile|Source Document
13.08_Indonesia_An Update on the Implementation of New Soybean Import Regulation.pdf,data/raw/USDA/FAS/GAIN/Oilseeds/2013/08/13.08_Indonesia_An Update on the Implementation of New Soybean Import Regulation.pdf,data/raw/USDA/FAS/GAIN/Oilseeds/2013/08/Summary/13.08_Indonesia_An Update on the Implementation of New Soybean Import Regulation.md,True,3,3868,수입관세,중립/혼재,1,1,Soybean|Import Tariff|Source Document
13.08_Pakistan_Oilseeds and Products Update.pdf,data/raw/USDA/FAS/GAIN/Oilseeds/2013/08/13.08_Pakistan_Oilseeds and Products Update.pdf,data/raw/USDA/FAS/GAIN/Oilseeds/2013/08/Summary/13.08_Pakistan_Oilseeds and Products Update.md,True,3,3719,물류충격|수입관세,상방 우세,9,3,Import Volume|Crude Palm Oil|Political Instability|Import Tariff|Source Document
13.09_Brazil_Oilseeds and Products Update.pdf,data/raw/USDA/FAS/GAIN/Oilseeds/2013/09/13.09_Brazil_Oilseeds and Products Update.pdf,data/raw/USDA/FAS/GAIN/Oilseeds/2013/09/Summary/13.09_Brazil_Oilseeds and Products Update.md,True,4,10632,기상이변|바이오연료수요|수출규제|압착|재고,상방 우세,16,6,Import Volume|Export Volume|Soil Moisture Percentile|Harvested Area|Soybean|Source Document
13.09_India_Oilseeds and Products Update.pdf,data/raw/USDA/FAS/GAIN/Oilseeds/2013/09/13.09_India_Oilseeds and Products Update.pdf,data/raw/USDA/FAS/GAIN/Oilseeds/2013/09/Summary/13.09_India_Oilseeds and Products Update.md,True,16,18795,압착|재고,하방 우세,9,19,Import Volume|Export Volume|Flood|Harvested Area|Soybean|Soybean Oil|Vegetable Oil|Crude Palm Oil|Sunflower Oil|Source Document
13.09_Indonesia_Deregulates Soybean Imports and Waives Import Duties.pdf,data/raw/USDA/FAS/GAIN/Oilseeds/2013/09/13.09_Indonesia_Deregulates Soybean Imports and Waives Import Duties.pdf,data/raw/USDA/FAS/GAIN/Oilseeds/2013/09/Summary/13.09_Indonesia_Deregulates Soybean Imports and Waives Import Duties.md,True,2,2485,수입관세,하방 우세,0,2,Import Volume|Soybean|Import Tariff|Source Document
13.09_Vietnam_MOIT Imposes Safeguard on Imported Refined Vegetable Oils.pdf,data/raw/USDA/FAS/GAIN/Oilseeds/2013/09/13.09_Vietnam_MOIT Imposes Safeguard on Imported Refined Vegetable Oils.pdf,data/raw/USDA/FAS/GAIN/Oilseeds/2013/09/Summary/13.09_Vietnam_MOIT Imposes Safeguard on Imported Refined Vegetable Oils.md,True,10,16014,물류충격|수입관세,상방 우세,16,12,Import Volume|Export Volume|Production Volume|Soybean Oil|Crude Soybean Oil|Crude Palm Oil|Import Tariff|Source Document
13.10_Argentina_Oilseeds and Products Update.pdf,data/raw/USDA/FAS/GAIN/Oilseeds/2013/10/13.10_Argentina_Oilseeds and Products Update.pdf,data/raw/USDA/FAS/GAIN/Oilseeds/2013/10/Summary/13.10_Argentina_Oilseeds and Products Update.md,True,5,5820,압착|재고,하방 우세,4,10,Import Volume|Export Volume|Harvested Area|Soybean|Source Document
13.10_Austria_Update - Expectations for Bumper Sunflower Crop.pdf,data/raw/USDA/FAS/GAIN/Oilseeds/2013/10/13.10_Austria_Update - Expectations for Bumper Sunflower Crop.pdf,data/raw/USDA/FAS/GAIN/Oilseeds/2013/10/Summary/13.10_Austria_Update - Expectations for Bumper Sunflower Crop.md,True,17,42375,기상이변|물류충격|바이오연료수요|생산변동|압착|재고,하방 우세,75,101,Import Volume|Export Volume|Soil Moisture Percentile|Planted Area|Harvested Area|Crushing Volume|Soybean|Soybean Oil|Crude Palm Oil|Canola Oil|Sunflower Oil|Source Document
13.10_Brazil_Oilseeds and Products Update.pdf,data/raw/USDA/FAS/GAIN/Oilseeds/2013/10/13.10_Brazil_Oilseeds and Products Update.pdf,data/raw/USDA/FAS/GAIN/Oilseeds/2013/10/Summary/13.10_Brazil_Oilseeds and Products Update.md,True,3,4774,생산변동|압착|재고,하방 우세,1,5,Import Volume|Export Volume|Harvested Area|Soybean|Source Document
13.10_Bulgaria_Grains and Oilseeds Market Update.pdf,data/raw/USDA/FAS/GAIN/Oilseeds/2013/10/13.10_Bulgaria_Grains and Oilseeds Market Update.pdf,data/raw/USDA/FAS/GAIN/Oilseeds/2013/10/Summary/13.10_Bulgaria_Grains and Oilseeds Market Update.md,True,11,15793,기상이변|물류충격|압착|재고,하방 우세,14,28,Export Volume|Soil Moisture Percentile|Production Volume|Source Document
13.10_Malaysia_Oilseeds and Products Update.pdf,data/raw/USDA/FAS/GAIN/Oilseeds/2013/10/13.10_Malaysia_Oilseeds and Products Update.pdf,data/raw/USDA/FAS/GAIN/Oilseeds/2013/10/Summary/13.10_Malaysia_Oilseeds and Products Update.md,True,2,1541,재고,상방 우세,1,0,Import Volume|Export Volume|Production Volume|Crude Palm Oil|Source Document
13.10_Romania_Romanian Grains Exports Positioned to Flourish.pdf,data/raw/USDA/FAS/GAIN/Oilseeds/2013/10/13.10_Romania_Romanian Grains Exports Positioned to Flourish.pdf,data/raw/USDA/FAS/GAIN/Oilseeds/2013/10/Summary/13.10_Romania_Romanian Grains Exports Positioned to Flourish.md,True,4,8419,생산변동,중립/혼재,14,14,Export Volume|Production Volume|Hold Recommendation|Source Document
13.10_Russian Federation_Oilseeds Update.pdf,data/raw/USDA/FAS/GAIN/Oilseeds/2013/10/13.10_Russian Federation_Oilseeds Update.pdf,data/raw/USDA/FAS/GAIN/Oilseeds/2013/10/Summary/13.10_Russian Federation_Oilseeds Update.md,True,13,20084,수출규제|압착|재고,하방 우세,34,55,Import Volume|Export Volume|Planted Area|Harvested Area|Soybean|Export Tax|Source Document
13.10_Turkey_Oilseeds and Products Update - June 2013.pdf,data/raw/USDA/FAS/GAIN/Oilseeds/2013/10/13.10_Turkey_Oilseeds and Products Update - June 2013.pdf,data/raw/USDA/FAS/GAIN/Oilseeds/2013/10/Summary/13.10_Turkey_Oilseeds and Products Update - June 2013.md,True,4,6987,바이오연료수요|압착|재고,하방 우세,2,4,Import Volume|Export Volume|Harvested Area|Soybean|Soybean Oil|Freight Rate|Source Document
13.10_Turkey_Oilseeds and Products Update.pdf,data/raw/USDA/FAS/GAIN/Oilseeds/2013/10/13.10_Turkey_Oilseeds and Products Update.pdf,data/raw/USDA/FAS/GAIN/Oilseeds/2013/10/Summary/13.10_Turkey_Oilseeds and Products Update.md,True,6,8121,물류충격|압착|재고,하방 우세,11,26,Import Volume|Export Volume|Harvested Area|Sunflower Oil|Neutral Regime|Source Document
13.11_Argentina_Oilseeds and Products Update.pdf,data/raw/USDA/FAS/GAIN/Oilseeds/2013/11/13.11_Argentina_Oilseeds and Products Update.pdf,data/raw/USDA/FAS/GAIN/Oilseeds/2013/11/Summary/13.11_Argentina_Oilseeds and Products Update.md,True,5,7347,압착|재고,하방 우세,3,16,Import Volume|Export Volume|Soil Moisture Percentile|Harvested Area|Soybean|Hold Recommendation|Source Document
13.11_India_Crop Procurement under Administered Prices.pdf,data/raw/USDA/FAS/GAIN/Oilseeds/2013/11/13.11_India_Crop Procurement under Administered Prices.pdf,data/raw/USDA/FAS/GAIN/Oilseeds/2013/11/Summary/13.11_India_Crop Procurement under Administered Prices.md,True,13,8120,,하방 우세,2,5,Source Document
13.11_India_Monsoon Report 8.pdf,data/raw/USDA/FAS/GAIN/Oilseeds/2013/11/13.11_India_Monsoon Report 8.pdf,data/raw/USDA/FAS/GAIN/Oilseeds/2013/11/Summary/13.11_India_Monsoon Report 8.md,True,3,3933,기상이변,상방 우세,13,5,Source Document
13.11_Indonesia_Oilseeds and Products Update.pdf,data/raw/USDA/FAS/GAIN/Oilseeds/2013/11/13.11_Indonesia_Oilseeds and Products Update.pdf,data/raw/USDA/FAS/GAIN/Oilseeds/2013/11/Summary/13.11_Indonesia_Oilseeds and Products Update.md,True,6,9139,바이오연료수요|생산변동|수입관세|압착|재고,중립/혼재,7,8,Import Volume|Export Volume|Harvested Area|Soybean|Crude Palm Oil|Source Document
13.11_Turkey_Oilseeds and Products Update.pdf,data/raw/USDA/FAS/GAIN/Oilseeds/2013/11/13.11_Turkey_Oilseeds and Products Update.pdf,data/raw/USDA/FAS/GAIN/Oilseeds/2013/11/Summary/13.11_Turkey_Oilseeds and Products Update.md,True,5,7687,생산변동|압착|재고,중립/혼재,4,4,Import Volume|Export Volume|Harvested Area|Soybean|Soybean Oil|Freight Rate|Source Document
13.12_Brazil_Oilseeds and Products Update.pdf,data/raw/USDA/FAS/GAIN/Oilseeds/2013/12/13.12_Brazil_Oilseeds and Products Update.pdf,data/raw/USDA/FAS/GAIN/Oilseeds/2013/12/Summary/13.12_Brazil_Oilseeds and Products Update.md,True,3,6568,압착|재고,중립/혼재,4,4,Import Volume|Export Volume|Harvested Area|Soybean|Source Document
13.12_Bulgaria_Grains and Oilseeds Market Update.pdf,data/raw/USDA/FAS/GAIN/Oilseeds/2013/12/13.12_Bulgaria_Grains and Oilseeds Market Update.pdf,data/raw/USDA/FAS/GAIN/Oilseeds/2013/12/Summary/13.12_Bulgaria_Grains and Oilseeds Market Update.md,True,6,9516,기상이변|압착|재고,중립/혼재,14,12,Import Volume|Export Volume|Production Volume|Source Document
13.12_India_Oilseeds and Products Update.pdf,data/raw/USDA/FAS/GAIN/Oilseeds/2013/12/13.12_India_Oilseeds and Products Update.pdf,data/raw/USDA/FAS/GAIN/Oilseeds/2013/12/Summary/13.12_India_Oilseeds and Products Update.md,True,8,9523,물류충격|생산변동|압착|재고,중립/혼재,8,9,Import Volume|Export Volume|Harvested Area|Soybean|Soybean Oil|Vegetable Oil|Crude Palm Oil|Sunflower Oil|Source Document
13.12_Spain_Biodiesel Standing Report.pdf,data/raw/USDA/FAS/GAIN/Oilseeds/2013/12/13.12_Spain_Biodiesel Standing Report.pdf,data/raw/USDA/FAS/GAIN/Oilseeds/2013/12/Summary/13.12_Spain_Biodiesel Standing Report.md,True,18,35939,바이오연료수요|압착,하방 우세,13,17,Gross Domestic Product|Import Volume|Export Volume|Soybean|Crude Palm Oil|Canola Oil|Agricultural Exemption|Source Document
14.01_Argentina_Oilseeds and Products Update.pdf,data/raw/USDA/FAS/GAIN/Oilseeds/2014/01/14.01_Argentina_Oilseeds and Products Update.pdf,data/raw/USDA/FAS/GAIN/Oilseeds/2014/01/Summary/14.01_Argentina_Oilseeds and Products Update.md,True,4,5982,기상이변|압착|재고,하방 우세,0,15,Import Volume|Export Volume|Harvested Area|Soybean|Source Document
14.01_Brazil_North and Northeast Port Infrastructure Report.pdf,data/raw/USDA/FAS/GAIN/Oilseeds/2014/01/14.01_Brazil_North and Northeast Port Infrastructure Report.pdf,data/raw/USDA/FAS/GAIN/Oilseeds/2014/01/Summary/14.01_Brazil_North and Northeast Port Infrastructure Report.md,True,17,28966,기상이변|물류충격|바이오연료수요,상방 우세,7,3,Import Volume|Export Volume|Soybean|Crude Palm Oil|Neutral Regime|Source Document
14.01_Brazil_Oilseeds and Products Update.pdf,data/raw/USDA/FAS/GAIN/Oilseeds/2014/01/14.01_Brazil_Oilseeds and Products Update.pdf,data/raw/USDA/FAS/GAIN/Oilseeds/2014/01/Summary/14.01_Brazil_Oilseeds and Products Update.md,True,4,8727,생산변동|압착|재고,중립/혼재,9,7,Import Volume|Export Volume|Harvested Area|Soybean|Soybean Oil|Crude Palm Oil|Hold Recommendation|Subsidy|Source Document
14.01_Bulgaria_Grains and Oilseeds Market Update.pdf,data/raw/USDA/FAS/GAIN/Oilseeds/2014/01/14.01_Bulgaria_Grains and Oilseeds Market Update.pdf,data/raw/USDA/FAS/GAIN/Oilseeds/2014/01/Summary/14.01_Bulgaria_Grains and Oilseeds Market Update.md,True,8,10607,기상이변|물류충격|압착|재고,하방 우세,9,19,Import Volume|Export Volume|Soil Moisture Percentile|Production Volume|Source Document
14.01_Indonesia_Oilseeds and Products Update.pdf,data/raw/USDA/FAS/GAIN/Oilseeds/2014/01/14.01_Indonesia_Oilseeds and Products Update.pdf,data/raw/USDA/FAS/GAIN/Oilseeds/2014/01/Summary/14.01_Indonesia_Oilseeds and Products Update.md,True,9,10942,바이오연료수요|생산변동|압착|재고,중립/혼재,18,18,Import Volume|Export Volume|Harvested Area|Soybean|Crude Palm Oil|Source Document
14.01_Russian Federation_New Draft Amendments to CU TR on Safety of Fat and Oil Products.pdf,data/raw/USDA/FAS/GAIN/Oilseeds/2014/01/14.01_Russian Federation_New Draft Amendments to CU TR on Safety of Fat and Oil Products.pdf,data/raw/USDA/FAS/GAIN/Oilseeds/2014/01/Summary/14.01_Russian Federation_New Draft Amendments to CU TR on Safety of Fat and Oil Products.md,True,3,3236,,중립/혼재,0,0,Source Document
14.01_Russian Federation_New Draft Amendments to CU Technical Regulation on Safety of Grain.pdf,data/raw/USDA/FAS/GAIN/Oilseeds/2014/01/14.01_Russian Federation_New Draft Amendments to CU Technical Regulation on Safety of Grain.pdf,data/raw/USDA/FAS/GAIN/Oilseeds/2014/01/Summary/14.01_Russian Federation_New Draft Amendments to CU Technical Regulation on Safety of Grain.md,True,3,3438,,중립/혼재,0,0,Source Document
14.02_Argentina_Oilseeds and Products Update.pdf,data/raw/USDA/FAS/GAIN/Oilseeds/2014/02/14.02_Argentina_Oilseeds and Products Update.pdf,data/raw/USDA/FAS/GAIN/Oilseeds/2014/02/Summary/14.02_Argentina_Oilseeds and Products Update.md,True,4,5155,압착|재고,하방 우세,0,9,Import Volume|Export Volume|Harvested Area|Soybean|Source Document
14.02_Paraguay_Oilseeds and Products Annual.pdf,data/raw/USDA/FAS/GAIN/Oilseeds/2014/02/14.02_Paraguay_Oilseeds and Products Annual.pdf,data/raw/USDA/FAS/GAIN/Oilseeds/2014/02/Summary/14.02_Paraguay_Oilseeds and Products Annual.md,True,8,15255,바이오연료수요|수출규제|압착|재고,중립/혼재,11,10,Import Volume|Export Volume|Harvested Area|Soybean|Hold Recommendation|Source Document
14.02_South Korea_Oilseeds and Products Annual.pdf,data/raw/USDA/FAS/GAIN/Oilseeds/2014/02/14.02_South Korea_Oilseeds and Products Annual.pdf,data/raw/USDA/FAS/GAIN/Oilseeds/2014/02/Summary/14.02_South Korea_Oilseeds and Products Annual.md,True,25,46186,바이오연료수요|생산변동|수입관세|압착|재고,하방 우세,19,25,Import Volume|Export Volume|Harvested Area|Soybean|Soybean Oil|Vegetable Oil|Crude Palm Oil|Canola Oil|Bull Regime|Bear Regime|Import Tariff|Source Document
14.02_Spain_Olive Oil Production in Spain Set to Rebound.pdf,data/raw/USDA/FAS/GAIN/Oilseeds/2014/02/14.02_Spain_Olive Oil Production in Spain Set to Rebound.pdf,data/raw/USDA/FAS/GAIN/Oilseeds/2014/02/Summary/14.02_Spain_Olive Oil Production in Spain Set to Rebound.md,True,16,29263,기상이변|생산변동|재고,하방 우세,11,27,Import Volume|Export Volume|Production Volume|Source Document
14.02_Tunisia_Oilseeds and Products Annual.pdf,data/raw/USDA/FAS/GAIN/Oilseeds/2014/02/14.02_Tunisia_Oilseeds and Products Annual.pdf,data/raw/USDA/FAS/GAIN/Oilseeds/2014/02/Summary/14.02_Tunisia_Oilseeds and Products Annual.md,True,10,19655,기상이변|압착|재고,하방 우세,6,19,Import Volume|Export Volume|Harvested Area|Soybean|Vegetable Oil|Crude Palm Oil|Canola Oil|Neutral Regime|Source Document
14.03_Argentina_Oilseeds and Products Annual.pdf,data/raw/USDA/FAS/GAIN/Oilseeds/2014/03/14.03_Argentina_Oilseeds and Products Annual.pdf,data/raw/USDA/FAS/GAIN/Oilseeds/2014/03/Summary/14.03_Argentina_Oilseeds and Products Annual.md,True,16,35293,기상이변|바이오연료수요|수출규제|압착|재고,하방 우세,20,50,ARS per USD|Import Volume|Export Volume|Heatwave|Harvested Area|Crushing Volume|Soybean|Import Quota|Source Document
14.03_Brazil_Oilseeds and Products Annual.pdf,data/raw/USDA/FAS/GAIN/Oilseeds/2014/03/14.03_Brazil_Oilseeds and Products Annual.pdf,data/raw/USDA/FAS/GAIN/Oilseeds/2014/03/Summary/14.03_Brazil_Oilseeds and Products Annual.md,True,31,59718,기상이변|물류충격|바이오연료수요|생산변동|압착|재고,상방 우세,54,19,Gross Domestic Product|Import Volume|Export Volume|Harvested Area|Production Volume|Soybean|Crude Palm Oil|Hold Recommendation|Subsidy|Source Document
14.03_China_Oilseeds and Products Annual.pdf,data/raw/USDA/FAS/GAIN/Oilseeds/2014/03/14.03_China_Oilseeds and Products Annual.pdf,data/raw/USDA/FAS/GAIN/Oilseeds/2014/03/Summary/14.03_China_Oilseeds and Products Annual.md,True,44,47766,기상이변|바이오연료수요|생산변동|수입관세|압착|재고,상방 우세,51,38,Import Volume|Export Volume|Harvested Area|Production Volume|Crushing Volume|Soybean|Crude Palm Oil|Canola Oil|Import Tariff|Source Document|Confidence Score
14.03_EU_Oilseeds and Products Annual.pdf,data/raw/USDA/FAS/GAIN/Oilseeds/2014/03/14.03_EU_Oilseeds and Products Annual.pdf,data/raw/USDA/FAS/GAIN/Oilseeds/2014/03/Summary/14.03_EU_Oilseeds and Products Annual.md,True,45,43070,기상이변|물류충격|바이오연료수요|생산변동|압착|재고,하방 우세,58,89,Import Volume|Export Volume|Harvested Area|Crushing Volume|Soybean|Crude Palm Oil|Canola Oil|Source Document
14.03_Germany_The Availability of Non GE Soymeal.pdf,data/raw/USDA/FAS/GAIN/Oilseeds/2014/03/14.03_Germany_The Availability of Non GE Soymeal.pdf,data/raw/USDA/FAS/GAIN/Oilseeds/2014/03/Summary/14.03_Germany_The Availability of Non GE Soymeal.md,True,5,6212,압착,상방 우세,3,2,Import Volume|Export Volume|Soybean|Source Document
14.03_India_Oilseeds and Products Update.pdf,data/raw/USDA/FAS/GAIN/Oilseeds/2014/03/14.03_India_Oilseeds and Products Update.pdf,data/raw/USDA/FAS/GAIN/Oilseeds/2014/03/Summary/14.03_India_Oilseeds and Products Update.md,True,5,5262,압착|재고,상방 우세,8,0,Import Volume|Export Volume|Soil Moisture Percentile|Harvested Area|Source Document
14.03_Indonesia_Oilseeds and Products Annual.pdf,data/raw/USDA/FAS/GAIN/Oilseeds/2014/03/14.03_Indonesia_Oilseeds and Products Annual.pdf,data/raw/USDA/FAS/GAIN/Oilseeds/2014/03/Summary/14.03_Indonesia_Oilseeds and Products Annual.md,True,20,33774,바이오연료수요|수입관세|수출규제|압착|재고,상방 우세,41,29,Gross Domestic Product|Import Volume|Export Volume|Harvested Area|Soybean|Soybean Oil|Crude Palm Oil|Source Document
14.03_Malaysia_Oilseeds and Products Annual.pdf,data/raw/USDA/FAS/GAIN/Oilseeds/2014/03/14.03_Malaysia_Oilseeds and Products Annual.pdf,data/raw/USDA/FAS/GAIN/Oilseeds/2014/03/Summary/14.03_Malaysia_Oilseeds and Products Annual.md,True,13,18869,바이오연료수요|생산변동|수출규제|압착|재고,중립/혼재,17,19,Import Volume|Export Volume|Harvested Area|Production Volume|Soybean|Crude Palm Oil|Source Document
14.03_Mexico_Oilseeds and Products Annual.pdf,data/raw/USDA/FAS/GAIN/Oilseeds/2014/03/14.03_Mexico_Oilseeds and Products Annual.pdf,data/raw/USDA/FAS/GAIN/Oilseeds/2014/03/Summary/14.03_Mexico_Oilseeds and Products Annual.md,True,23,64340,기상이변|물류충격|바이오연료수요|생산변동|수입관세|압착|재고,중립/혼재,86,75,Gross Domestic Product|Import Volume|Export Volume|Harvested Area|Production Volume|Soybean|Canola Oil|Bull Regime|Bear Regime|Neutral Regime|Source Document|Confidence Score
14.03_Pakistan_Oilseeds and Products Annual.pdf,data/raw/USDA/FAS/GAIN/Oilseeds/2014/03/14.03_Pakistan_Oilseeds and Products Annual.pdf,data/raw/USDA/FAS/GAIN/Oilseeds/2014/03/Summary/14.03_Pakistan_Oilseeds and Products Annual.md,True,24,29450,물류충격|바이오연료수요|생산변동|수입관세|압착|재고,상방 우세,31,23,Import Volume|Export Volume|Harvested Area|Vegetable Oil|Crude Palm Oil|Import Tariff|Source Document
14.03_Peru_Oilseeds and Products Annual.pdf,data/raw/USDA/FAS/GAIN/Oilseeds/2014/03/14.03_Peru_Oilseeds and Products Annual.pdf,data/raw/USDA/FAS/GAIN/Oilseeds/2014/03/Summary/14.03_Peru_Oilseeds and Products Annual.md,True,11,20709,기상이변|수입관세|압착|재고,하방 우세,4,11,Import Volume|Export Volume|Soybean|Geopolitical Conflict|Source Document
14.03_Russian Federation_Oilseeds and Products Annual.pdf,data/raw/USDA/FAS/GAIN/Oilseeds/2014/03/14.03_Russian Federation_Oilseeds and Products Annual.pdf,data/raw/USDA/FAS/GAIN/Oilseeds/2014/03/Summary/14.03_Russian Federation_Oilseeds and Products Annual.md,True,31,47913,바이오연료수요|생산변동|수입관세|수출규제|압착|재고,하방 우세,59,168,Import Volume|Export Volume|Planted Area|Harvested Area|Crushing Volume|Soybean|Crude Palm Oil|Canola Oil|Sunflower Oil|Import Tariff|Export Tax|Source Document
14.03_South Africa_Oilseeds and Products Annual.pdf,data/raw/USDA/FAS/GAIN/Oilseeds/2014/03/14.03_South Africa_Oilseeds and Products Annual.pdf,data/raw/USDA/FAS/GAIN/Oilseeds/2014/03/Summary/14.03_South Africa_Oilseeds and Products Annual.md,True,18,23901,기상이변|수입관세|압착|재고,하방 우세,36,71,Gross Domestic Product|Import Volume|Export Volume|Harvested Area|Soybean|Crude Palm Oil|Political Instability|Source Document
14.03_Thailand_Oilseeds and Products Annual.pdf,data/raw/USDA/FAS/GAIN/Oilseeds/2014/03/14.03_Thailand_Oilseeds and Products Annual.pdf,data/raw/USDA/FAS/GAIN/Oilseeds/2014/03/Summary/14.03_Thailand_Oilseeds and Products Annual.md,True,14,24623,기상이변|물류충격|압착|재고,중립/혼재,26,20,Gross Domestic Product|Import Volume|Export Volume|Harvested Area|Production Volume|Soybean|Crude Palm Oil|Neutral Regime|Source Document
14.03_Turkey_Oilseeds and Products Annual.pdf,data/raw/USDA/FAS/GAIN/Oilseeds/2014/03/14.03_Turkey_Oilseeds and Products Annual.pdf,data/raw/USDA/FAS/GAIN/Oilseeds/2014/03/Summary/14.03_Turkey_Oilseeds and Products Annual.md,True,24,47272,기상이변|물류충격|바이오연료수요|생산변동|수입관세|압착|재고,중립/혼재,89,93,Import Volume|Export Volume|Soil Moisture Percentile|Harvested Area|Production Volume|Soybean|Soybean Oil|Sunflower Oil|Neutral Regime|Freight Rate|Source Document
14.03_Uruguay_Oilseeds and Products Annual.pdf,data/raw/USDA/FAS/GAIN/Oilseeds/2014/03/14.03_Uruguay_Oilseeds and Products Annual.pdf,data/raw/USDA/FAS/GAIN/Oilseeds/2014/03/Summary/14.03_Uruguay_Oilseeds and Products Annual.md,True,7,13790,기상이변|바이오연료수요|압착|재고,하방 우세,6,9,Import Volume|Export Volume|Harvested Area|Soybean|Neutral Regime|Source Document
14.04_Canada_Oilseeds and Products Annual.pdf,data/raw/USDA/FAS/GAIN/Oilseeds/2014/04/14.04_Canada_Oilseeds and Products Annual.pdf,data/raw/USDA/FAS/GAIN/Oilseeds/2014/04/Summary/14.04_Canada_Oilseeds and Products Annual.md,True,16,26665,바이오연료수요|생산변동|압착|재고,상방 우세,62,25,Import Volume|Export Volume|Crop Yield|Harvested Area|Crushing Volume|Soybean|Canola Oil|Source Document
14.04_Germany_Turn to Genetically Engineered Soymeal Highlights Market Reality.pdf,data/raw/USDA/FAS/GAIN/Oilseeds/2014/04/14.04_Germany_Turn to Genetically Engineered Soymeal Highlights Market Reality.pdf,data/raw/USDA/FAS/GAIN/Oilseeds/2014/04/Summary/14.04_Germany_Turn to Genetically Engineered Soymeal Highlights Market Reality.md,True,6,6295,압착,상방 우세,3,2,Import Volume|Export Volume|Soybean|Source Document
14.04_Greece_Olive Oil Annual.pdf,data/raw/USDA/FAS/GAIN/Oilseeds/2014/04/14.04_Greece_Olive Oil Annual.pdf,data/raw/USDA/FAS/GAIN/Oilseeds/2014/04/Summary/14.04_Greece_Olive Oil Annual.md,True,5,6018,기상이변|재고,하방 우세,2,3,Import Volume|Export Volume|Production Volume|Source Document
14.04_India_2014 Monsoon Forecast.pdf,data/raw/USDA/FAS/GAIN/Oilseeds/2014/04/14.04_India_2014 Monsoon Forecast.pdf,data/raw/USDA/FAS/GAIN/Oilseeds/2014/04/Summary/14.04_India_2014 Monsoon Forecast.md,True,2,2824,기상이변,하방 우세,4,12,Source Document
14.04_India_Oilseeds and Products Annual.pdf,data/raw/USDA/FAS/GAIN/Oilseeds/2014/04/14.04_India_Oilseeds and Products Annual.pdf,data/raw/USDA/FAS/GAIN/Oilseeds/2014/04/Summary/14.04_India_Oilseeds and Products Annual.md,True,30,35757,바이오연료수요|수입관세|수출규제|압착|재고,하방 우세,19,32,Import Volume|Export Volume|Harvested Area|Production Volume|Soybean|Soybean Oil|Crude Soybean Oil|Vegetable Oil|Crude Palm Oil|Canola Oil|Sunflower Oil|Import Tariff
14.04_Japan_Oilseeds and Products Annual.pdf,data/raw/USDA/FAS/GAIN/Oilseeds/2014/04/14.04_Japan_Oilseeds and Products Annual.pdf,data/raw/USDA/FAS/GAIN/Oilseeds/2014/04/Summary/14.04_Japan_Oilseeds and Products Annual.md,True,16,33379,압착|재고,하방 우세,25,43,Import Volume|Export Volume|Harvested Area|Production Volume|Soybean|Crude Palm Oil|Canola Oil|Neutral Regime|Source Document
14.04_Malaysia_Palm Oil PSD Table Revision.pdf,data/raw/USDA/FAS/GAIN/Oilseeds/2014/04/14.04_Malaysia_Palm Oil PSD Table Revision.pdf,data/raw/USDA/FAS/GAIN/Oilseeds/2014/04/Summary/14.04_Malaysia_Palm Oil PSD Table Revision.md,True,2,2697,생산변동|수출규제|재고,하방 우세,2,8,Import Volume|Export Volume|Harvested Area|Crude Palm Oil|Source Document
14.04_Poland_Established a New Record in Rapeseed Production.pdf,data/raw/USDA/FAS/GAIN/Oilseeds/2014/04/14.04_Poland_Established a New Record in Rapeseed Production.pdf,data/raw/USDA/FAS/GAIN/Oilseeds/2014/04/Summary/14.04_Poland_Established a New Record in Rapeseed Production.md,True,8,6858,바이오연료수요|압착,상방 우세,12,8,Import Volume|Export Volume|Soil Moisture Percentile|Canola Oil|Source Document
14.04_Taiwan_Oilseeds and Products Annual.pdf,data/raw/USDA/FAS/GAIN/Oilseeds/2014/04/14.04_Taiwan_Oilseeds and Products Annual.pdf,data/raw/USDA/FAS/GAIN/Oilseeds/2014/04/Summary/14.04_Taiwan_Oilseeds and Products Annual.md,True,16,31778,기상이변|바이오연료수요|생산변동|수입관세|압착|재고,중립/혼재,25,28,Import Volume|Export Volume|Trade Balance|Harvested Area|Production Volume|Soybean|Soybean Oil|Vegetable Oil|Crude Palm Oil|Source Document
14.04_Ukraine_Oilseeds and Products Annual.pdf,data/raw/USDA/FAS/GAIN/Oilseeds/2014/04/14.04_Ukraine_Oilseeds and Products Annual.pdf,data/raw/USDA/FAS/GAIN/Oilseeds/2014/04/Summary/14.04_Ukraine_Oilseeds and Products Annual.md,True,43,60426,물류충격|수입관세|수출규제|압착|재고,하방 우세,20,110,Import Volume|Export Volume|Harvested Area|Production Volume|Crushing Volume|Soybean|Canola Oil|Export Tax|Source Document
14.04_Vietnam_Oilseeds and Products Annual.pdf,data/raw/USDA/FAS/GAIN/Oilseeds/2014/04/14.04_Vietnam_Oilseeds and Products Annual.pdf,data/raw/USDA/FAS/GAIN/Oilseeds/2014/04/Summary/14.04_Vietnam_Oilseeds and Products Annual.md,True,48,44591,물류충격|바이오연료수요|생산변동|수입관세|압착|재고,상방 우세,49,35,Import Volume|Export Volume|Harvested Area|Soybean|Soybean Oil|Crude Soybean Oil|Crude Palm Oil|Freight Rate|Import Tariff|Source Document
14.05_China_Oilseeds and Products Update.pdf,data/raw/USDA/FAS/GAIN/Oilseeds/2014/05/14.05_China_Oilseeds and Products Update.pdf,data/raw/USDA/FAS/GAIN/Oilseeds/2014/05/Summary/14.05_China_Oilseeds and Products Update.md,True,7,11756,생산변동|압착,하방 우세,14,24,Import Volume|Export Volume|Soybean|Soybean Oil|Canola Oil|Source Document
14.05_Pakistan_Oilseed Meal imports surge.pdf,data/raw/USDA/FAS/GAIN/Oilseeds/2014/05/14.05_Pakistan_Oilseed Meal imports surge.pdf,data/raw/USDA/FAS/GAIN/Oilseeds/2014/05/Summary/14.05_Pakistan_Oilseed Meal imports surge.md,True,2,2685,,상방 우세,3,0,Import Volume|Export Volume|Neutral Regime|Source Document
14.05_Poland_Polish Producers Bullish on the Winter Crops.pdf,data/raw/USDA/FAS/GAIN/Oilseeds/2014/05/14.05_Poland_Polish Producers Bullish on the Winter Crops.pdf,data/raw/USDA/FAS/GAIN/Oilseeds/2014/05/Summary/14.05_Poland_Polish Producers Bullish on the Winter Crops.md,True,3,4123,,하방 우세,2,4,Bull Regime|Neutral Regime|Source Document
14.06_Egypt_Oilseeds and Products Annual.pdf,data/raw/USDA/FAS/GAIN/Oilseeds/2014/06/14.06_Egypt_Oilseeds and Products Annual.pdf,data/raw/USDA/FAS/GAIN/Oilseeds/2014/06/Summary/14.06_Egypt_Oilseeds and Products Annual.md,True,13,24733,물류충격|바이오연료수요|수입관세|압착|재고,하방 우세,25,60,Import Volume|Export Volume|Harvested Area|Soybean|Soybean Oil|Vegetable Oil|Crude Palm Oil|Neutral Regime|Cost and Freight|Import Tariff|Source Document
14.06_Malaysia_Oilseeds and Products Update.pdf,data/raw/USDA/FAS/GAIN/Oilseeds/2014/06/14.06_Malaysia_Oilseeds and Products Update.pdf,data/raw/USDA/FAS/GAIN/Oilseeds/2014/06/Summary/14.06_Malaysia_Oilseeds and Products Update.md,True,2,2244,생산변동|재고,상방 우세,3,0,Import Volume|Export Volume|Production Volume|Crude Palm Oil|Source Document
14.06_Nigeria_Provides Export Market for Oilseeds and Products.pdf,data/raw/USDA/FAS/GAIN/Oilseeds/2014/06/14.06_Nigeria_Provides Export Market for Oilseeds and Products.pdf,data/raw/USDA/FAS/GAIN/Oilseeds/2014/06/Summary/14.06_Nigeria_Provides Export Market for Oilseeds and Products.md,True,10,26975,바이오연료수요|생산변동|수입관세|압착|재고,상방 우세,35,9,Import Volume|Export Volume|Harvested Area|Production Volume|Soybean|Soybean Oil|Crude Soybean Oil|Crude Palm Oil|Neutral Regime|Import Tariff|Source Document
14.06_Pakistan_Oilseeds and Products Update.pdf,data/raw/USDA/FAS/GAIN/Oilseeds/2014/06/14.06_Pakistan_Oilseeds and Products Update.pdf,data/raw/USDA/FAS/GAIN/Oilseeds/2014/06/Summary/14.06_Pakistan_Oilseeds and Products Update.md,True,3,6301,물류충격|압착,하방 우세,4,6,Import Volume|Export Volume|Soybean|Crude Palm Oil|Source Document
14.06_Philippines_Oilseeds and Products Annual.pdf,data/raw/USDA/FAS/GAIN/Oilseeds/2014/06/14.06_Philippines_Oilseeds and Products Annual.pdf,data/raw/USDA/FAS/GAIN/Oilseeds/2014/06/Summary/14.06_Philippines_Oilseeds and Products Annual.md,True,12,25327,바이오연료수요|수입관세|압착|재고,하방 우세,21,35,Import Volume|Export Volume|Harvested Area|Production Volume|Crushing Volume|Soybean|Crude Palm Oil|Source Document
14.06_Senegal_Oilseeds and Products Annual 2014.pdf,data/raw/USDA/FAS/GAIN/Oilseeds/2014/06/14.06_Senegal_Oilseeds and Products Annual 2014.pdf,data/raw/USDA/FAS/GAIN/Oilseeds/2014/06/Summary/14.06_Senegal_Oilseeds and Products Annual 2014.md,True,10,19984,압착|재고,중립/혼재,10,11,Import Volume|Export Volume|Harvested Area|Source Document
14.06_Spain_Dry Spell Significantly Reduces Grain Yield Expectations.pdf,data/raw/USDA/FAS/GAIN/Oilseeds/2014/06/14.06_Spain_Dry Spell Significantly Reduces Grain Yield Expectations.pdf,data/raw/USDA/FAS/GAIN/Oilseeds/2014/06/Summary/14.06_Spain_Dry Spell Significantly Reduces Grain Yield Expectations.md,True,10,17169,기상이변|물류충격|생산변동|수입관세|재고,하방 우세,7,25,Import Volume|Export Volume|Soil Moisture Percentile|Production Volume|Bull Regime|Import Tariff|Source Document
14.06_Turkey_Oilseeds and Products Update.pdf,data/raw/USDA/FAS/GAIN/Oilseeds/2014/06/14.06_Turkey_Oilseeds and Products Update.pdf,data/raw/USDA/FAS/GAIN/Oilseeds/2014/06/Summary/14.06_Turkey_Oilseeds and Products Update.md,True,5,7646,압착|재고,하방 우세,2,4,Import Volume|Export Volume|Harvested Area|Soybean|Political Instability|Source Document
14.07_China_Oilseeds and Products Update.pdf,data/raw/USDA/FAS/GAIN/Oilseeds/2014/07/14.07_China_Oilseeds and Products Update.pdf,data/raw/USDA/FAS/GAIN/Oilseeds/2014/07/Summary/14.07_China_Oilseeds and Products Update.md,True,4,8297,압착,하방 우세,3,17,Import Volume|Export Volume|Soybean|Canola Oil|Source Document
14.07_Indonesia_Oilseeds and Products Update.pdf,data/raw/USDA/FAS/GAIN/Oilseeds/2014/07/14.07_Indonesia_Oilseeds and Products Update.pdf,data/raw/USDA/FAS/GAIN/Oilseeds/2014/07/Summary/14.07_Indonesia_Oilseeds and Products Update.md,True,11,12910,기상이변|바이오연료수요|압착|재고,하방 우세,7,19,Import Volume|Export Volume|Harvested Area|Soybean|Soybean Oil|Crude Palm Oil|Source Document
14.07_Vietnam_MinAg's Feed Registration Circular and other Related Regs.pdf,data/raw/USDA/FAS/GAIN/Oilseeds/2014/07/14.07_Vietnam_MinAg's Feed Registration Circular and other Related Regs.pdf,data/raw/USDA/FAS/GAIN/Oilseeds/2014/07/Summary/14.07_Vietnam_MinAg's Feed Registration Circular and other Related Regs.md,True,57,63872,,상방 우세,24,1,Import Volume|Production Volume|Neutral Regime|Source Document
14.08_EU_Oilseeds Market Update.pdf,data/raw/USDA/FAS/GAIN/Oilseeds/2014/08/14.08_EU_Oilseeds Market Update.pdf,data/raw/USDA/FAS/GAIN/Oilseeds/2014/08/Summary/14.08_EU_Oilseeds Market Update.md,True,17,47441,기상이변|물류충격|바이오연료수요|생산변동|압착|재고,하방 우세,59,109,Import Volume|Export Volume|Harvested Area|Production Volume|Soybean|Soybean Oil|Canola Oil|Bull Regime|Source Document
14.08_Egypt_Subsidy Reforms Impact Agriculture and Food.pdf,data/raw/USDA/FAS/GAIN/Oilseeds/2014/08/14.08_Egypt_Subsidy Reforms Impact Agriculture and Food.pdf,data/raw/USDA/FAS/GAIN/Oilseeds/2014/08/Summary/14.08_Egypt_Subsidy Reforms Impact Agriculture and Food.md,True,7,12132,바이오연료수요,상방 우세,11,4,Inflation|Source Document
14.08_Germany_New Protein Initiative in Lower Saxony.pdf,data/raw/USDA/FAS/GAIN/Oilseeds/2014/08/14.08_Germany_New Protein Initiative in Lower Saxony.pdf,data/raw/USDA/FAS/GAIN/Oilseeds/2014/08/Summary/14.08_Germany_New Protein Initiative in Lower Saxony.md,True,2,4249,,하방 우세,0,13,Import Volume|Production Volume|Soybean|Source Document
14.08_India_Oilseeds and Products Update.pdf,data/raw/USDA/FAS/GAIN/Oilseeds/2014/08/14.08_India_Oilseeds and Products Update.pdf,data/raw/USDA/FAS/GAIN/Oilseeds/2014/08/Summary/14.08_India_Oilseeds and Products Update.md,True,16,16413,압착|재고,하방 우세,3,33,Import Volume|Export Volume|Harvested Area|Production Volume|Soybean Oil|Crude Palm Oil|Sunflower Oil|Source Document
14.08_Vietnam_MARD Circular 20 Adds Steps in the Ag Input Registration Process.pdf,data/raw/USDA/FAS/GAIN/Oilseeds/2014/08/14.08_Vietnam_MARD Circular 20 Adds Steps in the Ag Input Registration Process.pdf,data/raw/USDA/FAS/GAIN/Oilseeds/2014/08/Summary/14.08_Vietnam_MARD Circular 20 Adds Steps in the Ag Input Registration Process.md,True,9,19256,,상방 우세,4,0,Production Volume|Source Document
14.09_Brazil_Oilseeds and Products Update.pdf,data/raw/USDA/FAS/GAIN/Oilseeds/2014/09/14.09_Brazil_Oilseeds and Products Update.pdf,data/raw/USDA/FAS/GAIN/Oilseeds/2014/09/Summary/14.09_Brazil_Oilseeds and Products Update.md,True,4,7622,물류충격|바이오연료수요|압착|재고,상방 우세,10,6,Import Volume|Export Volume|Harvested Area|Soybean|Source Document
14.09_China_Oilseeds and Products Update - September Lockup Report.pdf,data/raw/USDA/FAS/GAIN/Oilseeds/2014/09/14.09_China_Oilseeds and Products Update - September Lockup Report.pdf,data/raw/USDA/FAS/GAIN/Oilseeds/2014/09/Summary/14.09_China_Oilseeds and Products Update - September Lockup Report.md,True,4,10221,기상이변|생산변동|수입관세|압착|재고,하방 우세,10,24,Import Volume|Export Volume|Soybean|Import Tariff|Source Document
14.09_China_Oilseeds and Products Update.pdf,data/raw/USDA/FAS/GAIN/Oilseeds/2014/09/14.09_China_Oilseeds and Products Update.pdf,data/raw/USDA/FAS/GAIN/Oilseeds/2014/09/Summary/14.09_China_Oilseeds and Products Update.md,True,5,10405,생산변동|압착,하방 우세,10,17,Import Volume|Soybean|Canola Oil|Source Document
14.09_Turkey_Oilseeds and Products Update.pdf,data/raw/USDA/FAS/GAIN/Oilseeds/2014/09/14.09_Turkey_Oilseeds and Products Update.pdf,data/raw/USDA/FAS/GAIN/Oilseeds/2014/09/Summary/14.09_Turkey_Oilseeds and Products Update.md,True,5,7615,물류충격|압착|재고,하방 우세,11,28,Import Volume|Export Volume|Harvested Area|Sunflower Oil|Neutral Regime|Source Document
14.10_Argentina_Oilseeds and Products Update - Soybean Forecast Up.pdf,data/raw/USDA/FAS/GAIN/Oilseeds/2014/10/14.10_Argentina_Oilseeds and Products Update - Soybean Forecast Up.pdf,data/raw/USDA/FAS/GAIN/Oilseeds/2014/10/Summary/14.10_Argentina_Oilseeds and Products Update - Soybean Forecast Up.md,True,5,9495,생산변동|수출규제|압착|재고,하방 우세,4,20,Import Volume|Export Volume|Harvested Area|Soybean|Hold Recommendation|Source Document
14.10_Argentina_Oilseeds and Products Update.pdf,data/raw/USDA/FAS/GAIN/Oilseeds/2014/10/14.10_Argentina_Oilseeds and Products Update.pdf,data/raw/USDA/FAS/GAIN/Oilseeds/2014/10/Summary/14.10_Argentina_Oilseeds and Products Update.md,True,4,8760,기상이변|생산변동|압착|재고,하방 우세,7,11,Import Volume|Export Volume|Harvested Area|Harvest Delay|Soybean|Source Document
14.10_Brazil_Oilseeds and Products Update.pdf,data/raw/USDA/FAS/GAIN/Oilseeds/2014/10/14.10_Brazil_Oilseeds and Products Update.pdf,data/raw/USDA/FAS/GAIN/Oilseeds/2014/10/Summary/14.10_Brazil_Oilseeds and Products Update.md,True,4,6724,생산변동|압착|재고,하방 우세,1,15,Gross Domestic Product|Import Volume|Export Volume|Soil Moisture Percentile|Harvested Area|Soybean|Source Document
14.10_China_Oilseeds and Products Update.pdf,data/raw/USDA/FAS/GAIN/Oilseeds/2014/10/14.10_China_Oilseeds and Products Update.pdf,data/raw/USDA/FAS/GAIN/Oilseeds/2014/10/Summary/14.10_China_Oilseeds and Products Update.md,True,7,15089,기상이변|생산변동|수입관세|압착|재고,하방 우세,10,24,Import Volume|Export Volume|Harvested Area|Soybean|Bear Regime|Import Tariff|Source Document
14.10_Malaysia_Oilseeds and Products Update.pdf,data/raw/USDA/FAS/GAIN/Oilseeds/2014/10/14.10_Malaysia_Oilseeds and Products Update.pdf,data/raw/USDA/FAS/GAIN/Oilseeds/2014/10/Summary/14.10_Malaysia_Oilseeds and Products Update.md,True,6,9411,바이오연료수요|수출규제|재고,상방 우세,15,8,Import Volume|Export Volume|Production Volume|Crude Palm Oil|Source Document
14.10_Pakistan_Oilseeds and Products Update.pdf,data/raw/USDA/FAS/GAIN/Oilseeds/2014/10/14.10_Pakistan_Oilseeds and Products Update.pdf,data/raw/USDA/FAS/GAIN/Oilseeds/2014/10/Summary/14.10_Pakistan_Oilseeds and Products Update.md,True,3,4810,물류충격,하방 우세,3,5,Import Volume|Soybean|Crude Palm Oil|Cost and Freight|Source Document
14.10_Taiwan_Authorities Enforce GE Testing on Organic Soybeans.pdf,data/raw/USDA/FAS/GAIN/Oilseeds/2014/10/14.10_Taiwan_Authorities Enforce GE Testing on Organic Soybeans.pdf,data/raw/USDA/FAS/GAIN/Oilseeds/2014/10/Summary/14.10_Taiwan_Authorities Enforce GE Testing on Organic Soybeans.md,True,5,6265,,중립/혼재,0,0,Import Volume|Soybean|Source Document
14.10_Zimbabwe_Annual Report.pdf,data/raw/USDA/FAS/GAIN/Oilseeds/2014/10/14.10_Zimbabwe_Annual Report.pdf,data/raw/USDA/FAS/GAIN/Oilseeds/2014/10/Summary/14.10_Zimbabwe_Annual Report.md,True,11,19421,바이오연료수요|생산변동|압착|재고,상방 우세,31,13,Import Volume|Export Volume|Harvested Area|Soybean|Crude Palm Oil|Source Document
14.11_Argentina_Oilseeds and Products Update.pdf,data/raw/USDA/FAS/GAIN/Oilseeds/2014/11/14.11_Argentina_Oilseeds and Products Update.pdf,data/raw/USDA/FAS/GAIN/Oilseeds/2014/11/Summary/14.11_Argentina_Oilseeds and Products Update.md,True,5,9875,생산변동|압착|재고,하방 우세,11,20,Import Volume|Export Volume|Harvested Area|Soybean|Source Document
14.11_Brazil_Oilseeds and Products Update.pdf,data/raw/USDA/FAS/GAIN/Oilseeds/2014/11/14.11_Brazil_Oilseeds and Products Update.pdf,data/raw/USDA/FAS/GAIN/Oilseeds/2014/11/Summary/14.11_Brazil_Oilseeds and Products Update.md,True,3,5502,물류충격|바이오연료수요|생산변동|압착|재고,상방 우세,7,5,Import Volume|Export Volume|Harvested Area|Crushing Volume|Soybean|Source Document
14.11_Bulgaria_Oilseeds Update.pdf,data/raw/USDA/FAS/GAIN/Oilseeds/2014/11/14.11_Bulgaria_Oilseeds Update.pdf,data/raw/USDA/FAS/GAIN/Oilseeds/2014/11/Summary/14.11_Bulgaria_Oilseeds Update.md,True,5,7181,바이오연료수요|압착|재고,하방 우세,11,32,Import Volume|Export Volume|Neutral Regime|Source Document
14.11_Germany_Finances Protein Strategy until 2017.pdf,data/raw/USDA/FAS/GAIN/Oilseeds/2014/11/14.11_Germany_Finances Protein Strategy until 2017.pdf,data/raw/USDA/FAS/GAIN/Oilseeds/2014/11/Summary/14.11_Germany_Finances Protein Strategy until 2017.md,True,2,3341,,상방 우세,2,1,Import Volume|Source Document
14.11_Germany_German Industry Leaders Impressed by U.S. Sustainability Efforts.pdf,data/raw/USDA/FAS/GAIN/Oilseeds/2014/11/14.11_Germany_German Industry Leaders Impressed by U.S. Sustainability Efforts.pdf,data/raw/USDA/FAS/GAIN/Oilseeds/2014/11/Summary/14.11_Germany_German Industry Leaders Impressed by U.S. Sustainability Efforts.md,True,4,7220,,상방 우세,4,1,Source Document
14.11_India_Oilseeds and Products Update.pdf,data/raw/USDA/FAS/GAIN/Oilseeds/2014/11/14.11_India_Oilseeds and Products Update.pdf,data/raw/USDA/FAS/GAIN/Oilseeds/2014/11/Summary/14.11_India_Oilseeds and Products Update.md,True,11,13655,물류충격|생산변동|압착|재고,하방 우세,7,17,Import Volume|Export Volume|Soil Moisture Percentile|Harvested Area|Harvest Delay|Soybean Oil|Vegetable Oil|Crude Palm Oil|Sunflower Oil|Freight Rate|Source Document
14.11_Romania_Romanian oilseed crops continue the upward trend.pdf,data/raw/USDA/FAS/GAIN/Oilseeds/2014/11/14.11_Romania_Romanian oilseed crops continue the upward trend.pdf,data/raw/USDA/FAS/GAIN/Oilseeds/2014/11/Summary/14.11_Romania_Romanian oilseed crops continue the upward trend.md,True,3,4286,압착,하방 우세,1,9,Export Volume|Soil Moisture Percentile|Production Volume|Source Document
14.12_Bulgaria_Oilseeds Market Update.pdf,data/raw/USDA/FAS/GAIN/Oilseeds/2014/12/14.12_Bulgaria_Oilseeds Market Update.pdf,data/raw/USDA/FAS/GAIN/Oilseeds/2014/12/Summary/14.12_Bulgaria_Oilseeds Market Update.md,True,5,4851,압착|재고,하방 우세,3,19,Import Volume|Export Volume|Soil Moisture Percentile|Source Document
14.12_Ecuador_FAS Quito Intervention Ensures USD 250 Million Soybean Meal Trade.pdf,data/raw/USDA/FAS/GAIN/Oilseeds/2014/12/14.12_Ecuador_FAS Quito Intervention Ensures USD 250 Million Soybean Meal Trade.pdf,data/raw/USDA/FAS/GAIN/Oilseeds/2014/12/Summary/14.12_Ecuador_FAS Quito Intervention Ensures USD 250 Million Soybean Meal Trade.md,True,3,4812,압착,상방 우세,3,1,Import Volume|Export Volume|Source Document
14.12_France_Plan for protein crops 2014-2020.pdf,data/raw/USDA/FAS/GAIN/Oilseeds/2014/12/14.12_France_Plan for protein crops 2014-2020.pdf,data/raw/USDA/FAS/GAIN/Oilseeds/2014/12/Summary/14.12_France_Plan for protein crops 2014-2020.md,True,4,5222,,상방 우세,12,8,Import Volume|Production Volume|Soybean|Source Document
14.12_Indonesia_Oilseeds and Products Update.pdf,data/raw/USDA/FAS/GAIN/Oilseeds/2014/12/14.12_Indonesia_Oilseeds and Products Update.pdf,data/raw/USDA/FAS/GAIN/Oilseeds/2014/12/Summary/14.12_Indonesia_Oilseeds and Products Update.md,True,7,13484,기상이변|바이오연료수요|생산변동|수출규제|압착|재고,하방 우세,9,12,Import Volume|Export Volume|Harvested Area|Soybean|Crude Palm Oil|Source Document|Confidence Score
15.01_Argentina_Oilseeds and Products Update.pdf,data/raw/USDA/FAS/GAIN/Oilseeds/2015/01/15.01_Argentina_Oilseeds and Products Update.pdf,data/raw/USDA/FAS/GAIN/Oilseeds/2015/01/Summary/15.01_Argentina_Oilseeds and Products Update.md,True,4,8669,생산변동|압착|재고,하방 우세,6,13,Import Volume|Export Volume|Harvested Area|Soybean|Source Document
15.01_Brazil_Oilseeds and Products Update.pdf,data/raw/USDA/FAS/GAIN/Oilseeds/2015/01/15.01_Brazil_Oilseeds and Products Update.pdf,data/raw/USDA/FAS/GAIN/Oilseeds/2015/01/Summary/15.01_Brazil_Oilseeds and Products Update.md,True,4,7335,생산변동|압착|재고,상방 우세,5,3,Import Volume|Export Volume|Heatwave|Harvested Area|Soybean|Source Document
15.01_India_Compliance Date Extended on Packaging and Labeling Regulations.pdf,data/raw/USDA/FAS/GAIN/Oilseeds/2015/01/15.01_India_Compliance Date Extended on Packaging and Labeling Regulations.pdf,data/raw/USDA/FAS/GAIN/Oilseeds/2015/01/Summary/15.01_India_Compliance Date Extended on Packaging and Labeling Regulations.md,True,5,2852,,하방 우세,0,1,Vegetable Oil|Source Document
15.01_Indonesia_Oilseeds and Products Update.pdf,data/raw/USDA/FAS/GAIN/Oilseeds/2015/01/15.01_Indonesia_Oilseeds and Products Update.pdf,data/raw/USDA/FAS/GAIN/Oilseeds/2015/01/Summary/15.01_Indonesia_Oilseeds and Products Update.md,True,6,11520,기상이변|바이오연료수요|수입관세|압착|재고,하방 우세,9,23,Import Volume|Export Volume|Harvested Area|Production Volume|Crude Palm Oil|Import Tariff|Source Document
15.01_Malaysia_Floods Affect Palm Oil Output.pdf,data/raw/USDA/FAS/GAIN/Oilseeds/2015/01/15.01_Malaysia_Floods Affect Palm Oil Output.pdf,data/raw/USDA/FAS/GAIN/Oilseeds/2015/01/Summary/15.01_Malaysia_Floods Affect Palm Oil Output.md,True,2,2332,압착,하방 우세,0,1,Production Volume|Crude Palm Oil|Source Document
15.01_Taiwan_Commodities Pave Way for Near-record U.S. Ag. Exports to Taiwan.pdf,data/raw/USDA/FAS/GAIN/Oilseeds/2015/01/15.01_Taiwan_Commodities Pave Way for Near-record U.S. Ag. Exports to Taiwan.pdf,data/raw/USDA/FAS/GAIN/Oilseeds/2015/01/Summary/15.01_Taiwan_Commodities Pave Way for Near-record U.S. Ag. Exports to Taiwan.md,True,4,7978,,중립/혼재,7,7,Import Volume|Export Volume|Soybean|Source Document
15.02_Brazil_Oilseeds and Products Update.pdf,data/raw/USDA/FAS/GAIN/Oilseeds/2015/02/15.02_Brazil_Oilseeds and Products Update.pdf,data/raw/USDA/FAS/GAIN/Oilseeds/2015/02/Summary/15.02_Brazil_Oilseeds and Products Update.md,True,4,6794,바이오연료수요|생산변동|압착|재고,상방 우세,8,0,Import Volume|Export Volume|Harvested Area|Soybean|Source Document
15.02_India_Oilseeds Update.pdf,data/raw/USDA/FAS/GAIN/Oilseeds/2015/02/15.02_India_Oilseeds Update.pdf,data/raw/USDA/FAS/GAIN/Oilseeds/2015/02/Summary/15.02_India_Oilseeds Update.md,True,6,6244,압착|재고,하방 우세,0,13,Import Volume|Export Volume|Harvested Area|Crushing Volume|Source Document
15.02_India_Oilseeds and Products Update.pdf,data/raw/USDA/FAS/GAIN/Oilseeds/2015/02/15.02_India_Oilseeds and Products Update.pdf,data/raw/USDA/FAS/GAIN/Oilseeds/2015/02/Summary/15.02_India_Oilseeds and Products Update.md,True,8,10930,생산변동|수출규제|압착|재고,하방 우세,13,23,Import Volume|Export Volume|Harvested Area|Production Volume|Soybean Oil|Crude Palm Oil|Sunflower Oil|Export Tax|Source Document
15.02_Paraguay_Oilseeds and Products Annual.pdf,data/raw/USDA/FAS/GAIN/Oilseeds/2015/02/15.02_Paraguay_Oilseeds and Products Annual.pdf,data/raw/USDA/FAS/GAIN/Oilseeds/2015/02/Summary/15.02_Paraguay_Oilseeds and Products Annual.md,True,10,21305,바이오연료수요|생산변동|수출규제|압착|재고,상방 우세,21,5,Import Volume|Export Volume|Harvested Area|Production Volume|Soybean|Hold Recommendation|Source Document
15.02_Peru_Oilseeds and Products Annual.pdf,data/raw/USDA/FAS/GAIN/Oilseeds/2015/02/15.02_Peru_Oilseeds and Products Annual.pdf,data/raw/USDA/FAS/GAIN/Oilseeds/2015/02/Summary/15.02_Peru_Oilseeds and Products Annual.md,True,9,15370,기상이변|압착|재고,하방 우세,6,8,Import Volume|Export Volume|Soybean|Source Document
15.02_Taiwan_New GE Regulatory Oversight and Changes to GE Labeling Proposal.pdf,data/raw/USDA/FAS/GAIN/Oilseeds/2015/02/15.02_Taiwan_New GE Regulatory Oversight and Changes to GE Labeling Proposal.pdf,data/raw/USDA/FAS/GAIN/Oilseeds/2015/02/Summary/15.02_Taiwan_New GE Regulatory Oversight and Changes to GE Labeling Proposal.md,True,3,4184,,중립/혼재,0,0,Export Volume|Soybean|Source Document
15.02_Thailand_Government Increased Domestic Palm Oil Availability.pdf,data/raw/USDA/FAS/GAIN/Oilseeds/2015/02/15.02_Thailand_Government Increased Domestic Palm Oil Availability.pdf,data/raw/USDA/FAS/GAIN/Oilseeds/2015/02/Summary/15.02_Thailand_Government Increased Domestic Palm Oil Availability.md,True,3,4263,바이오연료수요,하방 우세,4,7,Import Volume|Production Volume|Crude Palm Oil|Source Document
15.03_Brazil_Oilseeds and Products Annual.pdf,data/raw/USDA/FAS/GAIN/Oilseeds/2015/03/15.03_Brazil_Oilseeds and Products Annual.pdf,data/raw/USDA/FAS/GAIN/Oilseeds/2015/03/Summary/15.03_Brazil_Oilseeds and Products Annual.md,True,17,24665,기상이변|물류충격|바이오연료수요|생산변동|압착|재고,중립/혼재,22,22,Gross Domestic Product|Import Volume|Export Volume|Harvested Area|Production Volume|Soybean|Source Document
15.03_China_Oilseeds and Products Annual.pdf,data/raw/USDA/FAS/GAIN/Oilseeds/2015/03/15.03_China_Oilseeds and Products Annual.pdf,data/raw/USDA/FAS/GAIN/Oilseeds/2015/03/Summary/15.03_China_Oilseeds and Products Annual.md,True,53,53094,물류충격|생산변동|수입관세|압착|재고,중립/혼재,52,53,Import Volume|Export Volume|Crushing Volume|Soybean|Soybean Oil|Crude Palm Oil|Canola Oil|Import Tariff|Source Document|Confidence Score
15.03_EU_Oilseeds and Products Annual.pdf,data/raw/USDA/FAS/GAIN/Oilseeds/2015/03/15.03_EU_Oilseeds and Products Annual.pdf,data/raw/USDA/FAS/GAIN/Oilseeds/2015/03/Summary/15.03_EU_Oilseeds and Products Annual.md,True,43,49003,물류충격|바이오연료수요|수출규제|압착|재고,하방 우세,69,160,Import Volume|Export Volume|Soil Moisture Percentile|Harvested Area|Production Volume|Crushing Volume|Soybean|Soybean Oil|Crude Palm Oil|Canola Oil|Source Document
15.03_Indonesia_Oilseeds and Products Annual.pdf,data/raw/USDA/FAS/GAIN/Oilseeds/2015/03/15.03_Indonesia_Oilseeds and Products Annual.pdf,data/raw/USDA/FAS/GAIN/Oilseeds/2015/03/Summary/15.03_Indonesia_Oilseeds and Products Annual.md,True,17,28427,바이오연료수요|압착|재고,상방 우세,24,18,Import Volume|Export Volume|Harvested Area|Crude Palm Oil|Source Document
15.03_Indonesia_Quarantine Sets Protocol for Fresh Food of Plant Origin(Apple).pdf,data/raw/USDA/FAS/GAIN/Oilseeds/2015/03/15.03_Indonesia_Quarantine Sets Protocol for Fresh Food of Plant Origin(Apple).pdf,data/raw/USDA/FAS/GAIN/Oilseeds/2015/03/Summary/15.03_Indonesia_Quarantine Sets Protocol for Fresh Food of Plant Origin(Apple).md,True,3,2565,,중립/혼재,0,0,Source Document
15.03_Malaysia_Oilseeds and Products Annual.pdf,data/raw/USDA/FAS/GAIN/Oilseeds/2015/03/15.03_Malaysia_Oilseeds and Products Annual.pdf,data/raw/USDA/FAS/GAIN/Oilseeds/2015/03/Summary/15.03_Malaysia_Oilseeds and Products Annual.md,True,13,20670,물류충격|바이오연료수요|생산변동|수출규제|압착|재고,중립/혼재,22,18,Import Volume|Export Volume|Harvested Area|Production Volume|Soybean|Crude Palm Oil|Source Document
15.03_South Africa_Oilseeds and Products Annual.pdf,data/raw/USDA/FAS/GAIN/Oilseeds/2015/03/15.03_South Africa_Oilseeds and Products Annual.pdf,data/raw/USDA/FAS/GAIN/Oilseeds/2015/03/Summary/15.03_South Africa_Oilseeds and Products Annual.md,True,18,24738,기상이변|수입관세|압착|재고,하방 우세,30,87,Gross Domestic Product|Import Volume|Export Volume|Harvested Area|Soybean|Crude Palm Oil|Political Instability|Source Document
15.03_South Korea_Oilseeds and Products Annual.pdf,data/raw/USDA/FAS/GAIN/Oilseeds/2015/03/15.03_South Korea_Oilseeds and Products Annual.pdf,data/raw/USDA/FAS/GAIN/Oilseeds/2015/03/Summary/15.03_South Korea_Oilseeds and Products Annual.md,True,23,47201,바이오연료수요|생산변동|수입관세|압착|재고,하방 우세,14,35,Import Volume|Export Volume|Harvested Area|Production Volume|Soybean|Soybean Oil|Vegetable Oil|Crude Palm Oil|Canola Oil|Bear Regime|Import Tariff|Source Document
15.03_Taiwan_Oilseeds and Products Annual.pdf,data/raw/USDA/FAS/GAIN/Oilseeds/2015/03/15.03_Taiwan_Oilseeds and Products Annual.pdf,data/raw/USDA/FAS/GAIN/Oilseeds/2015/03/Summary/15.03_Taiwan_Oilseeds and Products Annual.md,True,15,30096,기상이변|바이오연료수요|압착|재고,중립/혼재,28,28,Import Volume|Export Volume|Harvested Area|Production Volume|Soybean|Soybean Oil|Vegetable Oil|Crude Palm Oil|Source Document
15.03_Turkey_Oilseeds and Products Annual.pdf,data/raw/USDA/FAS/GAIN/Oilseeds/2015/03/15.03_Turkey_Oilseeds and Products Annual.pdf,data/raw/USDA/FAS/GAIN/Oilseeds/2015/03/Summary/15.03_Turkey_Oilseeds and Products Annual.md,True,20,42147,기상이변|물류충격|바이오연료수요|생산변동|수입관세|압착|재고,중립/혼재,100,94,Import Volume|Export Volume|Soil Moisture Percentile|Harvested Area|Soybean|Soybean Oil|Sunflower Oil|Cost and Freight|Source Document
15.03_Uruguay_Oilseeds and Products Annual.pdf,data/raw/USDA/FAS/GAIN/Oilseeds/2015/03/15.03_Uruguay_Oilseeds and Products Annual.pdf,data/raw/USDA/FAS/GAIN/Oilseeds/2015/03/Summary/15.03_Uruguay_Oilseeds and Products Annual.md,True,10,21892,기상이변|바이오연료수요|생산변동|수출규제|압착|재고,하방 우세,16,22,Import Volume|Export Volume|Harvested Area|Production Volume|Crushing Volume|Soybean|Neutral Regime|Source Document
15.04_Argentina_Oilseeds and Products Annual.pdf,data/raw/USDA/FAS/GAIN/Oilseeds/2015/04/15.04_Argentina_Oilseeds and Products Annual.pdf,data/raw/USDA/FAS/GAIN/Oilseeds/2015/04/Summary/15.04_Argentina_Oilseeds and Products Annual.md,True,19,45296,기상이변|바이오연료수요|생산변동|수출규제|압착|재고,하방 우세,36,73,Import Volume|Export Volume|Harvested Area|Crushing Volume|Soybean|Soybean Oil|Import Quota|Source Document
15.04_Bolivia_Bolivian Soybean Update.pdf,data/raw/USDA/FAS/GAIN/Oilseeds/2015/04/15.04_Bolivia_Bolivian Soybean Update.pdf,data/raw/USDA/FAS/GAIN/Oilseeds/2015/04/Summary/15.04_Bolivia_Bolivian Soybean Update.md,True,4,7711,기상이변|물류충격|생산변동|수입관세|압착,상방 우세,4,2,Export Volume|Soybean|Source Document
15.04_Bulgaria_Oilseeds and Products Sector Update.pdf,data/raw/USDA/FAS/GAIN/Oilseeds/2015/04/15.04_Bulgaria_Oilseeds and Products Sector Update.pdf,data/raw/USDA/FAS/GAIN/Oilseeds/2015/04/Summary/15.04_Bulgaria_Oilseeds and Products Sector Update.md,True,12,26715,기상이변|물류충격|바이오연료수요|수출규제|압착,하방 우세,35,93,Import Volume|Export Volume|Soil Moisture Percentile|Production Volume|Soybean|Canola Oil|Hold Recommendation|Export Tax|Source Document
15.04_Canada_Oilseeds and Products Annual.pdf,data/raw/USDA/FAS/GAIN/Oilseeds/2015/04/15.04_Canada_Oilseeds and Products Annual.pdf,data/raw/USDA/FAS/GAIN/Oilseeds/2015/04/Summary/15.04_Canada_Oilseeds and Products Annual.md,True,19,33589,바이오연료수요|압착|재고,상방 우세,60,22,Import Volume|Export Volume|Crop Yield|Harvested Area|Crushing Volume|Soybean|Source Document
15.04_Czech Republic_Oilseeds and Products Annual.pdf,data/raw/USDA/FAS/GAIN/Oilseeds/2015/04/15.04_Czech Republic_Oilseeds and Products Annual.pdf,data/raw/USDA/FAS/GAIN/Oilseeds/2015/04/Summary/15.04_Czech Republic_Oilseeds and Products Annual.md,True,5,7362,,하방 우세,0,16,Import Volume|Export Volume|Harvested Area|Soybean|Canola Oil|Source Document
15.04_Egypt_Oilseeds and Products Annual.pdf,data/raw/USDA/FAS/GAIN/Oilseeds/2015/04/15.04_Egypt_Oilseeds and Products Annual.pdf,data/raw/USDA/FAS/GAIN/Oilseeds/2015/04/Summary/15.04_Egypt_Oilseeds and Products Annual.md,True,12,25676,바이오연료수요|수입관세|압착|재고,하방 우세,26,56,Import Volume|Export Volume|Harvested Area|Soybean|Soybean Oil|Vegetable Oil|Crude Palm Oil|Neutral Regime|Cost and Freight|Import Tariff|Source Document
15.04_India_2015 Monsoon Forecast.pdf,data/raw/USDA/FAS/GAIN/Oilseeds/2015/04/15.04_India_2015 Monsoon Forecast.pdf,data/raw/USDA/FAS/GAIN/Oilseeds/2015/04/Summary/15.04_India_2015 Monsoon Forecast.md,True,2,2600,기상이변,하방 우세,1,10,Source Document
15.04_India_FSSAI Publishes Draft Manuals on Sampling Methods and Analysis.pdf,data/raw/USDA/FAS/GAIN/Oilseeds/2015/04/15.04_India_FSSAI Publishes Draft Manuals on Sampling Methods and Analysis.pdf,data/raw/USDA/FAS/GAIN/Oilseeds/2015/04/Summary/15.04_India_FSSAI Publishes Draft Manuals on Sampling Methods and Analysis.md,True,3,2854,,하방 우세,0,2,Source Document
15.04_India_Oilseeds and Products Annual.pdf,data/raw/USDA/FAS/GAIN/Oilseeds/2015/04/15.04_India_Oilseeds and Products Annual.pdf,data/raw/USDA/FAS/GAIN/Oilseeds/2015/04/Summary/15.04_India_Oilseeds and Products Annual.md,True,32,39883,바이오연료수요|수입관세|수출규제|압착|재고,중립/혼재,35,32,Import Volume|Export Volume|Harvested Area|Production Volume|Harvest Delay|Soybean|Soybean Oil|Crude Soybean Oil|Vegetable Oil|Crude Palm Oil|Canola Oil|Sunflower Oil
15.04_Japan_Oilseeds and Products Annual.pdf,data/raw/USDA/FAS/GAIN/Oilseeds/2015/04/15.04_Japan_Oilseeds and Products Annual.pdf,data/raw/USDA/FAS/GAIN/Oilseeds/2015/04/Summary/15.04_Japan_Oilseeds and Products Annual.md,True,18,36649,물류충격|생산변동|압착|재고,하방 우세,18,36,Import Volume|Export Volume|Harvested Area|Production Volume|Crushing Volume|Soybean|Crude Palm Oil|Canola Oil|Neutral Regime|Source Document
15.04_Mexico_Oilseeds and Products Annual.pdf,data/raw/USDA/FAS/GAIN/Oilseeds/2015/04/15.04_Mexico_Oilseeds and Products Annual.pdf,data/raw/USDA/FAS/GAIN/Oilseeds/2015/04/Summary/15.04_Mexico_Oilseeds and Products Annual.md,True,21,56418,생산변동|압착|재고,중립/혼재,79,75,Gross Domestic Product|Import Volume|Export Volume|Harvested Area|Production Volume|Soybean|Vegetable Oil|Canola Oil|Bear Regime|Neutral Regime|Source Document|Confidence Score
15.04_Pakistan_Oilseeds and Products Annual.pdf,data/raw/USDA/FAS/GAIN/Oilseeds/2015/04/15.04_Pakistan_Oilseeds and Products Annual.pdf,data/raw/USDA/FAS/GAIN/Oilseeds/2015/04/Summary/15.04_Pakistan_Oilseeds and Products Annual.md,True,16,27010,바이오연료수요|압착|재고,하방 우세,14,24,Import Volume|Export Volume|Harvested Area|Soybean|Crude Palm Oil|Source Document
15.04_Philippines_Oilseeds and Products Annual.pdf,data/raw/USDA/FAS/GAIN/Oilseeds/2015/04/15.04_Philippines_Oilseeds and Products Annual.pdf,data/raw/USDA/FAS/GAIN/Oilseeds/2015/04/Summary/15.04_Philippines_Oilseeds and Products Annual.md,True,13,27504,바이오연료수요|수입관세|압착|재고,중립/혼재,30,34,Import Volume|Export Volume|Harvested Area|Production Volume|Crushing Volume|Crushing Rate|Soybean|Crude Palm Oil|Source Document
15.04_Poland_Rapeseed and Products Annual - Spring 2015.pdf,data/raw/USDA/FAS/GAIN/Oilseeds/2015/04/15.04_Poland_Rapeseed and Products Annual - Spring 2015.pdf,data/raw/USDA/FAS/GAIN/Oilseeds/2015/04/Summary/15.04_Poland_Rapeseed and Products Annual - Spring 2015.md,True,8,8683,바이오연료수요|생산변동|압착,중립/혼재,11,9,Import Volume|Export Volume|Soil Moisture Percentile|Canola Oil|Source Document
15.04_Romania_Weather conditions impact Romanian oilseed crop.pdf,data/raw/USDA/FAS/GAIN/Oilseeds/2015/04/15.04_Romania_Weather conditions impact Romanian oilseed crop.pdf,data/raw/USDA/FAS/GAIN/Oilseeds/2015/04/Summary/15.04_Romania_Weather conditions impact Romanian oilseed crop.md,True,6,12752,물류충격|바이오연료수요|압착,하방 우세,17,49,Import Volume|Export Volume|Production Volume|Soybean|Crude Palm Oil|Canola Oil|Sunflower Oil|Source Document
15.04_Russian Federation_Oilseeds and Products Annual.pdf,data/raw/USDA/FAS/GAIN/Oilseeds/2015/04/15.04_Russian Federation_Oilseeds and Products Annual.pdf,data/raw/USDA/FAS/GAIN/Oilseeds/2015/04/Summary/15.04_Russian Federation_Oilseeds and Products Annual.md,True,32,44794,수입관세|수출규제|압착|재고,하방 우세,84,133,Import Volume|Export Volume|Planted Area|Harvested Area|Soybean|Crude Palm Oil|Canola Oil|Import Tariff|Export Tax|Source Document
15.04_South Africa_The potential import market for peanuts.pdf,data/raw/USDA/FAS/GAIN/Oilseeds/2015/04/15.04_South Africa_The potential import market for peanuts.pdf,data/raw/USDA/FAS/GAIN/Oilseeds/2015/04/Summary/15.04_South Africa_The potential import market for peanuts.md,True,3,3256,기상이변,하방 우세,0,6,Gross Domestic Product|Import Volume|Export Volume|Political Instability|Source Document
15.04_Thailand_Oilseeds and Products Annual.pdf,data/raw/USDA/FAS/GAIN/Oilseeds/2015/04/15.04_Thailand_Oilseeds and Products Annual.pdf,data/raw/USDA/FAS/GAIN/Oilseeds/2015/04/Summary/15.04_Thailand_Oilseeds and Products Annual.md,True,13,20106,기상이변|물류충격|압착|재고,중립/혼재,22,22,Import Volume|Export Volume|Harvested Area|Soybean|Neutral Regime|Source Document
15.04_Ukraine_Oilseeds and Products Annual.pdf,data/raw/USDA/FAS/GAIN/Oilseeds/2015/04/15.04_Ukraine_Oilseeds and Products Annual.pdf,data/raw/USDA/FAS/GAIN/Oilseeds/2015/04/Summary/15.04_Ukraine_Oilseeds and Products Annual.md,True,49,54001,물류충격|수출규제|압착|재고,하방 우세,36,106,Import Volume|Export Volume|Soil Moisture Percentile|Harvested Area|Production Volume|Crushing Volume|Soybean|Canola Oil|Export Tax|Source Document
15.04_Vietnam_Oilseeds and Products Annual.pdf,data/raw/USDA/FAS/GAIN/Oilseeds/2015/04/15.04_Vietnam_Oilseeds and Products Annual.pdf,data/raw/USDA/FAS/GAIN/Oilseeds/2015/04/Summary/15.04_Vietnam_Oilseeds and Products Annual.md,True,86,34575,생산변동|수입관세|압착|재고,중립/혼재,35,28,Import Volume|Export Volume|Harvested Area|Soybean|Soybean Oil|Crude Soybean Oil|Import Tariff|Source Document
15.05_China_Oilseeds and Products Update.pdf,data/raw/USDA/FAS/GAIN/Oilseeds/2015/05/15.05_China_Oilseeds and Products Update.pdf,data/raw/USDA/FAS/GAIN/Oilseeds/2015/05/Summary/15.05_China_Oilseeds and Products Update.md,True,13,25955,생산변동|압착|재고,하방 우세,18,34,Import Volume|Export Volume|Harvested Area|Soybean|Crude Palm Oil|Canola Oil|Source Document|Confidence Score
15.05_India_Draft Amendments in Contaminants Toxins and Residues Regulations.pdf,data/raw/USDA/FAS/GAIN/Oilseeds/2015/05/15.05_India_Draft Amendments in Contaminants Toxins and Residues Regulations.pdf,data/raw/USDA/FAS/GAIN/Oilseeds/2015/05/Summary/15.05_India_Draft Amendments in Contaminants Toxins and Residues Regulations.md,True,4,2933,,하방 우세,0,2,Source Document
15.05_Taiwan_Likely Compromise on Restrictive GE Labeling Requirements.pdf,data/raw/USDA/FAS/GAIN/Oilseeds/2015/05/15.05_Taiwan_Likely Compromise on Restrictive GE Labeling Requirements.pdf,data/raw/USDA/FAS/GAIN/Oilseeds/2015/05/Summary/15.05_Taiwan_Likely Compromise on Restrictive GE Labeling Requirements.md,True,3,5333,,중립/혼재,0,0,Soybean|Soybean Oil|Source Document
15.06_Germany_Position Paper on the Future of Livestock Feeding.pdf,data/raw/USDA/FAS/GAIN/Oilseeds/2015/06/15.06_Germany_Position Paper on the Future of Livestock Feeding.pdf,data/raw/USDA/FAS/GAIN/Oilseeds/2015/06/Summary/15.06_Germany_Position Paper on the Future of Livestock Feeding.md,True,4,8240,,상방 우세,4,1,Import Volume|Production Volume|Soybean|Source Document
15.06_India_WTO Notified Draft Standards for Food Contaminants.pdf,data/raw/USDA/FAS/GAIN/Oilseeds/2015/06/15.06_India_WTO Notified Draft Standards for Food Contaminants.pdf,data/raw/USDA/FAS/GAIN/Oilseeds/2015/06/Summary/15.06_India_WTO Notified Draft Standards for Food Contaminants.md,True,2,2183,,상방 우세,1,0,Source Document
15.06_Indonesia_New Indonesian Palm Oil Export Levy.pdf,data/raw/USDA/FAS/GAIN/Oilseeds/2015/06/15.06_Indonesia_New Indonesian Palm Oil Export Levy.pdf,data/raw/USDA/FAS/GAIN/Oilseeds/2015/06/Summary/15.06_Indonesia_New Indonesian Palm Oil Export Levy.md,True,3,4677,바이오연료수요|수출규제,상방 우세,4,2,Export Volume|Crude Palm Oil|Source Document
15.06_Pakistan_Soybean Import Surge To Record Level.pdf,data/raw/USDA/FAS/GAIN/Oilseeds/2015/06/15.06_Pakistan_Soybean Import Surge To Record Level.pdf,data/raw/USDA/FAS/GAIN/Oilseeds/2015/06/Summary/15.06_Pakistan_Soybean Import Surge To Record Level.md,True,3,5393,수입관세|압착|재고,상방 우세,16,6,Import Volume|Export Volume|Harvested Area|Soybean|Crude Palm Oil|Source Document
15.06_Spain_Warm Spring Drives Down Spanish Winter Grains Harvest.pdf,data/raw/USDA/FAS/GAIN/Oilseeds/2015/06/15.06_Spain_Warm Spring Drives Down Spanish Winter Grains Harvest.pdf,data/raw/USDA/FAS/GAIN/Oilseeds/2015/06/Summary/15.06_Spain_Warm Spring Drives Down Spanish Winter Grains Harvest.md,True,10,16956,수입관세,하방 우세,12,24,Export Volume|Soil Moisture Percentile|Production Volume|Soybean|Import Tariff|Source Document
15.06_Taiwan_GE Labeling Requirements Finalized with July 1 Implementation.pdf,data/raw/USDA/FAS/GAIN/Oilseeds/2015/06/15.06_Taiwan_GE Labeling Requirements Finalized with July 1 Implementation.pdf,data/raw/USDA/FAS/GAIN/Oilseeds/2015/06/Summary/15.06_Taiwan_GE Labeling Requirements Finalized with July 1 Implementation.md,True,3,4802,,하방 우세,0,1,Soybean|Effective Date|Source Document
15.06_Thailand_Palm Oil Production-Supply-Demand Update.pdf,data/raw/USDA/FAS/GAIN/Oilseeds/2015/06/15.06_Thailand_Palm Oil Production-Supply-Demand Update.pdf,data/raw/USDA/FAS/GAIN/Oilseeds/2015/06/Summary/15.06_Thailand_Palm Oil Production-Supply-Demand Update.md,True,4,7518,바이오연료수요|재고,중립/혼재,7,9,Import Volume|Export Volume|Harvested Area|Production Volume|Crude Palm Oil|Source Document
15.06_Turkey_Association Submits Applications for 38 Biotech Traits.pdf,data/raw/USDA/FAS/GAIN/Oilseeds/2015/06/15.06_Turkey_Association Submits Applications for 38 Biotech Traits.pdf,data/raw/USDA/FAS/GAIN/Oilseeds/2015/06/Summary/15.06_Turkey_Association Submits Applications for 38 Biotech Traits.md,True,2,2453,,중립/혼재,0,0,Import Volume|Source Document
15.06_Turkey_Biosafety Board Publishes List of the Biotech Applications.pdf,data/raw/USDA/FAS/GAIN/Oilseeds/2015/06/15.06_Turkey_Biosafety Board Publishes List of the Biotech Applications.pdf,data/raw/USDA/FAS/GAIN/Oilseeds/2015/06/Summary/15.06_Turkey_Biosafety Board Publishes List of the Biotech Applications.md,True,3,2406,,중립/혼재,0,0,Source Document
15.06_Turkey_Oilseeds and Products Update.pdf,data/raw/USDA/FAS/GAIN/Oilseeds/2015/06/15.06_Turkey_Oilseeds and Products Update.pdf,data/raw/USDA/FAS/GAIN/Oilseeds/2015/06/Summary/15.06_Turkey_Oilseeds and Products Update.md,True,6,10114,압착|재고,상방 우세,11,8,Import Volume|Export Volume|Harvested Area|Soybean|Soybean Oil|Source Document
15.06_Vietnam_Removes Value Added Tax on Animal Feed Inputs and Products.pdf,data/raw/USDA/FAS/GAIN/Oilseeds/2015/06/15.06_Vietnam_Removes Value Added Tax on Animal Feed Inputs and Products.pdf,data/raw/USDA/FAS/GAIN/Oilseeds/2015/06/Summary/15.06_Vietnam_Removes Value Added Tax on Animal Feed Inputs and Products.md,True,3,6933,,하방 우세,2,3,Export Volume|Soybean|Source Document
15.07_Bulgaria_Sunflower Market Diversification and Development.pdf,data/raw/USDA/FAS/GAIN/Oilseeds/2015/07/15.07_Bulgaria_Sunflower Market Diversification and Development.pdf,data/raw/USDA/FAS/GAIN/Oilseeds/2015/07/Summary/15.07_Bulgaria_Sunflower Market Diversification and Development.md,True,10,19055,압착|재고,하방 우세,16,112,Import Volume|Export Volume|Precipitation Deficit|Soil Moisture Percentile|Soybean|Sunflower Oil|Source Document
15.07_China_Oilseeds and Products Update.pdf,data/raw/USDA/FAS/GAIN/Oilseeds/2015/07/15.07_China_Oilseeds and Products Update.pdf,data/raw/USDA/FAS/GAIN/Oilseeds/2015/07/Summary/15.07_China_Oilseeds and Products Update.md,True,3,7387,생산변동|수입관세|압착|재고,하방 우세,1,12,Import Volume|Soybean|Canola Oil|Import Tariff|Source Document
15.07_Czech Republic_Biofuels Annual.pdf,data/raw/USDA/FAS/GAIN/Oilseeds/2015/07/15.07_Czech Republic_Biofuels Annual.pdf,data/raw/USDA/FAS/GAIN/Oilseeds/2015/07/Summary/15.07_Czech Republic_Biofuels Annual.md,True,5,8810,바이오연료수요,하방 우세,0,5,Import Volume|Export Volume|Source Document
15.07_Czech Republic_Crop Update.pdf,data/raw/USDA/FAS/GAIN/Oilseeds/2015/07/15.07_Czech Republic_Crop Update.pdf,data/raw/USDA/FAS/GAIN/Oilseeds/2015/07/Summary/15.07_Czech Republic_Crop Update.md,True,2,2354,기상이변,하방 우세,0,7,Source Document
15.07_India_Monsoon Report - 2.pdf,data/raw/USDA/FAS/GAIN/Oilseeds/2015/07/15.07_India_Monsoon Report - 2.pdf,data/raw/USDA/FAS/GAIN/Oilseeds/2015/07/Summary/15.07_India_Monsoon Report - 2.md,True,4,3034,,하방 우세,3,11,Source Document
15.07_India_More Amendments in Contaminants Toxins and Residues Regulations.pdf,data/raw/USDA/FAS/GAIN/Oilseeds/2015/07/15.07_India_More Amendments in Contaminants Toxins and Residues Regulations.pdf,data/raw/USDA/FAS/GAIN/Oilseeds/2015/07/Summary/15.07_India_More Amendments in Contaminants Toxins and Residues Regulations.md,True,9,2548,,하방 우세,0,2,Vegetable Oil|Source Document
15.07_Indonesia_Oilseeds and Products Update.pdf,data/raw/USDA/FAS/GAIN/Oilseeds/2015/07/15.07_Indonesia_Oilseeds and Products Update.pdf,data/raw/USDA/FAS/GAIN/Oilseeds/2015/07/Summary/15.07_Indonesia_Oilseeds and Products Update.md,True,10,18076,기상이변|바이오연료수요|생산변동|압착|재고,하방 우세,8,30,Import Volume|Export Volume|Harvested Area|Soybean|Soybean Oil|Crude Palm Oil|Bull Regime|Source Document
15.07_Pakistan_Oilseeds and Products Update June 2015.pdf,data/raw/USDA/FAS/GAIN/Oilseeds/2015/07/15.07_Pakistan_Oilseeds and Products Update June 2015.pdf,data/raw/USDA/FAS/GAIN/Oilseeds/2015/07/Summary/15.07_Pakistan_Oilseeds and Products Update June 2015.md,True,2,2384,수입관세|압착,상방 우세,8,1,Import Volume|Soybean|Source Document
15.07_Poland_Planting Seed Market Outlook.pdf,data/raw/USDA/FAS/GAIN/Oilseeds/2015/07/15.07_Poland_Planting Seed Market Outlook.pdf,data/raw/USDA/FAS/GAIN/Oilseeds/2015/07/Summary/15.07_Poland_Planting Seed Market Outlook.md,True,8,18377,,하방 우세,3,6,Import Volume|Neutral Regime|Source Document
15.07_Portugal_Biofuels Standing Report.pdf,data/raw/USDA/FAS/GAIN/Oilseeds/2015/07/15.07_Portugal_Biofuels Standing Report.pdf,data/raw/USDA/FAS/GAIN/Oilseeds/2015/07/Summary/15.07_Portugal_Biofuels Standing Report.md,True,17,34115,물류충격|바이오연료수요|압착,상방 우세,26,9,Import Volume|Export Volume|Production Volume|Soybean|Crude Palm Oil|Canola Oil|Source Document
15.07_Turkey_Turkish Biosafety Board Approves Five Biotech Traits.pdf,data/raw/USDA/FAS/GAIN/Oilseeds/2015/07/15.07_Turkey_Turkish Biosafety Board Approves Five Biotech Traits.pdf,data/raw/USDA/FAS/GAIN/Oilseeds/2015/07/Summary/15.07_Turkey_Turkish Biosafety Board Approves Five Biotech Traits.md,True,2,2899,,중립/혼재,0,0,Import Volume|Source Document
15.07_Vietnam_MARD Revises Regulations on Animal Feed Management.pdf,data/raw/USDA/FAS/GAIN/Oilseeds/2015/07/15.07_Vietnam_MARD Revises Regulations on Animal Feed Management.pdf,data/raw/USDA/FAS/GAIN/Oilseeds/2015/07/Summary/15.07_Vietnam_MARD Revises Regulations on Animal Feed Management.md,True,37,57982,,중립/혼재,13,10,Import Volume|Neutral Regime|Source Document
15.08_Bulgaria_Biofuels Sector Update.pdf,data/raw/USDA/FAS/GAIN/Oilseeds/2015/08/15.08_Bulgaria_Biofuels Sector Update.pdf,data/raw/USDA/FAS/GAIN/Oilseeds/2015/08/Summary/15.08_Bulgaria_Biofuels Sector Update.md,True,7,14050,바이오연료수요,하방 우세,3,11,Import Volume|Soybean|Crude Palm Oil|Canola Oil|Source Document
15.08_China_Oilseeds and Products Update - Soybean Imports.pdf,data/raw/USDA/FAS/GAIN/Oilseeds/2015/08/15.08_China_Oilseeds and Products Update - Soybean Imports.pdf,data/raw/USDA/FAS/GAIN/Oilseeds/2015/08/Summary/15.08_China_Oilseeds and Products Update - Soybean Imports.md,True,10,16806,기상이변|바이오연료수요|압착|재고,하방 우세,11,23,Gross Domestic Product|Import Volume|Export Volume|Harvested Area|Soybean|Soybean Oil|Crude Palm Oil|Canola Oil|Bear Regime|Neutral Regime|Source Document
15.08_China_Oilseeds and Products Update.pdf,data/raw/USDA/FAS/GAIN/Oilseeds/2015/08/15.08_China_Oilseeds and Products Update.pdf,data/raw/USDA/FAS/GAIN/Oilseeds/2015/08/Summary/15.08_China_Oilseeds and Products Update.md,True,10,16362,압착|재고,하방 우세,13,26,Import Volume|Export Volume|Harvested Area|Soybean|Canola Oil|Neutral Regime|Source Document
15.08_EU_Oilseeds Market Update.pdf,data/raw/USDA/FAS/GAIN/Oilseeds/2015/08/15.08_EU_Oilseeds Market Update.pdf,data/raw/USDA/FAS/GAIN/Oilseeds/2015/08/Summary/15.08_EU_Oilseeds Market Update.md,True,18,39476,기상이변|물류충격|바이오연료수요|압착|재고,하방 우세,38,114,Import Volume|Export Volume|Harvested Area|Production Volume|Crushing Volume|Soybean|Canola Oil|Source Document
15.08_Ecuador_Shrimp Ahoy - Shrimp Sector Update.pdf,data/raw/USDA/FAS/GAIN/Oilseeds/2015/08/15.08_Ecuador_Shrimp Ahoy - Shrimp Sector Update.pdf,data/raw/USDA/FAS/GAIN/Oilseeds/2015/08/Summary/15.08_Ecuador_Shrimp Ahoy - Shrimp Sector Update.md,True,6,10974,,중립/혼재,8,8,Export Volume|Source Document
15.08_Poland_Biofuels Market Outlook.pdf,data/raw/USDA/FAS/GAIN/Oilseeds/2015/08/15.08_Poland_Biofuels Market Outlook.pdf,data/raw/USDA/FAS/GAIN/Oilseeds/2015/08/Summary/15.08_Poland_Biofuels Market Outlook.md,True,9,14251,바이오연료수요,하방 우세,5,10,Import Volume|Production Volume|Source Document
15.08_Russian Federation_Oilseed Export Tariffs Lowered per WTO Requirements.pdf,data/raw/USDA/FAS/GAIN/Oilseeds/2015/08/15.08_Russian Federation_Oilseed Export Tariffs Lowered per WTO Requirements.pdf,data/raw/USDA/FAS/GAIN/Oilseeds/2015/08/Summary/15.08_Russian Federation_Oilseed Export Tariffs Lowered per WTO Requirements.md,True,5,8911,수출규제|압착,하방 우세,2,25,Export Volume|Soybean|Canola Oil|Export Tax|Source Document
15.08_Vietnam_MOIT Maintains Safeguard Import Tariff on Refined Veg Oil.pdf,data/raw/USDA/FAS/GAIN/Oilseeds/2015/08/15.08_Vietnam_MOIT Maintains Safeguard Import Tariff on Refined Veg Oil.pdf,data/raw/USDA/FAS/GAIN/Oilseeds/2015/08/Summary/15.08_Vietnam_MOIT Maintains Safeguard Import Tariff on Refined Veg Oil.md,True,4,5492,수입관세,하방 우세,1,4,Import Volume|Crude Palm Oil|Source Document
15.09_China_Oilseeds and Products Update.pdf,data/raw/USDA/FAS/GAIN/Oilseeds/2015/09/15.09_China_Oilseeds and Products Update.pdf,data/raw/USDA/FAS/GAIN/Oilseeds/2015/09/Summary/15.09_China_Oilseeds and Products Update.md,True,5,13079,압착,하방 우세,15,27,Gross Domestic Product|Import Volume|Soybean|Canola Oil|Neutral Regime|Source Document
15.09_Ethiopia_Livestock Plan to Boost Economy and Lift Millions out of Poverty.pdf,data/raw/USDA/FAS/GAIN/Oilseeds/2015/09/15.09_Ethiopia_Livestock Plan to Boost Economy and Lift Millions out of Poverty.pdf,data/raw/USDA/FAS/GAIN/Oilseeds/2015/09/Summary/15.09_Ethiopia_Livestock Plan to Boost Economy and Lift Millions out of Poverty.md,True,7,11103,,상방 우세,19,6,Gross Domestic Product|Import Volume|Export Volume|Soybean|Source Document
15.09_India_Amendments in Regulations Relating to Phytosterols.pdf,data/raw/USDA/FAS/GAIN/Oilseeds/2015/09/15.09_India_Amendments in Regulations Relating to Phytosterols.pdf,data/raw/USDA/FAS/GAIN/Oilseeds/2015/09/Summary/15.09_India_Amendments in Regulations Relating to Phytosterols.md,True,5,3161,,하방 우세,0,2,Vegetable Oil|Source Document
15.09_India_Amendments on Trans Fatty Acid Levels.pdf,data/raw/USDA/FAS/GAIN/Oilseeds/2015/09/15.09_India_Amendments on Trans Fatty Acid Levels.pdf,data/raw/USDA/FAS/GAIN/Oilseeds/2015/09/Summary/15.09_India_Amendments on Trans Fatty Acid Levels.md,True,4,3879,,하방 우세,0,1,Source Document
15.09_India_WTO Notified Draft Standards for Phytosterols.pdf,data/raw/USDA/FAS/GAIN/Oilseeds/2015/09/15.09_India_WTO Notified Draft Standards for Phytosterols.pdf,data/raw/USDA/FAS/GAIN/Oilseeds/2015/09/Summary/15.09_India_WTO Notified Draft Standards for Phytosterols.md,True,2,2403,,상방 우세,1,0,Vegetable Oil|Source Document
15.09_Russian Federation_Feeds containing GE ingredients.pdf,data/raw/USDA/FAS/GAIN/Oilseeds/2015/09/15.09_Russian Federation_Feeds containing GE ingredients.pdf,data/raw/USDA/FAS/GAIN/Oilseeds/2015/09/Summary/15.09_Russian Federation_Feeds containing GE ingredients.md,True,3,4665,,상방 우세,2,0,Import Volume|Soybean|Source Document
15.09_Turkey_Oilseeds and Products Update.pdf,data/raw/USDA/FAS/GAIN/Oilseeds/2015/09/15.09_Turkey_Oilseeds and Products Update.pdf,data/raw/USDA/FAS/GAIN/Oilseeds/2015/09/Summary/15.09_Turkey_Oilseeds and Products Update.md,True,5,6765,물류충격|압착|재고,하방 우세,8,21,Import Volume|Export Volume|Heatwave|Harvested Area|Sunflower Oil|Source Document
15.10_Argentina_Oilseeds and Products Update.pdf,data/raw/USDA/FAS/GAIN/Oilseeds/2015/10/15.10_Argentina_Oilseeds and Products Update.pdf,data/raw/USDA/FAS/GAIN/Oilseeds/2015/10/Summary/15.10_Argentina_Oilseeds and Products Update.md,True,5,10445,기상이변|생산변동|압착|재고,하방 우세,6,37,Import Volume|Export Volume|Harvested Area|Soybean|Source Document
15.10_Brazil_Oilseeds and Products Update - Soybean Production.pdf,data/raw/USDA/FAS/GAIN/Oilseeds/2015/10/15.10_Brazil_Oilseeds and Products Update - Soybean Production.pdf,data/raw/USDA/FAS/GAIN/Oilseeds/2015/10/Summary/15.10_Brazil_Oilseeds and Products Update - Soybean Production.md,True,5,8189,바이오연료수요|생산변동|압착|재고,상방 우세,12,3,Import Volume|Export Volume|Harvested Area|Crushing Volume|Soybean|Source Document
15.10_Brazil_Oilseeds and Products Update.pdf,data/raw/USDA/FAS/GAIN/Oilseeds/2015/10/15.10_Brazil_Oilseeds and Products Update.pdf,data/raw/USDA/FAS/GAIN/Oilseeds/2015/10/Summary/15.10_Brazil_Oilseeds and Products Update.md,True,4,8208,바이오연료수요|압착|재고,상방 우세,16,3,Import Volume|Export Volume|Harvested Area|Soybean|Source Document
15.10_EU_Oilseeds Market Update.pdf,data/raw/USDA/FAS/GAIN/Oilseeds/2015/10/15.10_EU_Oilseeds Market Update.pdf,data/raw/USDA/FAS/GAIN/Oilseeds/2015/10/Summary/15.10_EU_Oilseeds Market Update.md,True,16,39854,기상이변|물류충격|바이오연료수요|생산변동|압착|재고,하방 우세,26,109,Import Volume|Export Volume|Harvested Area|Production Volume|Crushing Volume|Soybean|Canola Oil|Source Document
15.10_India_Oilseeds and Products Update.pdf,data/raw/USDA/FAS/GAIN/Oilseeds/2015/10/15.10_India_Oilseeds and Products Update.pdf,data/raw/USDA/FAS/GAIN/Oilseeds/2015/10/Summary/15.10_India_Oilseeds and Products Update.md,True,13,16881,생산변동|수입관세|압착|재고,하방 우세,14,28,Import Volume|Export Volume|Precipitation Deficit|Soil Moisture Percentile|Harvested Area|Soybean|Vegetable Oil|Import Tariff|Source Document
15.10_Malaysia_Replanting incentives for oil palm companies.pdf,data/raw/USDA/FAS/GAIN/Oilseeds/2015/10/15.10_Malaysia_Replanting incentives for oil palm companies.pdf,data/raw/USDA/FAS/GAIN/Oilseeds/2015/10/Summary/15.10_Malaysia_Replanting incentives for oil palm companies.md,True,2,1633,,중립/혼재,0,0,Crude Palm Oil|Source Document
15.10_Vietnam_MARD revises regulations on animal feed management.pdf,data/raw/USDA/FAS/GAIN/Oilseeds/2015/10/15.10_Vietnam_MARD revises regulations on animal feed management.pdf,data/raw/USDA/FAS/GAIN/Oilseeds/2015/10/Summary/15.10_Vietnam_MARD revises regulations on animal feed management.md,True,9,18471,,상방 우세,3,0,Neutral Regime|Decree|Source Document
15.11_Argentina_Oilseeds and Products Update.pdf,data/raw/USDA/FAS/GAIN/Oilseeds/2015/11/15.11_Argentina_Oilseeds and Products Update.pdf,data/raw/USDA/FAS/GAIN/Oilseeds/2015/11/Summary/15.11_Argentina_Oilseeds and Products Update.md,True,6,13433,수출규제|압착|재고,하방 우세,7,25,Import Volume|Export Volume|Harvested Area|Soybean|Source Document
15.11_Brazil_Oilseeds and Products Update.pdf,data/raw/USDA/FAS/GAIN/Oilseeds/2015/11/15.11_Brazil_Oilseeds and Products Update.pdf,data/raw/USDA/FAS/GAIN/Oilseeds/2015/11/Summary/15.11_Brazil_Oilseeds and Products Update.md,True,3,5317,기상이변|물류충격|생산변동|압착|재고,하방 우세,1,4,Import Volume|Export Volume|Harvested Area|Soybean|Source Document
15.11_Bulgaria_Oilseeds and Products Market Update.pdf,data/raw/USDA/FAS/GAIN/Oilseeds/2015/11/15.11_Bulgaria_Oilseeds and Products Market Update.pdf,data/raw/USDA/FAS/GAIN/Oilseeds/2015/11/Summary/15.11_Bulgaria_Oilseeds and Products Market Update.md,True,8,14238,기상이변|바이오연료수요|압착,하방 우세,15,49,Import Volume|Export Volume|Soil Moisture Percentile|Production Volume|Harvest Delay|Soybean|Canola Oil|Neutral Regime|Source Document
15.11_Indonesia_Oilseeds and Products Update.pdf,data/raw/USDA/FAS/GAIN/Oilseeds/2015/11/15.11_Indonesia_Oilseeds and Products Update.pdf,data/raw/USDA/FAS/GAIN/Oilseeds/2015/11/Summary/15.11_Indonesia_Oilseeds and Products Update.md,True,9,13980,기상이변|바이오연료수요|생산변동|수입관세|압착|재고,하방 우세,14,19,Import Volume|Export Volume|Harvested Area|Soybean|Crude Palm Oil|Source Document
15.11_Pakistan_Oilseeds and Products Update.pdf,data/raw/USDA/FAS/GAIN/Oilseeds/2015/11/15.11_Pakistan_Oilseeds and Products Update.pdf,data/raw/USDA/FAS/GAIN/Oilseeds/2015/11/Summary/15.11_Pakistan_Oilseeds and Products Update.md,True,6,9464,물류충격|수입관세|압착|재고,중립/혼재,10,10,Import Volume|Export Volume|Harvested Area|Soybean|Source Document
15.11_Spain_Olive Harvest Begins with Historically Low Oil Stocks.pdf,data/raw/USDA/FAS/GAIN/Oilseeds/2015/11/15.11_Spain_Olive Harvest Begins with Historically Low Oil Stocks.pdf,data/raw/USDA/FAS/GAIN/Oilseeds/2015/11/Summary/15.11_Spain_Olive Harvest Begins with Historically Low Oil Stocks.md,True,12,22810,기상이변|수입관세|압착|재고,중립/혼재,15,15,Import Volume|Export Volume|Production Volume|Source Document
15.11_Thailand_Demand for Soy Protein Continues to Expand.pdf,data/raw/USDA/FAS/GAIN/Oilseeds/2015/11/15.11_Thailand_Demand for Soy Protein Continues to Expand.pdf,data/raw/USDA/FAS/GAIN/Oilseeds/2015/11/Summary/15.11_Thailand_Demand for Soy Protein Continues to Expand.md,True,4,5269,압착|재고,상방 우세,3,2,Import Volume|Export Volume|Harvested Area|Soybean|Source Document
15.11_Tunisia_Oilseeds and Products.pdf,data/raw/USDA/FAS/GAIN/Oilseeds/2015/11/15.11_Tunisia_Oilseeds and Products.pdf,data/raw/USDA/FAS/GAIN/Oilseeds/2015/11/Summary/15.11_Tunisia_Oilseeds and Products.md,True,9,18387,기상이변|생산변동|압착|재고,하방 우세,13,25,Import Volume|Export Volume|Harvested Area|Soybean|Soybean Oil|Vegetable Oil|Crude Palm Oil|Canola Oil|Neutral Regime|Source Document
15.11_Turkey_Oilseeds and Products Update.pdf,data/raw/USDA/FAS/GAIN/Oilseeds/2015/11/15.11_Turkey_Oilseeds and Products Update.pdf,data/raw/USDA/FAS/GAIN/Oilseeds/2015/11/Summary/15.11_Turkey_Oilseeds and Products Update.md,True,6,10675,생산변동|압착|재고,상방 우세,15,3,Import Volume|Export Volume|Harvested Area|Soybean|Soybean Oil|Source Document
15.11_Turkey_Turkish Biosafety Board Approves Eight More Biotech Traits.pdf,data/raw/USDA/FAS/GAIN/Oilseeds/2015/11/15.11_Turkey_Turkish Biosafety Board Approves Eight More Biotech Traits.pdf,data/raw/USDA/FAS/GAIN/Oilseeds/2015/11/Summary/15.11_Turkey_Turkish Biosafety Board Approves Eight More Biotech Traits.md,True,2,2373,,중립/혼재,0,0,Import Volume|Soybean|Source Document
15.11_Ukraine_Oilseeds and Products Update.pdf,data/raw/USDA/FAS/GAIN/Oilseeds/2015/11/15.11_Ukraine_Oilseeds and Products Update.pdf,data/raw/USDA/FAS/GAIN/Oilseeds/2015/11/Summary/15.11_Ukraine_Oilseeds and Products Update.md,True,21,38080,기상이변|물류충격|바이오연료수요|수입관세|수출규제|압착|재고,하방 우세,21,38,Import Volume|Export Volume|Harvested Area|Soybean|Crude Palm Oil|Canola Oil|Source Document
15.12_Argentina_New Government Eliminates Export Permits for Grains and Oilseeds.pdf,data/raw/USDA/FAS/GAIN/Oilseeds/2015/12/15.12_Argentina_New Government Eliminates Export Permits for Grains and Oilseeds.pdf,data/raw/USDA/FAS/GAIN/Oilseeds/2015/12/Summary/15.12_Argentina_New Government Eliminates Export Permits for Grains and Oilseeds.md,True,3,6875,수출규제,하방 우세,5,7,Export Volume|Soybean|Source Document
15.12_Argentina_New Government Lifts Currency Controls and Cuts Export Taxes.pdf,data/raw/USDA/FAS/GAIN/Oilseeds/2015/12/15.12_Argentina_New Government Lifts Currency Controls and Cuts Export Taxes.pdf,data/raw/USDA/FAS/GAIN/Oilseeds/2015/12/Summary/15.12_Argentina_New Government Lifts Currency Controls and Cuts Export Taxes.md,True,9,10016,수출규제|재고,하방 우세,4,11,Export Volume|Soybean|Source Document
15.12_Brazil_Oilseeds and Products Update.pdf,data/raw/USDA/FAS/GAIN/Oilseeds/2015/12/15.12_Brazil_Oilseeds and Products Update.pdf,data/raw/USDA/FAS/GAIN/Oilseeds/2015/12/Summary/15.12_Brazil_Oilseeds and Products Update.md,True,3,5994,기상이변|생산변동|압착|재고,하방 우세,0,3,Import Volume|Export Volume|Soil Moisture Percentile|Harvested Area|Soybean|Source Document
15.12_China_Oilseeds and Products Update.pdf,data/raw/USDA/FAS/GAIN/Oilseeds/2015/12/15.12_China_Oilseeds and Products Update.pdf,data/raw/USDA/FAS/GAIN/Oilseeds/2015/12/Summary/15.12_China_Oilseeds and Products Update.md,True,13,21702,생산변동|수입관세|압착|재고,하방 우세,14,30,Gross Domestic Product|Import Volume|Export Volume|Harvested Area|Soybean|Crude Palm Oil|Canola Oil|Neutral Regime|Import Tariff|Source Document
15.12_India_Final Amendment on Standards for Various Food Contaminants.pdf,data/raw/USDA/FAS/GAIN/Oilseeds/2015/12/15.12_India_Final Amendment on Standards for Various Food Contaminants.pdf,data/raw/USDA/FAS/GAIN/Oilseeds/2015/12/Summary/15.12_India_Final Amendment on Standards for Various Food Contaminants.md,True,4,2289,,하방 우세,0,1,Source Document
15.12_India_Oilseeds and Products Update.pdf,data/raw/USDA/FAS/GAIN/Oilseeds/2015/12/15.12_India_Oilseeds and Products Update.pdf,data/raw/USDA/FAS/GAIN/Oilseeds/2015/12/Summary/15.12_India_Oilseeds and Products Update.md,True,8,9539,기상이변|생산변동|압착|재고,하방 우세,4,15,Import Volume|Export Volume|Precipitation Deficit|Soil Moisture Percentile|Harvested Area|Soybean|Vegetable Oil|Source Document
15.12_Malaysia_Palm Oil PSD Revisions.pdf,data/raw/USDA/FAS/GAIN/Oilseeds/2015/12/15.12_Malaysia_Palm Oil PSD Revisions.pdf,data/raw/USDA/FAS/GAIN/Oilseeds/2015/12/Summary/15.12_Malaysia_Palm Oil PSD Revisions.md,True,7,10917,바이오연료수요|수출규제|재고,중립/혼재,13,10,Import Volume|Export Volume|Harvested Area|Production Volume|Crude Palm Oil|Source Document
15.12_Taiwan_Current Status of Genetically Engineered Feed Premarket Approval Regulations.pdf,data/raw/USDA/FAS/GAIN/Oilseeds/2015/12/15.12_Taiwan_Current Status of Genetically Engineered Feed Premarket Approval Regulations.pdf,data/raw/USDA/FAS/GAIN/Oilseeds/2015/12/Summary/15.12_Taiwan_Current Status of Genetically Engineered Feed Premarket Approval Regulations.md,True,3,4881,,상방 우세,1,0,Soybean|Effective Date|Source Document
15.12_Taiwan_Regulation Update on Genetically Engineered Feed Products.pdf,data/raw/USDA/FAS/GAIN/Oilseeds/2015/12/15.12_Taiwan_Regulation Update on Genetically Engineered Feed Products.pdf,data/raw/USDA/FAS/GAIN/Oilseeds/2015/12/Summary/15.12_Taiwan_Regulation Update on Genetically Engineered Feed Products.md,True,3,3708,,상방 우세,1,0,Soybean|Effective Date|Source Document
15.12_Taiwan_School Health Act Amendment Encouraging Non-GE Soybean Imports.pdf,data/raw/USDA/FAS/GAIN/Oilseeds/2015/12/15.12_Taiwan_School Health Act Amendment Encouraging Non-GE Soybean Imports.pdf,data/raw/USDA/FAS/GAIN/Oilseeds/2015/12/Summary/15.12_Taiwan_School Health Act Amendment Encouraging Non-GE Soybean Imports.md,True,4,6944,압착,상방 우세,5,0,Import Volume|Export Volume|Soybean|Neutral Regime|Source Document
15.12_Turkey_New Rules by Turkish Government on Poultry Feed Restrictions.pdf,data/raw/USDA/FAS/GAIN/Oilseeds/2015/12/15.12_Turkey_New Rules by Turkish Government on Poultry Feed Restrictions.pdf,data/raw/USDA/FAS/GAIN/Oilseeds/2015/12/Summary/15.12_Turkey_New Rules by Turkish Government on Poultry Feed Restrictions.md,True,4,10581,,상방 우세,8,1,Import Volume|Soybean|Neutral Regime|Source Document
16.01_Brazil_Oilseeds and Products Update.pdf,data/raw/USDA/FAS/GAIN/Oilseeds/2016/01/16.01_Brazil_Oilseeds and Products Update.pdf,data/raw/USDA/FAS/GAIN/Oilseeds/2016/01/Summary/16.01_Brazil_Oilseeds and Products Update.md,True,4,6644,기상이변|물류충격|바이오연료수요|생산변동|압착|재고,상방 우세,14,1,Import Volume|Export Volume|Harvested Area|Soybean|Source Document
16.01_Ethiopia_Demand for Corn-Soya Blend Expands Due to Drought.pdf,data/raw/USDA/FAS/GAIN/Oilseeds/2016/01/16.01_Ethiopia_Demand for Corn-Soya Blend Expands Due to Drought.pdf,data/raw/USDA/FAS/GAIN/Oilseeds/2016/01/Summary/16.01_Ethiopia_Demand for Corn-Soya Blend Expands Due to Drought.md,True,4,7739,기상이변|바이오연료수요|압착,하방 우세,3,7,Import Volume|Export Volume|Soybean|Crude Palm Oil|Source Document
16.01_India_Compliance Date for Trans Fat Label Declarations Extended Further.pdf,data/raw/USDA/FAS/GAIN/Oilseeds/2016/01/16.01_India_Compliance Date for Trans Fat Label Declarations Extended Further.pdf,data/raw/USDA/FAS/GAIN/Oilseeds/2016/01/Summary/16.01_India_Compliance Date for Trans Fat Label Declarations Extended Further.md,True,2,1152,,중립/혼재,0,0,Vegetable Oil|Source Document
16.01_India_WTO Notified - Irradiated Foods Standards and Labeling Requirements.pdf,data/raw/USDA/FAS/GAIN/Oilseeds/2016/01/16.01_India_WTO Notified - Irradiated Foods Standards and Labeling Requirements.pdf,data/raw/USDA/FAS/GAIN/Oilseeds/2016/01/Summary/16.01_India_WTO Notified - Irradiated Foods Standards and Labeling Requirements.md,True,7,3157,,하방 우세,0,1,Source Document
16.01_India_WTO Notified Draft Amendments on Pharmacologically Active Substances.pdf,data/raw/USDA/FAS/GAIN/Oilseeds/2016/01/16.01_India_WTO Notified Draft Amendments on Pharmacologically Active Substances.pdf,data/raw/USDA/FAS/GAIN/Oilseeds/2016/01/Summary/16.01_India_WTO Notified Draft Amendments on Pharmacologically Active Substances.md,True,2,2830,,하방 우세,0,1,Source Document
16.01_Turkey_AMENDED New Rules by Turkish Government on Poultry Feed Restrictions.pdf,data/raw/USDA/FAS/GAIN/Oilseeds/2016/01/16.01_Turkey_AMENDED New Rules by Turkish Government on Poultry Feed Restrictions.pdf,data/raw/USDA/FAS/GAIN/Oilseeds/2016/01/Summary/16.01_Turkey_AMENDED New Rules by Turkish Government on Poultry Feed Restrictions.md,True,2,3865,,중립/혼재,0,0,Import Volume|Soybean|Source Document
16.02_Argentina_Oilseeds and Products Update.pdf,data/raw/USDA/FAS/GAIN/Oilseeds/2016/02/16.02_Argentina_Oilseeds and Products Update.pdf,data/raw/USDA/FAS/GAIN/Oilseeds/2016/02/Summary/16.02_Argentina_Oilseeds and Products Update.md,True,8,14959,기상이변|생산변동|수출규제|압착|재고,하방 우세,16,24,Import Volume|Export Volume|Soil Moisture Percentile|Harvested Area|Soybean|Source Document
16.02_Ethiopia_USDA’s School Feeding Program in Ethiopia is Making a Difference.pdf,data/raw/USDA/FAS/GAIN/Oilseeds/2016/02/16.02_Ethiopia_USDA’s School Feeding Program in Ethiopia is Making a Difference.pdf,data/raw/USDA/FAS/GAIN/Oilseeds/2016/02/Summary/16.02_Ethiopia_USDA’s School Feeding Program in Ethiopia is Making a Difference.md,True,6,7001,기상이변|바이오연료수요,상방 우세,6,2,Neutral Regime|Source Document
16.02_India_Oilseeds and Products Update.pdf,data/raw/USDA/FAS/GAIN/Oilseeds/2016/02/16.02_India_Oilseeds and Products Update.pdf,data/raw/USDA/FAS/GAIN/Oilseeds/2016/02/Summary/16.02_India_Oilseeds and Products Update.md,True,11,14580,압착|재고,중립/혼재,11,12,Import Volume|Export Volume|Soil Moisture Percentile|Soybean Oil|Crude Palm Oil|Sunflower Oil|Source Document
16.02_Russian Federation_Restricts Imports of US Corn and Soybeans.pdf,data/raw/USDA/FAS/GAIN/Oilseeds/2016/02/16.02_Russian Federation_Restricts Imports of US Corn and Soybeans.pdf,data/raw/USDA/FAS/GAIN/Oilseeds/2016/02/Summary/16.02_Russian Federation_Restricts Imports of US Corn and Soybeans.md,True,3,3420,,중립/혼재,1,1,Import Volume|Export Volume|Soybean|Source Document
16.02_Russian Federation_Temporarily Restricts US Imports of Corn and Soybeans.pdf,data/raw/USDA/FAS/GAIN/Oilseeds/2016/02/16.02_Russian Federation_Temporarily Restricts US Imports of Corn and Soybeans.pdf,data/raw/USDA/FAS/GAIN/Oilseeds/2016/02/Summary/16.02_Russian Federation_Temporarily Restricts US Imports of Corn and Soybeans.md,True,4,7693,,하방 우세,0,1,Import Volume|Export Volume|Soybean|Source Document
16.03_Argentina_Oilseeds and Products Update.pdf,data/raw/USDA/FAS/GAIN/Oilseeds/2016/03/16.03_Argentina_Oilseeds and Products Update.pdf,data/raw/USDA/FAS/GAIN/Oilseeds/2016/03/Summary/16.03_Argentina_Oilseeds and Products Update.md,True,6,12053,기상이변|수출규제|압착|재고,하방 우세,4,13,Import Volume|Export Volume|Soil Moisture Percentile|Harvested Area|Crushing Volume|Soybean|Hold Recommendation|Source Document
16.03_Brazil_Oilseeds and Products Update.pdf,data/raw/USDA/FAS/GAIN/Oilseeds/2016/03/16.03_Brazil_Oilseeds and Products Update.pdf,data/raw/USDA/FAS/GAIN/Oilseeds/2016/03/Summary/16.03_Brazil_Oilseeds and Products Update.md,True,3,5857,바이오연료수요|생산변동|수출규제|압착|재고,상방 우세,24,1,Import Volume|Export Volume|Harvested Area|Soybean|Source Document
16.03_China_Oilseeds and Products Annual.pdf,data/raw/USDA/FAS/GAIN/Oilseeds/2016/03/16.03_China_Oilseeds and Products Annual.pdf,data/raw/USDA/FAS/GAIN/Oilseeds/2016/03/Summary/16.03_China_Oilseeds and Products Annual.md,True,52,56741,물류충격|생산변동|수입관세|수출규제|압착|재고,하방 우세,47,64,Gross Domestic Product|Import Volume|Export Volume|Production Volume|Crushing Volume|Soybean|Soybean Oil|Crude Palm Oil|Canola Oil|Neutral Regime|Import Tariff|Source Document
16.03_Indonesia_Oilseeds and Products Annual.pdf,data/raw/USDA/FAS/GAIN/Oilseeds/2016/03/16.03_Indonesia_Oilseeds and Products Annual.pdf,data/raw/USDA/FAS/GAIN/Oilseeds/2016/03/Summary/16.03_Indonesia_Oilseeds and Products Annual.md,True,16,30235,기상이변|바이오연료수요|압착|재고,하방 우세,21,38,Import Volume|Export Volume|Harvested Area|Soybean|Crude Palm Oil|Source Document
16.03_Malaysia_Oilseeds and Products Annual.pdf,data/raw/USDA/FAS/GAIN/Oilseeds/2016/03/16.03_Malaysia_Oilseeds and Products Annual.pdf,data/raw/USDA/FAS/GAIN/Oilseeds/2016/03/Summary/16.03_Malaysia_Oilseeds and Products Annual.md,True,15,21157,기상이변|생산변동|수출규제|압착|재고,중립/혼재,17,14,Import Volume|Export Volume|Harvested Area|Production Volume|Soybean|Soybean Oil|Vegetable Oil|Crude Palm Oil|Source Document
16.03_Peru_Oilseeds and Products Annual.pdf,data/raw/USDA/FAS/GAIN/Oilseeds/2016/03/16.03_Peru_Oilseeds and Products Annual.pdf,data/raw/USDA/FAS/GAIN/Oilseeds/2016/03/Summary/16.03_Peru_Oilseeds and Products Annual.md,True,8,14050,기상이변|압착|재고,상방 우세,12,5,Import Volume|Export Volume|Soybean|Source Document
16.03_Philippines_Oilseeds and Products Annual.pdf,data/raw/USDA/FAS/GAIN/Oilseeds/2016/03/16.03_Philippines_Oilseeds and Products Annual.pdf,data/raw/USDA/FAS/GAIN/Oilseeds/2016/03/Summary/16.03_Philippines_Oilseeds and Products Annual.md,True,12,28049,기상이변|바이오연료수요|수입관세|압착|재고,중립/혼재,32,27,Import Volume|Export Volume|Harvested Area|Production Volume|Crushing Volume|Crushing Rate|Soybean|Crude Palm Oil|Source Document
16.03_Republic of Korea_Oilseeds and Products Annual.pdf,data/raw/USDA/FAS/GAIN/Oilseeds/2016/03/16.03_Republic of Korea_Oilseeds and Products Annual.pdf,data/raw/USDA/FAS/GAIN/Oilseeds/2016/03/Summary/16.03_Republic of Korea_Oilseeds and Products Annual.md,True,25,51322,기상이변|바이오연료수요|생산변동|수입관세|압착|재고,중립/혼재,17,22,Import Volume|Export Volume|Harvested Area|Production Volume|Soybean|Soybean Oil|Vegetable Oil|Crude Palm Oil|Canola Oil|Bull Regime|Bear Regime|Import Tariff
16.03_Russian Federation_Oilseeds and Products Annual.pdf,data/raw/USDA/FAS/GAIN/Oilseeds/2016/03/16.03_Russian Federation_Oilseeds and Products Annual.pdf,data/raw/USDA/FAS/GAIN/Oilseeds/2016/03/Summary/16.03_Russian Federation_Oilseeds and Products Annual.md,True,38,50233,생산변동|수입관세|수출규제|압착|재고,하방 우세,103,162,Import Volume|Export Volume|Harvested Area|Production Volume|Crushing Volume|Soybean|Crude Palm Oil|Canola Oil|Export Tax|Source Document
16.03_Tunisia_Oilseeds and Products Annual.pdf,data/raw/USDA/FAS/GAIN/Oilseeds/2016/03/16.03_Tunisia_Oilseeds and Products Annual.pdf,data/raw/USDA/FAS/GAIN/Oilseeds/2016/03/Summary/16.03_Tunisia_Oilseeds and Products Annual.md,True,9,18689,기상이변|생산변동|압착|재고,하방 우세,9,19,Import Volume|Export Volume|Harvested Area|Soybean|Soybean Oil|Vegetable Oil|Crude Palm Oil|Canola Oil|Neutral Regime|Source Document
16.03_Turkey_Oilseeds and Products Annual.pdf,data/raw/USDA/FAS/GAIN/Oilseeds/2016/03/16.03_Turkey_Oilseeds and Products Annual.pdf,data/raw/USDA/FAS/GAIN/Oilseeds/2016/03/Summary/16.03_Turkey_Oilseeds and Products Annual.md,True,22,48562,물류충격|바이오연료수요|생산변동|수입관세|압착|재고,중립/혼재,95,87,Import Volume|Export Volume|Soil Moisture Percentile|Harvested Area|Production Volume|Soybean|Soybean Oil|Sunflower Oil|Neutral Regime|Cost and Freight|Import Tariff|Source Document
16.03_Ukraine_Oilseeds and Products Annual.pdf,data/raw/USDA/FAS/GAIN/Oilseeds/2016/03/16.03_Ukraine_Oilseeds and Products Annual.pdf,data/raw/USDA/FAS/GAIN/Oilseeds/2016/03/Summary/16.03_Ukraine_Oilseeds and Products Annual.md,True,52,51366,수출규제|압착|재고,하방 우세,39,121,Import Volume|Export Volume|Soil Moisture Percentile|Harvested Area|Production Volume|Crushing Volume|Soybean|Crude Palm Oil|Canola Oil|Export Tax|Source Document
16.04_Argentina_Oilseeds and Products Annual.pdf,data/raw/USDA/FAS/GAIN/Oilseeds/2016/04/16.04_Argentina_Oilseeds and Products Annual.pdf,data/raw/USDA/FAS/GAIN/Oilseeds/2016/04/Summary/16.04_Argentina_Oilseeds and Products Annual.md,True,15,35815,기상이변|물류충격|바이오연료수요|수출규제|압착|재고,하방 우세,34,96,Import Volume|Export Volume|Harvested Area|Production Volume|Crushing Volume|Soybean|Soybean Oil|Sunflower Oil|Hold Recommendation|Source Document|Entity Mention
16.04_Australia_Oilseeds and Products Annual.pdf,data/raw/USDA/FAS/GAIN/Oilseeds/2016/04/16.04_Australia_Oilseeds and Products Annual.pdf,data/raw/USDA/FAS/GAIN/Oilseeds/2016/04/Summary/16.04_Australia_Oilseeds and Products Annual.md,True,14,20469,바이오연료수요|압착|재고,하방 우세,12,24,Import Volume|Export Volume|Soil Moisture Percentile|Harvested Area|Soybean|Source Document
16.04_Brazil_Oilseeds and Products Annual.pdf,data/raw/USDA/FAS/GAIN/Oilseeds/2016/04/16.04_Brazil_Oilseeds and Products Annual.pdf,data/raw/USDA/FAS/GAIN/Oilseeds/2016/04/Summary/16.04_Brazil_Oilseeds and Products Annual.md,True,13,21612,바이오연료수요|생산변동|수출규제|압착|재고,상방 우세,43,18,Import Volume|Export Volume|Harvested Area|Soybean|Hold Recommendation|Source Document
16.04_Bulgaria_Oilseeds and Products Market Update.pdf,data/raw/USDA/FAS/GAIN/Oilseeds/2016/04/16.04_Bulgaria_Oilseeds and Products Market Update.pdf,data/raw/USDA/FAS/GAIN/Oilseeds/2016/04/Summary/16.04_Bulgaria_Oilseeds and Products Market Update.md,True,11,21398,기상이변|바이오연료수요|압착|재고,하방 우세,23,95,Import Volume|Export Volume|Soil Moisture Percentile|Production Volume|Soybean|Canola Oil|Source Document
16.04_Canada_Oilseeds and Products Annual.pdf,data/raw/USDA/FAS/GAIN/Oilseeds/2016/04/16.04_Canada_Oilseeds and Products Annual.pdf,data/raw/USDA/FAS/GAIN/Oilseeds/2016/04/Summary/16.04_Canada_Oilseeds and Products Annual.md,True,19,35873,바이오연료수요|생산변동|압착|재고,하방 우세,52,118,Import Volume|Export Volume|Harvested Area|Crushing Volume|Soybean|Source Document
16.04_EU_Oilseeds and Products Annual.pdf,data/raw/USDA/FAS/GAIN/Oilseeds/2016/04/16.04_EU_Oilseeds and Products Annual.pdf,data/raw/USDA/FAS/GAIN/Oilseeds/2016/04/Summary/16.04_EU_Oilseeds and Products Annual.md,True,45,43740,기상이변|물류충격|바이오연료수요|생산변동|압착|재고,하방 우세,80,150,Import Volume|Export Volume|Harvested Area|Production Volume|Crushing Volume|Soybean|Crude Palm Oil|Canola Oil|Source Document
16.04_Egypt_Oilseeds and Products Annual.pdf,data/raw/USDA/FAS/GAIN/Oilseeds/2016/04/16.04_Egypt_Oilseeds and Products Annual.pdf,data/raw/USDA/FAS/GAIN/Oilseeds/2016/04/Summary/16.04_Egypt_Oilseeds and Products Annual.md,True,14,31009,바이오연료수요|생산변동|수입관세|압착|재고,하방 우세,31,67,Import Volume|Export Volume|Harvested Area|Production Volume|Soybean|Soybean Oil|Vegetable Oil|Crude Palm Oil|Neutral Regime|Cost and Freight|Import Tariff|Source Document
16.04_Estonia_Rapeseed and Oilseed Products.pdf,data/raw/USDA/FAS/GAIN/Oilseeds/2016/04/16.04_Estonia_Rapeseed and Oilseed Products.pdf,data/raw/USDA/FAS/GAIN/Oilseeds/2016/04/Summary/16.04_Estonia_Rapeseed and Oilseed Products.md,True,6,8555,바이오연료수요|압착,중립/혼재,12,11,Import Volume|Export Volume|Planted Area|Production Volume|Canola Oil|Source Document
16.04_Ethiopia_Oilseed Production Forecast to Increase Despite Drought.pdf,data/raw/USDA/FAS/GAIN/Oilseeds/2016/04/16.04_Ethiopia_Oilseed Production Forecast to Increase Despite Drought.pdf,data/raw/USDA/FAS/GAIN/Oilseeds/2016/04/Summary/16.04_Ethiopia_Oilseed Production Forecast to Increase Despite Drought.md,True,19,25555,기상이변|바이오연료수요|생산변동|압착|재고,중립/혼재,23,21,Import Volume|Export Volume|Harvested Area|Soybean|Soybean Oil|Vegetable Oil|Crude Palm Oil|Source Document
16.04_India_Oilseeds and Products Annual.pdf,data/raw/USDA/FAS/GAIN/Oilseeds/2016/04/16.04_India_Oilseeds and Products Annual.pdf,data/raw/USDA/FAS/GAIN/Oilseeds/2016/04/Summary/16.04_India_Oilseeds and Products Annual.md,True,22,40439,바이오연료수요|수입관세|압착|재고,중립/혼재,32,29,Import Volume|Export Volume|Harvested Area|Production Volume|Soybean|Soybean Oil|Crude Soybean Oil|Vegetable Oil|Crude Palm Oil|Canola Oil|Sunflower Oil|Import Tariff
16.04_Japan_Oilseeds and Products Annual.pdf,data/raw/USDA/FAS/GAIN/Oilseeds/2016/04/16.04_Japan_Oilseeds and Products Annual.pdf,data/raw/USDA/FAS/GAIN/Oilseeds/2016/04/Summary/16.04_Japan_Oilseeds and Products Annual.md,True,20,39465,기상이변|물류충격|바이오연료수요|생산변동|수입관세|압착|재고,하방 우세,22,40,Import Volume|Export Volume|Harvested Area|Crushing Volume|Harvest Delay|Soybean|Crude Palm Oil|Canola Oil|Freight Rate|Source Document
16.04_Latvia_Rapeseed and Oilseed Products.pdf,data/raw/USDA/FAS/GAIN/Oilseeds/2016/04/16.04_Latvia_Rapeseed and Oilseed Products.pdf,data/raw/USDA/FAS/GAIN/Oilseeds/2016/04/Summary/16.04_Latvia_Rapeseed and Oilseed Products.md,True,7,10806,바이오연료수요|압착,상방 우세,17,10,Import Volume|Export Volume|Planted Area|Production Volume|Canola Oil|Source Document
16.04_Lithuania_Rapeseed and Oilseed Products.pdf,data/raw/USDA/FAS/GAIN/Oilseeds/2016/04/16.04_Lithuania_Rapeseed and Oilseed Products.pdf,data/raw/USDA/FAS/GAIN/Oilseeds/2016/04/Summary/16.04_Lithuania_Rapeseed and Oilseed Products.md,True,7,11155,바이오연료수요|압착,상방 우세,22,5,Import Volume|Export Volume|Production Volume|Vegetable Oil|Canola Oil|Source Document
16.04_Mexico_Oilseeds and Products Annual.pdf,data/raw/USDA/FAS/GAIN/Oilseeds/2016/04/16.04_Mexico_Oilseeds and Products Annual.pdf,data/raw/USDA/FAS/GAIN/Oilseeds/2016/04/Summary/16.04_Mexico_Oilseeds and Products Annual.md,True,26,71386,물류충격|생산변동|압착|재고,중립/혼재,95,77,Gross Domestic Product|Import Volume|Export Volume|Harvested Area|Soybean|Vegetable Oil|Canola Oil|Bull Regime|Bear Regime|Neutral Regime|Source Document|Confidence Score
16.04_Pakistan_Oilseeds and Products Annual.pdf,data/raw/USDA/FAS/GAIN/Oilseeds/2016/04/16.04_Pakistan_Oilseeds and Products Annual.pdf,data/raw/USDA/FAS/GAIN/Oilseeds/2016/04/Summary/16.04_Pakistan_Oilseeds and Products Annual.md,True,14,25254,바이오연료수요|압착|재고,하방 우세,15,21,Import Volume|Export Volume|Harvested Area|Soybean|Crude Palm Oil|Source Document
16.04_Paraguay_Oilseeds and Products Annual.pdf,data/raw/USDA/FAS/GAIN/Oilseeds/2016/04/16.04_Paraguay_Oilseeds and Products Annual.pdf,data/raw/USDA/FAS/GAIN/Oilseeds/2016/04/Summary/16.04_Paraguay_Oilseeds and Products Annual.md,True,9,14024,바이오연료수요|생산변동|압착|재고,상방 우세,23,11,Import Volume|Export Volume|Harvested Area|Production Volume|Soybean|Source Document
16.04_Poland_Rapeseed and Oilseed Products.pdf,data/raw/USDA/FAS/GAIN/Oilseeds/2016/04/16.04_Poland_Rapeseed and Oilseed Products.pdf,data/raw/USDA/FAS/GAIN/Oilseeds/2016/04/Summary/16.04_Poland_Rapeseed and Oilseed Products.md,True,8,14102,바이오연료수요|압착,중립/혼재,21,19,Import Volume|Export Volume|Production Volume|Soybean|Canola Oil|Source Document
16.04_Romania_Oilseed production expected to rebound.pdf,data/raw/USDA/FAS/GAIN/Oilseeds/2016/04/16.04_Romania_Oilseed production expected to rebound.pdf,data/raw/USDA/FAS/GAIN/Oilseeds/2016/04/Summary/16.04_Romania_Oilseed production expected to rebound.md,True,7,15471,물류충격|바이오연료수요|압착,하방 우세,27,41,Import Volume|Export Volume|Production Volume|Soybean|Canola Oil|Sunflower Oil|Source Document
16.04_South Africa_Oilseeds and Products Annual.pdf,data/raw/USDA/FAS/GAIN/Oilseeds/2016/04/16.04_South Africa_Oilseeds and Products Annual.pdf,data/raw/USDA/FAS/GAIN/Oilseeds/2016/04/Summary/16.04_South Africa_Oilseeds and Products Annual.md,True,17,23552,기상이변|수입관세|압착|재고,하방 우세,24,75,Gross Domestic Product|Import Volume|Export Volume|Harvested Area|Soybean|Crude Palm Oil|Source Document
16.04_Taiwan_Oilseeds and Products Annual.pdf,data/raw/USDA/FAS/GAIN/Oilseeds/2016/04/16.04_Taiwan_Oilseeds and Products Annual.pdf,data/raw/USDA/FAS/GAIN/Oilseeds/2016/04/Summary/16.04_Taiwan_Oilseeds and Products Annual.md,True,14,27400,바이오연료수요|압착|재고,하방 우세,14,30,Import Volume|Export Volume|Harvested Area|Production Volume|Soybean|Soybean Oil|Vegetable Oil|Crude Palm Oil|Source Document
16.05_China_Oilseeds and Products Update.pdf,data/raw/USDA/FAS/GAIN/Oilseeds/2016/05/16.05_China_Oilseeds and Products Update.pdf,data/raw/USDA/FAS/GAIN/Oilseeds/2016/05/Summary/16.05_China_Oilseeds and Products Update.md,True,15,30144,기상이변|생산변동|압착|재고,하방 우세,20,29,Import Volume|Export Volume|Harvested Area|Production Volume|Soybean|Crude Palm Oil|Canola Oil|Source Document
16.05_Czech Republic_Biofuels Annual 2016.pdf,data/raw/USDA/FAS/GAIN/Oilseeds/2016/05/16.05_Czech Republic_Biofuels Annual 2016.pdf,data/raw/USDA/FAS/GAIN/Oilseeds/2016/05/Summary/16.05_Czech Republic_Biofuels Annual 2016.md,True,6,11099,바이오연료수요,중립/혼재,10,9,Import Volume|Export Volume|Source Document
16.05_Taiwan_New Import Demand for Non-GE Defatted Soy Flake.pdf,data/raw/USDA/FAS/GAIN/Oilseeds/2016/05/16.05_Taiwan_New Import Demand for Non-GE Defatted Soy Flake.pdf,data/raw/USDA/FAS/GAIN/Oilseeds/2016/05/Summary/16.05_Taiwan_New Import Demand for Non-GE Defatted Soy Flake.md,True,2,3441,,중립/혼재,0,0,Import Volume|Soybean|Source Document
16.05_Thailand_Oilseeds and Products Annual.pdf,data/raw/USDA/FAS/GAIN/Oilseeds/2016/05/16.05_Thailand_Oilseeds and Products Annual.pdf,data/raw/USDA/FAS/GAIN/Oilseeds/2016/05/Summary/16.05_Thailand_Oilseeds and Products Annual.md,True,16,26647,물류충격|바이오연료수요|압착|재고,상방 우세,29,21,Import Volume|Export Volume|Harvested Area|Soybean|Crude Palm Oil|Source Document
16.05_Uruguay_Oilseeds and Products Annual.pdf,data/raw/USDA/FAS/GAIN/Oilseeds/2016/05/16.05_Uruguay_Oilseeds and Products Annual.pdf,data/raw/USDA/FAS/GAIN/Oilseeds/2016/05/Summary/16.05_Uruguay_Oilseeds and Products Annual.md,True,12,20871,기상이변|물류충격|바이오연료수요|생산변동|수출규제|압착|재고,중립/혼재,19,18,Import Volume|Export Volume|Harvested Area|Production Volume|Soybean|Neutral Regime|Source Document
16.05_Vietnam_Oilseeds and Products Annual.pdf,data/raw/USDA/FAS/GAIN/Oilseeds/2016/05/16.05_Vietnam_Oilseeds and Products Annual.pdf,data/raw/USDA/FAS/GAIN/Oilseeds/2016/05/Summary/16.05_Vietnam_Oilseeds and Products Annual.md,True,65,41486,기상이변|생산변동|수입관세|압착|재고,하방 우세,29,41,Import Volume|Export Volume|Harvested Area|Soybean|Soybean Oil|Crude Soybean Oil|Crude Palm Oil|Source Document
16.06_Bulgaria_Oilseeds Market Update.pdf,data/raw/USDA/FAS/GAIN/Oilseeds/2016/06/16.06_Bulgaria_Oilseeds Market Update.pdf,data/raw/USDA/FAS/GAIN/Oilseeds/2016/06/Summary/16.06_Bulgaria_Oilseeds Market Update.md,True,9,11946,압착|재고,하방 우세,12,43,Import Volume|Export Volume|Soil Moisture Percentile|Soybean|Canola Oil|Source Document
16.06_Canada_Consulting on Transfats in Canadian Food Supply.pdf,data/raw/USDA/FAS/GAIN/Oilseeds/2016/06/16.06_Canada_Consulting on Transfats in Canadian Food Supply.pdf,data/raw/USDA/FAS/GAIN/Oilseeds/2016/06/Summary/16.06_Canada_Consulting on Transfats in Canadian Food Supply.md,True,9,13013,,하방 우세,4,6,Source Document
16.06_India_FSSAI Publishes Manuals on Test Methods for Various Food Products.pdf,data/raw/USDA/FAS/GAIN/Oilseeds/2016/06/16.06_India_FSSAI Publishes Manuals on Test Methods for Various Food Products.pdf,data/raw/USDA/FAS/GAIN/Oilseeds/2016/06/Summary/16.06_India_FSSAI Publishes Manuals on Test Methods for Various Food Products.md,True,2,1825,,중립/혼재,0,0,Source Document
16.06_India_Indore and Bhopal are Emerging Cities in the Heart of India.pdf,data/raw/USDA/FAS/GAIN/Oilseeds/2016/06/16.06_India_Indore and Bhopal are Emerging Cities in the Heart of India.pdf,data/raw/USDA/FAS/GAIN/Oilseeds/2016/06/Summary/16.06_India_Indore and Bhopal are Emerging Cities in the Heart of India.md,True,12,17190,,상방 우세,7,1,Source Document
16.06_Spain_Only the Reduced Area to Corn Precludes a Record Spanish Grain Crop.pdf,data/raw/USDA/FAS/GAIN/Oilseeds/2016/06/16.06_Spain_Only the Reduced Area to Corn Precludes a Record Spanish Grain Crop.pdf,data/raw/USDA/FAS/GAIN/Oilseeds/2016/06/Summary/16.06_Spain_Only the Reduced Area to Corn Precludes a Record Spanish Grain Crop.md,True,11,17889,기상이변|바이오연료수요|압착|재고,하방 우세,6,21,Flood|Soil Moisture Percentile|Production Volume|Soybean|Source Document
16.06_Turkey_Oilseeds and Products Update.pdf,data/raw/USDA/FAS/GAIN/Oilseeds/2016/06/16.06_Turkey_Oilseeds and Products Update.pdf,data/raw/USDA/FAS/GAIN/Oilseeds/2016/06/Summary/16.06_Turkey_Oilseeds and Products Update.md,True,5,7632,압착|재고,상방 우세,7,1,Import Volume|Export Volume|Harvested Area|Soybean|Soybean Oil|Source Document
16.07_China_Oilseeds and Products Update.pdf,data/raw/USDA/FAS/GAIN/Oilseeds/2016/07/16.07_China_Oilseeds and Products Update.pdf,data/raw/USDA/FAS/GAIN/Oilseeds/2016/07/Summary/16.07_China_Oilseeds and Products Update.md,True,16,27074,수입관세|수출규제|압착|재고,하방 우세,17,30,Import Volume|Export Volume|Harvested Area|Soybean|Crude Palm Oil|Canola Oil|Import Tariff|Export Tax|Source Document|Confidence Score
16.07_China_Oilseeds and Products Update_Soybean Imports.pdf,data/raw/USDA/FAS/GAIN/Oilseeds/2016/07/16.07_China_Oilseeds and Products Update_Soybean Imports.pdf,data/raw/USDA/FAS/GAIN/Oilseeds/2016/07/Summary/16.07_China_Oilseeds and Products Update_Soybean Imports.md,True,14,23183,바이오연료수요|수입관세|압착|재고,하방 우세,15,23,Import Volume|Export Volume|Harvested Area|Soybean|Crude Palm Oil|Canola Oil|Import Tariff|Source Document
16.07_Indonesia_Oilseeds and Products Update.pdf,data/raw/USDA/FAS/GAIN/Oilseeds/2016/07/16.07_Indonesia_Oilseeds and Products Update.pdf,data/raw/USDA/FAS/GAIN/Oilseeds/2016/07/Summary/16.07_Indonesia_Oilseeds and Products Update.md,True,7,11098,기상이변|바이오연료수요|압착|재고,하방 우세,11,19,Import Volume|Export Volume|La Niña|Harvested Area|Soybean|Crude Palm Oil|Source Document
16.07_Pakistan_Oilseeds and Products Update.pdf,data/raw/USDA/FAS/GAIN/Oilseeds/2016/07/16.07_Pakistan_Oilseeds and Products Update.pdf,data/raw/USDA/FAS/GAIN/Oilseeds/2016/07/Summary/16.07_Pakistan_Oilseeds and Products Update.md,True,4,6101,바이오연료수요|수입관세|압착,중립/혼재,7,9,Import Volume|Export Volume|Soybean|Crude Palm Oil|Source Document
16.07_Senegal_Oilseeds and Products Annual 2016.pdf,data/raw/USDA/FAS/GAIN/Oilseeds/2016/07/16.07_Senegal_Oilseeds and Products Annual 2016.pdf,data/raw/USDA/FAS/GAIN/Oilseeds/2016/07/Summary/16.07_Senegal_Oilseeds and Products Annual 2016.md,True,9,14252,압착|재고,상방 우세,10,3,Import Volume|Export Volume|Harvested Area|Production Volume|Source Document
16.07_Vietnam_MARD phases out of growth promotion usage of antibiotics in feed.pdf,data/raw/USDA/FAS/GAIN/Oilseeds/2016/07/16.07_Vietnam_MARD phases out of growth promotion usage of antibiotics in feed.pdf,data/raw/USDA/FAS/GAIN/Oilseeds/2016/07/Summary/16.07_Vietnam_MARD phases out of growth promotion usage of antibiotics in feed.md,True,5,8177,,중립/혼재,0,0,Neutral Regime|Source Document
16.08_China_Oilseeds and Products Update.pdf,data/raw/USDA/FAS/GAIN/Oilseeds/2016/08/16.08_China_Oilseeds and Products Update.pdf,data/raw/USDA/FAS/GAIN/Oilseeds/2016/08/Summary/16.08_China_Oilseeds and Products Update.md,True,15,24641,수출규제|압착|재고,하방 우세,18,32,Import Volume|Export Volume|Harvested Area|Soybean|Crude Palm Oil|Canola Oil|Export Tax|Source Document
16.08_Czech Republic_Crop Update July 2016  - Good Crop Despite Delayed Harvest.pdf,data/raw/USDA/FAS/GAIN/Oilseeds/2016/08/16.08_Czech Republic_Crop Update July 2016  - Good Crop Despite Delayed Harvest.pdf,data/raw/USDA/FAS/GAIN/Oilseeds/2016/08/Summary/16.08_Czech Republic_Crop Update July 2016  - Good Crop Despite Delayed Harvest.md,True,3,3429,,하방 우세,3,8,Source Document
16.08_EU_Oilseeds Market Update.pdf,data/raw/USDA/FAS/GAIN/Oilseeds/2016/08/16.08_EU_Oilseeds Market Update.pdf,data/raw/USDA/FAS/GAIN/Oilseeds/2016/08/Summary/16.08_EU_Oilseeds Market Update.md,True,16,37442,기상이변|물류충격|바이오연료수요|압착|재고,하방 우세,58,112,Import Volume|Export Volume|Harvested Area|Production Volume|Soybean|Canola Oil|Neutral Regime|Policy Pivot|Source Document
16.08_India_Compliance Date Extended for Limits of Trans Fatty Acids.pdf,data/raw/USDA/FAS/GAIN/Oilseeds/2016/08/16.08_India_Compliance Date Extended for Limits of Trans Fatty Acids.pdf,data/raw/USDA/FAS/GAIN/Oilseeds/2016/08/Summary/16.08_India_Compliance Date Extended for Limits of Trans Fatty Acids.md,True,3,1744,,중립/혼재,0,0,Source Document
16.08_India_Final Amendment on Food Product Standards and Labeling Regulations.pdf,data/raw/USDA/FAS/GAIN/Oilseeds/2016/08/16.08_India_Final Amendment on Food Product Standards and Labeling Regulations.pdf,data/raw/USDA/FAS/GAIN/Oilseeds/2016/08/Summary/16.08_India_Final Amendment on Food Product Standards and Labeling Regulations.md,True,6,2476,,중립/혼재,0,0,Vegetable Oil|Source Document
16.08_India_Monsoon Update - Second Half Forecast Calls for More Rain.pdf,data/raw/USDA/FAS/GAIN/Oilseeds/2016/08/16.08_India_Monsoon Update - Second Half Forecast Calls for More Rain.pdf,data/raw/USDA/FAS/GAIN/Oilseeds/2016/08/Summary/16.08_India_Monsoon Update - Second Half Forecast Calls for More Rain.md,True,7,5457,,하방 우세,5,11,Flood|Soil Moisture Percentile|Planted Area|Source Document
16.08_India_Oilseeds and Products Update.pdf,data/raw/USDA/FAS/GAIN/Oilseeds/2016/08/16.08_India_Oilseeds and Products Update.pdf,data/raw/USDA/FAS/GAIN/Oilseeds/2016/08/Summary/16.08_India_Oilseeds and Products Update.md,True,11,17441,수입관세|압착|재고,하방 우세,14,29,Import Volume|Export Volume|Soil Moisture Percentile|Harvested Area|Soybean|Vegetable Oil|Crude Palm Oil|Sunflower Oil|Import Tariff|Source Document
16.08_Ukraine_Oilseeds and Products Update.pdf,data/raw/USDA/FAS/GAIN/Oilseeds/2016/08/16.08_Ukraine_Oilseeds and Products Update.pdf,data/raw/USDA/FAS/GAIN/Oilseeds/2016/08/Summary/16.08_Ukraine_Oilseeds and Products Update.md,True,17,42957,기상이변|물류충격|압착|재고,하방 우세,13,23,Import Volume|Export Volume|Soil Moisture Percentile|Harvested Area|Soybean|Crude Palm Oil|Canola Oil|Source Document
16.09_India_Final Amendment for Irradiated Food Standards and Label Requirements.pdf,data/raw/USDA/FAS/GAIN/Oilseeds/2016/09/16.09_India_Final Amendment for Irradiated Food Standards and Label Requirements.pdf,data/raw/USDA/FAS/GAIN/Oilseeds/2016/09/Summary/16.09_India_Final Amendment for Irradiated Food Standards and Label Requirements.md,True,7,2656,,중립/혼재,0,0,Source Document
16.09_India_Monsoon Update - Optimism High yet Monsoon Below Expectation.pdf,data/raw/USDA/FAS/GAIN/Oilseeds/2016/09/16.09_India_Monsoon Update - Optimism High yet Monsoon Below Expectation.pdf,data/raw/USDA/FAS/GAIN/Oilseeds/2016/09/Summary/16.09_India_Monsoon Update - Optimism High yet Monsoon Below Expectation.md,True,9,5373,압착,하방 우세,5,16,Inflation|Import Volume|Soil Moisture Percentile|Source Document
16.09_Turkey_Oilseeds and Products Update.pdf,data/raw/USDA/FAS/GAIN/Oilseeds/2016/09/16.09_Turkey_Oilseeds and Products Update.pdf,data/raw/USDA/FAS/GAIN/Oilseeds/2016/09/Summary/16.09_Turkey_Oilseeds and Products Update.md,True,6,10224,물류충격|압착|재고,하방 우세,18,51,Import Volume|Export Volume|Harvested Area|Sunflower Oil|Source Document
16.10_Argentina_Oilseeds and Products Update.pdf,data/raw/USDA/FAS/GAIN/Oilseeds/2016/10/16.10_Argentina_Oilseeds and Products Update.pdf,data/raw/USDA/FAS/GAIN/Oilseeds/2016/10/Summary/16.10_Argentina_Oilseeds and Products Update.md,True,6,13108,기상이변|물류충격|생산변동|수출규제|압착|재고,하방 우세,7,31,Import Volume|Export Volume|La Niña|Harvested Area|Soybean|Source Document
16.10_Argentina_Oilseeds and Products Update_Soybean.pdf,data/raw/USDA/FAS/GAIN/Oilseeds/2016/10/16.10_Argentina_Oilseeds and Products Update_Soybean.pdf,data/raw/USDA/FAS/GAIN/Oilseeds/2016/10/Summary/16.10_Argentina_Oilseeds and Products Update_Soybean.md,True,7,15659,기상이변|물류충격|생산변동|수출규제|압착|재고,하방 우세,18,34,Import Volume|Export Volume|La Niña|Harvested Area|Production Volume|Soybean|Source Document
16.10_Brazil_Oilseeds and Products Update.pdf,data/raw/USDA/FAS/GAIN/Oilseeds/2016/10/16.10_Brazil_Oilseeds and Products Update.pdf,data/raw/USDA/FAS/GAIN/Oilseeds/2016/10/Summary/16.10_Brazil_Oilseeds and Products Update.md,True,5,6988,기상이변|바이오연료수요|생산변동|압착|재고,상방 우세,8,6,Import Volume|Export Volume|Harvested Area|Crushing Volume|Soybean|Source Document
16.10_Brazil_Oilseeds and Products Update_Soybean Area.pdf,data/raw/USDA/FAS/GAIN/Oilseeds/2016/10/16.10_Brazil_Oilseeds and Products Update_Soybean Area.pdf,data/raw/USDA/FAS/GAIN/Oilseeds/2016/10/Summary/16.10_Brazil_Oilseeds and Products Update_Soybean Area.md,True,4,6697,기상이변|바이오연료수요|압착|재고,상방 우세,18,10,Import Volume|Export Volume|Harvested Area|Soybean|Source Document
16.10_China_Oilseeds and Products Update.pdf,data/raw/USDA/FAS/GAIN/Oilseeds/2016/10/16.10_China_Oilseeds and Products Update.pdf,data/raw/USDA/FAS/GAIN/Oilseeds/2016/10/Summary/16.10_China_Oilseeds and Products Update.md,True,17,27997,기상이변|수입관세|수출규제|압착|재고,하방 우세,29,41,Gross Domestic Product|Import Volume|Export Volume|Harvested Area|Soybean|Crude Palm Oil|Canola Oil|Source Document
16.10_China_Oilseeds and Products Update_Soybean.pdf,data/raw/USDA/FAS/GAIN/Oilseeds/2016/10/16.10_China_Oilseeds and Products Update_Soybean.pdf,data/raw/USDA/FAS/GAIN/Oilseeds/2016/10/Summary/16.10_China_Oilseeds and Products Update_Soybean.md,True,16,26800,기상이변|수입관세|수출규제|압착|재고,중립/혼재,29,33,Import Volume|Export Volume|Harvested Area|Soybean|Crude Palm Oil|Canola Oil|Import Tariff|Source Document
16.10_Ethiopia_USDA Assists in the Development of Ethiopia's Soy-Food Industry.pdf,data/raw/USDA/FAS/GAIN/Oilseeds/2016/10/16.10_Ethiopia_USDA Assists in the Development of Ethiopia's Soy-Food Industry.pdf,data/raw/USDA/FAS/GAIN/Oilseeds/2016/10/Summary/16.10_Ethiopia_USDA Assists in the Development of Ethiopia's Soy-Food Industry.md,True,4,4181,,상방 우세,2,0,Neutral Regime|Source Document
16.10_India_FSSAI Publishes Draft Regulation on Food Fortification.pdf,data/raw/USDA/FAS/GAIN/Oilseeds/2016/10/16.10_India_FSSAI Publishes Draft Regulation on Food Fortification.pdf,data/raw/USDA/FAS/GAIN/Oilseeds/2016/10/Summary/16.10_India_FSSAI Publishes Draft Regulation on Food Fortification.md,True,11,5501,,하방 우세,0,2,Source Document
16.10_Pakistan_Oilseeds and Products Update.pdf,data/raw/USDA/FAS/GAIN/Oilseeds/2016/10/16.10_Pakistan_Oilseeds and Products Update.pdf,data/raw/USDA/FAS/GAIN/Oilseeds/2016/10/Summary/16.10_Pakistan_Oilseeds and Products Update.md,True,6,7299,바이오연료수요|압착|재고,상방 우세,6,4,Import Volume|Export Volume|Harvested Area|Soybean|Crude Palm Oil|Source Document
16.11_India_Monsoon Update - September 2016.pdf,data/raw/USDA/FAS/GAIN/Oilseeds/2016/11/16.11_India_Monsoon Update - September 2016.pdf,data/raw/USDA/FAS/GAIN/Oilseeds/2016/11/Summary/16.11_India_Monsoon Update - September 2016.md,True,8,2700,기상이변,하방 우세,4,9,Planted Area|Source Document
16.11_India_Oilseeds and Products Update.pdf,data/raw/USDA/FAS/GAIN/Oilseeds/2016/11/16.11_India_Oilseeds and Products Update.pdf,data/raw/USDA/FAS/GAIN/Oilseeds/2016/11/Summary/16.11_India_Oilseeds and Products Update.md,True,7,11351,물류충격|생산변동|수입관세|압착|재고,하방 우세,8,14,Import Volume|Export Volume|Soil Moisture Percentile|Harvested Area|Soybean|Vegetable Oil|Crude Palm Oil|Import Tariff|Source Document
16.11_Indonesia_Oilseeds and Products Update.pdf,data/raw/USDA/FAS/GAIN/Oilseeds/2016/11/16.11_Indonesia_Oilseeds and Products Update.pdf,data/raw/USDA/FAS/GAIN/Oilseeds/2016/11/Summary/16.11_Indonesia_Oilseeds and Products Update.md,True,7,12490,기상이변|바이오연료수요|압착|재고,중립/혼재,15,14,Import Volume|Export Volume|La Niña|Harvested Area|Soybean|Soybean Oil|Crude Palm Oil|Canola Oil|Source Document|Confidence Score
16.11_Turkey_Oilseeds and Products Update.pdf,data/raw/USDA/FAS/GAIN/Oilseeds/2016/11/16.11_Turkey_Oilseeds and Products Update.pdf,data/raw/USDA/FAS/GAIN/Oilseeds/2016/11/Summary/16.11_Turkey_Oilseeds and Products Update.md,True,6,7966,압착|재고,상방 우세,6,4,Import Volume|Export Volume|Harvested Area|Soybean|Soybean Oil|Neutral Regime|Source Document
16.11_Ukraine_Oilseeds and Products Update.pdf,data/raw/USDA/FAS/GAIN/Oilseeds/2016/11/16.11_Ukraine_Oilseeds and Products Update.pdf,data/raw/USDA/FAS/GAIN/Oilseeds/2016/11/Summary/16.11_Ukraine_Oilseeds and Products Update.md,True,22,39488,물류충격|압착|재고,하방 우세,3,18,Import Volume|Export Volume|Harvested Area|Production Volume|Soybean|Canola Oil|Source Document
16.12_Argentina_Oilseeds and Products Update.pdf,data/raw/USDA/FAS/GAIN/Oilseeds/2016/12/16.12_Argentina_Oilseeds and Products Update.pdf,data/raw/USDA/FAS/GAIN/Oilseeds/2016/12/Summary/16.12_Argentina_Oilseeds and Products Update.md,True,6,13727,기상이변|생산변동|수출규제|압착|재고,하방 우세,8,25,Import Volume|Export Volume|La Niña|Harvested Area|Crushing Volume|Soybean|Free on Board|Source Document|Confidence Score
16.12_Brazil_Oilseeds and Products Update - Soybean Plantings in Brazil Making Good Progress.pdf,data/raw/USDA/FAS/GAIN/Oilseeds/2016/12/16.12_Brazil_Oilseeds and Products Update - Soybean Plantings in Brazil Making Good Progress.pdf,data/raw/USDA/FAS/GAIN/Oilseeds/2016/12/Summary/16.12_Brazil_Oilseeds and Products Update - Soybean Plantings in Brazil Making Good Progress.md,True,4,5678,바이오연료수요|생산변동|압착|재고,상방 우세,10,1,Import Volume|Export Volume|Harvested Area|Crushing Volume|Soybean|Source Document
16.12_Brazil_Oilseeds and Products Update.pdf,data/raw/USDA/FAS/GAIN/Oilseeds/2016/12/16.12_Brazil_Oilseeds and Products Update.pdf,data/raw/USDA/FAS/GAIN/Oilseeds/2016/12/Summary/16.12_Brazil_Oilseeds and Products Update.md,True,4,6409,바이오연료수요|생산변동|압착|재고,상방 우세,17,4,Import Volume|Export Volume|Soil Moisture Percentile|Harvested Area|Crushing Volume|Soybean|Source Document
17.01_Ecuador_FAS Protects USD 120 Million of U.S. Soybean Meal Exports.pdf,data/raw/USDA/FAS/GAIN/Oilseeds/2017/01/17.01_Ecuador_FAS Protects USD 120 Million of U.S. Soybean Meal Exports.pdf,data/raw/USDA/FAS/GAIN/Oilseeds/2017/01/Summary/17.01_Ecuador_FAS Protects USD 120 Million of U.S. Soybean Meal Exports.md,True,3,5221,압착,상방 우세,2,0,Import Volume|Export Volume|Soybean|Source Document
17.01_India_Declaration of Class Title of Edible Oil and Fats Gets Extension.pdf,data/raw/USDA/FAS/GAIN/Oilseeds/2017/01/17.01_India_Declaration of Class Title of Edible Oil and Fats Gets Extension.pdf,data/raw/USDA/FAS/GAIN/Oilseeds/2017/01/Summary/17.01_India_Declaration of Class Title of Edible Oil and Fats Gets Extension.md,True,3,1381,,중립/혼재,0,0,Source Document
17.01_India_Draft Notification on Food Fortification Published in Indian Gazette.pdf,data/raw/USDA/FAS/GAIN/Oilseeds/2017/01/17.01_India_Draft Notification on Food Fortification Published in Indian Gazette.pdf,data/raw/USDA/FAS/GAIN/Oilseeds/2017/01/Summary/17.01_India_Draft Notification on Food Fortification Published in Indian Gazette.md,True,10,2067,,중립/혼재,0,0,Source Document
17.01_Italy_Olive Oil Overview 2016.pdf,data/raw/USDA/FAS/GAIN/Oilseeds/2017/01/17.01_Italy_Olive Oil Overview 2016.pdf,data/raw/USDA/FAS/GAIN/Oilseeds/2017/01/Summary/17.01_Italy_Olive Oil Overview 2016.md,True,4,6751,바이오연료수요,하방 우세,1,3,Import Volume|Export Volume|Source Document
17.02_Argentina_Government Modifies Export Rebates to Bolster Value-Added Products.pdf,data/raw/USDA/FAS/GAIN/Oilseeds/2017/02/17.02_Argentina_Government Modifies Export Rebates to Bolster Value-Added Products.pdf,data/raw/USDA/FAS/GAIN/Oilseeds/2017/02/Summary/17.02_Argentina_Government Modifies Export Rebates to Bolster Value-Added Products.md,True,10,19279,물류충격|수출규제,중립/혼재,2,2,Export Volume|Soybean|Source Document
17.02_Argentina_Oilseeds and Products Voluntary.pdf,data/raw/USDA/FAS/GAIN/Oilseeds/2017/02/17.02_Argentina_Oilseeds and Products Voluntary.pdf,data/raw/USDA/FAS/GAIN/Oilseeds/2017/02/Summary/17.02_Argentina_Oilseeds and Products Voluntary.md,True,5,11285,기상이변|압착|재고,하방 우세,7,18,Import Volume|Export Volume|Harvested Area|Crushing Volume|Soybean|Source Document
17.02_India_New Standards for Edible Fats Invite WTO Comments.pdf,data/raw/USDA/FAS/GAIN/Oilseeds/2017/02/17.02_India_New Standards for Edible Fats Invite WTO Comments.pdf,data/raw/USDA/FAS/GAIN/Oilseeds/2017/02/Summary/17.02_India_New Standards for Edible Fats Invite WTO Comments.md,True,6,2721,,하방 우세,0,1,Source Document
17.02_India_Oilseeds and Products Update.pdf,data/raw/USDA/FAS/GAIN/Oilseeds/2017/02/17.02_India_Oilseeds and Products Update.pdf,data/raw/USDA/FAS/GAIN/Oilseeds/2017/02/Summary/17.02_India_Oilseeds and Products Update.md,True,10,13613,생산변동|압착|재고,하방 우세,16,24,Import Volume|Export Volume|Soil Moisture Percentile|Harvested Area|Soybean Oil|Crude Palm Oil|Sunflower Oil|Source Document
17.02_India_WTO Comments Invited on New Standards for Cereal and Cereal Products.pdf,data/raw/USDA/FAS/GAIN/Oilseeds/2017/02/17.02_India_WTO Comments Invited on New Standards for Cereal and Cereal Products.pdf,data/raw/USDA/FAS/GAIN/Oilseeds/2017/02/Summary/17.02_India_WTO Comments Invited on New Standards for Cereal and Cereal Products.md,True,14,2644,,하방 우세,0,1,Source Document
17.02_Japan_Considering Relaxing Feed Ingredient Mixing Requirements.pdf,data/raw/USDA/FAS/GAIN/Oilseeds/2017/02/17.02_Japan_Considering Relaxing Feed Ingredient Mixing Requirements.pdf,data/raw/USDA/FAS/GAIN/Oilseeds/2017/02/Summary/17.02_Japan_Considering Relaxing Feed Ingredient Mixing Requirements.md,True,3,5799,,상방 우세,1,0,Neutral Regime|Source Document
17.02_Tunisia_Oilseeds and Products Annual.pdf,data/raw/USDA/FAS/GAIN/Oilseeds/2017/02/17.02_Tunisia_Oilseeds and Products Annual.pdf,data/raw/USDA/FAS/GAIN/Oilseeds/2017/02/Summary/17.02_Tunisia_Oilseeds and Products Annual.md,True,9,16039,기상이변|생산변동|수입관세|압착|재고,상방 우세,20,15,Import Volume|Export Volume|Harvested Area|Crushing Volume|Soybean|Vegetable Oil|Crude Palm Oil|Canola Oil|Source Document
17.02_Turkey_Oilseeds and Products Annual.pdf,data/raw/USDA/FAS/GAIN/Oilseeds/2017/02/17.02_Turkey_Oilseeds and Products Annual.pdf,data/raw/USDA/FAS/GAIN/Oilseeds/2017/02/Summary/17.02_Turkey_Oilseeds and Products Annual.md,True,23,42874,물류충격|바이오연료수요|생산변동|수입관세|압착|재고,하방 우세,70,96,Import Volume|Export Volume|Soil Moisture Percentile|Harvested Area|Production Volume|Soybean|Soybean Oil|Neutral Regime|Geopolitical Conflict|Source Document
17.02_Vietnam_MARD Removes Extra Steps to the Agricultural Substances Registration.pdf,data/raw/USDA/FAS/GAIN/Oilseeds/2017/02/17.02_Vietnam_MARD Removes Extra Steps to the Agricultural Substances Registration.pdf,data/raw/USDA/FAS/GAIN/Oilseeds/2017/02/Summary/17.02_Vietnam_MARD Removes Extra Steps to the Agricultural Substances Registration.md,True,4,6164,,중립/혼재,0,0,Production Volume|Source Document
17.03_Bangladesh_Oilseeds and Products Annual.pdf,data/raw/USDA/FAS/GAIN/Oilseeds/2017/03/17.03_Bangladesh_Oilseeds and Products Annual.pdf,data/raw/USDA/FAS/GAIN/Oilseeds/2017/03/Summary/17.03_Bangladesh_Oilseeds and Products Annual.md,True,12,19877,바이오연료수요|압착|재고,상방 우세,26,5,Import Volume|Export Volume|Harvested Area|Crushing Volume|Soybean|Soybean Oil|Vegetable Oil|Crude Palm Oil|Canola Oil|Source Document
17.03_Brazil_Oilseeds and Products Annual.pdf,data/raw/USDA/FAS/GAIN/Oilseeds/2017/03/17.03_Brazil_Oilseeds and Products Annual.pdf,data/raw/USDA/FAS/GAIN/Oilseeds/2017/03/Summary/17.03_Brazil_Oilseeds and Products Annual.md,True,12,15906,기상이변|바이오연료수요|생산변동|압착|재고,중립/혼재,24,23,Import Volume|Export Volume|Harvested Area|Soybean|Source Document|Confidence Score
17.03_Canada_Health Canada Intends to Phase-Out Imidacloprid.pdf,data/raw/USDA/FAS/GAIN/Oilseeds/2017/03/17.03_Canada_Health Canada Intends to Phase-Out Imidacloprid.pdf,data/raw/USDA/FAS/GAIN/Oilseeds/2017/03/Summary/17.03_Canada_Health Canada Intends to Phase-Out Imidacloprid.md,True,3,5062,,중립/혼재,0,0,Soybean|Source Document
17.03_Canada_Oilseeds and Products Annual.pdf,data/raw/USDA/FAS/GAIN/Oilseeds/2017/03/17.03_Canada_Oilseeds and Products Annual.pdf,data/raw/USDA/FAS/GAIN/Oilseeds/2017/03/Summary/17.03_Canada_Oilseeds and Products Annual.md,True,17,25146,생산변동|압착|재고,하방 우세,30,60,Import Volume|Export Volume|Harvested Area|Production Volume|Crushing Volume|Stock-to-Use Ratio|Soybean|Source Document
17.03_China_Oilseeds and Products Annual.pdf,data/raw/USDA/FAS/GAIN/Oilseeds/2017/03/17.03_China_Oilseeds and Products Annual.pdf,data/raw/USDA/FAS/GAIN/Oilseeds/2017/03/Summary/17.03_China_Oilseeds and Products Annual.md,True,51,66760,바이오연료수요|생산변동|수입관세|수출규제|압착|재고,상방 우세,88,62,Import Volume|Export Volume|Harvested Area|Production Volume|Crushing Volume|Soybean|Soybean Oil|Crude Palm Oil|Canola Oil|Import Tariff|Source Document
17.03_EU_Oilseeds and Products Annual.pdf,data/raw/USDA/FAS/GAIN/Oilseeds/2017/03/17.03_EU_Oilseeds and Products Annual.pdf,data/raw/USDA/FAS/GAIN/Oilseeds/2017/03/Summary/17.03_EU_Oilseeds and Products Annual.md,True,51,38584,물류충격|바이오연료수요|압착|재고,하방 우세,65,86,Import Volume|Export Volume|Harvested Area|Production Volume|Crushing Volume|Soybean|Crude Palm Oil|Canola Oil|Bear Regime|Source Document
17.03_Egypt_Oilseeds and Products Annual.pdf,data/raw/USDA/FAS/GAIN/Oilseeds/2017/03/17.03_Egypt_Oilseeds and Products Annual.pdf,data/raw/USDA/FAS/GAIN/Oilseeds/2017/03/Summary/17.03_Egypt_Oilseeds and Products Annual.md,True,15,31010,바이오연료수요|수입관세|압착|재고,중립/혼재,48,56,Inflation|Import Volume|Export Volume|Harvested Area|Soybean|Soybean Oil|Vegetable Oil|Crude Palm Oil|Neutral Regime|Cost and Freight|Import Tariff|Source Document
17.03_India_Oilseeds and Products Annual.pdf,data/raw/USDA/FAS/GAIN/Oilseeds/2017/03/17.03_India_Oilseeds and Products Annual.pdf,data/raw/USDA/FAS/GAIN/Oilseeds/2017/03/Summary/17.03_India_Oilseeds and Products Annual.md,True,25,43293,바이오연료수요|생산변동|수입관세|압착|재고,중립/혼재,31,30,Import Volume|Export Volume|Harvested Area|Soybean|Soybean Oil|Crude Soybean Oil|Vegetable Oil|Crude Palm Oil|Canola Oil|Sunflower Oil|Import Tariff|Source Document
17.03_India_Timeline for Declaration of Trans Fat Food Labels Gets Extension.pdf,data/raw/USDA/FAS/GAIN/Oilseeds/2017/03/17.03_India_Timeline for Declaration of Trans Fat Food Labels Gets Extension.pdf,data/raw/USDA/FAS/GAIN/Oilseeds/2017/03/Summary/17.03_India_Timeline for Declaration of Trans Fat Food Labels Gets Extension.md,True,3,1811,,중립/혼재,0,0,Source Document
17.03_Indonesia_Oilseeds and Products Annual.pdf,data/raw/USDA/FAS/GAIN/Oilseeds/2017/03/17.03_Indonesia_Oilseeds and Products Annual.pdf,data/raw/USDA/FAS/GAIN/Oilseeds/2017/03/Summary/17.03_Indonesia_Oilseeds and Products Annual.md,True,19,34597,기상이변|물류충격|바이오연료수요|생산변동|압착|재고,상방 우세,35,25,Import Volume|Export Volume|Harvested Area|Soybean|Soybean Oil|Crude Palm Oil|Freight Rate|Source Document
17.03_Japan_Oilseeds and Products Annual.pdf,data/raw/USDA/FAS/GAIN/Oilseeds/2017/03/17.03_Japan_Oilseeds and Products Annual.pdf,data/raw/USDA/FAS/GAIN/Oilseeds/2017/03/Summary/17.03_Japan_Oilseeds and Products Annual.md,True,20,40828,물류충격|바이오연료수요|생산변동|압착|재고,상방 우세,77,37,Import Volume|Export Volume|Harvested Area|Crushing Volume|Crushing Rate|Soybean|Crude Palm Oil|Canola Oil|Source Document
17.03_Malaysia_Oilseeds and Products Annual.pdf,data/raw/USDA/FAS/GAIN/Oilseeds/2017/03/17.03_Malaysia_Oilseeds and Products Annual.pdf,data/raw/USDA/FAS/GAIN/Oilseeds/2017/03/Summary/17.03_Malaysia_Oilseeds and Products Annual.md,True,16,26105,기상이변|바이오연료수요|수출규제|압착|재고,상방 우세,39,11,Import Volume|Export Volume|Harvested Area|Production Volume|Soybean|Vegetable Oil|Crude Palm Oil|Source Document
17.03_Philippines_Oilseeds and Products Annual.pdf,data/raw/USDA/FAS/GAIN/Oilseeds/2017/03/17.03_Philippines_Oilseeds and Products Annual.pdf,data/raw/USDA/FAS/GAIN/Oilseeds/2017/03/Summary/17.03_Philippines_Oilseeds and Products Annual.md,True,13,31534,기상이변|바이오연료수요|생산변동|압착|재고,상방 우세,43,10,Import Volume|Export Volume|Harvested Area|Production Volume|Crushing Volume|Soybean|Crude Palm Oil|Source Document
17.03_Russia_Oilseeds and Products Annual.pdf,data/raw/USDA/FAS/GAIN/Oilseeds/2017/03/17.03_Russia_Oilseeds and Products Annual.pdf,data/raw/USDA/FAS/GAIN/Oilseeds/2017/03/Summary/17.03_Russia_Oilseeds and Products Annual.md,True,48,55005,기상이변|수출규제|압착|재고,하방 우세,103,183,Import Volume|Export Volume|Planted Area|Harvested Area|Production Volume|Crushing Volume|Soybean|Canola Oil|Neutral Regime|Export Tax|Source Document
17.03_South Korea_Oilseeds and Products Annual.pdf,data/raw/USDA/FAS/GAIN/Oilseeds/2017/03/17.03_South Korea_Oilseeds and Products Annual.pdf,data/raw/USDA/FAS/GAIN/Oilseeds/2017/03/Summary/17.03_South Korea_Oilseeds and Products Annual.md,True,29,51242,기상이변|바이오연료수요|생산변동|수입관세|압착|재고,중립/혼재,18,22,Import Volume|Export Volume|Harvested Area|Production Volume|Soybean|Crude Palm Oil|Bull Regime|Bear Regime|Import Tariff|Source Document
17.03_Taiwan_Oilseeds and Products Annual.pdf,data/raw/USDA/FAS/GAIN/Oilseeds/2017/03/17.03_Taiwan_Oilseeds and Products Annual.pdf,data/raw/USDA/FAS/GAIN/Oilseeds/2017/03/Summary/17.03_Taiwan_Oilseeds and Products Annual.md,True,9,18902,바이오연료수요|압착|재고,하방 우세,12,21,Import Volume|Export Volume|Harvested Area|Production Volume|Soybean|Soybean Oil|Crude Palm Oil|Source Document
17.03_Thailand_Oilseeds and Products Annual.pdf,data/raw/USDA/FAS/GAIN/Oilseeds/2017/03/17.03_Thailand_Oilseeds and Products Annual.pdf,data/raw/USDA/FAS/GAIN/Oilseeds/2017/03/Summary/17.03_Thailand_Oilseeds and Products Annual.md,True,20,30576,기상이변|물류충격|바이오연료수요|수입관세|수출규제|압착|재고,중립/혼재,30,26,Import Volume|Export Volume|Harvested Area|Soybean|Crude Palm Oil|Source Document
17.03_Ukraine_Oilseeds and Products Annual.pdf,data/raw/USDA/FAS/GAIN/Oilseeds/2017/03/17.03_Ukraine_Oilseeds and Products Annual.pdf,data/raw/USDA/FAS/GAIN/Oilseeds/2017/03/Summary/17.03_Ukraine_Oilseeds and Products Annual.md,True,54,49800,수출규제|압착|재고,하방 우세,47,150,Import Volume|Export Volume|Soil Moisture Percentile|Harvested Area|Production Volume|Crushing Volume|Soybean|Crude Palm Oil|Canola Oil|Export Tax|Source Document
17.04_Argentina_Oilseeds and Products Annual.pdf,data/raw/USDA/FAS/GAIN/Oilseeds/2017/04/17.04_Argentina_Oilseeds and Products Annual.pdf,data/raw/USDA/FAS/GAIN/Oilseeds/2017/04/Summary/17.04_Argentina_Oilseeds and Products Annual.md,True,14,30993,기상이변|물류충격|바이오연료수요|수출규제|압착|재고,하방 우세,45,67,Import Volume|Export Volume|Harvested Area|Crushing Volume|Soybean|Soybean Oil|Sunflower Oil|Neutral Regime|Hold Recommendation|Source Document
17.04_Australia_Oilseeds and Products Annual.pdf,data/raw/USDA/FAS/GAIN/Oilseeds/2017/04/17.04_Australia_Oilseeds and Products Annual.pdf,data/raw/USDA/FAS/GAIN/Oilseeds/2017/04/Summary/17.04_Australia_Oilseeds and Products Annual.md,True,15,23553,바이오연료수요|압착|재고,중립/혼재,27,25,Import Volume|Export Volume|Soil Moisture Percentile|Harvested Area|Soybean|Source Document
17.04_Bulgaria_Oilseeds and Products Annual Report.pdf,data/raw/USDA/FAS/GAIN/Oilseeds/2017/04/17.04_Bulgaria_Oilseeds and Products Annual Report.pdf,data/raw/USDA/FAS/GAIN/Oilseeds/2017/04/Summary/17.04_Bulgaria_Oilseeds and Products Annual Report.md,True,14,27006,기상이변|물류충격|바이오연료수요|생산변동|수출규제|압착|재고,하방 우세,37,103,Import Volume|Export Volume|Soil Moisture Percentile|Production Volume|Crushing Volume|Soybean|Canola Oil|Neutral Regime|Export Tax|Source Document
17.04_Canada_Re-Evaluation Process and Current Timeline for Plant Protection.pdf,data/raw/USDA/FAS/GAIN/Oilseeds/2017/04/17.04_Canada_Re-Evaluation Process and Current Timeline for Plant Protection.pdf,data/raw/USDA/FAS/GAIN/Oilseeds/2017/04/Summary/17.04_Canada_Re-Evaluation Process and Current Timeline for Plant Protection.md,True,6,7482,,중립/혼재,0,0,Neutral Regime|Source Document
17.04_Estonia_2017 Annual Oilseeds and Products Report.pdf,data/raw/USDA/FAS/GAIN/Oilseeds/2017/04/17.04_Estonia_2017 Annual Oilseeds and Products Report.pdf,data/raw/USDA/FAS/GAIN/Oilseeds/2017/04/Summary/17.04_Estonia_2017 Annual Oilseeds and Products Report.md,True,7,8455,생산변동|압착,중립/혼재,11,14,Import Volume|Export Volume|Planted Area|Production Volume|Canola Oil|Source Document
17.04_Latvia_2017 Annual Oilseeds and Products Report.pdf,data/raw/USDA/FAS/GAIN/Oilseeds/2017/04/17.04_Latvia_2017 Annual Oilseeds and Products Report.pdf,data/raw/USDA/FAS/GAIN/Oilseeds/2017/04/Summary/17.04_Latvia_2017 Annual Oilseeds and Products Report.md,True,7,9944,바이오연료수요|압착,상방 우세,16,10,Import Volume|Export Volume|Planted Area|Production Volume|Canola Oil|Source Document
17.04_Lithuania_2017 Annual Oilseeds and Products Report.pdf,data/raw/USDA/FAS/GAIN/Oilseeds/2017/04/17.04_Lithuania_2017 Annual Oilseeds and Products Report.pdf,data/raw/USDA/FAS/GAIN/Oilseeds/2017/04/Summary/17.04_Lithuania_2017 Annual Oilseeds and Products Report.md,True,7,10612,바이오연료수요|압착,상방 우세,21,11,Import Volume|Export Volume|Production Volume|Vegetable Oil|Canola Oil|Source Document
17.04_Mexico_Oilseeds and Products Annual.pdf,data/raw/USDA/FAS/GAIN/Oilseeds/2017/04/17.04_Mexico_Oilseeds and Products Annual.pdf,data/raw/USDA/FAS/GAIN/Oilseeds/2017/04/Summary/17.04_Mexico_Oilseeds and Products Annual.md,True,23,56121,물류충격|바이오연료수요|생산변동|압착|재고,중립/혼재,66,71,Import Volume|Export Volume|Harvested Area|Soybean|Vegetable Oil|Canola Oil|Bear Regime|Neutral Regime|Source Document
17.04_Pakistan_Oilseeds and Products Annual.pdf,data/raw/USDA/FAS/GAIN/Oilseeds/2017/04/17.04_Pakistan_Oilseeds and Products Annual.pdf,data/raw/USDA/FAS/GAIN/Oilseeds/2017/04/Summary/17.04_Pakistan_Oilseeds and Products Annual.md,True,21,25751,바이오연료수요|압착|재고,하방 우세,13,18,Import Volume|Export Volume|Harvested Area|Soybean|Crude Palm Oil|Source Document
17.04_Paraguay_Oilseeds and Products Annual.pdf,data/raw/USDA/FAS/GAIN/Oilseeds/2017/04/17.04_Paraguay_Oilseeds and Products Annual.pdf,data/raw/USDA/FAS/GAIN/Oilseeds/2017/04/Summary/17.04_Paraguay_Oilseeds and Products Annual.md,True,11,17434,바이오연료수요|생산변동|압착|재고,하방 우세,23,30,Import Volume|Export Volume|Harvested Area|Production Volume|Crushing Volume|Soybean|Source Document
17.04_Poland_2017 Annual Oilseeds and Products Report.pdf,data/raw/USDA/FAS/GAIN/Oilseeds/2017/04/17.04_Poland_2017 Annual Oilseeds and Products Report.pdf,data/raw/USDA/FAS/GAIN/Oilseeds/2017/04/Summary/17.04_Poland_2017 Annual Oilseeds and Products Report.md,True,8,14394,바이오연료수요|생산변동|압착|재고,중립/혼재,17,16,Import Volume|Export Volume|Production Volume|Soybean|Canola Oil|Source Document
17.04_Romania_Oilseeds and Products Annual Report.pdf,data/raw/USDA/FAS/GAIN/Oilseeds/2017/04/17.04_Romania_Oilseeds and Products Annual Report.pdf,data/raw/USDA/FAS/GAIN/Oilseeds/2017/04/Summary/17.04_Romania_Oilseeds and Products Annual Report.md,True,9,17823,기상이변|물류충격|바이오연료수요|압착,하방 우세,22,36,Import Volume|Export Volume|Soil Moisture Percentile|Production Volume|Soybean|Canola Oil|Sunflower Oil|Biodiesel Blend Mandate|Source Document
17.04_South Africa_Oilseeds and Products Annual.pdf,data/raw/USDA/FAS/GAIN/Oilseeds/2017/04/17.04_South Africa_Oilseeds and Products Annual.pdf,data/raw/USDA/FAS/GAIN/Oilseeds/2017/04/Summary/17.04_South Africa_Oilseeds and Products Annual.md,True,17,25117,기상이변|수입관세|압착|재고,하방 우세,39,86,Gross Domestic Product|Import Volume|Export Volume|Harvested Area|Soybean|Crude Palm Oil|Source Document
17.04_Uruguay_Oilseeds and Products Annual.pdf,data/raw/USDA/FAS/GAIN/Oilseeds/2017/04/17.04_Uruguay_Oilseeds and Products Annual.pdf,data/raw/USDA/FAS/GAIN/Oilseeds/2017/04/Summary/17.04_Uruguay_Oilseeds and Products Annual.md,True,11,21441,기상이변|바이오연료수요|생산변동|압착|재고,중립/혼재,21,23,Import Volume|Export Volume|Harvested Area|Production Volume|Soybean|Neutral Regime|Source Document
17.04_Vietnam_Oilseeds and Products Annual.pdf,data/raw/USDA/FAS/GAIN/Oilseeds/2017/04/17.04_Vietnam_Oilseeds and Products Annual.pdf,data/raw/USDA/FAS/GAIN/Oilseeds/2017/04/Summary/17.04_Vietnam_Oilseeds and Products Annual.md,True,81,46173,기상이변|수입관세|압착|재고,상방 우세,44,28,Import Volume|Export Volume|Harvested Area|Production Volume|Soybean|Soybean Oil|Crude Soybean Oil|Crude Palm Oil|Source Document
17.05_India_Implements Food Fortification Regulation.pdf,data/raw/USDA/FAS/GAIN/Oilseeds/2017/05/17.05_India_Implements Food Fortification Regulation.pdf,data/raw/USDA/FAS/GAIN/Oilseeds/2017/05/Summary/17.05_India_Implements Food Fortification Regulation.md,True,3,1865,,중립/혼재,0,0,Source Document
17.06_Italy_Olive Oil Overview 2017.pdf,data/raw/USDA/FAS/GAIN/Oilseeds/2017/06/17.06_Italy_Olive Oil Overview 2017.pdf,data/raw/USDA/FAS/GAIN/Oilseeds/2017/06/Summary/17.06_Italy_Olive Oil Overview 2017.md,True,4,6370,바이오연료수요,하방 우세,2,3,Import Volume|Export Volume|Source Document
17.06_Portugal_Biofuel Market Outlook.pdf,data/raw/USDA/FAS/GAIN/Oilseeds/2017/06/17.06_Portugal_Biofuel Market Outlook.pdf,data/raw/USDA/FAS/GAIN/Oilseeds/2017/06/Summary/17.06_Portugal_Biofuel Market Outlook.md,True,26,48911,바이오연료수요|압착,상방 우세,31,17,Import Volume|Export Volume|Production Volume|Soybean|Crude Palm Oil|Canola Oil|Source Document
17.06_Spain_Biodiesel and Renewable Diesel Overview.pdf,data/raw/USDA/FAS/GAIN/Oilseeds/2017/06/17.06_Spain_Biodiesel and Renewable Diesel Overview.pdf,data/raw/USDA/FAS/GAIN/Oilseeds/2017/06/Summary/17.06_Spain_Biodiesel and Renewable Diesel Overview.md,True,26,45116,바이오연료수요|생산변동|압착,상방 우세,33,16,Import Volume|Export Volume|Soybean|Crude Palm Oil|Canola Oil|Agricultural Exemption|Source Document
17.06_Spain_Drought in Spain to Boost Grain Imports.pdf,data/raw/USDA/FAS/GAIN/Oilseeds/2017/06/17.06_Spain_Drought in Spain to Boost Grain Imports.pdf,data/raw/USDA/FAS/GAIN/Oilseeds/2017/06/Summary/17.06_Spain_Drought in Spain to Boost Grain Imports.md,True,13,19725,기상이변|물류충격|바이오연료수요|생산변동|압착|재고,하방 우세,11,30,Import Volume|Soil Moisture Percentile|Production Volume|Soybean|Source Document
17.06_Turkey_Oilseeds and Products Update.pdf,data/raw/USDA/FAS/GAIN/Oilseeds/2017/06/17.06_Turkey_Oilseeds and Products Update.pdf,data/raw/USDA/FAS/GAIN/Oilseeds/2017/06/Summary/17.06_Turkey_Oilseeds and Products Update.md,True,6,7705,압착|재고,상방 우세,9,1,Import Volume|Export Volume|Harvested Area|Soybean|Source Document
17.06_Ukraine_Sunflower Production Likely to Remain Strong.pdf,data/raw/USDA/FAS/GAIN/Oilseeds/2017/06/17.06_Ukraine_Sunflower Production Likely to Remain Strong.pdf,data/raw/USDA/FAS/GAIN/Oilseeds/2017/06/Summary/17.06_Ukraine_Sunflower Production Likely to Remain Strong.md,True,20,38300,물류충격|수출규제|압착|재고,하방 우세,5,22,Import Volume|Export Volume|Soil Moisture Percentile|Harvested Area|Soybean|Crude Palm Oil|Canola Oil|Source Document
17.06_Vietnam_MARD revises regulations on feed management.pdf,data/raw/USDA/FAS/GAIN/Oilseeds/2017/06/17.06_Vietnam_MARD revises regulations on feed management.pdf,data/raw/USDA/FAS/GAIN/Oilseeds/2017/06/Summary/17.06_Vietnam_MARD revises regulations on feed management.md,True,50,68669,,하방 우세,5,9,Production Volume|Neutral Regime|Source Document
17.07_Algeria_Trade Suspended for Several High-value Processed Products.pdf,data/raw/USDA/FAS/GAIN/Oilseeds/2017/07/17.07_Algeria_Trade Suspended for Several High-value Processed Products.pdf,data/raw/USDA/FAS/GAIN/Oilseeds/2017/07/Summary/17.07_Algeria_Trade Suspended for Several High-value Processed Products.md,True,4,8905,,하방 우세,0,1,Import Volume|Export Volume|Source Document
17.07_Brazil_Oilseeds and Products Update.pdf,data/raw/USDA/FAS/GAIN/Oilseeds/2017/07/17.07_Brazil_Oilseeds and Products Update.pdf,data/raw/USDA/FAS/GAIN/Oilseeds/2017/07/Summary/17.07_Brazil_Oilseeds and Products Update.md,True,5,7188,바이오연료수요|생산변동|압착|재고,중립/혼재,15,13,Import Volume|Export Volume|Harvested Area|Soybean|Source Document
17.07_China_Oilseeds and Products Update.pdf,data/raw/USDA/FAS/GAIN/Oilseeds/2017/07/17.07_China_Oilseeds and Products Update.pdf,data/raw/USDA/FAS/GAIN/Oilseeds/2017/07/Summary/17.07_China_Oilseeds and Products Update.md,True,23,41203,생산변동|압착|재고,상방 우세,48,33,Gross Domestic Product|Import Volume|Export Volume|Harvested Area|Soybean|Soybean Oil|Crude Palm Oil|Canola Oil|Neutral Regime|Source Document
17.07_India_Amendments Relating to Sale of Vegetable Oil and Fat Invite Comments.pdf,data/raw/USDA/FAS/GAIN/Oilseeds/2017/07/17.07_India_Amendments Relating to Sale of Vegetable Oil and Fat Invite Comments.pdf,data/raw/USDA/FAS/GAIN/Oilseeds/2017/07/Summary/17.07_India_Amendments Relating to Sale of Vegetable Oil and Fat Invite Comments.md,True,2,2220,바이오연료수요,하방 우세,0,1,Source Document
17.07_India_Class Title and Trans Fat Content Declaration Gets Further Extension.pdf,data/raw/USDA/FAS/GAIN/Oilseeds/2017/07/17.07_India_Class Title and Trans Fat Content Declaration Gets Further Extension.pdf,data/raw/USDA/FAS/GAIN/Oilseeds/2017/07/Summary/17.07_India_Class Title and Trans Fat Content Declaration Gets Further Extension.md,True,2,1568,,중립/혼재,0,0,Source Document
17.07_Indonesia_Oilseeds and Products Update.pdf,data/raw/USDA/FAS/GAIN/Oilseeds/2017/07/17.07_Indonesia_Oilseeds and Products Update.pdf,data/raw/USDA/FAS/GAIN/Oilseeds/2017/07/Summary/17.07_Indonesia_Oilseeds and Products Update.md,True,7,10291,기상이변|바이오연료수요|생산변동|압착|재고,상방 우세,16,4,Import Volume|Export Volume|Harvested Area|Soybean|Crude Palm Oil|Source Document
17.07_Malaysia_Oilseeds and Products Update of June.pdf,data/raw/USDA/FAS/GAIN/Oilseeds/2017/07/17.07_Malaysia_Oilseeds and Products Update of June.pdf,data/raw/USDA/FAS/GAIN/Oilseeds/2017/07/Summary/17.07_Malaysia_Oilseeds and Products Update of June.md,True,8,11476,바이오연료수요|생산변동|수출규제|재고,중립/혼재,12,14,Import Volume|Export Volume|Harvested Area|Soybean Oil|Crude Palm Oil|Export Tax|Source Document
17.07_Netherlands_Signs the European Soya Declaration.pdf,data/raw/USDA/FAS/GAIN/Oilseeds/2017/07/17.07_Netherlands_Signs the European Soya Declaration.pdf,data/raw/USDA/FAS/GAIN/Oilseeds/2017/07/Summary/17.07_Netherlands_Signs the European Soya Declaration.md,True,2,3804,압착,하방 우세,1,2,Export Volume|Soybean|Source Document
17.07_Pakistan_Oilseeds and Products Update.pdf,data/raw/USDA/FAS/GAIN/Oilseeds/2017/07/17.07_Pakistan_Oilseeds and Products Update.pdf,data/raw/USDA/FAS/GAIN/Oilseeds/2017/07/Summary/17.07_Pakistan_Oilseeds and Products Update.md,True,7,11671,바이오연료수요|압착|재고,하방 우세,6,9,Import Volume|Export Volume|Harvested Area|Soybean|Vegetable Oil|Crude Palm Oil|Source Document
17.08_Bulgaria_Expects Record Wheat Crop.pdf,data/raw/USDA/FAS/GAIN/Oilseeds/2017/08/17.08_Bulgaria_Expects Record Wheat Crop.pdf,data/raw/USDA/FAS/GAIN/Oilseeds/2017/08/Summary/17.08_Bulgaria_Expects Record Wheat Crop.md,True,6,10352,물류충격|생산변동,하방 우세,22,41,Export Volume|Soybean|Source Document
17.08_China_Growing Opportunities in China for U.S. Food-Grade Soybeans.pdf,data/raw/USDA/FAS/GAIN/Oilseeds/2017/08/17.08_China_Growing Opportunities in China for U.S. Food-Grade Soybeans.pdf,data/raw/USDA/FAS/GAIN/Oilseeds/2017/08/Summary/17.08_China_Growing Opportunities in China for U.S. Food-Grade Soybeans.md,True,3,6777,,상방 우세,4,0,Soybean|Source Document
17.08_China_Oilseeds and Products Update.pdf,data/raw/USDA/FAS/GAIN/Oilseeds/2017/08/17.08_China_Oilseeds and Products Update.pdf,data/raw/USDA/FAS/GAIN/Oilseeds/2017/08/Summary/17.08_China_Oilseeds and Products Update.md,True,24,44736,기상이변|생산변동|수입관세|압착|재고,중립/혼재,52,42,Gross Domestic Product|Import Volume|Export Volume|Harvested Area|Production Volume|Soybean|Soybean Oil|Crude Palm Oil|Canola Oil|Neutral Regime|Import Tariff|Source Document
17.08_Czech Republic_Grain and Rapeseed Crop Update.pdf,data/raw/USDA/FAS/GAIN/Oilseeds/2017/08/17.08_Czech Republic_Grain and Rapeseed Crop Update.pdf,data/raw/USDA/FAS/GAIN/Oilseeds/2017/08/Summary/17.08_Czech Republic_Grain and Rapeseed Crop Update.md,True,4,6447,기상이변,하방 우세,3,14,Export Volume|Source Document
17.08_EU_Oilseeds Market Update.pdf,data/raw/USDA/FAS/GAIN/Oilseeds/2017/08/17.08_EU_Oilseeds Market Update.pdf,data/raw/USDA/FAS/GAIN/Oilseeds/2017/08/Summary/17.08_EU_Oilseeds Market Update.md,True,19,54116,기상이변|물류충격|바이오연료수요|생산변동|압착|재고,중립/혼재,92,114,Import Volume|Export Volume|Soil Moisture Percentile|Harvested Area|Production Volume|Soybean|Crude Palm Oil|Canola Oil|Neutral Regime|Source Document
17.08_India_Oilseeds and Products Update.pdf,data/raw/USDA/FAS/GAIN/Oilseeds/2017/08/17.08_India_Oilseeds and Products Update.pdf,data/raw/USDA/FAS/GAIN/Oilseeds/2017/08/Summary/17.08_India_Oilseeds and Products Update.md,True,17,19740,생산변동|수입관세|압착|재고,하방 우세,7,37,Import Volume|Export Volume|Soil Moisture Percentile|Harvested Area|Production Volume|Soybean|Soybean Oil|Vegetable Oil|Crude Palm Oil|Sunflower Oil|Import Tariff|Source Document
17.08_Turkey_Turkish Biosafety Board Approves Four More Biotech Traits.pdf,data/raw/USDA/FAS/GAIN/Oilseeds/2017/08/17.08_Turkey_Turkish Biosafety Board Approves Four More Biotech Traits.pdf,data/raw/USDA/FAS/GAIN/Oilseeds/2017/08/Summary/17.08_Turkey_Turkish Biosafety Board Approves Four More Biotech Traits.md,True,4,4780,,중립/혼재,0,0,Import Volume|Soybean|Source Document
17.08_Vietnam_GVN renewed MARD’s authority and organizational structure.pdf,data/raw/USDA/FAS/GAIN/Oilseeds/2017/08/17.08_Vietnam_GVN renewed MARD’s authority and organizational structure.pdf,data/raw/USDA/FAS/GAIN/Oilseeds/2017/08/Summary/17.08_Vietnam_GVN renewed MARD’s authority and organizational structure.md,True,15,39527,기상이변,상방 우세,10,4,Import Volume|Export Volume|Production Volume|Source Document
17.10_Argentina_Oilseeds and Products Update.pdf,data/raw/USDA/FAS/GAIN/Oilseeds/2017/10/17.10_Argentina_Oilseeds and Products Update.pdf,data/raw/USDA/FAS/GAIN/Oilseeds/2017/10/Summary/17.10_Argentina_Oilseeds and Products Update.md,True,6,13898,기상이변|수출규제|압착|재고,하방 우세,13,18,Import Volume|Export Volume|Harvested Area|Soybean|Source Document
17.10_Brazil_Oilseeds and Products Update.pdf,data/raw/USDA/FAS/GAIN/Oilseeds/2017/10/17.10_Brazil_Oilseeds and Products Update.pdf,data/raw/USDA/FAS/GAIN/Oilseeds/2017/10/Summary/17.10_Brazil_Oilseeds and Products Update.md,True,6,8395,바이오연료수요|생산변동|압착|재고,중립/혼재,19,22,Import Volume|Export Volume|Harvested Area|Soybean|Source Document
17.10_China_Chinese Food-grade Soybean Buyers Impressed with U.S. Soy Quality.pdf,data/raw/USDA/FAS/GAIN/Oilseeds/2017/10/17.10_China_Chinese Food-grade Soybean Buyers Impressed with U.S. Soy Quality.pdf,data/raw/USDA/FAS/GAIN/Oilseeds/2017/10/Summary/17.10_China_Chinese Food-grade Soybean Buyers Impressed with U.S. Soy Quality.md,True,3,6212,,상방 우세,1,0,Export Volume|Soybean|Source Document|Confidence Score
17.10_China_Oilseeds and Products Update.pdf,data/raw/USDA/FAS/GAIN/Oilseeds/2017/10/17.10_China_Oilseeds and Products Update.pdf,data/raw/USDA/FAS/GAIN/Oilseeds/2017/10/Summary/17.10_China_Oilseeds and Products Update.md,True,27,49404,기상이변|생산변동|압착|재고,상방 우세,59,41,Gross Domestic Product|Import Volume|Export Volume|Harvested Area|Production Volume|Soybean|Soybean Oil|Vegetable Oil|Crude Palm Oil|Canola Oil|Neutral Regime|Source Document
17.10_India_Southwest Monsoon Closes Out - Lower Rainfall Shapes Yields.pdf,data/raw/USDA/FAS/GAIN/Oilseeds/2017/10/17.10_India_Southwest Monsoon Closes Out - Lower Rainfall Shapes Yields.pdf,data/raw/USDA/FAS/GAIN/Oilseeds/2017/10/Summary/17.10_India_Southwest Monsoon Closes Out - Lower Rainfall Shapes Yields.md,True,9,7227,생산변동,하방 우세,6,17,Planted Area|Soybean|Source Document
17.10_Italy_Olive Oil Update 2017.pdf,data/raw/USDA/FAS/GAIN/Oilseeds/2017/10/17.10_Italy_Olive Oil Update 2017.pdf,data/raw/USDA/FAS/GAIN/Oilseeds/2017/10/Summary/17.10_Italy_Olive Oil Update 2017.md,True,4,6300,기상이변|바이오연료수요,중립/혼재,2,2,Import Volume|Export Volume|Source Document
17.10_Jordan_Morsels-Food and Agricultural Production and Trade Highlight.pdf,data/raw/USDA/FAS/GAIN/Oilseeds/2017/10/17.10_Jordan_Morsels-Food and Agricultural Production and Trade Highlight.pdf,data/raw/USDA/FAS/GAIN/Oilseeds/2017/10/Summary/17.10_Jordan_Morsels-Food and Agricultural Production and Trade Highlight.md,True,3,6107,재고,중립/혼재,6,5,Export Volume|Source Document
17.10_Malaysia_Oilseeds and Products Update of September.pdf,data/raw/USDA/FAS/GAIN/Oilseeds/2017/10/17.10_Malaysia_Oilseeds and Products Update of September.pdf,data/raw/USDA/FAS/GAIN/Oilseeds/2017/10/Summary/17.10_Malaysia_Oilseeds and Products Update of September.md,True,7,9475,기상이변|바이오연료수요|수출규제|재고,상방 우세,14,5,Import Volume|Export Volume|Harvested Area|Crude Palm Oil|Export Tax|Source Document
17.10_Pakistan_Oilseeds and Products Update.pdf,data/raw/USDA/FAS/GAIN/Oilseeds/2017/10/17.10_Pakistan_Oilseeds and Products Update.pdf,data/raw/USDA/FAS/GAIN/Oilseeds/2017/10/Summary/17.10_Pakistan_Oilseeds and Products Update.md,True,5,6389,바이오연료수요|압착|재고,중립/혼재,6,5,Import Volume|Export Volume|Harvested Area|Soybean|Vegetable Oil|Crude Palm Oil|Source Document
17.10_Turkey_Oilseeds and Products Update.pdf,data/raw/USDA/FAS/GAIN/Oilseeds/2017/10/17.10_Turkey_Oilseeds and Products Update.pdf,data/raw/USDA/FAS/GAIN/Oilseeds/2017/10/Summary/17.10_Turkey_Oilseeds and Products Update.md,True,6,8438,생산변동|압착|재고,하방 우세,17,40,Import Volume|Export Volume|Harvested Area|Source Document
17.10_Vietnam_Oilseeds and Products Update.pdf,data/raw/USDA/FAS/GAIN/Oilseeds/2017/10/17.10_Vietnam_Oilseeds and Products Update.pdf,data/raw/USDA/FAS/GAIN/Oilseeds/2017/10/Summary/17.10_Vietnam_Oilseeds and Products Update.md,True,31,51597,생산변동|압착,중립/혼재,27,25,Import Volume|Export Volume|Production Volume|Soybean|Soybean Oil|Crude Soybean Oil|Crude Palm Oil|Canola Oil|Source Document
17.11_India_Oilseeds and Products Update.pdf,data/raw/USDA/FAS/GAIN/Oilseeds/2017/11/17.11_India_Oilseeds and Products Update.pdf,data/raw/USDA/FAS/GAIN/Oilseeds/2017/11/Summary/17.11_India_Oilseeds and Products Update.md,True,13,19968,생산변동|압착|재고,하방 우세,11,24,Import Volume|Export Volume|Harvested Area|Production Volume|Soybean|Soybean Oil|Vegetable Oil|Crude Palm Oil|Sunflower Oil|Source Document
17.11_India_Timeline Extended to Declare Class Title and Trans Fat Content.pdf,data/raw/USDA/FAS/GAIN/Oilseeds/2017/11/17.11_India_Timeline Extended to Declare Class Title and Trans Fat Content.pdf,data/raw/USDA/FAS/GAIN/Oilseeds/2017/11/Summary/17.11_India_Timeline Extended to Declare Class Title and Trans Fat Content.md,True,2,1565,,중립/혼재,0,0,Source Document
17.11_Indonesia_Oilseeds and Products Update.pdf,data/raw/USDA/FAS/GAIN/Oilseeds/2017/11/17.11_Indonesia_Oilseeds and Products Update.pdf,data/raw/USDA/FAS/GAIN/Oilseeds/2017/11/Summary/17.11_Indonesia_Oilseeds and Products Update.md,True,6,8161,기상이변|바이오연료수요|생산변동|수입관세|압착|재고,상방 우세,11,8,Import Volume|Export Volume|La Niña|Harvested Area|Production Volume|Soybean|Crude Palm Oil|Source Document
17.11_Turkey_Oilseeds and Products Update.pdf,data/raw/USDA/FAS/GAIN/Oilseeds/2017/11/17.11_Turkey_Oilseeds and Products Update.pdf,data/raw/USDA/FAS/GAIN/Oilseeds/2017/11/Summary/17.11_Turkey_Oilseeds and Products Update.md,True,7,9110,물류충격|압착|재고,상방 우세,13,0,Import Volume|Export Volume|Harvested Area|Soybean|Source Document
17.12_Bulgaria_Oilseeds and Products Market Update.pdf,data/raw/USDA/FAS/GAIN/Oilseeds/2017/12/17.12_Bulgaria_Oilseeds and Products Market Update.pdf,data/raw/USDA/FAS/GAIN/Oilseeds/2017/12/Summary/17.12_Bulgaria_Oilseeds and Products Market Update.md,True,4,6828,생산변동|압착,하방 우세,14,36,Import Volume|Export Volume|Production Volume|Soybean|Canola Oil|Source Document
17.12_India_Food Fortification Regulations Re-Operationalized.pdf,data/raw/USDA/FAS/GAIN/Oilseeds/2017/12/17.12_India_Food Fortification Regulations Re-Operationalized.pdf,data/raw/USDA/FAS/GAIN/Oilseeds/2017/12/Summary/17.12_India_Food Fortification Regulations Re-Operationalized.md,True,14,2232,,중립/혼재,0,0,Source Document
17.12_Nicaragua_Oilseeds and Products Annual.pdf,data/raw/USDA/FAS/GAIN/Oilseeds/2017/12/17.12_Nicaragua_Oilseeds and Products Annual.pdf,data/raw/USDA/FAS/GAIN/Oilseeds/2017/12/Summary/17.12_Nicaragua_Oilseeds and Products Annual.md,True,6,9823,압착|재고,상방 우세,11,2,Import Volume|Export Volume|Harvested Area|Soybean|Crude Palm Oil|Source Document
17.12_Romania_Oilseeds Update - Romanian Sunflowers Shine.pdf,data/raw/USDA/FAS/GAIN/Oilseeds/2017/12/17.12_Romania_Oilseeds Update - Romanian Sunflowers Shine.pdf,data/raw/USDA/FAS/GAIN/Oilseeds/2017/12/Summary/17.12_Romania_Oilseeds Update - Romanian Sunflowers Shine.md,True,4,6334,기상이변|생산변동|압착,중립/혼재,16,20,Export Volume|Production Volume|Soybean|Source Document
17.12_Ukraine_Oilseeds and Products Update - Bumper Rapeseed Crop.pdf,data/raw/USDA/FAS/GAIN/Oilseeds/2017/12/17.12_Ukraine_Oilseeds and Products Update - Bumper Rapeseed Crop.pdf,data/raw/USDA/FAS/GAIN/Oilseeds/2017/12/Summary/17.12_Ukraine_Oilseeds and Products Update - Bumper Rapeseed Crop.md,True,28,43065,물류충격|수출규제|압착|재고,하방 우세,14,39,Import Volume|Export Volume|Harvested Area|Soybean|Crude Palm Oil|Canola Oil|Neutral Regime|Export Tax|Source Document|Confidence Score
17.12_Vietnam_MARD revises regulations on feed management.pdf,data/raw/USDA/FAS/GAIN/Oilseeds/2017/12/17.12_Vietnam_MARD revises regulations on feed management.pdf,data/raw/USDA/FAS/GAIN/Oilseeds/2017/12/Summary/17.12_Vietnam_MARD revises regulations on feed management.md,True,16,30230,,상방 우세,3,0,Neutral Regime|Source Document
18.01_India_Use of Stickers as Fortification Logo for Edible Oils.pdf,data/raw/USDA/FAS/GAIN/Oilseeds/2018/01/18.01_India_Use of Stickers as Fortification Logo for Edible Oils.pdf,data/raw/USDA/FAS/GAIN/Oilseeds/2018/01/Summary/18.01_India_Use of Stickers as Fortification Logo for Edible Oils.md,True,3,2276,,중립/혼재,0,0,Vegetable Oil|Source Document
18.01_Malaysia_Oilseeds and Products Update of December 2017.pdf,data/raw/USDA/FAS/GAIN/Oilseeds/2018/01/18.01_Malaysia_Oilseeds and Products Update of December 2017.pdf,data/raw/USDA/FAS/GAIN/Oilseeds/2018/01/Summary/18.01_Malaysia_Oilseeds and Products Update of December 2017.md,True,7,9043,기상이변|바이오연료수요|생산변동|수입관세|수출규제|재고,상방 우세,14,6,Import Volume|Export Volume|Harvested Area|Crude Palm Oil|Export Tax|Source Document
18.01_Tunisia_Plant Products Banned from Import into Tunisia.pdf,data/raw/USDA/FAS/GAIN/Oilseeds/2018/01/18.01_Tunisia_Plant Products Banned from Import into Tunisia.pdf,data/raw/USDA/FAS/GAIN/Oilseeds/2018/01/Summary/18.01_Tunisia_Plant Products Banned from Import into Tunisia.md,True,4,5362,,중립/혼재,0,0,Export Volume|Source Document
18.02_Brazil_Oilseeds and Products Update.pdf,data/raw/USDA/FAS/GAIN/Oilseeds/2018/02/18.02_Brazil_Oilseeds and Products Update.pdf,data/raw/USDA/FAS/GAIN/Oilseeds/2018/02/Summary/18.02_Brazil_Oilseeds and Products Update.md,True,4,8154,바이오연료수요|압착|재고,상방 우세,23,9,Import Volume|Export Volume|Harvested Area|Soybean|Source Document
18.02_Egypt_Oilseeds and Products Annual.pdf,data/raw/USDA/FAS/GAIN/Oilseeds/2018/02/18.02_Egypt_Oilseeds and Products Annual.pdf,data/raw/USDA/FAS/GAIN/Oilseeds/2018/02/Summary/18.02_Egypt_Oilseeds and Products Annual.md,True,12,26264,물류충격|바이오연료수요|수입관세|압착|재고,하방 우세,28,54,Inflation|Gross Domestic Product|Import Volume|Export Volume|Harvested Area|Soybean|Vegetable Oil|Crude Palm Oil|Neutral Regime|Source Document
18.02_India_Levy New Surcharge on Imported Goods.pdf,data/raw/USDA/FAS/GAIN/Oilseeds/2018/02/18.02_India_Levy New Surcharge on Imported Goods.pdf,data/raw/USDA/FAS/GAIN/Oilseeds/2018/02/Summary/18.02_India_Levy New Surcharge on Imported Goods.md,True,3,4372,,상방 우세,5,2,Import Tariff|Source Document
18.02_India_Tariffs Increased and Additional Fees with 2018-19 Budget.pdf,data/raw/USDA/FAS/GAIN/Oilseeds/2018/02/18.02_India_Tariffs Increased and Additional Fees with 2018-19 Budget.pdf,data/raw/USDA/FAS/GAIN/Oilseeds/2018/02/Summary/18.02_India_Tariffs Increased and Additional Fees with 2018-19 Budget.md,True,3,3927,수입관세,상방 우세,4,2,Inflation|Source Document
18.02_Japan_MHLW invites public comments on revision of tofu standards.pdf,data/raw/USDA/FAS/GAIN/Oilseeds/2018/02/18.02_Japan_MHLW invites public comments on revision of tofu standards.pdf,data/raw/USDA/FAS/GAIN/Oilseeds/2018/02/Summary/18.02_Japan_MHLW invites public comments on revision of tofu standards.md,True,3,3643,,중립/혼재,0,0,Soybean|Source Document
18.02_Peru_Oilseeds and Products Annual.pdf,data/raw/USDA/FAS/GAIN/Oilseeds/2018/02/18.02_Peru_Oilseeds and Products Annual.pdf,data/raw/USDA/FAS/GAIN/Oilseeds/2018/02/Summary/18.02_Peru_Oilseeds and Products Annual.md,True,7,14328,기상이변|압착|재고,상방 우세,8,6,Import Volume|Export Volume|Soybean|Source Document
18.03_Australia_Oilseeds and Products Annual.pdf,data/raw/USDA/FAS/GAIN/Oilseeds/2018/03/18.03_Australia_Oilseeds and Products Annual.pdf,data/raw/USDA/FAS/GAIN/Oilseeds/2018/03/Summary/18.03_Australia_Oilseeds and Products Annual.md,True,22,31531,바이오연료수요|압착|재고,중립/혼재,32,37,Import Volume|Export Volume|Soil Moisture Percentile|Harvested Area|Production Volume|Soybean|Vegetable Oil|Crude Palm Oil|Neutral Regime|Source Document
18.03_Bangladesh_Oilseeds and Products Annual.pdf,data/raw/USDA/FAS/GAIN/Oilseeds/2018/03/18.03_Bangladesh_Oilseeds and Products Annual.pdf,data/raw/USDA/FAS/GAIN/Oilseeds/2018/03/Summary/18.03_Bangladesh_Oilseeds and Products Annual.md,True,26,31591,바이오연료수요|수입관세|압착|재고,상방 우세,40,19,Import Volume|Export Volume|Harvested Area|Soybean|Soybean Oil|Vegetable Oil|Crude Palm Oil|Canola Oil|Import Tariff|Source Document
18.03_Brazil_Oilseeds and Products Annual.pdf,data/raw/USDA/FAS/GAIN/Oilseeds/2018/03/18.03_Brazil_Oilseeds and Products Annual.pdf,data/raw/USDA/FAS/GAIN/Oilseeds/2018/03/Summary/18.03_Brazil_Oilseeds and Products Annual.md,True,12,17431,기상이변|바이오연료수요|압착|재고,상방 우세,48,14,Import Volume|Export Volume|Harvested Area|Soybean|Source Document
18.03_Canada_Oilseeds and Products Annual.pdf,data/raw/USDA/FAS/GAIN/Oilseeds/2018/03/18.03_Canada_Oilseeds and Products Annual.pdf,data/raw/USDA/FAS/GAIN/Oilseeds/2018/03/Summary/18.03_Canada_Oilseeds and Products Annual.md,True,22,44093,기상이변|물류충격|바이오연료수요|생산변동|압착|재고,중립/혼재,51,48,Import Volume|Export Volume|Soil Moisture Percentile|Crop Yield|Harvested Area|Production Volume|Crushing Volume|Stock-to-Use Ratio|Soybean|Crude Palm Oil|Canola Oil|Source Document
18.03_Canada_Rail Service Disrupting Grain Shipments.pdf,data/raw/USDA/FAS/GAIN/Oilseeds/2018/03/18.03_Canada_Rail Service Disrupting Grain Shipments.pdf,data/raw/USDA/FAS/GAIN/Oilseeds/2018/03/Summary/18.03_Canada_Rail Service Disrupting Grain Shipments.md,True,3,3797,물류충격,중립/혼재,3,3,Production Volume|Source Document
18.03_China_Oilseeds and Products Annual.pdf,data/raw/USDA/FAS/GAIN/Oilseeds/2018/03/18.03_China_Oilseeds and Products Annual.pdf,data/raw/USDA/FAS/GAIN/Oilseeds/2018/03/Summary/18.03_China_Oilseeds and Products Annual.md,True,54,68762,기상이변|바이오연료수요|생산변동|수입관세|압착|재고,상방 우세,80,58,Gross Domestic Product|Import Volume|Export Volume|Crushing Volume|Soybean|Crude Palm Oil|Canola Oil|Import Tariff|Agricultural Exemption|Source Document|Confidence Score
18.03_EU_Oilseeds and Products Annual.pdf,data/raw/USDA/FAS/GAIN/Oilseeds/2018/03/18.03_EU_Oilseeds and Products Annual.pdf,data/raw/USDA/FAS/GAIN/Oilseeds/2018/03/Summary/18.03_EU_Oilseeds and Products Annual.md,True,51,47478,기상이변|바이오연료수요|생산변동|수출규제|압착|재고,중립/혼재,108,89,Import Volume|Export Volume|Harvested Area|Production Volume|Crushing Volume|Soybean|Crude Palm Oil|Canola Oil|Neutral Regime|Source Document
18.03_India_Oilseeds and Products Update of February.pdf,data/raw/USDA/FAS/GAIN/Oilseeds/2018/03/18.03_India_Oilseeds and Products Update of February.pdf,data/raw/USDA/FAS/GAIN/Oilseeds/2018/03/Summary/18.03_India_Oilseeds and Products Update of February.md,True,10,13839,생산변동|수입관세|압착|재고,하방 우세,9,21,Import Volume|Export Volume|Soil Moisture Percentile|Harvested Area|Crushing Volume|Soybean Oil|Vegetable Oil|Crude Palm Oil|Canola Oil|Sunflower Oil|Import Tariff|Source Document
18.03_Indonesia_Oilseeds and Products Annual.pdf,data/raw/USDA/FAS/GAIN/Oilseeds/2018/03/18.03_Indonesia_Oilseeds and Products Annual.pdf,data/raw/USDA/FAS/GAIN/Oilseeds/2018/03/Summary/18.03_Indonesia_Oilseeds and Products Annual.md,True,14,22770,바이오연료수요|수입관세|압착|재고,중립/혼재,21,18,Import Volume|Export Volume|Harvested Area|Soybean|Crude Palm Oil|Source Document
18.03_Japan_Set to Modify its GE Food Labeling System.pdf,data/raw/USDA/FAS/GAIN/Oilseeds/2018/03/18.03_Japan_Set to Modify its GE Food Labeling System.pdf,data/raw/USDA/FAS/GAIN/Oilseeds/2018/03/Summary/18.03_Japan_Set to Modify its GE Food Labeling System.md,True,3,4964,,중립/혼재,1,1,Import Volume|Soybean|Neutral Regime|Source Document
18.03_Pakistan_Oilseeds and Products Annual.pdf,data/raw/USDA/FAS/GAIN/Oilseeds/2018/03/18.03_Pakistan_Oilseeds and Products Annual.pdf,data/raw/USDA/FAS/GAIN/Oilseeds/2018/03/Summary/18.03_Pakistan_Oilseeds and Products Annual.md,True,18,27564,바이오연료수요|생산변동|압착|재고,중립/혼재,15,18,Import Volume|Export Volume|Harvested Area|Soybean|Crude Palm Oil|Import Tariff|Source Document
18.03_Philippines_Oilseeds and Products Annual.pdf,data/raw/USDA/FAS/GAIN/Oilseeds/2018/03/18.03_Philippines_Oilseeds and Products Annual.pdf,data/raw/USDA/FAS/GAIN/Oilseeds/2018/03/Summary/18.03_Philippines_Oilseeds and Products Annual.md,True,13,28795,기상이변|바이오연료수요|생산변동|압착|재고,상방 우세,36,12,Import Volume|Export Volume|Harvested Area|Production Volume|Crushing Volume|Soybean|Crude Palm Oil|Source Document
18.03_Russia_Oilseeds and Products Annual.pdf,data/raw/USDA/FAS/GAIN/Oilseeds/2018/03/18.03_Russia_Oilseeds and Products Annual.pdf,data/raw/USDA/FAS/GAIN/Oilseeds/2018/03/Summary/18.03_Russia_Oilseeds and Products Annual.md,True,29,56798,물류충격|생산변동|수입관세|압착|재고,중립/혼재,126,120,Import Volume|Export Volume|Planted Area|Harvested Area|Production Volume|Crushing Volume|Soybean|Canola Oil|Neutral Regime|Source Document
18.03_South Africa_Oilseeds and Products Annual.pdf,data/raw/USDA/FAS/GAIN/Oilseeds/2018/03/18.03_South Africa_Oilseeds and Products Annual.pdf,data/raw/USDA/FAS/GAIN/Oilseeds/2018/03/Summary/18.03_South Africa_Oilseeds and Products Annual.md,True,15,24704,기상이변|생산변동|수입관세|압착|재고,하방 우세,36,88,Gross Domestic Product|Import Volume|Export Volume|Harvested Area|Soybean|Crude Palm Oil|Source Document
18.03_Thailand_Oilseeds and Products Annual.pdf,data/raw/USDA/FAS/GAIN/Oilseeds/2018/03/18.03_Thailand_Oilseeds and Products Annual.pdf,data/raw/USDA/FAS/GAIN/Oilseeds/2018/03/Summary/18.03_Thailand_Oilseeds and Products Annual.md,True,14,27813,물류충격|바이오연료수요|수출규제|압착|재고,상방 우세,47,24,Import Volume|Export Volume|Harvested Area|Soybean|Crude Palm Oil|Source Document
18.03_Tunisia_Export Declaration Trade Barrier Removed.pdf,data/raw/USDA/FAS/GAIN/Oilseeds/2018/03/18.03_Tunisia_Export Declaration Trade Barrier Removed.pdf,data/raw/USDA/FAS/GAIN/Oilseeds/2018/03/Summary/18.03_Tunisia_Export Declaration Trade Barrier Removed.md,True,3,5674,,상방 우세,1,0,Import Volume|Export Volume|Soybean|Source Document
18.03_Tunisia_Oilseeds and Products Annual.pdf,data/raw/USDA/FAS/GAIN/Oilseeds/2018/03/18.03_Tunisia_Oilseeds and Products Annual.pdf,data/raw/USDA/FAS/GAIN/Oilseeds/2018/03/Summary/18.03_Tunisia_Oilseeds and Products Annual.md,True,10,16839,기상이변|생산변동|수입관세|압착|재고,중립/혼재,18,19,Import Volume|Export Volume|Harvested Area|Crushing Volume|Soybean|Vegetable Oil|Crude Palm Oil|Canola Oil|Neutral Regime|Source Document
18.03_Turkey_Oilseeds and Products Annual.pdf,data/raw/USDA/FAS/GAIN/Oilseeds/2018/03/18.03_Turkey_Oilseeds and Products Annual.pdf,data/raw/USDA/FAS/GAIN/Oilseeds/2018/03/Summary/18.03_Turkey_Oilseeds and Products Annual.md,True,19,40465,물류충격|바이오연료수요|생산변동|압착|재고,중립/혼재,77,83,Import Volume|Export Volume|Soil Moisture Percentile|Harvested Area|Production Volume|Soybean|Neutral Regime|Source Document
18.03_Uruguay_Oilseeds and Products Annual.pdf,data/raw/USDA/FAS/GAIN/Oilseeds/2018/03/18.03_Uruguay_Oilseeds and Products Annual.pdf,data/raw/USDA/FAS/GAIN/Oilseeds/2018/03/Summary/18.03_Uruguay_Oilseeds and Products Annual.md,True,10,20556,기상이변|바이오연료수요|생산변동|압착|재고,중립/혼재,19,21,Import Volume|Export Volume|La Niña|Harvested Area|Crushing Volume|Soybean|Neutral Regime|Source Document
18.04_India_Official Pre-Monsoon Conditions Forecast.pdf,data/raw/USDA/FAS/GAIN/Oilseeds/2018/04/18.04_India_Official Pre-Monsoon Conditions Forecast.pdf,data/raw/USDA/FAS/GAIN/Oilseeds/2018/04/Summary/18.04_India_Official Pre-Monsoon Conditions Forecast.md,True,5,3963,기상이변,하방 우세,0,10,Source Document
18.04_India_Oilseeds and Products Annual.pdf,data/raw/USDA/FAS/GAIN/Oilseeds/2018/04/18.04_India_Oilseeds and Products Annual.pdf,data/raw/USDA/FAS/GAIN/Oilseeds/2018/04/Summary/18.04_India_Oilseeds and Products Annual.md,True,26,49198,기상이변|바이오연료수요|수입관세|수출규제|압착|재고,중립/혼재,35,41,Import Volume|Export Volume|Harvested Area|Production Volume|Soybean|Soybean Oil|Crude Soybean Oil|Vegetable Oil|Crude Palm Oil|Canola Oil|Sunflower Oil|Import Tariff
18.04_Japan_Oilseeds and Products Annual.pdf,data/raw/USDA/FAS/GAIN/Oilseeds/2018/04/18.04_Japan_Oilseeds and Products Annual.pdf,data/raw/USDA/FAS/GAIN/Oilseeds/2018/04/Summary/18.04_Japan_Oilseeds and Products Annual.md,True,31,49947,물류충격|생산변동|수입관세|압착|재고,상방 우세,82,53,Gross Domestic Product|Import Volume|Export Volume|Harvested Area|Crushing Volume|Soybean|Crude Palm Oil|Canola Oil|Neutral Regime|Source Document
18.04_Malaysia_Oilseeds and Products Annual.pdf,data/raw/USDA/FAS/GAIN/Oilseeds/2018/04/18.04_Malaysia_Oilseeds and Products Annual.pdf,data/raw/USDA/FAS/GAIN/Oilseeds/2018/04/Summary/18.04_Malaysia_Oilseeds and Products Annual.md,True,23,32539,기상이변|바이오연료수요|생산변동|수출규제|압착|재고,상방 우세,56,11,Import Volume|Export Volume|Harvested Area|Soybean|Crude Palm Oil|Source Document
18.04_Mexico_Oilseeds and Products Annual.pdf,data/raw/USDA/FAS/GAIN/Oilseeds/2018/04/18.04_Mexico_Oilseeds and Products Annual.pdf,data/raw/USDA/FAS/GAIN/Oilseeds/2018/04/Summary/18.04_Mexico_Oilseeds and Products Annual.md,True,24,61286,기상이변|물류충격|압착|재고,중립/혼재,77,97,Gross Domestic Product|Import Volume|Export Volume|Harvested Area|Production Volume|Crushing Volume|Soybean|Vegetable Oil|Crude Palm Oil|Canola Oil|Bear Regime|Neutral Regime
18.04_Morocco_Maximum Limits of Contaminants in Food.pdf,data/raw/USDA/FAS/GAIN/Oilseeds/2018/04/18.04_Morocco_Maximum Limits of Contaminants in Food.pdf,data/raw/USDA/FAS/GAIN/Oilseeds/2018/04/Summary/18.04_Morocco_Maximum Limits of Contaminants in Food.md,True,12,28522,압착,중립/혼재,1,1,Neutral Regime|Source Document
18.04_Paraguay_Oilseeds and Products Annual.pdf,data/raw/USDA/FAS/GAIN/Oilseeds/2018/04/18.04_Paraguay_Oilseeds and Products Annual.pdf,data/raw/USDA/FAS/GAIN/Oilseeds/2018/04/Summary/18.04_Paraguay_Oilseeds and Products Annual.md,True,7,12299,기상이변|바이오연료수요|생산변동|압착|재고,중립/혼재,11,10,Import Volume|Export Volume|La Niña|Harvested Area|Soybean|Soybean Oil|Source Document
18.04_Taiwan_Oilseeds and Products Annual.pdf,data/raw/USDA/FAS/GAIN/Oilseeds/2018/04/18.04_Taiwan_Oilseeds and Products Annual.pdf,data/raw/USDA/FAS/GAIN/Oilseeds/2018/04/Summary/18.04_Taiwan_Oilseeds and Products Annual.md,True,7,12860,바이오연료수요|압착|재고,하방 우세,12,16,Import Volume|Export Volume|Harvested Area|Production Volume|Soybean|Soybean Oil|Crude Palm Oil|Source Document
18.04_Tunisia_Corn and Soybean Meal Import Requirements.pdf,data/raw/USDA/FAS/GAIN/Oilseeds/2018/04/18.04_Tunisia_Corn and Soybean Meal Import Requirements.pdf,data/raw/USDA/FAS/GAIN/Oilseeds/2018/04/Summary/18.04_Tunisia_Corn and Soybean Meal Import Requirements.md,True,10,19918,,상방 우세,2,0,Import Volume|Export Volume|Source Document
18.04_Vietnam_Oilseeds and Products Annual.pdf,data/raw/USDA/FAS/GAIN/Oilseeds/2018/04/18.04_Vietnam_Oilseeds and Products Annual.pdf,data/raw/USDA/FAS/GAIN/Oilseeds/2018/04/Summary/18.04_Vietnam_Oilseeds and Products Annual.md,True,29,62232,생산변동|수입관세|압착|재고,중립/혼재,83,69,Gross Domestic Product|Import Volume|Export Volume|Harvested Area|Production Volume|Crushing Volume|Soybean|Soybean Oil|Crude Soybean Oil|Crude Palm Oil|Canola Oil|Source Document
18.05_Argentina_Delay of Soybean Export Tax Reduction Unlikely.pdf,data/raw/USDA/FAS/GAIN/Oilseeds/2018/05/18.05_Argentina_Delay of Soybean Export Tax Reduction Unlikely.pdf,data/raw/USDA/FAS/GAIN/Oilseeds/2018/05/Summary/18.05_Argentina_Delay of Soybean Export Tax Reduction Unlikely.md,True,2,3523,기상이변|수출규제,하방 우세,0,5,Soybean|Export Tax|Policy Pivot|Source Document
18.05_Argentina_Oilseeds and Products Annual.pdf,data/raw/USDA/FAS/GAIN/Oilseeds/2018/05/18.05_Argentina_Oilseeds and Products Annual.pdf,data/raw/USDA/FAS/GAIN/Oilseeds/2018/05/Summary/18.05_Argentina_Oilseeds and Products Annual.md,True,13,32464,기상이변|바이오연료수요|생산변동|수출규제|압착|재고,하방 우세,35,76,Import Volume|Export Volume|Soil Moisture Percentile|Harvested Area|Crushing Volume|Soybean|Soybean Oil|Neutral Regime|Export Tax|Source Document
18.05_China_Food-grade Soy Demand Promising but Uncertainty Remains.pdf,data/raw/USDA/FAS/GAIN/Oilseeds/2018/05/18.05_China_Food-grade Soy Demand Promising but Uncertainty Remains.pdf,data/raw/USDA/FAS/GAIN/Oilseeds/2018/05/Summary/18.05_China_Food-grade Soy Demand Promising but Uncertainty Remains.md,True,4,9076,,상방 우세,13,2,Import Volume|Export Volume|Soybean|Trade War|Source Document
18.05_India_IMD First Forecast for Monsoon.pdf,data/raw/USDA/FAS/GAIN/Oilseeds/2018/05/18.05_India_IMD First Forecast for Monsoon.pdf,data/raw/USDA/FAS/GAIN/Oilseeds/2018/05/Summary/18.05_India_IMD First Forecast for Monsoon.md,True,3,3052,,하방 우세,3,10,Source Document
18.06_Bulgaria_Oilseeds and Products Market Update.pdf,data/raw/USDA/FAS/GAIN/Oilseeds/2018/06/18.06_Bulgaria_Oilseeds and Products Market Update.pdf,data/raw/USDA/FAS/GAIN/Oilseeds/2018/06/Summary/18.06_Bulgaria_Oilseeds and Products Market Update.md,True,5,10035,생산변동|압착|재고,하방 우세,15,40,Import Volume|Export Volume|Soybean|Canola Oil|Source Document
18.06_China_Oilseeds and Products Update.pdf,data/raw/USDA/FAS/GAIN/Oilseeds/2018/06/18.06_China_Oilseeds and Products Update.pdf,data/raw/USDA/FAS/GAIN/Oilseeds/2018/06/Summary/18.06_China_Oilseeds and Products Update.md,True,21,34342,생산변동|수입관세|압착|재고,상방 우세,62,24,Import Volume|Export Volume|Harvested Area|Soybean|Crude Palm Oil|Canola Oil|Source Document
18.06_Ethiopia_Oilseed Sector Set to Expand.pdf,data/raw/USDA/FAS/GAIN/Oilseeds/2018/06/18.06_Ethiopia_Oilseed Sector Set to Expand.pdf,data/raw/USDA/FAS/GAIN/Oilseeds/2018/06/Summary/18.06_Ethiopia_Oilseed Sector Set to Expand.md,True,15,18036,바이오연료수요|생산변동|압착|재고,상방 우세,22,9,Import Volume|Export Volume|Harvested Area|Soybean|Soybean Oil|Vegetable Oil|Crude Palm Oil|Political Instability|Source Document
18.06_Turkey_Oilseeds and Products Update.pdf,data/raw/USDA/FAS/GAIN/Oilseeds/2018/06/18.06_Turkey_Oilseeds and Products Update.pdf,data/raw/USDA/FAS/GAIN/Oilseeds/2018/06/Summary/18.06_Turkey_Oilseeds and Products Update.md,True,6,9882,생산변동|압착|재고,상방 우세,12,0,Import Volume|Export Volume|Harvested Area|Soybean|Source Document
18.07_Brazil_Oilseeds and Products Update.pdf,data/raw/USDA/FAS/GAIN/Oilseeds/2018/07/18.07_Brazil_Oilseeds and Products Update.pdf,data/raw/USDA/FAS/GAIN/Oilseeds/2018/07/Summary/18.07_Brazil_Oilseeds and Products Update.md,True,6,8934,기상이변|물류충격|바이오연료수요|압착|재고,상방 우세,22,11,Import Volume|Export Volume|Harvested Area|Soybean|Source Document
18.07_Egypt_Counting Beans - The USSEC's Fourth Regional Aquaculture Production.pdf,data/raw/USDA/FAS/GAIN/Oilseeds/2018/07/18.07_Egypt_Counting Beans - The USSEC's Fourth Regional Aquaculture Production.pdf,data/raw/USDA/FAS/GAIN/Oilseeds/2018/07/Summary/18.07_Egypt_Counting Beans - The USSEC's Fourth Regional Aquaculture Production.md,True,7,9810,압착,상방 우세,5,0,Import Volume|Export Volume|Soybean|Source Document
18.07_Germany_Applicable Maximum Cadmium Level in Sunflower Kernels.pdf,data/raw/USDA/FAS/GAIN/Oilseeds/2018/07/18.07_Germany_Applicable Maximum Cadmium Level in Sunflower Kernels.pdf,data/raw/USDA/FAS/GAIN/Oilseeds/2018/07/Summary/18.07_Germany_Applicable Maximum Cadmium Level in Sunflower Kernels.md,True,2,3725,,하방 우세,0,4,Soybean|Source Document
18.07_India_Kharif Planting was Slow as Monsoon was Delayed.pdf,data/raw/USDA/FAS/GAIN/Oilseeds/2018/07/18.07_India_Kharif Planting was Slow as Monsoon was Delayed.pdf,data/raw/USDA/FAS/GAIN/Oilseeds/2018/07/Summary/18.07_India_Kharif Planting was Slow as Monsoon was Delayed.md,True,11,7218,기상이변,하방 우세,3,17,Planted Area|Source Document
18.07_Indonesia_Oilseeds and Products Update.pdf,data/raw/USDA/FAS/GAIN/Oilseeds/2018/07/18.07_Indonesia_Oilseeds and Products Update.pdf,data/raw/USDA/FAS/GAIN/Oilseeds/2018/07/Summary/18.07_Indonesia_Oilseeds and Products Update.md,True,7,7982,기상이변|바이오연료수요|수입관세|압착|재고,상방 우세,10,7,Import Volume|Export Volume|Harvested Area|Soybean|Crude Palm Oil|Source Document
18.07_Pakistan_Oilseeds and Products Update.pdf,data/raw/USDA/FAS/GAIN/Oilseeds/2018/07/18.07_Pakistan_Oilseeds and Products Update.pdf,data/raw/USDA/FAS/GAIN/Oilseeds/2018/07/Summary/18.07_Pakistan_Oilseeds and Products Update.md,True,3,5783,바이오연료수요|압착,중립/혼재,6,5,Import Volume|Export Volume|Soybean|Crude Palm Oil|Neutral Regime|Source Document
18.07_Poland_Annual Oilseeds and Products Report.pdf,data/raw/USDA/FAS/GAIN/Oilseeds/2018/07/18.07_Poland_Annual Oilseeds and Products Report.pdf,data/raw/USDA/FAS/GAIN/Oilseeds/2018/07/Summary/18.07_Poland_Annual Oilseeds and Products Report.md,True,5,9064,기상이변|바이오연료수요|생산변동|압착,하방 우세,9,24,Import Volume|Export Volume|Production Volume|Canola Oil|Source Document
18.07_Spain_Rainy Spring Boosts Grain Yields.pdf,data/raw/USDA/FAS/GAIN/Oilseeds/2018/07/18.07_Spain_Rainy Spring Boosts Grain Yields.pdf,data/raw/USDA/FAS/GAIN/Oilseeds/2018/07/Summary/18.07_Spain_Rainy Spring Boosts Grain Yields.md,True,10,16231,바이오연료수요|압착,하방 우세,2,15,Import Volume|Export Volume|Soil Moisture Percentile|Production Volume|Source Document
18.07_Vietnam_MARD Issues HS Codes for Plant Products.pdf,data/raw/USDA/FAS/GAIN/Oilseeds/2018/07/18.07_Vietnam_MARD Issues HS Codes for Plant Products.pdf,data/raw/USDA/FAS/GAIN/Oilseeds/2018/07/Summary/18.07_Vietnam_MARD Issues HS Codes for Plant Products.md,True,36,38798,바이오연료수요,하방 우세,1,19,Export Ban|Source Document
18.08_Argentina_Oilseeds and Products Update.pdf,data/raw/USDA/FAS/GAIN/Oilseeds/2018/08/18.08_Argentina_Oilseeds and Products Update.pdf,data/raw/USDA/FAS/GAIN/Oilseeds/2018/08/Summary/18.08_Argentina_Oilseeds and Products Update.md,True,5,7622,기상이변|생산변동|압착|재고,하방 우세,2,12,Import Volume|Export Volume|Harvested Area|Soybean|Source Document
18.08_Argentina_Suspends Gradual Reduction of Soy Oil and Soy Meal Export.pdf,data/raw/USDA/FAS/GAIN/Oilseeds/2018/08/18.08_Argentina_Suspends Gradual Reduction of Soy Oil and Soy Meal Export.pdf,data/raw/USDA/FAS/GAIN/Oilseeds/2018/08/Summary/18.08_Argentina_Suspends Gradual Reduction of Soy Oil and Soy Meal Export.md,True,4,6543,수출규제,하방 우세,2,5,Export Volume|Soybean|Soybean Oil|Neutral Regime|Export Tax|Policy Pivot|Source Document
18.08_China_Northeast China Is Now on the U.S. Flight Map.pdf,data/raw/USDA/FAS/GAIN/Oilseeds/2018/08/18.08_China_Northeast China Is Now on the U.S. Flight Map.pdf,data/raw/USDA/FAS/GAIN/Oilseeds/2018/08/Summary/18.08_China_Northeast China Is Now on the U.S. Flight Map.md,True,3,5441,,상방 우세,3,1,Import Volume|Export Volume|Source Document
18.08_China_Oilseeds and Products Update.pdf,data/raw/USDA/FAS/GAIN/Oilseeds/2018/08/18.08_China_Oilseeds and Products Update.pdf,data/raw/USDA/FAS/GAIN/Oilseeds/2018/08/Summary/18.08_China_Oilseeds and Products Update.md,True,24,39721,기상이변|생산변동|수출규제|압착|재고,중립/혼재,45,51,Import Volume|Export Volume|Harvested Area|Soybean|Crude Palm Oil|Canola Oil|Export Tax|Source Document
18.08_Japan_Free Trade Agreements Pose Challenges for U.S. Processed Products.pdf,data/raw/USDA/FAS/GAIN/Oilseeds/2018/08/18.08_Japan_Free Trade Agreements Pose Challenges for U.S. Processed Products.pdf,data/raw/USDA/FAS/GAIN/Oilseeds/2018/08/Summary/18.08_Japan_Free Trade Agreements Pose Challenges for U.S. Processed Products.md,True,12,15871,,하방 우세,2,31,Import Volume|Export Volume|Import Quota|Source Document
18.08_Japan_U.S. Nuts Less Competition Under New Japan Free Trade Agreements.pdf,data/raw/USDA/FAS/GAIN/Oilseeds/2018/08/18.08_Japan_U.S. Nuts Less Competition Under New Japan Free Trade Agreements.pdf,data/raw/USDA/FAS/GAIN/Oilseeds/2018/08/Summary/18.08_Japan_U.S. Nuts Less Competition Under New Japan Free Trade Agreements.md,True,7,9347,,상방 우세,4,2,Import Volume|Export Volume|Import Quota|Source Document
18.08_Morocco_Pesticide MRLs.pdf,data/raw/USDA/FAS/GAIN/Oilseeds/2018/08/18.08_Morocco_Pesticide MRLs.pdf,data/raw/USDA/FAS/GAIN/Oilseeds/2018/08/Summary/18.08_Morocco_Pesticide MRLs.md,True,183,30615,,하방 우세,0,9,Import Volume|Export Volume|Crude Palm Oil|Source Document
18.08_Romania_Oilseeds and Products Update.pdf,data/raw/USDA/FAS/GAIN/Oilseeds/2018/08/18.08_Romania_Oilseeds and Products Update.pdf,data/raw/USDA/FAS/GAIN/Oilseeds/2018/08/Summary/18.08_Romania_Oilseeds and Products Update.md,True,6,10317,기상이변,하방 우세,7,27,Import Volume|Export Volume|Soil Moisture Percentile|Soybean|Source Document
18.08_South Africa_Moving towards self-sufficiency in oilseed value chains.pdf,data/raw/USDA/FAS/GAIN/Oilseeds/2018/08/18.08_South Africa_Moving towards self-sufficiency in oilseed value chains.pdf,data/raw/USDA/FAS/GAIN/Oilseeds/2018/08/Summary/18.08_South Africa_Moving towards self-sufficiency in oilseed value chains.md,True,14,22462,기상이변|생산변동|압착|재고,하방 우세,28,58,Gross Domestic Product|Import Volume|Export Volume|Harvested Area|Soybean|Crude Palm Oil|Source Document
18.09_Brazil_Oilseeds and Products Update.pdf,data/raw/USDA/FAS/GAIN/Oilseeds/2018/09/18.09_Brazil_Oilseeds and Products Update.pdf,data/raw/USDA/FAS/GAIN/Oilseeds/2018/09/Summary/18.09_Brazil_Oilseeds and Products Update.md,True,7,14530,기상이변|물류충격|바이오연료수요|수입관세|압착|재고,상방 우세,21,15,Import Volume|Export Volume|Harvested Area|Soybean|Hold Recommendation|Trade War|Source Document
18.09_Czech_Crop 2018 - Grains Below Average Rapeseed Up.pdf,data/raw/USDA/FAS/GAIN/Oilseeds/2018/09/18.09_Czech_Crop 2018 - Grains Below Average Rapeseed Up.pdf,data/raw/USDA/FAS/GAIN/Oilseeds/2018/09/Summary/18.09_Czech_Crop 2018 - Grains Below Average Rapeseed Up.md,True,6,9157,기상이변|생산변동,중립/혼재,14,15,Export Volume|Soybean|Source Document
18.09_EU_Oilseeds and Products Update.pdf,data/raw/USDA/FAS/GAIN/Oilseeds/2018/09/18.09_EU_Oilseeds and Products Update.pdf,data/raw/USDA/FAS/GAIN/Oilseeds/2018/09/Summary/18.09_EU_Oilseeds and Products Update.md,True,18,35679,기상이변|물류충격|바이오연료수요|생산변동|압착|재고,하방 우세,34,98,Import Volume|Export Volume|Harvested Area|Production Volume|Crushing Volume|Soybean|Crude Palm Oil|Canola Oil|Neutral Regime|Source Document
18.09_Germany_Drought Related Production Losses Set to Push Imports.pdf,data/raw/USDA/FAS/GAIN/Oilseeds/2018/09/18.09_Germany_Drought Related Production Losses Set to Push Imports.pdf,data/raw/USDA/FAS/GAIN/Oilseeds/2018/09/Summary/18.09_Germany_Drought Related Production Losses Set to Push Imports.md,True,4,6092,기상이변|압착,하방 우세,4,7,Import Volume|Export Volume|Crushing Volume|Soybean|Source Document
18.09_India_FSSAI Publishes Revised Standards for Varied Food Products.pdf,data/raw/USDA/FAS/GAIN/Oilseeds/2018/09/18.09_India_FSSAI Publishes Revised Standards for Varied Food Products.pdf,data/raw/USDA/FAS/GAIN/Oilseeds/2018/09/Summary/18.09_India_FSSAI Publishes Revised Standards for Varied Food Products.md,True,15,2290,,중립/혼재,0,0,Source Document
18.09_India_Oilseeds and Products Update of August.pdf,data/raw/USDA/FAS/GAIN/Oilseeds/2018/09/18.09_India_Oilseeds and Products Update of August.pdf,data/raw/USDA/FAS/GAIN/Oilseeds/2018/09/Summary/18.09_India_Oilseeds and Products Update of August.md,True,11,18092,생산변동|수입관세|압착|재고,하방 우세,11,38,Import Volume|Export Volume|Soil Moisture Percentile|Harvested Area|Production Volume|Soybean|Soybean Oil|Crude Palm Oil|Canola Oil|Sunflower Oil|Import Tariff|Source Document
18.09_Morocco_Code of Procedures for Animal Feeds and Additives.pdf,data/raw/USDA/FAS/GAIN/Oilseeds/2018/09/18.09_Morocco_Code of Procedures for Animal Feeds and Additives.pdf,data/raw/USDA/FAS/GAIN/Oilseeds/2018/09/Summary/18.09_Morocco_Code of Procedures for Animal Feeds and Additives.md,True,15,24854,,중립/혼재,1,1,Import Volume|Export Volume|Neutral Regime|Source Document|Entity Mention
18.09_Netherlands_The Diverse Effects of the Drought.pdf,data/raw/USDA/FAS/GAIN/Oilseeds/2018/09/18.09_Netherlands_The Diverse Effects of the Drought.pdf,data/raw/USDA/FAS/GAIN/Oilseeds/2018/09/Summary/18.09_Netherlands_The Diverse Effects of the Drought.md,True,5,10140,기상이변,상방 우세,18,6,Import Volume|Soybean|Source Document
18.09_Turkey_Oilseeds and Products Update.pdf,data/raw/USDA/FAS/GAIN/Oilseeds/2018/09/18.09_Turkey_Oilseeds and Products Update.pdf,data/raw/USDA/FAS/GAIN/Oilseeds/2018/09/Summary/18.09_Turkey_Oilseeds and Products Update.md,True,6,10200,압착|재고,하방 우세,14,68,Inflation|Import Volume|Export Volume|Harvested Area|Source Document
18.09_Ukraine_Soybean Update.pdf,data/raw/USDA/FAS/GAIN/Oilseeds/2018/09/18.09_Ukraine_Soybean Update.pdf,data/raw/USDA/FAS/GAIN/Oilseeds/2018/09/Summary/18.09_Ukraine_Soybean Update.md,True,9,18322,압착|재고,하방 우세,1,3,Import Volume|Export Volume|Soil Moisture Percentile|Harvested Area|Soybean|Source Document
18.09_Vietnam_Oilseeds and Products Update.pdf,data/raw/USDA/FAS/GAIN/Oilseeds/2018/09/18.09_Vietnam_Oilseeds and Products Update.pdf,data/raw/USDA/FAS/GAIN/Oilseeds/2018/09/Summary/18.09_Vietnam_Oilseeds and Products Update.md,True,24,45188,수입관세|압착|재고,상방 우세,53,35,Import Volume|Export Volume|Harvested Area|Crushing Volume|Soybean|Soybean Oil|Crude Soybean Oil|Crude Palm Oil|Canola Oil|Source Document
18.10_China_Oilseeds and Products Update.pdf,data/raw/USDA/FAS/GAIN/Oilseeds/2018/10/18.10_China_Oilseeds and Products Update.pdf,data/raw/USDA/FAS/GAIN/Oilseeds/2018/10/Summary/18.10_China_Oilseeds and Products Update.md,True,22,34653,생산변동|압착|재고,중립/혼재,35,38,Import Volume|Export Volume|Harvested Area|Soybean|Soybean Oil|Crude Palm Oil|Canola Oil|Neutral Regime|Trade War|Source Document|Confidence Score
18.10_India_Erratic Southwest Monsoon Subsides as Output Concerns Rise.pdf,data/raw/USDA/FAS/GAIN/Oilseeds/2018/10/18.10_India_Erratic Southwest Monsoon Subsides as Output Concerns Rise.pdf,data/raw/USDA/FAS/GAIN/Oilseeds/2018/10/Summary/18.10_India_Erratic Southwest Monsoon Subsides as Output Concerns Rise.md,True,13,7432,기상이변,하방 우세,6,31,Planted Area|Production Volume|Source Document
18.10_India_Monsoon Update August - September.pdf,data/raw/USDA/FAS/GAIN/Oilseeds/2018/10/18.10_India_Monsoon Update August - September.pdf,data/raw/USDA/FAS/GAIN/Oilseeds/2018/10/Summary/18.10_India_Monsoon Update August - September.md,True,10,5562,,상방 우세,17,9,Soybean|Source Document
18.10_India_PQ Requirements and Clearance Waived for Some Processed Food Items.pdf,data/raw/USDA/FAS/GAIN/Oilseeds/2018/10/18.10_India_PQ Requirements and Clearance Waived for Some Processed Food Items.pdf,data/raw/USDA/FAS/GAIN/Oilseeds/2018/10/Summary/18.10_India_PQ Requirements and Clearance Waived for Some Processed Food Items.md,True,4,2545,,하방 우세,0,1,Source Document
18.10_Japan_CPTPP and EU Agreements May Reduce Demand for U.S. Oilseeds.pdf,data/raw/USDA/FAS/GAIN/Oilseeds/2018/10/18.10_Japan_CPTPP and EU Agreements May Reduce Demand for U.S. Oilseeds.pdf,data/raw/USDA/FAS/GAIN/Oilseeds/2018/10/Summary/18.10_Japan_CPTPP and EU Agreements May Reduce Demand for U.S. Oilseeds.md,True,13,24346,수입관세|압착,하방 우세,5,30,Import Volume|Export Volume|Soybean|Soybean Oil|Crude Palm Oil|Canola Oil|Neutral Regime|Import Tariff|Source Document
18.10_Japan_Comments Invited on Proposed Revisions to GE Labeling Requirements.pdf,data/raw/USDA/FAS/GAIN/Oilseeds/2018/10/18.10_Japan_Comments Invited on Proposed Revisions to GE Labeling Requirements.pdf,data/raw/USDA/FAS/GAIN/Oilseeds/2018/10/Summary/18.10_Japan_Comments Invited on Proposed Revisions to GE Labeling Requirements.md,True,3,4184,,중립/혼재,0,0,Source Document
18.10_Morocco_Order on Phytosanitary Inspection for Imported Products.pdf,data/raw/USDA/FAS/GAIN/Oilseeds/2018/10/18.10_Morocco_Order on Phytosanitary Inspection for Imported Products.pdf,data/raw/USDA/FAS/GAIN/Oilseeds/2018/10/Summary/18.10_Morocco_Order on Phytosanitary Inspection for Imported Products.md,True,17,47714,물류충격,하방 우세,1,9,Export Volume|Source Document|Entity Mention
18.10_Nicaragua_Oilseeds and Products Annual.pdf,data/raw/USDA/FAS/GAIN/Oilseeds/2018/10/18.10_Nicaragua_Oilseeds and Products Annual.pdf,data/raw/USDA/FAS/GAIN/Oilseeds/2018/10/Summary/18.10_Nicaragua_Oilseeds and Products Annual.md,True,6,8290,생산변동|압착|재고,상방 우세,16,1,Gross Domestic Product|Import Volume|Export Volume|Harvested Area|Crude Palm Oil|Source Document
18.11_Argentina_Oilseeds and Products Update.pdf,data/raw/USDA/FAS/GAIN/Oilseeds/2018/11/18.11_Argentina_Oilseeds and Products Update.pdf,data/raw/USDA/FAS/GAIN/Oilseeds/2018/11/Summary/18.11_Argentina_Oilseeds and Products Update.md,True,6,10045,기상이변|생산변동|수출규제|압착|재고,상방 우세,16,12,Import Volume|Export Volume|Harvested Area|Soybean|Source Document
18.11_Indonesia_Oilseeds and Products Update.pdf,data/raw/USDA/FAS/GAIN/Oilseeds/2018/11/18.11_Indonesia_Oilseeds and Products Update.pdf,data/raw/USDA/FAS/GAIN/Oilseeds/2018/11/Summary/18.11_Indonesia_Oilseeds and Products Update.md,True,9,9249,바이오연료수요|생산변동|수입관세|압착|재고,상방 우세,16,6,Import Volume|Export Volume|Harvested Area|Soybean|Crude Palm Oil|Source Document
18.11_Malaysia_Oilseeds and Products Update.pdf,data/raw/USDA/FAS/GAIN/Oilseeds/2018/11/18.11_Malaysia_Oilseeds and Products Update.pdf,data/raw/USDA/FAS/GAIN/Oilseeds/2018/11/Summary/18.11_Malaysia_Oilseeds and Products Update.md,True,6,5805,바이오연료수요|재고,상방 우세,5,1,Import Volume|Export Volume|Harvested Area|Soybean|Crude Palm Oil|Source Document
18.11_Morocco_Agricultural Development Fund - 2017.pdf,data/raw/USDA/FAS/GAIN/Oilseeds/2018/11/18.11_Morocco_Agricultural Development Fund - 2017.pdf,data/raw/USDA/FAS/GAIN/Oilseeds/2018/11/Summary/18.11_Morocco_Agricultural Development Fund - 2017.md,True,60,56264,,상방 우세,6,2,Export Volume|Source Document|Bounding Box
18.11_Pakistan_Oilseeds and Products Update.pdf,data/raw/USDA/FAS/GAIN/Oilseeds/2018/11/18.11_Pakistan_Oilseeds and Products Update.pdf,data/raw/USDA/FAS/GAIN/Oilseeds/2018/11/Summary/18.11_Pakistan_Oilseeds and Products Update.md,True,3,4903,바이오연료수요|압착,하방 우세,6,8,Import Volume|Soybean|Vegetable Oil|Crude Palm Oil|Source Document
18.11_Poland_Poised to Postpone GE Feed Ban for More Two Years.pdf,data/raw/USDA/FAS/GAIN/Oilseeds/2018/11/18.11_Poland_Poised to Postpone GE Feed Ban for More Two Years.pdf,data/raw/USDA/FAS/GAIN/Oilseeds/2018/11/Summary/18.11_Poland_Poised to Postpone GE Feed Ban for More Two Years.md,True,2,2298,,하방 우세,0,1,Import Volume|Source Document
18.11_Turkey_Oilseeds and Products Update.pdf,data/raw/USDA/FAS/GAIN/Oilseeds/2018/11/18.11_Turkey_Oilseeds and Products Update.pdf,data/raw/USDA/FAS/GAIN/Oilseeds/2018/11/Summary/18.11_Turkey_Oilseeds and Products Update.md,True,6,11289,생산변동|압착|재고,상방 우세,15,7,Import Volume|Export Volume|Harvested Area|Soybean|Source Document
18.12_Bulgaria_Oilseeds and Products Market Update.pdf,data/raw/USDA/FAS/GAIN/Oilseeds/2018/12/18.12_Bulgaria_Oilseeds and Products Market Update.pdf,data/raw/USDA/FAS/GAIN/Oilseeds/2018/12/Summary/18.12_Bulgaria_Oilseeds and Products Market Update.md,True,8,12267,기상이변|바이오연료수요|생산변동|압착|재고,하방 우세,12,49,Import Volume|Export Volume|Soil Moisture Percentile|Harvested Area|Soybean|Crude Palm Oil|Canola Oil|Source Document
18.12_Canada_Industrial Hemp Production Trade and Regulation.pdf,data/raw/USDA/FAS/GAIN/Oilseeds/2018/12/18.12_Canada_Industrial Hemp Production Trade and Regulation.pdf,data/raw/USDA/FAS/GAIN/Oilseeds/2018/12/Summary/18.12_Canada_Industrial Hemp Production Trade and Regulation.md,True,5,10444,,하방 우세,2,4,Source Document|Bounding Box
18.12_EU_Unveils Its Protein Plan.pdf,data/raw/USDA/FAS/GAIN/Oilseeds/2018/12/18.12_EU_Unveils Its Protein Plan.pdf,data/raw/USDA/FAS/GAIN/Oilseeds/2018/12/Summary/18.12_EU_Unveils Its Protein Plan.md,True,4,9497,,상방 우세,5,1,Import Volume|Export Volume|Production Volume|Source Document
18.12_India_Oilseeds and Products Update of November.pdf,data/raw/USDA/FAS/GAIN/Oilseeds/2018/12/18.12_India_Oilseeds and Products Update of November.pdf,data/raw/USDA/FAS/GAIN/Oilseeds/2018/12/Summary/18.12_India_Oilseeds and Products Update of November.md,True,9,13601,생산변동|수입관세|압착|재고,하방 우세,5,16,Import Volume|Export Volume|Soil Moisture Percentile|Harvested Area|Production Volume|Soybean|Vegetable Oil|Hold Recommendation|Import Tariff|Source Document
18.12_India_Oilseeds and Products Update.pdf,data/raw/USDA/FAS/GAIN/Oilseeds/2018/12/18.12_India_Oilseeds and Products Update.pdf,data/raw/USDA/FAS/GAIN/Oilseeds/2018/12/Summary/18.12_India_Oilseeds and Products Update.md,True,9,13601,생산변동|수입관세|압착|재고,하방 우세,5,16,Import Volume|Export Volume|Soil Moisture Percentile|Harvested Area|Production Volume|Soybean|Vegetable Oil|Hold Recommendation|Import Tariff|Source Document
18.12_India_Revision in Standards for Varied Food Products.pdf,data/raw/USDA/FAS/GAIN/Oilseeds/2018/12/18.12_India_Revision in Standards for Varied Food Products.pdf,data/raw/USDA/FAS/GAIN/Oilseeds/2018/12/Summary/18.12_India_Revision in Standards for Varied Food Products.md,True,19,1960,,중립/혼재,0,0,Source Document
18.12_Japan_Health Ministry Continues Discussions on Genome Edited Food.pdf,data/raw/USDA/FAS/GAIN/Oilseeds/2018/12/18.12_Japan_Health Ministry Continues Discussions on Genome Edited Food.pdf,data/raw/USDA/FAS/GAIN/Oilseeds/2018/12/Summary/18.12_Japan_Health Ministry Continues Discussions on Genome Edited Food.md,True,4,7902,,상방 우세,5,0,Source Document
18.12_Japan_Health Ministry Proposes Draft Genome Edited Food Policy.pdf,data/raw/USDA/FAS/GAIN/Oilseeds/2018/12/18.12_Japan_Health Ministry Proposes Draft Genome Edited Food Policy.pdf,data/raw/USDA/FAS/GAIN/Oilseeds/2018/12/Summary/18.12_Japan_Health Ministry Proposes Draft Genome Edited Food Policy.md,True,4,7949,,상방 우세,3,2,Source Document
19.01_Brazil_Oilseeds and Products Update.pdf,data/raw/USDA/FAS/GAIN/Oilseeds/2019/01/19.01_Brazil_Oilseeds and Products Update.pdf,data/raw/USDA/FAS/GAIN/Oilseeds/2019/01/Summary/19.01_Brazil_Oilseeds and Products Update.md,True,10,16431,기상이변|물류충격|바이오연료수요|생산변동|압착|재고,중립/혼재,14,12,Gross Domestic Product|Import Volume|Export Volume|Harvested Area|Soybean|Soybean Oil|Hold Recommendation|Trade War|Source Document
19.02_EU_Recognizes U.S. Soybean Industry Sustainability Scheme.pdf,data/raw/USDA/FAS/GAIN/Oilseeds/2019/02/19.02_EU_Recognizes U.S. Soybean Industry Sustainability Scheme.pdf,data/raw/USDA/FAS/GAIN/Oilseeds/2019/02/Summary/19.02_EU_Recognizes U.S. Soybean Industry Sustainability Scheme.md,True,3,3586,바이오연료수요,중립/혼재,0,0,Soybean|Source Document
19.02_India_Northeast Monsoon fails to support winter planting - January.pdf,data/raw/USDA/FAS/GAIN/Oilseeds/2019/02/19.02_India_Northeast Monsoon fails to support winter planting - January.pdf,data/raw/USDA/FAS/GAIN/Oilseeds/2019/02/Summary/19.02_India_Northeast Monsoon fails to support winter planting - January.md,True,5,7580,,하방 우세,6,21,Soil Moisture Percentile|Source Document
19.02_Japan_Health Ministry Invites Comments on Genome Edited Food Policy.pdf,data/raw/USDA/FAS/GAIN/Oilseeds/2019/02/19.02_Japan_Health Ministry Invites Comments on Genome Edited Food Policy.pdf,data/raw/USDA/FAS/GAIN/Oilseeds/2019/02/Summary/19.02_Japan_Health Ministry Invites Comments on Genome Edited Food Policy.md,True,6,12743,,상방 우세,8,5,Source Document
19.02_Peru_Oilseeds and Products Annual.pdf,data/raw/USDA/FAS/GAIN/Oilseeds/2019/02/19.02_Peru_Oilseeds and Products Annual.pdf,data/raw/USDA/FAS/GAIN/Oilseeds/2019/02/Summary/19.02_Peru_Oilseeds and Products Annual.md,True,4,8173,기상이변|재고,하방 우세,1,6,Import Volume|Export Volume|Source Document
19.02_Tunisia_Law on Animal Husbandry and Animal Products.pdf,data/raw/USDA/FAS/GAIN/Oilseeds/2019/02/19.02_Tunisia_Law on Animal Husbandry and Animal Products.pdf,data/raw/USDA/FAS/GAIN/Oilseeds/2019/02/Summary/19.02_Tunisia_Law on Animal Husbandry and Animal Products.md,True,14,49931,,상방 우세,10,2,Import Volume|Export Volume|Neutral Regime|Decree|Source Document
19.02_Ukraine_Sunflower Update.pdf,data/raw/USDA/FAS/GAIN/Oilseeds/2019/02/19.02_Ukraine_Sunflower Update.pdf,data/raw/USDA/FAS/GAIN/Oilseeds/2019/02/Summary/19.02_Ukraine_Sunflower Update.md,True,11,20081,생산변동|수출규제|압착|재고,하방 우세,23,68,Import Volume|Export Volume|Harvested Area|Export Tax|Source Document
19.03_Canada_Oilseeds and Products Annual.pdf,data/raw/USDA/FAS/GAIN/Oilseeds/2019/03/19.03_Canada_Oilseeds and Products Annual.pdf,data/raw/USDA/FAS/GAIN/Oilseeds/2019/03/Summary/19.03_Canada_Oilseeds and Products Annual.md,True,28,42438,생산변동|압착|재고,하방 우세,40,53,Import Volume|Export Volume|Soil Moisture Percentile|Harvested Area|Production Volume|Crushing Volume|Crushing Rate|Stock-to-Use Ratio|Soybean|Trade War|Source Document|Confidence Score
19.03_China_Oilseeds and Products Annual.pdf,data/raw/USDA/FAS/GAIN/Oilseeds/2019/03/19.03_China_Oilseeds and Products Annual.pdf,data/raw/USDA/FAS/GAIN/Oilseeds/2019/03/Summary/19.03_China_Oilseeds and Products Annual.md,True,38,40797,수입관세|압착|재고,중립/혼재,37,45,Import Volume|Export Volume|Harvested Area|Production Volume|Soybean|Crude Palm Oil|Canola Oil|Import Tariff|Source Document
19.03_Croatia_Oil Seed Report.pdf,data/raw/USDA/FAS/GAIN/Oilseeds/2019/03/19.03_Croatia_Oil Seed Report.pdf,data/raw/USDA/FAS/GAIN/Oilseeds/2019/03/Summary/19.03_Croatia_Oil Seed Report.md,True,2,2565,,하방 우세,2,11,Import Volume|Export Volume|Soybean|Soybean Oil|Canola Oil|Source Document
19.03_Egypt_Oilseeds and Products Annual.pdf,data/raw/USDA/FAS/GAIN/Oilseeds/2019/03/19.03_Egypt_Oilseeds and Products Annual.pdf,data/raw/USDA/FAS/GAIN/Oilseeds/2019/03/Summary/19.03_Egypt_Oilseeds and Products Annual.md,True,12,26285,기상이변|바이오연료수요|수입관세|압착|재고,중립/혼재,38,49,Import Volume|Export Volume|Harvested Area|Crushing Volume|Soybean|Vegetable Oil|Crude Palm Oil|Trade War|Source Document
19.03_India_Import Duty on CPO and RBD Palmolein Reduced Effective January.pdf,data/raw/USDA/FAS/GAIN/Oilseeds/2019/03/19.03_India_Import Duty on CPO and RBD Palmolein Reduced Effective January.pdf,data/raw/USDA/FAS/GAIN/Oilseeds/2019/03/Summary/19.03_India_Import Duty on CPO and RBD Palmolein Reduced Effective January.md,True,3,2536,수입관세,하방 우세,0,2,Import Volume|Vegetable Oil|Crude Palm Oil|Import Tariff|Source Document
19.03_India_Oilseeds and Products Update.pdf,data/raw/USDA/FAS/GAIN/Oilseeds/2019/03/19.03_India_Oilseeds and Products Update.pdf,data/raw/USDA/FAS/GAIN/Oilseeds/2019/03/Summary/19.03_India_Oilseeds and Products Update.md,True,13,15776,수입관세|압착|재고,하방 우세,9,16,Import Volume|Export Volume|Soil Moisture Percentile|Harvested Area|Production Volume|Soybean Oil|Vegetable Oil|Crude Palm Oil|Sunflower Oil|Import Tariff|Source Document
19.03_Indonesia_Oilseeds and Products Annual.pdf,data/raw/USDA/FAS/GAIN/Oilseeds/2019/03/19.03_Indonesia_Oilseeds and Products Annual.pdf,data/raw/USDA/FAS/GAIN/Oilseeds/2019/03/Summary/19.03_Indonesia_Oilseeds and Products Annual.md,True,16,23196,바이오연료수요|압착|재고,상방 우세,33,19,Import Volume|Export Volume|Harvested Area|Soybean|Crude Palm Oil|Source Document
19.03_Japan_Environment Ministry Finalizes Policy for Regulating Genome Editing.pdf,data/raw/USDA/FAS/GAIN/Oilseeds/2019/03/19.03_Japan_Environment Ministry Finalizes Policy for Regulating Genome Editing.pdf,data/raw/USDA/FAS/GAIN/Oilseeds/2019/03/Summary/19.03_Japan_Environment Ministry Finalizes Policy for Regulating Genome Editing.md,True,5,6712,,중립/혼재,0,0,Source Document
19.03_Japan_Oilseeds and Products Annual.pdf,data/raw/USDA/FAS/GAIN/Oilseeds/2019/03/19.03_Japan_Oilseeds and Products Annual.pdf,data/raw/USDA/FAS/GAIN/Oilseeds/2019/03/Summary/19.03_Japan_Oilseeds and Products Annual.md,True,31,49638,기상이변|물류충격|생산변동|압착|재고,상방 우세,64,47,Import Volume|Export Volume|Harvested Area|Production Volume|Crushing Volume|Soybean|Soybean Oil|Canola Oil|Neutral Regime|Freight Rate|Cost and Freight|Source Document
19.03_Malaysia_Oilseeds and Products Annual.pdf,data/raw/USDA/FAS/GAIN/Oilseeds/2019/03/19.03_Malaysia_Oilseeds and Products Annual.pdf,data/raw/USDA/FAS/GAIN/Oilseeds/2019/03/Summary/19.03_Malaysia_Oilseeds and Products Annual.md,True,13,17559,바이오연료수요|압착|재고,상방 우세,23,1,Import Volume|Export Volume|Harvested Area|Soybean|Crude Palm Oil|Source Document
19.03_Paraguay_Oilseeds and Products Annual.pdf,data/raw/USDA/FAS/GAIN/Oilseeds/2019/03/19.03_Paraguay_Oilseeds and Products Annual.pdf,data/raw/USDA/FAS/GAIN/Oilseeds/2019/03/Summary/19.03_Paraguay_Oilseeds and Products Annual.md,True,10,18300,기상이변|바이오연료수요|생산변동|압착|재고,상방 우세,31,17,Import Volume|Export Volume|Harvested Area|Soybean|Soybean Oil|Source Document
19.03_Philippines_Oilseeds and Products Annual.pdf,data/raw/USDA/FAS/GAIN/Oilseeds/2019/03/19.03_Philippines_Oilseeds and Products Annual.pdf,data/raw/USDA/FAS/GAIN/Oilseeds/2019/03/Summary/19.03_Philippines_Oilseeds and Products Annual.md,True,15,31799,기상이변|바이오연료수요|생산변동|압착|재고,하방 우세,19,37,Import Volume|Export Volume|Harvested Area|Production Volume|Crushing Volume|Soybean|Crude Palm Oil|Source Document
19.03_South Korea_Oilseeds and Products Annual.pdf,data/raw/USDA/FAS/GAIN/Oilseeds/2019/03/19.03_South Korea_Oilseeds and Products Annual.pdf,data/raw/USDA/FAS/GAIN/Oilseeds/2019/03/Summary/19.03_South Korea_Oilseeds and Products Annual.md,True,30,52858,기상이변|바이오연료수요|생산변동|수입관세|압착|재고,상방 우세,33,23,Import Volume|Export Volume|Harvested Area|Production Volume|Soybean|Crude Palm Oil|Bull Regime|Bear Regime|Import Tariff|Source Document
19.03_Tunisia_List of Products Not Allowed to be Freely Traded.pdf,data/raw/USDA/FAS/GAIN/Oilseeds/2019/03/19.03_Tunisia_List of Products Not Allowed to be Freely Traded.pdf,data/raw/USDA/FAS/GAIN/Oilseeds/2019/03/Summary/19.03_Tunisia_List of Products Not Allowed to be Freely Traded.md,True,12,15983,바이오연료수요,하방 우세,1,7,Export Volume|Neutral Regime|Source Document
19.03_Tunisia_Oilseeds and Products Annual.pdf,data/raw/USDA/FAS/GAIN/Oilseeds/2019/03/19.03_Tunisia_Oilseeds and Products Annual.pdf,data/raw/USDA/FAS/GAIN/Oilseeds/2019/03/Summary/19.03_Tunisia_Oilseeds and Products Annual.md,True,10,13079,기상이변|압착|재고,중립/혼재,11,12,Import Volume|Export Volume|Harvested Area|Crushing Volume|Vegetable Oil|Crude Palm Oil|Canola Oil|Source Document
19.03_Turkey_Oilseeds and Products Annual.pdf,data/raw/USDA/FAS/GAIN/Oilseeds/2019/03/19.03_Turkey_Oilseeds and Products Annual.pdf,data/raw/USDA/FAS/GAIN/Oilseeds/2019/03/Summary/19.03_Turkey_Oilseeds and Products Annual.md,True,22,48172,기상이변|물류충격|바이오연료수요|생산변동|수입관세|압착|재고,하방 우세,85,133,Gross Domestic Product|Import Volume|Export Volume|Soil Moisture Percentile|Harvested Area|Soybean|Soybean Oil|Source Document
19.03_Uruguay_Oilseeds and Products Annual.pdf,data/raw/USDA/FAS/GAIN/Oilseeds/2019/03/19.03_Uruguay_Oilseeds and Products Annual.pdf,data/raw/USDA/FAS/GAIN/Oilseeds/2019/03/Summary/19.03_Uruguay_Oilseeds and Products Annual.md,True,10,24660,기상이변|물류충격|바이오연료수요|생산변동|압착|재고,중립/혼재,34,32,Import Volume|Export Volume|La Niña|Harvested Area|Crushing Volume|Soybean|Neutral Regime|Hold Recommendation|Source Document
19.04_Argentina_Oilseeds and Products Annual.pdf,data/raw/USDA/FAS/GAIN/Oilseeds/2019/04/19.04_Argentina_Oilseeds and Products Annual.pdf,data/raw/USDA/FAS/GAIN/Oilseeds/2019/04/Summary/19.04_Argentina_Oilseeds and Products Annual.md,True,13,32149,기상이변|물류충격|바이오연료수요|생산변동|수출규제|압착|재고,하방 우세,37,72,Import Volume|Export Volume|Harvested Area|Crushing Volume|Soybean|Soybean Oil|Sunflower Oil|Hold Recommendation|Source Document
19.04_Australia_Oilseeds and Products Annual.pdf,data/raw/USDA/FAS/GAIN/Oilseeds/2019/04/19.04_Australia_Oilseeds and Products Annual.pdf,data/raw/USDA/FAS/GAIN/Oilseeds/2019/04/Summary/19.04_Australia_Oilseeds and Products Annual.md,True,22,32173,기상이변|바이오연료수요|압착|재고,하방 우세,31,46,Import Volume|Export Volume|Soil Moisture Percentile|Harvested Area|Soybean|Crude Palm Oil|Source Document
19.04_Brazil_Oilseeds and Products Annual.pdf,data/raw/USDA/FAS/GAIN/Oilseeds/2019/04/19.04_Brazil_Oilseeds and Products Annual.pdf,data/raw/USDA/FAS/GAIN/Oilseeds/2019/04/Summary/19.04_Brazil_Oilseeds and Products Annual.md,True,29,50541,기상이변|물류충격|바이오연료수요|생산변동|수출규제|압착|재고,중립/혼재,61,48,Import Volume|Export Volume|Planted Area|Harvested Area|Production Volume|Crushing Volume|Soybean|Soybean Oil|Trade War|Source Document|Confidence Score
19.04_India_Oilseeds and Products Annual.pdf,data/raw/USDA/FAS/GAIN/Oilseeds/2019/04/19.04_India_Oilseeds and Products Annual.pdf,data/raw/USDA/FAS/GAIN/Oilseeds/2019/04/Summary/19.04_India_Oilseeds and Products Annual.md,True,25,43535,바이오연료수요|수입관세|압착|재고,하방 우세,27,36,Import Volume|Export Volume|Harvested Area|Production Volume|Soybean|Soybean Oil|Crude Soybean Oil|Vegetable Oil|Crude Palm Oil|Canola Oil|Sunflower Oil|Import Tariff
19.04_Japan_Health Ministry Finalizes Genome Edited Food Policy.pdf,data/raw/USDA/FAS/GAIN/Oilseeds/2019/04/19.04_Japan_Health Ministry Finalizes Genome Edited Food Policy.pdf,data/raw/USDA/FAS/GAIN/Oilseeds/2019/04/Summary/19.04_Japan_Health Ministry Finalizes Genome Edited Food Policy.md,True,6,12883,,상방 우세,8,5,Source Document
19.04_Mexico_Oilseeds and Products Annual.pdf,data/raw/USDA/FAS/GAIN/Oilseeds/2019/04/19.04_Mexico_Oilseeds and Products Annual.pdf,data/raw/USDA/FAS/GAIN/Oilseeds/2019/04/Summary/19.04_Mexico_Oilseeds and Products Annual.md,True,21,50031,기상이변|물류충격|바이오연료수요|생산변동|압착|재고,중립/혼재,82,70,Gross Domestic Product|Import Volume|Export Volume|Harvested Area|Production Volume|Soybean|Vegetable Oil|Crude Palm Oil|Canola Oil|Bear Regime|Neutral Regime|Source Document
19.04_Nicaragua_Oilseeds and Products Annual.pdf,data/raw/USDA/FAS/GAIN/Oilseeds/2019/04/19.04_Nicaragua_Oilseeds and Products Annual.pdf,data/raw/USDA/FAS/GAIN/Oilseeds/2019/04/Summary/19.04_Nicaragua_Oilseeds and Products Annual.md,True,4,5326,생산변동|압착|재고,하방 우세,1,7,Import Volume|Export Volume|Harvested Area|Source Document
19.04_South Africa_Oilseeds and Products Annual.pdf,data/raw/USDA/FAS/GAIN/Oilseeds/2019/04/19.04_South Africa_Oilseeds and Products Annual.pdf,data/raw/USDA/FAS/GAIN/Oilseeds/2019/04/Summary/19.04_South Africa_Oilseeds and Products Annual.md,True,16,25965,기상이변|생산변동|압착|재고,하방 우세,31,128,Gross Domestic Product|Import Volume|Export Volume|Soil Moisture Percentile|Harvested Area|Soybean|Crude Palm Oil|Source Document
19.04_Taiwan_Oilseeds and Products Annual.pdf,data/raw/USDA/FAS/GAIN/Oilseeds/2019/04/19.04_Taiwan_Oilseeds and Products Annual.pdf,data/raw/USDA/FAS/GAIN/Oilseeds/2019/04/Summary/19.04_Taiwan_Oilseeds and Products Annual.md,True,9,17749,바이오연료수요|생산변동|압착|재고,하방 우세,14,26,Import Volume|Export Volume|Harvested Area|Crushing Volume|Soybean|Soybean Oil|Crude Palm Oil|Trade War|Source Document
19.04_Thailand_Oilseeds and Products Annual.pdf,data/raw/USDA/FAS/GAIN/Oilseeds/2019/04/19.04_Thailand_Oilseeds and Products Annual.pdf,data/raw/USDA/FAS/GAIN/Oilseeds/2019/04/Summary/19.04_Thailand_Oilseeds and Products Annual.md,True,18,30792,물류충격|바이오연료수요|수출규제|압착|재고,상방 우세,45,33,Gross Domestic Product|Import Volume|Export Volume|Harvested Area|Soybean|Crude Palm Oil|Source Document
19.04_Ukraine_Oilseeds and Products Annual.pdf,data/raw/USDA/FAS/GAIN/Oilseeds/2019/04/19.04_Ukraine_Oilseeds and Products Annual.pdf,data/raw/USDA/FAS/GAIN/Oilseeds/2019/04/Summary/19.04_Ukraine_Oilseeds and Products Annual.md,True,57,51863,생산변동|수출규제|압착|재고,하방 우세,86,148,Gross Domestic Product|Import Volume|Export Volume|Harvested Area|Production Volume|Crushing Volume|Soybean|Crude Palm Oil|Canola Oil|Export Tax|Source Document
19.04_Vietnam_Oilseeds and Products Annual.pdf,data/raw/USDA/FAS/GAIN/Oilseeds/2019/04/19.04_Vietnam_Oilseeds and Products Annual.pdf,data/raw/USDA/FAS/GAIN/Oilseeds/2019/04/Summary/19.04_Vietnam_Oilseeds and Products Annual.md,True,21,42284,수입관세|압착|재고,중립/혼재,52,44,Import Volume|Export Volume|Harvested Area|Production Volume|Crushing Volume|Soybean|Soybean Oil|Crude Soybean Oil|Crude Palm Oil|Canola Oil|Source Document
19.05_Bulgaria_Oilseeds and Products Market Update.pdf,data/raw/USDA/FAS/GAIN/Oilseeds/2019/05/19.05_Bulgaria_Oilseeds and Products Market Update.pdf,data/raw/USDA/FAS/GAIN/Oilseeds/2019/05/Summary/19.05_Bulgaria_Oilseeds and Products Market Update.md,True,8,10984,기상이변|압착|재고,하방 우세,15,39,Import Volume|Export Volume|Soil Moisture Percentile|Harvested Area|Production Volume|Soybean|Soybean Oil|Canola Oil|Source Document
19.05_Canada_Oilseeds Update - Canola.pdf,data/raw/USDA/FAS/GAIN/Oilseeds/2019/05/19.05_Canada_Oilseeds Update - Canola.pdf,data/raw/USDA/FAS/GAIN/Oilseeds/2019/05/Summary/19.05_Canada_Oilseeds Update - Canola.md,True,3,5011,압착|재고,중립/혼재,7,6,Import Volume|Export Volume|Soil Moisture Percentile|Harvested Area|Soybean|Source Document
19.05_China_Falling Hog Numbers Pressure Import Demand for Oilseeds.pdf,data/raw/USDA/FAS/GAIN/Oilseeds/2019/05/19.05_China_Falling Hog Numbers Pressure Import Demand for Oilseeds.pdf,data/raw/USDA/FAS/GAIN/Oilseeds/2019/05/Summary/19.05_China_Falling Hog Numbers Pressure Import Demand for Oilseeds.md,True,12,14818,물류충격|압착|재고,하방 우세,10,33,Import Volume|Export Volume|Harvested Area|Soybean|Crude Palm Oil|Canola Oil|Source Document
19.05_India_Predicted near normal monsoon delayed by five days.pdf,data/raw/USDA/FAS/GAIN/Oilseeds/2019/05/19.05_India_Predicted near normal monsoon delayed by five days.pdf,data/raw/USDA/FAS/GAIN/Oilseeds/2019/05/Summary/19.05_India_Predicted near normal monsoon delayed by five days.md,True,4,4363,,하방 우세,1,13,Flood|Source Document
19.05_Nigeria_Animal Feed Sector Snapshot.pdf,data/raw/USDA/FAS/GAIN/Oilseeds/2019/05/19.05_Nigeria_Animal Feed Sector Snapshot.pdf,data/raw/USDA/FAS/GAIN/Oilseeds/2019/05/Summary/19.05_Nigeria_Animal Feed Sector Snapshot.md,True,3,5654,,중립/혼재,2,2,Export Volume|Soybean|Soybean Oil|Source Document
19.06_Bolivia_Soybeans Bolivia Adopts Biotechnology.pdf,data/raw/USDA/FAS/GAIN/Oilseeds/2019/06/19.06_Bolivia_Soybeans Bolivia Adopts Biotechnology.pdf,data/raw/USDA/FAS/GAIN/Oilseeds/2019/06/Summary/19.06_Bolivia_Soybeans Bolivia Adopts Biotechnology.md,True,4,8113,기상이변|물류충격|수입관세|압착,상방 우세,2,1,Export Volume|Soybean|Source Document
19.06_Brazil_Oilseeds and Products Update.pdf,data/raw/USDA/FAS/GAIN/Oilseeds/2019/06/19.06_Brazil_Oilseeds and Products Update.pdf,data/raw/USDA/FAS/GAIN/Oilseeds/2019/06/Summary/19.06_Brazil_Oilseeds and Products Update.md,True,12,20720,바이오연료수요|생산변동|압착|재고,상방 우세,32,11,Import Volume|Export Volume|Harvested Area|Production Volume|Soybean|Soybean Oil|Hold Recommendation|Trade War|Free on Board|Source Document
19.06_India_Normal Southwest Monsoon predicted in second forecast.pdf,data/raw/USDA/FAS/GAIN/Oilseeds/2019/06/19.06_India_Normal Southwest Monsoon predicted in second forecast.pdf,data/raw/USDA/FAS/GAIN/Oilseeds/2019/06/Summary/19.06_India_Normal Southwest Monsoon predicted in second forecast.md,True,3,4752,기상이변,하방 우세,2,12,Source Document
19.07_China_Oilseeds and Products Update.pdf,data/raw/USDA/FAS/GAIN/Oilseeds/2019/07/19.07_China_Oilseeds and Products Update.pdf,data/raw/USDA/FAS/GAIN/Oilseeds/2019/07/Summary/19.07_China_Oilseeds and Products Update.md,True,7,11464,압착|재고,하방 우세,10,18,Import Volume|Export Volume|Harvested Area|Soybean|Crude Palm Oil|Canola Oil|Source Document
19.07_India_Monsoon Update June.pdf,data/raw/USDA/FAS/GAIN/Oilseeds/2019/07/19.07_India_Monsoon Update June.pdf,data/raw/USDA/FAS/GAIN/Oilseeds/2019/07/Summary/19.07_India_Monsoon Update June.md,True,8,4296,,하방 우세,3,20,Planted Area|Soybean|Source Document
19.07_Indonesia_Oilseeds and Products Update.pdf,data/raw/USDA/FAS/GAIN/Oilseeds/2019/07/19.07_Indonesia_Oilseeds and Products Update.pdf,data/raw/USDA/FAS/GAIN/Oilseeds/2019/07/Summary/19.07_Indonesia_Oilseeds and Products Update.md,True,8,8673,바이오연료수요|수입관세|압착|재고,상방 우세,12,8,Import Volume|Export Volume|Harvested Area|Crude Palm Oil|Source Document
19.07_Malaysia_Oilseeds and Products Update.pdf,data/raw/USDA/FAS/GAIN/Oilseeds/2019/07/19.07_Malaysia_Oilseeds and Products Update.pdf,data/raw/USDA/FAS/GAIN/Oilseeds/2019/07/Summary/19.07_Malaysia_Oilseeds and Products Update.md,True,5,5124,바이오연료수요|재고,상방 우세,7,0,Import Volume|Export Volume|Harvested Area|Crude Palm Oil|Source Document
19.07_Nigeria_Oilseeds and Products Annual.pdf,data/raw/USDA/FAS/GAIN/Oilseeds/2019/07/19.07_Nigeria_Oilseeds and Products Annual.pdf,data/raw/USDA/FAS/GAIN/Oilseeds/2019/07/Summary/19.07_Nigeria_Oilseeds and Products Annual.md,True,17,35780,생산변동|수입관세|압착|재고,상방 우세,40,7,Import Volume|Export Volume|Harvested Area|Production Volume|Crushing Volume|Soybean|Vegetable Oil|Crude Palm Oil|Import Tariff|Source Document
19.07_Russia_Oilseeds and Products Annual.pdf,data/raw/USDA/FAS/GAIN/Oilseeds/2019/07/19.07_Russia_Oilseeds and Products Annual.pdf,data/raw/USDA/FAS/GAIN/Oilseeds/2019/07/Summary/19.07_Russia_Oilseeds and Products Annual.md,True,38,56829,기상이변|물류충격|생산변동|압착|재고,하방 우세,70,101,Inflation|Import Volume|Export Volume|Harvested Area|Production Volume|Soybean|Canola Oil|Source Document
19.08_Canada_Industrial Hemp Production Trade and Regulation.pdf,data/raw/USDA/FAS/GAIN/Oilseeds/2019/08/19.08_Canada_Industrial Hemp Production Trade and Regulation.pdf,data/raw/USDA/FAS/GAIN/Oilseeds/2019/08/Summary/19.08_Canada_Industrial Hemp Production Trade and Regulation.md,True,6,11880,,하방 우세,2,5,Source Document|Bounding Box
19.08_China_Oilseeds and Products Update.pdf,data/raw/USDA/FAS/GAIN/Oilseeds/2019/08/19.08_China_Oilseeds and Products Update.pdf,data/raw/USDA/FAS/GAIN/Oilseeds/2019/08/Summary/19.08_China_Oilseeds and Products Update.md,True,12,17050,압착|재고,하방 우세,14,28,Import Volume|Export Volume|Harvested Area|Soybean|Crude Palm Oil|Canola Oil|Source Document
19.08_Germany_Pork Production in Decline - Eroding Soybean Meal Demand.pdf,data/raw/USDA/FAS/GAIN/Oilseeds/2019/08/19.08_Germany_Pork Production in Decline - Eroding Soybean Meal Demand.pdf,data/raw/USDA/FAS/GAIN/Oilseeds/2019/08/Summary/19.08_Germany_Pork Production in Decline - Eroding Soybean Meal Demand.md,True,7,10764,기상이변,하방 우세,5,16,Import Volume|Export Volume|Soybean|Trade War|Source Document
19.08_India_Monsoon Update July.pdf,data/raw/USDA/FAS/GAIN/Oilseeds/2019/08/19.08_India_Monsoon Update July.pdf,data/raw/USDA/FAS/GAIN/Oilseeds/2019/08/Summary/19.08_India_Monsoon Update July.md,True,10,5692,,하방 우세,5,22,Precipitation Deficit|Planted Area|Source Document
19.08_India_Oilseeds and Products Update.pdf,data/raw/USDA/FAS/GAIN/Oilseeds/2019/08/19.08_India_Oilseeds and Products Update.pdf,data/raw/USDA/FAS/GAIN/Oilseeds/2019/08/Summary/19.08_India_Oilseeds and Products Update.md,True,12,18576,기상이변|수입관세|압착|재고,하방 우세,6,56,Import Volume|Export Volume|Precipitation Deficit|Soil Moisture Percentile|Harvested Area|Production Volume|Soybean|Vegetable Oil|Crude Palm Oil|Import Tariff|Source Document
19.09_Argentina_Oilseeds and Products Update.pdf,data/raw/USDA/FAS/GAIN/Oilseeds/2019/09/19.09_Argentina_Oilseeds and Products Update.pdf,data/raw/USDA/FAS/GAIN/Oilseeds/2019/09/Summary/19.09_Argentina_Oilseeds and Products Update.md,True,7,10839,기상이변|생산변동|수출규제|압착|재고,중립/혼재,12,13,Import Volume|Export Volume|Harvested Area|Soybean|Source Document
19.09_Brazil_Oilseeds and Products Update.pdf,data/raw/USDA/FAS/GAIN/Oilseeds/2019/09/19.09_Brazil_Oilseeds and Products Update.pdf,data/raw/USDA/FAS/GAIN/Oilseeds/2019/09/Summary/19.09_Brazil_Oilseeds and Products Update.md,True,13,18183,바이오연료수요|생산변동|수입관세|수출규제|압착|재고,상방 우세,21,15,Inflation|Gross Domestic Product|Import Volume|Export Volume|Soil Moisture Percentile|Harvested Area|Soybean|Soybean Oil|Export Tax|Source Document
19.09_EU_Oilseeds and Products Update - Lowest Rapeseed Crop in Over a Decade.pdf,data/raw/USDA/FAS/GAIN/Oilseeds/2019/09/19.09_EU_Oilseeds and Products Update - Lowest Rapeseed Crop in Over a Decade.pdf,data/raw/USDA/FAS/GAIN/Oilseeds/2019/09/Summary/19.09_EU_Oilseeds and Products Update - Lowest Rapeseed Crop in Over a Decade.md,True,17,33682,기상이변|바이오연료수요|생산변동|압착|재고,하방 우세,49,98,Import Volume|Export Volume|Soil Moisture Percentile|Harvested Area|Production Volume|Crushing Volume|Soybean|Crude Palm Oil|Canola Oil|Neutral Regime|Source Document
19.09_India_Monsoon Recovery in August Improves Soil Moisture in Central India.pdf,data/raw/USDA/FAS/GAIN/Oilseeds/2019/09/19.09_India_Monsoon Recovery in August Improves Soil Moisture in Central India.pdf,data/raw/USDA/FAS/GAIN/Oilseeds/2019/09/Summary/19.09_India_Monsoon Recovery in August Improves Soil Moisture in Central India.md,True,11,6574,,하방 우세,2,21,Soil Moisture Percentile|Planted Area|Source Document
19.09_Malaysia_Oilseeds and Products Update.pdf,data/raw/USDA/FAS/GAIN/Oilseeds/2019/09/19.09_Malaysia_Oilseeds and Products Update.pdf,data/raw/USDA/FAS/GAIN/Oilseeds/2019/09/Summary/19.09_Malaysia_Oilseeds and Products Update.md,True,5,5682,바이오연료수요|재고,상방 우세,8,0,Import Volume|Export Volume|Harvested Area|Production Volume|Crude Palm Oil|Source Document
19.09_Philippines_African Swine Fever (ASF) Confirmed in the Philippines.pdf,data/raw/USDA/FAS/GAIN/Oilseeds/2019/09/19.09_Philippines_African Swine Fever (ASF) Confirmed in the Philippines.pdf,data/raw/USDA/FAS/GAIN/Oilseeds/2019/09/Summary/19.09_Philippines_African Swine Fever (ASF) Confirmed in the Philippines.md,True,5,8220,재고,하방 우세,0,1,Source Document
19.09_Thailand_Price Subsidy Programs for Rice and Oil Palm Farmers.pdf,data/raw/USDA/FAS/GAIN/Oilseeds/2019/09/19.09_Thailand_Price Subsidy Programs for Rice and Oil Palm Farmers.pdf,data/raw/USDA/FAS/GAIN/Oilseeds/2019/09/Summary/19.09_Thailand_Price Subsidy Programs for Rice and Oil Palm Farmers.md,True,4,5001,,상방 우세,5,3,Export Volume|Source Document
19.09_Turkey_Oilseeds and Products Update.pdf,data/raw/USDA/FAS/GAIN/Oilseeds/2019/09/19.09_Turkey_Oilseeds and Products Update.pdf,data/raw/USDA/FAS/GAIN/Oilseeds/2019/09/Summary/19.09_Turkey_Oilseeds and Products Update.md,True,8,16313,압착|재고,하방 우세,24,47,Import Volume|Export Volume|Harvested Area|Production Volume|Soybean|Soybean Oil|Source Document
19.10_China_Oilseeds and Products Update.pdf,data/raw/USDA/FAS/GAIN/Oilseeds/2019/10/19.10_China_Oilseeds and Products Update.pdf,data/raw/USDA/FAS/GAIN/Oilseeds/2019/10/Summary/19.10_China_Oilseeds and Products Update.md,True,9,11537,기상이변|생산변동|압착|재고,하방 우세,9,21,Import Volume|Export Volume|Harvested Area|Soybean|Crude Palm Oil|Canola Oil|Bull Regime|Source Document
19.10_Egypt_South Carolina Agricultural Commissioner Visit.pdf,data/raw/USDA/FAS/GAIN/Oilseeds/2019/10/19.10_Egypt_South Carolina Agricultural Commissioner Visit.pdf,data/raw/USDA/FAS/GAIN/Oilseeds/2019/10/Summary/19.10_Egypt_South Carolina Agricultural Commissioner Visit.md,True,3,4669,압착,하방 우세,0,2,Export Volume|Crushing Volume|Soybean|Source Document
"19.10_Egypt_Updated Plant Quarantine Import Requirements for Wheat, Yellow Corn, and Soybeans.pdf","data/raw/USDA/FAS/GAIN/Oilseeds/2019/10/19.10_Egypt_Updated Plant Quarantine Import Requirements for Wheat, Yellow Corn, and Soybeans.pdf","data/raw/USDA/FAS/GAIN/Oilseeds/2019/10/Summary/19.10_Egypt_Updated Plant Quarantine Import Requirements for Wheat, Yellow Corn, and Soybeans.md",True,4,2327,,중립/혼재,0,0,Soybean|Source Document
19.10_India_Monsoon Update of October.pdf,data/raw/USDA/FAS/GAIN/Oilseeds/2019/10/19.10_India_Monsoon Update of October.pdf,data/raw/USDA/FAS/GAIN/Oilseeds/2019/10/Summary/19.10_India_Monsoon Update of October.md,True,13,5396,,하방 우세,10,15,Planted Area|Source Document
19.10_Thailand_Moves to Ban Three Ag Chemicals.pdf,data/raw/USDA/FAS/GAIN/Oilseeds/2019/10/19.10_Thailand_Moves to Ban Three Ag Chemicals.pdf,data/raw/USDA/FAS/GAIN/Oilseeds/2019/10/Summary/19.10_Thailand_Moves to Ban Three Ag Chemicals.md,True,6,11842,,상방 우세,2,0,Import Volume|Export Volume|Soybean|Source Document
19.10_Vietnam_Oilseeds and Products Update.pdf,data/raw/USDA/FAS/GAIN/Oilseeds/2019/10/19.10_Vietnam_Oilseeds and Products Update.pdf,data/raw/USDA/FAS/GAIN/Oilseeds/2019/10/Summary/19.10_Vietnam_Oilseeds and Products Update.md,True,21,32878,기상이변|압착|재고,중립/혼재,26,33,Import Volume|Export Volume|Harvested Area|Production Volume|Crushing Volume|Soybean|Soybean Oil|Crude Palm Oil|Canola Oil|Hold Recommendation|Source Document
19.11_Bulgaria_Oilseeds and Products Market Update.pdf,data/raw/USDA/FAS/GAIN/Oilseeds/2019/11/19.11_Bulgaria_Oilseeds and Products Market Update.pdf,data/raw/USDA/FAS/GAIN/Oilseeds/2019/11/Summary/19.11_Bulgaria_Oilseeds and Products Market Update.md,True,9,9609,기상이변|압착|재고,하방 우세,7,40,Import Volume|Export Volume|Soil Moisture Percentile|Harvested Area|Soybean|Canola Oil|Source Document
19.11_Indonesia_Oilseeds and Products Update.pdf,data/raw/USDA/FAS/GAIN/Oilseeds/2019/11/19.11_Indonesia_Oilseeds and Products Update.pdf,data/raw/USDA/FAS/GAIN/Oilseeds/2019/11/Summary/19.11_Indonesia_Oilseeds and Products Update.md,True,9,10059,바이오연료수요|압착|재고,상방 우세,16,6,Import Volume|Export Volume|Harvested Area|Soybean|Crude Palm Oil|Source Document
19.11_Thailand_A November Update on the Ban on Three AIs.pdf,data/raw/USDA/FAS/GAIN/Oilseeds/2019/11/19.11_Thailand_A November Update on the Ban on Three AIs.pdf,data/raw/USDA/FAS/GAIN/Oilseeds/2019/11/Summary/19.11_Thailand_A November Update on the Ban on Three AIs.md,True,6,12033,,중립/혼재,0,0,Hold Recommendation|Source Document
19.12_Brazil_Oilseeds and Products Update.pdf,data/raw/USDA/FAS/GAIN/Oilseeds/2019/12/19.12_Brazil_Oilseeds and Products Update.pdf,data/raw/USDA/FAS/GAIN/Oilseeds/2019/12/Summary/19.12_Brazil_Oilseeds and Products Update.md,True,10,18859,바이오연료수요|생산변동|수출규제|압착|재고,상방 우세,19,10,Import Volume|Export Volume|Soil Moisture Percentile|Harvested Area|Soybean|Soybean Oil|Hold Recommendation|Trade War|Export Tax|Source Document
19.12_India_Oilseeds and Products Update.pdf,data/raw/USDA/FAS/GAIN/Oilseeds/2019/12/19.12_India_Oilseeds and Products Update.pdf,data/raw/USDA/FAS/GAIN/Oilseeds/2019/12/Summary/19.12_India_Oilseeds and Products Update.md,True,8,14628,생산변동|수입관세|압착|재고,하방 우세,7,19,Import Volume|Export Volume|Flood|Soil Moisture Percentile|Harvested Area|Soybean|Vegetable Oil|Crude Palm Oil|Source Document
19.12_Malaysia_Oilseeds and Products Update.pdf,data/raw/USDA/FAS/GAIN/Oilseeds/2019/12/19.12_Malaysia_Oilseeds and Products Update.pdf,data/raw/USDA/FAS/GAIN/Oilseeds/2019/12/Summary/19.12_Malaysia_Oilseeds and Products Update.md,True,5,6079,바이오연료수요|재고,하방 우세,3,4,Import Volume|Export Volume|Harvested Area|Crude Palm Oil|Source Document
19.12_Pakistan_Oilseeds and Products Update.pdf,data/raw/USDA/FAS/GAIN/Oilseeds/2019/12/19.12_Pakistan_Oilseeds and Products Update.pdf,data/raw/USDA/FAS/GAIN/Oilseeds/2019/12/Summary/19.12_Pakistan_Oilseeds and Products Update.md,True,4,4838,바이오연료수요|압착,중립/혼재,4,5,Import Volume|Soybean|Crude Palm Oil|Source Document
19.12_Thailand_Update on the Ban on Three Active Ingredients.pdf,data/raw/USDA/FAS/GAIN/Oilseeds/2019/12/19.12_Thailand_Update on the Ban on Three Active Ingredients.pdf,data/raw/USDA/FAS/GAIN/Oilseeds/2019/12/Summary/19.12_Thailand_Update on the Ban on Three Active Ingredients.md,True,6,7161,,하방 우세,0,2,Export Volume|Soybean|Hold Recommendation|Source Document
19.12_Ukraine_Signed A Rapeseed Meal Export Protocol with China.pdf,data/raw/USDA/FAS/GAIN/Oilseeds/2019/12/19.12_Ukraine_Signed A Rapeseed Meal Export Protocol with China.pdf,data/raw/USDA/FAS/GAIN/Oilseeds/2019/12/Summary/19.12_Ukraine_Signed A Rapeseed Meal Export Protocol with China.md,True,3,2928,압착,중립/혼재,1,1,Export Volume|Source Document
20.01_Argentina_Oilseeds and Products Update.pdf,data/raw/USDA/FAS/GAIN/Oilseeds/2020/01/20.01_Argentina_Oilseeds and Products Update.pdf,data/raw/USDA/FAS/GAIN/Oilseeds/2020/01/Summary/20.01_Argentina_Oilseeds and Products Update.md,True,8,11107,수출규제|압착|재고,중립/혼재,14,15,Import Volume|Export Volume|Harvested Area|Soybean|Sunflower Oil|Source Document
20.01_Brazil_Oilseeds and Products Update.pdf,data/raw/USDA/FAS/GAIN/Oilseeds/2020/01/20.01_Brazil_Oilseeds and Products Update.pdf,data/raw/USDA/FAS/GAIN/Oilseeds/2020/01/Summary/20.01_Brazil_Oilseeds and Products Update.md,True,10,17076,바이오연료수요|생산변동|압착|재고,상방 우세,17,5,Import Volume|Export Volume|Harvested Area|Production Volume|Soybean|Soybean Oil|Source Document
20.01_Ethiopia_Oilseeds Report Annual.pdf,data/raw/USDA/FAS/GAIN/Oilseeds/2020/01/20.01_Ethiopia_Oilseeds Report Annual.pdf,data/raw/USDA/FAS/GAIN/Oilseeds/2020/01/Summary/20.01_Ethiopia_Oilseeds Report Annual.md,True,21,35627,바이오연료수요|생산변동|압착|재고,상방 우세,35,21,Import Volume|Export Volume|Harvested Area|Soybean|Vegetable Oil|Crude Palm Oil|Source Document
20.01_Indonesia_Oilseeds and Products Update.pdf,data/raw/USDA/FAS/GAIN/Oilseeds/2020/01/20.01_Indonesia_Oilseeds and Products Update.pdf,data/raw/USDA/FAS/GAIN/Oilseeds/2020/01/Summary/20.01_Indonesia_Oilseeds and Products Update.md,True,9,11902,바이오연료수요|수입관세|수출규제|압착|재고,상방 우세,14,10,Import Volume|Export Volume|Harvested Area|Soybean|Crude Palm Oil|Import Tariff|Source Document
20.02_Argentina_Oilseeds and Products Update.pdf,data/raw/USDA/FAS/GAIN/Oilseeds/2020/02/20.02_Argentina_Oilseeds and Products Update.pdf,data/raw/USDA/FAS/GAIN/Oilseeds/2020/02/Summary/20.02_Argentina_Oilseeds and Products Update.md,True,5,7927,기상이변|물류충격|생산변동|수출규제,하방 우세,8,14,Soil Moisture Percentile|Soybean|Source Document
20.02_Egypt_Reintroduces Government Pre shipment Inspections for Grain Imports.pdf,data/raw/USDA/FAS/GAIN/Oilseeds/2020/02/20.02_Egypt_Reintroduces Government Pre shipment Inspections for Grain Imports.pdf,data/raw/USDA/FAS/GAIN/Oilseeds/2020/02/Summary/20.02_Egypt_Reintroduces Government Pre shipment Inspections for Grain Imports.md,True,7,13750,,하방 우세,0,1,Import Volume|Source Document
20.02_India_2020-21 Budget Raises Tariffs on Several Agricultural Products.pdf,data/raw/USDA/FAS/GAIN/Oilseeds/2020/02/20.02_India_2020-21 Budget Raises Tariffs on Several Agricultural Products.pdf,data/raw/USDA/FAS/GAIN/Oilseeds/2020/02/Summary/20.02_India_2020-21 Budget Raises Tariffs on Several Agricultural Products.md,True,4,6231,수입관세,하방 우세,2,3,Import Volume|Crude Palm Oil|Source Document
20.02_Italy_Italian Industrial Hemp Overview 2020.pdf,data/raw/USDA/FAS/GAIN/Oilseeds/2020/02/20.02_Italy_Italian Industrial Hemp Overview 2020.pdf,data/raw/USDA/FAS/GAIN/Oilseeds/2020/02/Summary/20.02_Italy_Italian Industrial Hemp Overview 2020.md,True,4,8069,,중립/혼재,1,1,Import Volume|Source Document
20.02_Japan_USJTA Treatment for Fats and Oils.pdf,data/raw/USDA/FAS/GAIN/Oilseeds/2020/02/20.02_Japan_USJTA Treatment for Fats and Oils.pdf,data/raw/USDA/FAS/GAIN/Oilseeds/2020/02/Summary/20.02_Japan_USJTA Treatment for Fats and Oils.md,True,3,3837,,중립/혼재,2,2,Import Volume|Neutral Regime|Source Document
20.02_Romania_Romanian Industrial Hemp Market Overview.pdf,data/raw/USDA/FAS/GAIN/Oilseeds/2020/02/20.02_Romania_Romanian Industrial Hemp Market Overview.pdf,data/raw/USDA/FAS/GAIN/Oilseeds/2020/02/Summary/20.02_Romania_Romanian Industrial Hemp Market Overview.md,True,8,14110,,중립/혼재,4,5,Import Volume|Export Volume|Source Document
20.02_Russia_Draft TBT Measure on Fat and Oil Products Notified to WTO.pdf,data/raw/USDA/FAS/GAIN/Oilseeds/2020/02/20.02_Russia_Draft TBT Measure on Fat and Oil Products Notified to WTO.pdf,data/raw/USDA/FAS/GAIN/Oilseeds/2020/02/Summary/20.02_Russia_Draft TBT Measure on Fat and Oil Products Notified to WTO.md,True,14,23242,,상방 우세,1,0,Source Document
20.02_Taiwan_Impacted as Agricultural Trade Disrupted by Coronavirus.pdf,data/raw/USDA/FAS/GAIN/Oilseeds/2020/02/20.02_Taiwan_Impacted as Agricultural Trade Disrupted by Coronavirus.pdf,data/raw/USDA/FAS/GAIN/Oilseeds/2020/02/Summary/20.02_Taiwan_Impacted as Agricultural Trade Disrupted by Coronavirus.md,True,3,7225,,상방 우세,4,2,Import Volume|Export Volume|Source Document
20.02_Tunisia_Oilseeds and Products Annual.pdf,data/raw/USDA/FAS/GAIN/Oilseeds/2020/02/20.02_Tunisia_Oilseeds and Products Annual.pdf,data/raw/USDA/FAS/GAIN/Oilseeds/2020/02/Summary/20.02_Tunisia_Oilseeds and Products Annual.md,True,9,14746,기상이변|압착|재고,중립/혼재,10,13,Import Volume|Export Volume|Harvested Area|Crushing Volume|Vegetable Oil|Crude Palm Oil|Canola Oil|Source Document
20.02_Vietnam_Requires Certificate of Free Sale for Imported Feed Ingredients.pdf,data/raw/USDA/FAS/GAIN/Oilseeds/2020/02/20.02_Vietnam_Requires Certificate of Free Sale for Imported Feed Ingredients.pdf,data/raw/USDA/FAS/GAIN/Oilseeds/2020/02/Summary/20.02_Vietnam_Requires Certificate of Free Sale for Imported Feed Ingredients.md,True,4,6611,,하방 우세,0,1,Soybean|Source Document
20.03_Argentina_New Export Tax Rates in Argentina.pdf,data/raw/USDA/FAS/GAIN/Oilseeds/2020/03/20.03_Argentina_New Export Tax Rates in Argentina.pdf,data/raw/USDA/FAS/GAIN/Oilseeds/2020/03/Summary/20.03_Argentina_New Export Tax Rates in Argentina.md,True,5,6239,수출규제,중립/혼재,6,7,Export Volume|Soybean|Source Document
20.03_Australia_Oilseeds and Products Annual.pdf,data/raw/USDA/FAS/GAIN/Oilseeds/2020/03/20.03_Australia_Oilseeds and Products Annual.pdf,data/raw/USDA/FAS/GAIN/Oilseeds/2020/03/Summary/20.03_Australia_Oilseeds and Products Annual.md,True,18,28508,기상이변|바이오연료수요|생산변동|압착|재고,상방 우세,31,19,Import Volume|Export Volume|Soil Moisture Percentile|Harvested Area|Crude Palm Oil|Neutral Regime|Source Document
20.03_Canada_Oilseeds and Products Annual.pdf,data/raw/USDA/FAS/GAIN/Oilseeds/2020/03/20.03_Canada_Oilseeds and Products Annual.pdf,data/raw/USDA/FAS/GAIN/Oilseeds/2020/03/Summary/20.03_Canada_Oilseeds and Products Annual.md,True,30,39233,물류충격|생산변동|압착|재고,하방 우세,32,65,Import Volume|Export Volume|Harvested Area|Crushing Volume|Stock-to-Use Ratio|Harvest Delay|Soybean|Crude Palm Oil|Canola Oil|Geopolitical Conflict|Source Document
20.03_Canada_Transportation Disruptions Impact Canadian Agricultural Supply System.pdf,data/raw/USDA/FAS/GAIN/Oilseeds/2020/03/20.03_Canada_Transportation Disruptions Impact Canadian Agricultural Supply System.pdf,data/raw/USDA/FAS/GAIN/Oilseeds/2020/03/Summary/20.03_Canada_Transportation Disruptions Impact Canadian Agricultural Supply System.md,True,4,6454,바이오연료수요,하방 우세,2,7,Export Volume|Source Document
20.03_China_Oilseeds and Products Annual.pdf,data/raw/USDA/FAS/GAIN/Oilseeds/2020/03/20.03_China_Oilseeds and Products Annual.pdf,data/raw/USDA/FAS/GAIN/Oilseeds/2020/03/Summary/20.03_China_Oilseeds and Products Annual.md,True,37,38251,기상이변|바이오연료수요|생산변동|수입관세|압착|재고,중립/혼재,30,30,Import Volume|Export Volume|Harvested Area|Production Volume|Crushing Volume|Soybean|Soybean Oil|Crude Palm Oil|Canola Oil|Import Tariff|Source Document
20.03_Egypt_Oilseeds and Products Annual.pdf,data/raw/USDA/FAS/GAIN/Oilseeds/2020/03/20.03_Egypt_Oilseeds and Products Annual.pdf,data/raw/USDA/FAS/GAIN/Oilseeds/2020/03/Summary/20.03_Egypt_Oilseeds and Products Annual.md,True,14,27411,바이오연료수요|수입관세|압착|재고,하방 우세,27,47,Import Volume|Export Volume|Harvested Area|Crushing Volume|Soybean|Soybean Oil|Vegetable Oil|Crude Palm Oil|Sunflower Oil|Source Document
20.03_India_Oilseeds and Products Update.pdf,data/raw/USDA/FAS/GAIN/Oilseeds/2020/03/20.03_India_Oilseeds and Products Update.pdf,data/raw/USDA/FAS/GAIN/Oilseeds/2020/03/Summary/20.03_India_Oilseeds and Products Update.md,True,7,14305,수입관세|압착|재고,하방 우세,3,17,Import Volume|Export Volume|Soil Moisture Percentile|Harvested Area|Production Volume|Soybean Oil|Vegetable Oil|Crude Palm Oil|Sunflower Oil|Import Tariff|Source Document
20.03_Indonesia_Oilseeds and Products Annual.pdf,data/raw/USDA/FAS/GAIN/Oilseeds/2020/03/20.03_Indonesia_Oilseeds and Products Annual.pdf,data/raw/USDA/FAS/GAIN/Oilseeds/2020/03/Summary/20.03_Indonesia_Oilseeds and Products Annual.md,True,17,24855,물류충격|바이오연료수요|압착|재고,중립/혼재,24,25,Import Volume|Export Volume|Harvested Area|Soybean|Crude Palm Oil|Source Document
20.03_Peru_Oilseeds and Products Annual.pdf,data/raw/USDA/FAS/GAIN/Oilseeds/2020/03/20.03_Peru_Oilseeds and Products Annual.pdf,data/raw/USDA/FAS/GAIN/Oilseeds/2020/03/Summary/20.03_Peru_Oilseeds and Products Annual.md,True,4,7883,재고,하방 우세,0,1,Import Volume|Export Volume|Source Document
20.03_South Korea_Oilseeds and Products Annual.pdf,data/raw/USDA/FAS/GAIN/Oilseeds/2020/03/20.03_South Korea_Oilseeds and Products Annual.pdf,data/raw/USDA/FAS/GAIN/Oilseeds/2020/03/Summary/20.03_South Korea_Oilseeds and Products Annual.md,True,31,51539,기상이변|바이오연료수요|생산변동|수입관세|압착|재고,중립/혼재,26,23,Import Volume|Export Volume|Harvested Area|Production Volume|Soybean|Crude Palm Oil|Neutral Regime|Import Tariff|Source Document
20.03_Turkey_Oilseeds and Products Annual.pdf,data/raw/USDA/FAS/GAIN/Oilseeds/2020/03/20.03_Turkey_Oilseeds and Products Annual.pdf,data/raw/USDA/FAS/GAIN/Oilseeds/2020/03/Summary/20.03_Turkey_Oilseeds and Products Annual.md,True,19,38768,기상이변|물류충격|바이오연료수요|수입관세|압착|재고,하방 우세,52,107,Import Volume|Export Volume|Soil Moisture Percentile|Harvested Area|Soybean|Soybean Oil|Source Document
20.03_Vietnam_Issues Decree Guiding the Law on Animal Husbandry.pdf,data/raw/USDA/FAS/GAIN/Oilseeds/2020/03/20.03_Vietnam_Issues Decree Guiding the Law on Animal Husbandry.pdf,data/raw/USDA/FAS/GAIN/Oilseeds/2020/03/Summary/20.03_Vietnam_Issues Decree Guiding the Law on Animal Husbandry.md,True,5,8775,,중립/혼재,0,0,Source Document
20.03_Vietnam_Issues Draft National Technical Regulations for Plant Quarantine Pests.pdf,data/raw/USDA/FAS/GAIN/Oilseeds/2020/03/20.03_Vietnam_Issues Draft National Technical Regulations for Plant Quarantine Pests.pdf,data/raw/USDA/FAS/GAIN/Oilseeds/2020/03/Summary/20.03_Vietnam_Issues Draft National Technical Regulations for Plant Quarantine Pests.md,True,3,3920,,중립/혼재,0,0,Source Document
20.03_Vietnam_Issues Safety Technical Regulation on Animal Feed and Feed Ingredients.pdf,data/raw/USDA/FAS/GAIN/Oilseeds/2020/03/20.03_Vietnam_Issues Safety Technical Regulation on Animal Feed and Feed Ingredients.pdf,data/raw/USDA/FAS/GAIN/Oilseeds/2020/03/Summary/20.03_Vietnam_Issues Safety Technical Regulation on Animal Feed and Feed Ingredients.md,True,7,7920,,하방 우세,0,1,Crude Palm Oil|Canola Oil|Source Document
20.04_Argentina_Oilseeds and Products Annual.pdf,data/raw/USDA/FAS/GAIN/Oilseeds/2020/04/20.04_Argentina_Oilseeds and Products Annual.pdf,data/raw/USDA/FAS/GAIN/Oilseeds/2020/04/Summary/20.04_Argentina_Oilseeds and Products Annual.md,True,14,28137,물류충격|바이오연료수요|수출규제|압착|재고,하방 우세,28,57,Import Volume|Export Volume|Harvested Area|Crushing Rate|Soybean|Soybean Oil|Vegetable Oil|Sunflower Oil|Source Document
20.04_Brazil_Brazilian Commodity Prices Hit Record Levels.pdf,data/raw/USDA/FAS/GAIN/Oilseeds/2020/04/20.04_Brazil_Brazilian Commodity Prices Hit Record Levels.pdf,data/raw/USDA/FAS/GAIN/Oilseeds/2020/04/Summary/20.04_Brazil_Brazilian Commodity Prices Hit Record Levels.md,True,10,14259,기상이변|물류충격|재고,상방 우세,22,9,Import Volume|Export Volume|Soybean|Source Document|Entity Mention
20.04_Brazil_Oilseeds and Products Annual.pdf,data/raw/USDA/FAS/GAIN/Oilseeds/2020/04/20.04_Brazil_Oilseeds and Products Annual.pdf,data/raw/USDA/FAS/GAIN/Oilseeds/2020/04/Summary/20.04_Brazil_Oilseeds and Products Annual.md,True,28,46762,기상이변|바이오연료수요|생산변동|압착|재고,중립/혼재,34,32,Import Volume|Export Volume|Harvested Area|Production Volume|Crushing Volume|Soybean|Soybean Oil|Source Document|Entity Mention
20.04_Bulgaria_Oilseeds and Products Market Update.pdf,data/raw/USDA/FAS/GAIN/Oilseeds/2020/04/20.04_Bulgaria_Oilseeds and Products Market Update.pdf,data/raw/USDA/FAS/GAIN/Oilseeds/2020/04/Summary/20.04_Bulgaria_Oilseeds and Products Market Update.md,True,8,12010,기상이변|압착,하방 우세,13,61,Import Volume|Export Volume|Soil Moisture Percentile|Harvested Area|Soybean|Canola Oil|Source Document
20.04_Bulgaria_Preliminary Assessment of COVID 19 on Bulgarian Food and Agriculture.pdf,data/raw/USDA/FAS/GAIN/Oilseeds/2020/04/20.04_Bulgaria_Preliminary Assessment of COVID 19 on Bulgarian Food and Agriculture.pdf,data/raw/USDA/FAS/GAIN/Oilseeds/2020/04/Summary/20.04_Bulgaria_Preliminary Assessment of COVID 19 on Bulgarian Food and Agriculture.md,True,8,19624,물류충격,중립/혼재,28,26,Import Volume|Export Volume|Canola Oil|Source Document
20.04_Canada_China Imposes Tighter Restrictions on Canadian Canola and Largest Exporters Remain Blocked.pdf,data/raw/USDA/FAS/GAIN/Oilseeds/2020/04/20.04_Canada_China Imposes Tighter Restrictions on Canadian Canola and Largest Exporters Remain Blocked.pdf,data/raw/USDA/FAS/GAIN/Oilseeds/2020/04/Summary/20.04_Canada_China Imposes Tighter Restrictions on Canadian Canola and Largest Exporters Remain Blocked.md,True,2,2615,,하방 우세,1,2,Import Volume|Export Volume|Source Document
20.04_EU_Oilseeds and Products Annual of 2019.pdf,data/raw/USDA/FAS/GAIN/Oilseeds/2020/04/20.04_EU_Oilseeds and Products Annual of 2019.pdf,data/raw/USDA/FAS/GAIN/Oilseeds/2020/04/Summary/20.04_EU_Oilseeds and Products Annual of 2019.md,True,55,44307,기상이변|바이오연료수요|생산변동|압착|재고,하방 우세,65,112,Import Volume|Export Volume|Heatwave|Harvested Area|Production Volume|Crushing Volume|Soybean|Crude Palm Oil|Canola Oil|Neutral Regime|Source Document
20.04_EU_Oilseeds and Products Annual.pdf,data/raw/USDA/FAS/GAIN/Oilseeds/2020/04/20.04_EU_Oilseeds and Products Annual.pdf,data/raw/USDA/FAS/GAIN/Oilseeds/2020/04/Summary/20.04_EU_Oilseeds and Products Annual.md,True,50,45738,기상이변|물류충격|바이오연료수요|생산변동|압착|재고,하방 우세,79,127,Import Volume|Export Volume|Soil Moisture Percentile|Harvested Area|Crushing Volume|Soybean|Crude Palm Oil|Canola Oil|Neutral Regime|Geopolitical Conflict|Source Document
20.04_India_Normal Southwest Monsoon Forecast for 2020.pdf,data/raw/USDA/FAS/GAIN/Oilseeds/2020/04/20.04_India_Normal Southwest Monsoon Forecast for 2020.pdf,data/raw/USDA/FAS/GAIN/Oilseeds/2020/04/Summary/20.04_India_Normal Southwest Monsoon Forecast for 2020.md,True,6,4882,기상이변,하방 우세,0,10,Source Document
20.04_Japan_Oilseeds and Products Annual.pdf,data/raw/USDA/FAS/GAIN/Oilseeds/2020/04/20.04_Japan_Oilseeds and Products Annual.pdf,data/raw/USDA/FAS/GAIN/Oilseeds/2020/04/Summary/20.04_Japan_Oilseeds and Products Annual.md,True,28,45792,수입관세|압착|재고,중립/혼재,43,41,Import Volume|Export Volume|Harvested Area|Production Volume|Crushing Volume|Soybean|Vegetable Oil|Crude Palm Oil|Canola Oil|Source Document
20.04_Malaysia_Oilseeds and Products Annual.pdf,data/raw/USDA/FAS/GAIN/Oilseeds/2020/04/20.04_Malaysia_Oilseeds and Products Annual.pdf,data/raw/USDA/FAS/GAIN/Oilseeds/2020/04/Summary/20.04_Malaysia_Oilseeds and Products Annual.md,True,12,17819,기상이변|바이오연료수요|압착|재고,상방 우세,15,8,Import Volume|Export Volume|Harvested Area|Soybean|Crude Palm Oil|Source Document
20.04_Mexico_Oilseeds and Products Annual.pdf,data/raw/USDA/FAS/GAIN/Oilseeds/2020/04/20.04_Mexico_Oilseeds and Products Annual.pdf,data/raw/USDA/FAS/GAIN/Oilseeds/2020/04/Summary/20.04_Mexico_Oilseeds and Products Annual.md,True,21,49780,기상이변|물류충격|생산변동|압착|재고,중립/혼재,62,68,ARS per USD|Import Volume|Export Volume|Harvested Area|Soybean|Crude Palm Oil|Canola Oil|Bear Regime|Neutral Regime|Source Document
20.04_Nicaragua_Oilseeds and Products Annual.pdf,data/raw/USDA/FAS/GAIN/Oilseeds/2020/04/20.04_Nicaragua_Oilseeds and Products Annual.pdf,data/raw/USDA/FAS/GAIN/Oilseeds/2020/04/Summary/20.04_Nicaragua_Oilseeds and Products Annual.md,True,5,6769,생산변동|압착|재고,중립/혼재,7,7,Import Volume|Export Volume|Harvested Area|Free on Board|Source Document
20.04_Pakistan_Oilseeds and Products Annual.pdf,data/raw/USDA/FAS/GAIN/Oilseeds/2020/04/20.04_Pakistan_Oilseeds and Products Annual.pdf,data/raw/USDA/FAS/GAIN/Oilseeds/2020/04/Summary/20.04_Pakistan_Oilseeds and Products Annual.md,True,22,27020,바이오연료수요|생산변동|압착|재고,하방 우세,16,25,Inflation|Import Volume|Export Volume|Harvested Area|Soybean|Crude Palm Oil|Import Tariff|Source Document
20.04_Paraguay_Oilseeds and Products Annual.pdf,data/raw/USDA/FAS/GAIN/Oilseeds/2020/04/20.04_Paraguay_Oilseeds and Products Annual.pdf,data/raw/USDA/FAS/GAIN/Oilseeds/2020/04/Summary/20.04_Paraguay_Oilseeds and Products Annual.md,True,8,11308,기상이변|바이오연료수요|수출규제|압착|재고,상방 우세,12,9,Import Volume|Export Volume|Harvested Area|Soybean|Soybean Oil|Source Document
20.04_Philippines_Oilseeds and Products Annual.pdf,data/raw/USDA/FAS/GAIN/Oilseeds/2020/04/20.04_Philippines_Oilseeds and Products Annual.pdf,data/raw/USDA/FAS/GAIN/Oilseeds/2020/04/Summary/20.04_Philippines_Oilseeds and Products Annual.md,True,16,37324,바이오연료수요|압착|재고,중립/혼재,34,40,Import Volume|Export Volume|Harvested Area|Production Volume|Crushing Volume|Soybean|Crude Palm Oil|Hold Recommendation|Source Document
20.04_Poland_2019 Direct Versus Indirect Trade - Poland's Hidden Market for US Agriculture.pdf,data/raw/USDA/FAS/GAIN/Oilseeds/2020/04/20.04_Poland_2019 Direct Versus Indirect Trade - Poland's Hidden Market for US Agriculture.pdf,data/raw/USDA/FAS/GAIN/Oilseeds/2020/04/Summary/20.04_Poland_2019 Direct Versus Indirect Trade - Poland's Hidden Market for US Agriculture.md,True,6,9329,,상방 우세,4,1,Import Volume|Export Volume|Neutral Regime|Source Document
20.04_Poland_Preliminary Assessment of COVID 19 on Polish Food and Agriculture.pdf,data/raw/USDA/FAS/GAIN/Oilseeds/2020/04/20.04_Poland_Preliminary Assessment of COVID 19 on Polish Food and Agriculture.pdf,data/raw/USDA/FAS/GAIN/Oilseeds/2020/04/Summary/20.04_Poland_Preliminary Assessment of COVID 19 on Polish Food and Agriculture.md,True,6,16304,바이오연료수요|생산변동,상방 우세,17,12,Export Volume|Neutral Regime|Source Document
20.04_Romania_Direct Versus Indirect Trade - Romania's Hidden Market for US Ag Exports.pdf,data/raw/USDA/FAS/GAIN/Oilseeds/2020/04/20.04_Romania_Direct Versus Indirect Trade - Romania's Hidden Market for US Ag Exports.pdf,data/raw/USDA/FAS/GAIN/Oilseeds/2020/04/Summary/20.04_Romania_Direct Versus Indirect Trade - Romania's Hidden Market for US Ag Exports.md,True,6,10982,물류충격,하방 우세,2,6,Import Volume|Export Volume|Soybean|Freight Rate|Source Document
20.04_Romania_Preliminary Assessment of COVID 19 on Romanian Food and Agriculture.pdf,data/raw/USDA/FAS/GAIN/Oilseeds/2020/04/20.04_Romania_Preliminary Assessment of COVID 19 on Romanian Food and Agriculture.pdf,data/raw/USDA/FAS/GAIN/Oilseeds/2020/04/Summary/20.04_Romania_Preliminary Assessment of COVID 19 on Romanian Food and Agriculture.md,True,5,14118,물류충격,상방 우세,13,4,Source Document
20.04_Romania_Reverses Decision to Ban Grain Exports.pdf,data/raw/USDA/FAS/GAIN/Oilseeds/2020/04/20.04_Romania_Reverses Decision to Ban Grain Exports.pdf,data/raw/USDA/FAS/GAIN/Oilseeds/2020/04/Summary/20.04_Romania_Reverses Decision to Ban Grain Exports.md,True,2,3319,수출규제,중립/혼재,0,0,Export Volume|Source Document
20.04_Romania_Suspends Grain and Oilseed Exports to Non-EU Markets.pdf,data/raw/USDA/FAS/GAIN/Oilseeds/2020/04/20.04_Romania_Suspends Grain and Oilseed Exports to Non-EU Markets.pdf,data/raw/USDA/FAS/GAIN/Oilseeds/2020/04/Summary/20.04_Romania_Suspends Grain and Oilseed Exports to Non-EU Markets.md,True,3,4303,기상이변,하방 우세,0,8,Import Volume|Export Volume|Soybean|Source Document
20.04_Russia_Oilseeds and Products Annual.pdf,data/raw/USDA/FAS/GAIN/Oilseeds/2020/04/20.04_Russia_Oilseeds and Products Annual.pdf,data/raw/USDA/FAS/GAIN/Oilseeds/2020/04/Summary/20.04_Russia_Oilseeds and Products Annual.md,True,17,43851,생산변동|수출규제|압착|재고,중립/혼재,70,87,Import Volume|Export Volume|Harvested Area|Production Volume|Crushing Rate|Soybean|Soybean Oil|Crude Palm Oil|Canola Oil|Export Tax|Source Document
20.04_Russia_Temporary EAEU Export Ban on Some Food Items.pdf,data/raw/USDA/FAS/GAIN/Oilseeds/2020/04/20.04_Russia_Temporary EAEU Export Ban on Some Food Items.pdf,data/raw/USDA/FAS/GAIN/Oilseeds/2020/04/Summary/20.04_Russia_Temporary EAEU Export Ban on Some Food Items.md,True,5,5788,수출규제,하방 우세,1,5,Export Volume|Soybean|Source Document
20.04_South Africa_Oilseeds and Products Annual.pdf,data/raw/USDA/FAS/GAIN/Oilseeds/2020/04/20.04_South Africa_Oilseeds and Products Annual.pdf,data/raw/USDA/FAS/GAIN/Oilseeds/2020/04/Summary/20.04_South Africa_Oilseeds and Products Annual.md,True,15,24906,기상이변|압착|재고,하방 우세,31,92,Gross Domestic Product|Import Volume|Export Volume|Harvested Area|Soybean|Crude Palm Oil|Source Document
20.04_Taiwan_Confident in Food Stocks as COVID-19 Disrupts International Trade.pdf,data/raw/USDA/FAS/GAIN/Oilseeds/2020/04/20.04_Taiwan_Confident in Food Stocks as COVID-19 Disrupts International Trade.pdf,data/raw/USDA/FAS/GAIN/Oilseeds/2020/04/Summary/20.04_Taiwan_Confident in Food Stocks as COVID-19 Disrupts International Trade.md,True,3,3667,재고,중립/혼재,0,0,Inflation|Import Volume|Soybean|Source Document
20.04_Taiwan_Oilseeds and Products Annual.pdf,data/raw/USDA/FAS/GAIN/Oilseeds/2020/04/20.04_Taiwan_Oilseeds and Products Annual.pdf,data/raw/USDA/FAS/GAIN/Oilseeds/2020/04/Summary/20.04_Taiwan_Oilseeds and Products Annual.md,True,16,28261,물류충격|바이오연료수요|생산변동|수입관세|압착|재고,하방 우세,16,40,Import Volume|Export Volume|Crop Yield|Harvested Area|Production Volume|Crushing Volume|Soybean|Soybean Oil|Crude Palm Oil|Trade War|Source Document|Confidence Score
20.04_Thailand_Notified WTO on Its Proposed Ban on Paraquat and Chlorpyrifos.pdf,data/raw/USDA/FAS/GAIN/Oilseeds/2020/04/20.04_Thailand_Notified WTO on Its Proposed Ban on Paraquat and Chlorpyrifos.pdf,data/raw/USDA/FAS/GAIN/Oilseeds/2020/04/Summary/20.04_Thailand_Notified WTO on Its Proposed Ban on Paraquat and Chlorpyrifos.md,True,5,4333,,하방 우세,0,1,Export Volume|Soybean|Source Document
20.04_Thailand_Oilseeds and Products Annual.pdf,data/raw/USDA/FAS/GAIN/Oilseeds/2020/04/20.04_Thailand_Oilseeds and Products Annual.pdf,data/raw/USDA/FAS/GAIN/Oilseeds/2020/04/Summary/20.04_Thailand_Oilseeds and Products Annual.md,True,20,34256,물류충격|바이오연료수요|수입관세|수출규제|압착|재고,하방 우세,25,37,Import Volume|Export Volume|Precipitation Deficit|Harvested Area|Soybean|Crude Palm Oil|Geopolitical Conflict|Source Document
20.04_Thailand_Update on TFDA residue in foods implementation for Paraquat and Chlorpyrifos.pdf,data/raw/USDA/FAS/GAIN/Oilseeds/2020/04/20.04_Thailand_Update on TFDA residue in foods implementation for Paraquat and Chlorpyrifos.pdf,data/raw/USDA/FAS/GAIN/Oilseeds/2020/04/Summary/20.04_Thailand_Update on TFDA residue in foods implementation for Paraquat and Chlorpyrifos.md,True,5,4830,,중립/혼재,0,0,Soybean|Source Document
20.04_Turkey_New Regulation Requires Registration for Exporters of Tree Nuts and Other Products to Turkey.pdf,data/raw/USDA/FAS/GAIN/Oilseeds/2020/04/20.04_Turkey_New Regulation Requires Registration for Exporters of Tree Nuts and Other Products to Turkey.pdf,data/raw/USDA/FAS/GAIN/Oilseeds/2020/04/Summary/20.04_Turkey_New Regulation Requires Registration for Exporters of Tree Nuts and Other Products to Turkey.md,True,10,14853,,하방 우세,0,13,Import Volume|Source Document
20.04_Ukraine_Oilseeds and Products Annual.pdf,data/raw/USDA/FAS/GAIN/Oilseeds/2020/04/20.04_Ukraine_Oilseeds and Products Annual.pdf,data/raw/USDA/FAS/GAIN/Oilseeds/2020/04/Summary/20.04_Ukraine_Oilseeds and Products Annual.md,True,62,41825,기상이변|생산변동|수출규제|압착|재고,하방 우세,64,129,Gross Domestic Product|Import Volume|Export Volume|Soil Moisture Percentile|Harvested Area|Production Volume|Crushing Volume|Soybean|Crude Palm Oil|Canola Oil|Export Tax|Source Document
20.04_Uruguay_Oilseeds and Products Annual.pdf,data/raw/USDA/FAS/GAIN/Oilseeds/2020/04/20.04_Uruguay_Oilseeds and Products Annual.pdf,data/raw/USDA/FAS/GAIN/Oilseeds/2020/04/Summary/20.04_Uruguay_Oilseeds and Products Annual.md,True,7,10493,기상이변|바이오연료수요|압착|재고,중립/혼재,6,7,Import Volume|Export Volume|Soil Moisture Percentile|Harvested Area|Soybean|Neutral Regime|Source Document
20.04_Vietnam_Oilseeds and Products Annual.pdf,data/raw/USDA/FAS/GAIN/Oilseeds/2020/04/20.04_Vietnam_Oilseeds and Products Annual.pdf,data/raw/USDA/FAS/GAIN/Oilseeds/2020/04/Summary/20.04_Vietnam_Oilseeds and Products Annual.md,True,22,36056,기상이변|생산변동|압착|재고,상방 우세,50,23,Import Volume|Export Volume|Harvested Area|Crushing Volume|Soybean|Soybean Oil|Crude Palm Oil|Canola Oil|Source Document
20.05_Bulgaria_2019 Direct Versus Indirect Trade - Bulgaria's Hidden Market for US Agriculture.pdf,data/raw/USDA/FAS/GAIN/Oilseeds/2020/05/20.05_Bulgaria_2019 Direct Versus Indirect Trade - Bulgaria's Hidden Market for US Agriculture.pdf,data/raw/USDA/FAS/GAIN/Oilseeds/2020/05/Summary/20.05_Bulgaria_2019 Direct Versus Indirect Trade - Bulgaria's Hidden Market for US Agriculture.md,True,6,10658,물류충격,하방 우세,3,6,Import Volume|Export Volume|Source Document
20.05_Czech Republic_Experiencing the Worst Drought in 500 Years.pdf,data/raw/USDA/FAS/GAIN/Oilseeds/2020/05/20.05_Czech Republic_Experiencing the Worst Drought in 500 Years.pdf,data/raw/USDA/FAS/GAIN/Oilseeds/2020/05/Summary/20.05_Czech Republic_Experiencing the Worst Drought in 500 Years.md,True,6,7845,기상이변,상방 우세,11,2,Source Document
20.05_Germany_Light Rains In Germany Ease Fear of Drought For Now.pdf,data/raw/USDA/FAS/GAIN/Oilseeds/2020/05/20.05_Germany_Light Rains In Germany Ease Fear of Drought For Now.pdf,data/raw/USDA/FAS/GAIN/Oilseeds/2020/05/Summary/20.05_Germany_Light Rains In Germany Ease Fear of Drought For Now.md,True,3,2946,기상이변,중립/혼재,2,2,Source Document
20.05_Indonesia_Oilseeds and Products Update.pdf,data/raw/USDA/FAS/GAIN/Oilseeds/2020/05/20.05_Indonesia_Oilseeds and Products Update.pdf,data/raw/USDA/FAS/GAIN/Oilseeds/2020/05/Summary/20.05_Indonesia_Oilseeds and Products Update.md,True,8,11240,물류충격|바이오연료수요|압착|재고,하방 우세,5,17,Import Volume|Export Volume|Harvested Area|Production Volume|Crude Palm Oil|Canola Oil|Source Document
20.05_Japan_Clarifying Japanese Imports of Palm Kernel Residues.pdf,data/raw/USDA/FAS/GAIN/Oilseeds/2020/05/20.05_Japan_Clarifying Japanese Imports of Palm Kernel Residues.pdf,data/raw/USDA/FAS/GAIN/Oilseeds/2020/05/Summary/20.05_Japan_Clarifying Japanese Imports of Palm Kernel Residues.md,True,5,8876,압착,상방 우세,4,0,Import Volume|Export Volume|Crude Palm Oil|Source Document
20.05_Netherlands_An Overview of the Dutch Hemp Market.pdf,data/raw/USDA/FAS/GAIN/Oilseeds/2020/05/20.05_Netherlands_An Overview of the Dutch Hemp Market.pdf,data/raw/USDA/FAS/GAIN/Oilseeds/2020/05/Summary/20.05_Netherlands_An Overview of the Dutch Hemp Market.md,True,9,19210,바이오연료수요,중립/혼재,7,6,Import Volume|Export Volume|Crop Yield|Production Volume|Source Document
20.05_Romania_Another Drought Reduces Romanian Grain Yields.pdf,data/raw/USDA/FAS/GAIN/Oilseeds/2020/05/20.05_Romania_Another Drought Reduces Romanian Grain Yields.pdf,data/raw/USDA/FAS/GAIN/Oilseeds/2020/05/Summary/20.05_Romania_Another Drought Reduces Romanian Grain Yields.md,True,9,15724,기상이변|생산변동,하방 우세,15,25,Import Volume|Export Volume|Soil Moisture Percentile|Production Volume|Neutral Regime|Source Document
20.05_Romania_Oilseeds and Products Update - Romanian Sunflower Production Drops in 2020.pdf,data/raw/USDA/FAS/GAIN/Oilseeds/2020/05/20.05_Romania_Oilseeds and Products Update - Romanian Sunflower Production Drops in 2020.pdf,data/raw/USDA/FAS/GAIN/Oilseeds/2020/05/Summary/20.05_Romania_Oilseeds and Products Update - Romanian Sunflower Production Drops in 2020.md,True,6,9549,기상이변|생산변동|압착,하방 우세,7,47,Import Volume|Export Volume|Soil Moisture Percentile|Production Volume|Soybean|Source Document
20.05_Sri Lanka_Temporary Suspension of Imports Due to COVID-19 - Impact on Food and Agriculture Trade.pdf,data/raw/USDA/FAS/GAIN/Oilseeds/2020/05/20.05_Sri Lanka_Temporary Suspension of Imports Due to COVID-19 - Impact on Food and Agriculture Trade.pdf,data/raw/USDA/FAS/GAIN/Oilseeds/2020/05/Summary/20.05_Sri Lanka_Temporary Suspension of Imports Due to COVID-19 - Impact on Food and Agriculture Trade.md,True,7,18520,수입관세,중립/혼재,6,6,Import Volume|Export Volume|Crude Palm Oil|Source Document|Entity Mention
20.05_Thailand_A Draft Notification of a Zero MRL for Residues of Paraquat and Chlorpyrifos.pdf,data/raw/USDA/FAS/GAIN/Oilseeds/2020/05/20.05_Thailand_A Draft Notification of a Zero MRL for Residues of Paraquat and Chlorpyrifos.pdf,data/raw/USDA/FAS/GAIN/Oilseeds/2020/05/Summary/20.05_Thailand_A Draft Notification of a Zero MRL for Residues of Paraquat and Chlorpyrifos.md,True,8,9511,,중립/혼재,0,0,Source Document
20.05_Thailand_Economic Impact of the Ban on Paraquat and Chlorpyrifos on Thai Industries.pdf,data/raw/USDA/FAS/GAIN/Oilseeds/2020/05/20.05_Thailand_Economic Impact of the Ban on Paraquat and Chlorpyrifos on Thai Industries.pdf,data/raw/USDA/FAS/GAIN/Oilseeds/2020/05/Summary/20.05_Thailand_Economic Impact of the Ban on Paraquat and Chlorpyrifos on Thai Industries.md,True,13,11617,,중립/혼재,1,1,Import Volume|Production Volume|Soybean|Source Document
20.05_Thailand_Moves Forward with Ban on Paraquat and Chlorpyrifos on 1 June.pdf,data/raw/USDA/FAS/GAIN/Oilseeds/2020/05/20.05_Thailand_Moves Forward with Ban on Paraquat and Chlorpyrifos on 1 June.pdf,data/raw/USDA/FAS/GAIN/Oilseeds/2020/05/Summary/20.05_Thailand_Moves Forward with Ban on Paraquat and Chlorpyrifos on 1 June.md,True,4,7028,,하방 우세,0,1,Import Volume|Export Volume|Soybean|Source Document
20.05_Thailand_New Commentary Period on Draft Notification of a Zero MRL for Residues of Paraquat and Chlorpyrifos.pdf,data/raw/USDA/FAS/GAIN/Oilseeds/2020/05/20.05_Thailand_New Commentary Period on Draft Notification of a Zero MRL for Residues of Paraquat and Chlorpyrifos.pdf,data/raw/USDA/FAS/GAIN/Oilseeds/2020/05/Summary/20.05_Thailand_New Commentary Period on Draft Notification of a Zero MRL for Residues of Paraquat and Chlorpyrifos.md,True,7,8892,,중립/혼재,0,0,Source Document
20.05_Thailand_The Impact of the Outbreak of COVID-19 on Thai Agricultural Production.pdf,data/raw/USDA/FAS/GAIN/Oilseeds/2020/05/20.05_Thailand_The Impact of the Outbreak of COVID-19 on Thai Agricultural Production.pdf,data/raw/USDA/FAS/GAIN/Oilseeds/2020/05/Summary/20.05_Thailand_The Impact of the Outbreak of COVID-19 on Thai Agricultural Production.md,True,6,9899,기상이변|수출규제,하방 우세,10,26,Import Volume|Export Volume|Soybean|Source Document
20.05_Ukraine_Change of Taxation Regime for Oilseeds in Ukraine Approved.pdf,data/raw/USDA/FAS/GAIN/Oilseeds/2020/05/20.05_Ukraine_Change of Taxation Regime for Oilseeds in Ukraine Approved.pdf,data/raw/USDA/FAS/GAIN/Oilseeds/2020/05/Summary/20.05_Ukraine_Change of Taxation Regime for Oilseeds in Ukraine Approved.md,True,3,2877,압착,중립/혼재,2,2,Export Volume|Crushing Volume|Soybean|Source Document
20.05_Vietnam_Extends the Use of Glyphosate until June.pdf,data/raw/USDA/FAS/GAIN/Oilseeds/2020/05/20.05_Vietnam_Extends the Use of Glyphosate until June.pdf,data/raw/USDA/FAS/GAIN/Oilseeds/2020/05/Summary/20.05_Vietnam_Extends the Use of Glyphosate until June.md,True,5,5984,,상방 우세,1,0,Source Document
20.06_Brazil_Brazilian Agricultural Sector Thrives Despite COVID-19 Pandemic.pdf,data/raw/USDA/FAS/GAIN/Oilseeds/2020/06/20.06_Brazil_Brazilian Agricultural Sector Thrives Despite COVID-19 Pandemic.pdf,data/raw/USDA/FAS/GAIN/Oilseeds/2020/06/Summary/20.06_Brazil_Brazilian Agricultural Sector Thrives Despite COVID-19 Pandemic.md,True,9,20090,기상이변|물류충격,상방 우세,16,5,Inflation|Import Volume|Export Volume|Soybean|Source Document
20.06_China_Oilseeds and Products Update.pdf,data/raw/USDA/FAS/GAIN/Oilseeds/2020/06/20.06_China_Oilseeds and Products Update.pdf,data/raw/USDA/FAS/GAIN/Oilseeds/2020/06/Summary/20.06_China_Oilseeds and Products Update.md,True,14,23834,생산변동|압착|재고,상방 우세,32,22,Import Volume|Export Volume|Harvested Area|Crushing Volume|Soybean|Crude Palm Oil|Canola Oil|Source Document
20.06_France_French implementation of European Court of Justice ruling jeopardizes exports of rapeseed to France.pdf,data/raw/USDA/FAS/GAIN/Oilseeds/2020/06/20.06_France_French implementation of European Court of Justice ruling jeopardizes exports of rapeseed to France.pdf,data/raw/USDA/FAS/GAIN/Oilseeds/2020/06/Summary/20.06_France_French implementation of European Court of Justice ruling jeopardizes exports of rapeseed to France.md,True,3,5222,,하방 우세,0,3,Export Volume|Source Document
20.06_India_Timely Arrival of Southwest Monsoon Promising for Kharif Crop.pdf,data/raw/USDA/FAS/GAIN/Oilseeds/2020/06/20.06_India_Timely Arrival of Southwest Monsoon Promising for Kharif Crop.pdf,data/raw/USDA/FAS/GAIN/Oilseeds/2020/06/Summary/20.06_India_Timely Arrival of Southwest Monsoon Promising for Kharif Crop.md,True,7,5967,,하방 우세,1,18,Source Document
20.06_Malaysia_Oilseeds and Products Update.pdf,data/raw/USDA/FAS/GAIN/Oilseeds/2020/06/20.06_Malaysia_Oilseeds and Products Update.pdf,data/raw/USDA/FAS/GAIN/Oilseeds/2020/06/Summary/20.06_Malaysia_Oilseeds and Products Update.md,True,5,6936,기상이변|재고,하방 우세,4,7,Import Volume|Export Volume|Harvested Area|Crude Palm Oil|Source Document
20.06_Russia_Eurasian Economic Commission Sunflower Export Ban to be Amended.pdf,data/raw/USDA/FAS/GAIN/Oilseeds/2020/06/20.06_Russia_Eurasian Economic Commission Sunflower Export Ban to be Amended.pdf,data/raw/USDA/FAS/GAIN/Oilseeds/2020/06/Summary/20.06_Russia_Eurasian Economic Commission Sunflower Export Ban to be Amended.md,True,3,5604,수출규제,하방 우세,3,21,Export Volume|Soybean|Export Tax|Source Document
20.06_Russia_Soybeans Excluded from Temporary EAEU Export Ban.pdf,data/raw/USDA/FAS/GAIN/Oilseeds/2020/06/20.06_Russia_Soybeans Excluded from Temporary EAEU Export Ban.pdf,data/raw/USDA/FAS/GAIN/Oilseeds/2020/06/Summary/20.06_Russia_Soybeans Excluded from Temporary EAEU Export Ban.md,True,3,4619,수출규제,중립/혼재,0,0,Export Volume|Soybean|Source Document
20.06_Vietnam_GVN Suspends Certificate of Free Sale for Feed and Feed Ingredients.pdf,data/raw/USDA/FAS/GAIN/Oilseeds/2020/06/20.06_Vietnam_GVN Suspends Certificate of Free Sale for Feed and Feed Ingredients.pdf,data/raw/USDA/FAS/GAIN/Oilseeds/2020/06/Summary/20.06_Vietnam_GVN Suspends Certificate of Free Sale for Feed and Feed Ingredients.md,True,3,2635,,중립/혼재,0,0,Source Document
20.06_Vietnam_Postpones Maximum Levels for Salmonella and Heavy Metals in Feed Ingredients.pdf,data/raw/USDA/FAS/GAIN/Oilseeds/2020/06/20.06_Vietnam_Postpones Maximum Levels for Salmonella and Heavy Metals in Feed Ingredients.pdf,data/raw/USDA/FAS/GAIN/Oilseeds/2020/06/Summary/20.06_Vietnam_Postpones Maximum Levels for Salmonella and Heavy Metals in Feed Ingredients.md,True,2,2584,,중립/혼재,0,0,Source Document
20.07_Austria_Lower Acreage and Production Expectations for Austrian Arable Crops in 2020.pdf,data/raw/USDA/FAS/GAIN/Oilseeds/2020/07/20.07_Austria_Lower Acreage and Production Expectations for Austrian Arable Crops in 2020.pdf,data/raw/USDA/FAS/GAIN/Oilseeds/2020/07/Summary/20.07_Austria_Lower Acreage and Production Expectations for Austrian Arable Crops in 2020.md,True,4,8440,기상이변,하방 우세,7,24,Soil Moisture Percentile|Policy Pivot|Source Document
20.07_Brazil_Oilseeds and Products Update.pdf,data/raw/USDA/FAS/GAIN/Oilseeds/2020/07/20.07_Brazil_Oilseeds and Products Update.pdf,data/raw/USDA/FAS/GAIN/Oilseeds/2020/07/Summary/20.07_Brazil_Oilseeds and Products Update.md,True,14,27642,기상이변|바이오연료수요|생산변동|압착|재고,상방 우세,24,13,Import Volume|Export Volume|La Niña|Harvested Area|Production Volume|Crushing Volume|Soybean|Soybean Oil|Trade War|Source Document
20.07_Bulgaria_Oilseeds and Products Market Update.pdf,data/raw/USDA/FAS/GAIN/Oilseeds/2020/07/20.07_Bulgaria_Oilseeds and Products Market Update.pdf,data/raw/USDA/FAS/GAIN/Oilseeds/2020/07/Summary/20.07_Bulgaria_Oilseeds and Products Market Update.md,True,6,10046,물류충격|생산변동|압착|재고,하방 우세,9,55,Import Volume|Export Volume|Soil Moisture Percentile|Harvested Area|Soybean|Canola Oil|Source Document
20.07_India_Early Onset of Southwest Monsoon Leads to Accelerated Kharif Planting.pdf,data/raw/USDA/FAS/GAIN/Oilseeds/2020/07/20.07_India_Early Onset of Southwest Monsoon Leads to Accelerated Kharif Planting.pdf,data/raw/USDA/FAS/GAIN/Oilseeds/2020/07/Summary/20.07_India_Early Onset of Southwest Monsoon Leads to Accelerated Kharif Planting.md,True,11,6347,,중립/혼재,8,9,Planted Area|Source Document
20.07_India_Oilseeds and Products Annual.pdf,data/raw/USDA/FAS/GAIN/Oilseeds/2020/07/20.07_India_Oilseeds and Products Annual.pdf,data/raw/USDA/FAS/GAIN/Oilseeds/2020/07/Summary/20.07_India_Oilseeds and Products Annual.md,True,25,57368,바이오연료수요|수입관세|압착|재고,중립/혼재,34,42,Import Volume|Export Volume|Harvested Area|Production Volume|Soybean|Soybean Oil|Crude Soybean Oil|Vegetable Oil|Crude Palm Oil|Canola Oil|Sunflower Oil|Import Tariff
20.07_Indonesia_Oilseeds and Products Update.pdf,data/raw/USDA/FAS/GAIN/Oilseeds/2020/07/20.07_Indonesia_Oilseeds and Products Update.pdf,data/raw/USDA/FAS/GAIN/Oilseeds/2020/07/Summary/20.07_Indonesia_Oilseeds and Products Update.md,True,9,11804,바이오연료수요|압착|재고,하방 우세,5,20,Gross Domestic Product|Import Volume|Export Volume|Harvested Area|Crude Palm Oil|Source Document
20.07_Japan_New GI Protections Proposed for EU Agricultural Products.pdf,data/raw/USDA/FAS/GAIN/Oilseeds/2020/07/20.07_Japan_New GI Protections Proposed for EU Agricultural Products.pdf,data/raw/USDA/FAS/GAIN/Oilseeds/2020/07/Summary/20.07_Japan_New GI Protections Proposed for EU Agricultural Products.md,True,3,5669,,중립/혼재,0,0,Source Document
20.07_Poland_2020 Annual Oilseeds and Products Report.pdf,data/raw/USDA/FAS/GAIN/Oilseeds/2020/07/20.07_Poland_2020 Annual Oilseeds and Products Report.pdf,data/raw/USDA/FAS/GAIN/Oilseeds/2020/07/Summary/20.07_Poland_2020 Annual Oilseeds and Products Report.md,True,5,11296,기상이변|바이오연료수요|생산변동|압착,하방 우세,15,21,Import Volume|Export Volume|Production Volume|Canola Oil|Source Document
20.07_Ukraine_Approved Ukrainian Rapeseed Meal Exporters to China.pdf,data/raw/USDA/FAS/GAIN/Oilseeds/2020/07/20.07_Ukraine_Approved Ukrainian Rapeseed Meal Exporters to China.pdf,data/raw/USDA/FAS/GAIN/Oilseeds/2020/07/Summary/20.07_Ukraine_Approved Ukrainian Rapeseed Meal Exporters to China.md,True,2,1438,압착,중립/혼재,0,0,Export Volume|Source Document
20.08_Canada_Overview of COVID-19 Impacts on Canadian Agriculture.pdf,data/raw/USDA/FAS/GAIN/Oilseeds/2020/08/20.08_Canada_Overview of COVID-19 Impacts on Canadian Agriculture.pdf,data/raw/USDA/FAS/GAIN/Oilseeds/2020/08/Summary/20.08_Canada_Overview of COVID-19 Impacts on Canadian Agriculture.md,True,7,17961,바이오연료수요,상방 우세,19,13,Import Volume|Export Volume|Source Document|Confidence Score
20.08_EU_Oilseeds and Products Update.pdf,data/raw/USDA/FAS/GAIN/Oilseeds/2020/08/20.08_EU_Oilseeds and Products Update.pdf,data/raw/USDA/FAS/GAIN/Oilseeds/2020/08/Summary/20.08_EU_Oilseeds and Products Update.md,True,15,30762,기상이변|물류충격|바이오연료수요|생산변동|압착|재고,하방 우세,34,105,Import Volume|Export Volume|Harvested Area|Production Volume|Soybean|Canola Oil|Sunflower Oil|Neutral Regime|Source Document
20.08_EU_Regulatory Levels for Aflatoxin in Tree Nuts and Peanuts.pdf,data/raw/USDA/FAS/GAIN/Oilseeds/2020/08/20.08_EU_Regulatory Levels for Aflatoxin in Tree Nuts and Peanuts.pdf,data/raw/USDA/FAS/GAIN/Oilseeds/2020/08/Summary/20.08_EU_Regulatory Levels for Aflatoxin in Tree Nuts and Peanuts.md,True,3,4511,,상방 우세,2,0,Source Document
20.08_India_Monsoon Update - July.pdf,data/raw/USDA/FAS/GAIN/Oilseeds/2020/08/20.08_India_Monsoon Update - July.pdf,data/raw/USDA/FAS/GAIN/Oilseeds/2020/08/Summary/20.08_India_Monsoon Update - July.md,True,12,7359,,하방 우세,5,25,Planted Area|Source Document
20.08_Japan_Begins to Explore Regulations for Alternative Meat Products.pdf,data/raw/USDA/FAS/GAIN/Oilseeds/2020/08/20.08_Japan_Begins to Explore Regulations for Alternative Meat Products.pdf,data/raw/USDA/FAS/GAIN/Oilseeds/2020/08/Summary/20.08_Japan_Begins to Explore Regulations for Alternative Meat Products.md,True,3,4612,,상방 우세,2,0,Soybean|Source Document
20.09_Bulgaria_Oilseeds and Products Market Update.pdf,data/raw/USDA/FAS/GAIN/Oilseeds/2020/09/20.09_Bulgaria_Oilseeds and Products Market Update.pdf,data/raw/USDA/FAS/GAIN/Oilseeds/2020/09/Summary/20.09_Bulgaria_Oilseeds and Products Market Update.md,True,6,5507,기상이변|물류충격|생산변동|압착,하방 우세,3,27,Export Volume|Soil Moisture Percentile|Harvested Area|Soybean|Source Document
20.09_Canada_Health Canada Announces Notices of Intent for Novel Food Regulations.pdf,data/raw/USDA/FAS/GAIN/Oilseeds/2020/09/20.09_Canada_Health Canada Announces Notices of Intent for Novel Food Regulations.pdf,data/raw/USDA/FAS/GAIN/Oilseeds/2020/09/Summary/20.09_Canada_Health Canada Announces Notices of Intent for Novel Food Regulations.md,True,2,2839,,하방 우세,0,1,Gross Domestic Product|Source Document
20.09_China_Oilseeds and Products Update.pdf,data/raw/USDA/FAS/GAIN/Oilseeds/2020/09/20.09_China_Oilseeds and Products Update.pdf,data/raw/USDA/FAS/GAIN/Oilseeds/2020/09/Summary/20.09_China_Oilseeds and Products Update.md,True,18,26533,생산변동|압착|재고,상방 우세,46,23,Import Volume|Export Volume|Harvested Area|Crushing Volume|Soybean|Soybean Oil|Crude Palm Oil|Canola Oil|Source Document|Confidence Score
20.09_Czech Republic_Sees Solid Harvest Despite Initial Drought.pdf,data/raw/USDA/FAS/GAIN/Oilseeds/2020/09/20.09_Czech Republic_Sees Solid Harvest Despite Initial Drought.pdf,data/raw/USDA/FAS/GAIN/Oilseeds/2020/09/Summary/20.09_Czech Republic_Sees Solid Harvest Despite Initial Drought.md,True,8,7359,기상이변|바이오연료수요|수입관세,상방 우세,11,8,Export Volume|Source Document
20.09_India_FSSAI Proposes Draft Standards for Walnut Kernels and Other Various Food Products.pdf,data/raw/USDA/FAS/GAIN/Oilseeds/2020/09/20.09_India_FSSAI Proposes Draft Standards for Walnut Kernels and Other Various Food Products.pdf,data/raw/USDA/FAS/GAIN/Oilseeds/2020/09/Summary/20.09_India_FSSAI Proposes Draft Standards for Walnut Kernels and Other Various Food Products.md,True,2,3291,,하방 우세,0,2,Source Document
20.09_India_Government Proposes Amendments in Contaminants Toxins and Residues Regulation.pdf,data/raw/USDA/FAS/GAIN/Oilseeds/2020/09/20.09_India_Government Proposes Amendments in Contaminants Toxins and Residues Regulation.pdf,data/raw/USDA/FAS/GAIN/Oilseeds/2020/09/Summary/20.09_India_Government Proposes Amendments in Contaminants Toxins and Residues Regulation.md,True,2,2422,,상방 우세,2,1,Source Document
20.09_India_Monsoon Update - August.pdf,data/raw/USDA/FAS/GAIN/Oilseeds/2020/09/20.09_India_Monsoon Update - August.pdf,data/raw/USDA/FAS/GAIN/Oilseeds/2020/09/Summary/20.09_India_Monsoon Update - August.md,True,11,5479,,중립/혼재,7,9,Planted Area|Source Document
20.09_Romania_Drought Continues to Stymie Romanian Oilseeds.pdf,data/raw/USDA/FAS/GAIN/Oilseeds/2020/09/20.09_Romania_Drought Continues to Stymie Romanian Oilseeds.pdf,data/raw/USDA/FAS/GAIN/Oilseeds/2020/09/Summary/20.09_Romania_Drought Continues to Stymie Romanian Oilseeds.md,True,3,4996,기상이변,하방 우세,3,27,Import Volume|Export Volume|Soil Moisture Percentile|Soybean|Source Document
20.09_Romania_New Rules on Agricultural Land Sales.pdf,data/raw/USDA/FAS/GAIN/Oilseeds/2020/09/20.09_Romania_New Rules on Agricultural Land Sales.pdf,data/raw/USDA/FAS/GAIN/Oilseeds/2020/09/Summary/20.09_Romania_New Rules on Agricultural Land Sales.md,True,3,5491,,하방 우세,1,2,Source Document
20.09_Vietnam_Oilseeds and Products Update.pdf,data/raw/USDA/FAS/GAIN/Oilseeds/2020/09/20.09_Vietnam_Oilseeds and Products Update.pdf,data/raw/USDA/FAS/GAIN/Oilseeds/2020/09/Summary/20.09_Vietnam_Oilseeds and Products Update.md,True,23,39002,기상이변|생산변동|수입관세|압착|재고,중립/혼재,35,33,Import Volume|Export Volume|Harvested Area|Crushing Volume|Soybean|Soybean Oil|Crude Palm Oil|Canola Oil|Source Document
20.10_Argentina_Oilseeds and Products Update.pdf,data/raw/USDA/FAS/GAIN/Oilseeds/2020/10/20.10_Argentina_Oilseeds and Products Update.pdf,data/raw/USDA/FAS/GAIN/Oilseeds/2020/10/Summary/20.10_Argentina_Oilseeds and Products Update.md,True,9,20040,기상이변|바이오연료수요|생산변동|수출규제|압착|재고,중립/혼재,21,26,Gross Domestic Product|Import Volume|Export Volume|Harvested Area|Soybean|Hold Recommendation|Source Document
20.10_Brazil_Eliminates Soybean and Corn Import Duties.pdf,data/raw/USDA/FAS/GAIN/Oilseeds/2020/10/20.10_Brazil_Eliminates Soybean and Corn Import Duties.pdf,data/raw/USDA/FAS/GAIN/Oilseeds/2020/10/Summary/20.10_Brazil_Eliminates Soybean and Corn Import Duties.md,True,4,6421,물류충격|수입관세|압착,하방 우세,0,2,Import Volume|Export Volume|Soybean|Soybean Oil|Freight Rate|Agricultural Exemption|Source Document
20.10_China_Oilseeds and Products Update.pdf,data/raw/USDA/FAS/GAIN/Oilseeds/2020/10/20.10_China_Oilseeds and Products Update.pdf,data/raw/USDA/FAS/GAIN/Oilseeds/2020/10/Summary/20.10_China_Oilseeds and Products Update.md,True,18,28099,압착|재고,중립/혼재,34,29,Import Volume|Export Volume|Harvested Area|Crushing Volume|Soybean|Soybean Oil|Crude Palm Oil|Canola Oil|Source Document
20.10_Egypt_Establishes the Commodity Exchange Company.pdf,data/raw/USDA/FAS/GAIN/Oilseeds/2020/10/20.10_Egypt_Establishes the Commodity Exchange Company.pdf,data/raw/USDA/FAS/GAIN/Oilseeds/2020/10/Summary/20.10_Egypt_Establishes the Commodity Exchange Company.md,True,3,4483,,상방 우세,4,0,Source Document
20.10_India_Record-setting Southwest Monsoon Season Ends.pdf,data/raw/USDA/FAS/GAIN/Oilseeds/2020/10/20.10_India_Record-setting Southwest Monsoon Season Ends.pdf,data/raw/USDA/FAS/GAIN/Oilseeds/2020/10/Summary/20.10_India_Record-setting Southwest Monsoon Season Ends.md,True,13,7379,,하방 우세,10,18,Planted Area|Source Document
20.10_Japan_GE Labeling Requirements for Products with Enhanced Nutrition.pdf,data/raw/USDA/FAS/GAIN/Oilseeds/2020/10/20.10_Japan_GE Labeling Requirements for Products with Enhanced Nutrition.pdf,data/raw/USDA/FAS/GAIN/Oilseeds/2020/10/Summary/20.10_Japan_GE Labeling Requirements for Products with Enhanced Nutrition.md,True,4,6142,,하방 우세,0,1,Soybean|Crude Palm Oil|Source Document
20.10_Malaysia_Oilseeds and Products Update.pdf,data/raw/USDA/FAS/GAIN/Oilseeds/2020/10/20.10_Malaysia_Oilseeds and Products Update.pdf,data/raw/USDA/FAS/GAIN/Oilseeds/2020/10/Summary/20.10_Malaysia_Oilseeds and Products Update.md,True,5,7008,생산변동|재고,하방 우세,4,7,Import Volume|Export Volume|Harvested Area|Crude Palm Oil|Source Document
20.10_Turkey_Oilseeds and Products Update.pdf,data/raw/USDA/FAS/GAIN/Oilseeds/2020/10/20.10_Turkey_Oilseeds and Products Update.pdf,data/raw/USDA/FAS/GAIN/Oilseeds/2020/10/Summary/20.10_Turkey_Oilseeds and Products Update.md,True,6,10134,기상이변|물류충격|압착|재고,하방 우세,15,51,Import Volume|Export Volume|Harvested Area|Soybean|Source Document
20.11_Argentina_Introduces Export Tax Compensation Program for Small Farmers.pdf,data/raw/USDA/FAS/GAIN/Oilseeds/2020/11/20.11_Argentina_Introduces Export Tax Compensation Program for Small Farmers.pdf,data/raw/USDA/FAS/GAIN/Oilseeds/2020/11/Summary/20.11_Argentina_Introduces Export Tax Compensation Program for Small Farmers.md,True,4,4678,수출규제,상방 우세,3,0,Soybean|Source Document
20.11_Brazil_Agricultural Prices Stoke Inflation.pdf,data/raw/USDA/FAS/GAIN/Oilseeds/2020/11/20.11_Brazil_Agricultural Prices Stoke Inflation.pdf,data/raw/USDA/FAS/GAIN/Oilseeds/2020/11/Summary/20.11_Brazil_Agricultural Prices Stoke Inflation.md,True,8,17067,기상이변|수입관세|재고,상방 우세,22,6,Import Volume|Export Volume|Soybean|Soybean Oil|Source Document
20.11_Brazil_Allows Imported Soy in Biodiesel Production.pdf,data/raw/USDA/FAS/GAIN/Oilseeds/2020/11/20.11_Brazil_Allows Imported Soy in Biodiesel Production.pdf,data/raw/USDA/FAS/GAIN/Oilseeds/2020/11/Summary/20.11_Brazil_Allows Imported Soy in Biodiesel Production.md,True,4,5988,바이오연료수요|수입관세|압착,상방 우세,4,3,Import Volume|Soybean|Soybean Oil|Source Document
20.11_Brazil_Ministry of Agriculture Changes Import License Requirement to Facilitate Corn and Soybean Imports.pdf,data/raw/USDA/FAS/GAIN/Oilseeds/2020/11/20.11_Brazil_Ministry of Agriculture Changes Import License Requirement to Facilitate Corn and Soybean Imports.pdf,data/raw/USDA/FAS/GAIN/Oilseeds/2020/11/Summary/20.11_Brazil_Ministry of Agriculture Changes Import License Requirement to Facilitate Corn and Soybean Imports.md,True,2,4240,,중립/혼재,0,0,Import Volume|Export Volume|Soybean|Source Document
20.11_Bulgaria_Oilseeds and Products Update.pdf,data/raw/USDA/FAS/GAIN/Oilseeds/2020/11/20.11_Bulgaria_Oilseeds and Products Update.pdf,data/raw/USDA/FAS/GAIN/Oilseeds/2020/11/Summary/20.11_Bulgaria_Oilseeds and Products Update.md,True,5,5741,생산변동|압착,하방 우세,8,27,Import Volume|Export Volume|Soil Moisture Percentile|Harvested Area|Soybean|Source Document
20.11_Egypt_Imposes Value Added Tax on Freight of Agricultural Commodities.pdf,data/raw/USDA/FAS/GAIN/Oilseeds/2020/11/20.11_Egypt_Imposes Value Added Tax on Freight of Agricultural Commodities.pdf,data/raw/USDA/FAS/GAIN/Oilseeds/2020/11/Summary/20.11_Egypt_Imposes Value Added Tax on Freight of Agricultural Commodities.md,True,5,7802,물류충격,상방 우세,5,1,Import Volume|Export Volume|Soybean|Freight Rate|Source Document
20.11_India_Notifies Draft Amendments for New and Modified Standards on Various Food Products.pdf,data/raw/USDA/FAS/GAIN/Oilseeds/2020/11/20.11_India_Notifies Draft Amendments for New and Modified Standards on Various Food Products.pdf,data/raw/USDA/FAS/GAIN/Oilseeds/2020/11/Summary/20.11_India_Notifies Draft Amendments for New and Modified Standards on Various Food Products.md,True,2,3339,,하방 우세,0,1,Neutral Regime|Source Document
20.11_India_Oilseeds and Products Update.pdf,data/raw/USDA/FAS/GAIN/Oilseeds/2020/11/20.11_India_Oilseeds and Products Update.pdf,data/raw/USDA/FAS/GAIN/Oilseeds/2020/11/Summary/20.11_India_Oilseeds and Products Update.md,True,11,20125,물류충격|생산변동|압착|재고,하방 우세,12,25,Import Volume|Export Volume|Flood|Soil Moisture Percentile|Harvested Area|Soybean|Vegetable Oil|Crude Palm Oil|Source Document
20.11_India_Proposes New Amendments for Labeling Multi-Sourced Edible Vegetable Oils.pdf,data/raw/USDA/FAS/GAIN/Oilseeds/2020/11/20.11_India_Proposes New Amendments for Labeling Multi-Sourced Edible Vegetable Oils.pdf,data/raw/USDA/FAS/GAIN/Oilseeds/2020/11/Summary/20.11_India_Proposes New Amendments for Labeling Multi-Sourced Edible Vegetable Oils.md,True,3,2606,,하방 우세,0,1,Source Document
20.11_Indonesia_Oilseeds and Products Update.pdf,data/raw/USDA/FAS/GAIN/Oilseeds/2020/11/20.11_Indonesia_Oilseeds and Products Update.pdf,data/raw/USDA/FAS/GAIN/Oilseeds/2020/11/Summary/20.11_Indonesia_Oilseeds and Products Update.md,True,13,19039,기상이변|바이오연료수요|생산변동|수입관세|압착|재고,중립/혼재,30,24,Gross Domestic Product|Import Volume|Export Volume|La Niña|Harvested Area|Soybean|Crude Palm Oil|Source Document
20.11_Thailand_FDA Announced Ban of Paraquat and Chlorpyrifos on Imported Food Products.pdf,data/raw/USDA/FAS/GAIN/Oilseeds/2020/11/20.11_Thailand_FDA Announced Ban of Paraquat and Chlorpyrifos on Imported Food Products.pdf,data/raw/USDA/FAS/GAIN/Oilseeds/2020/11/Summary/20.11_Thailand_FDA Announced Ban of Paraquat and Chlorpyrifos on Imported Food Products.md,True,3,4826,재고,중립/혼재,0,0,Import Volume|Production Volume|Soybean|Source Document
20.11_Turkey_Announces Tariff Reductions on Lentils and Eliminates Tariffs on Sunflower seed.pdf,data/raw/USDA/FAS/GAIN/Oilseeds/2020/11/20.11_Turkey_Announces Tariff Reductions on Lentils and Eliminates Tariffs on Sunflower seed.pdf,data/raw/USDA/FAS/GAIN/Oilseeds/2020/11/Summary/20.11_Turkey_Announces Tariff Reductions on Lentils and Eliminates Tariffs on Sunflower seed.md,True,2,2409,수입관세,하방 우세,1,9,Source Document
20.12_Argentina_Oilseeds and Products Update.pdf,data/raw/USDA/FAS/GAIN/Oilseeds/2020/12/20.12_Argentina_Oilseeds and Products Update.pdf,data/raw/USDA/FAS/GAIN/Oilseeds/2020/12/Summary/20.12_Argentina_Oilseeds and Products Update.md,True,9,15503,기상이변|생산변동|수출규제|압착|재고,하방 우세,11,33,Import Volume|Export Volume|Harvested Area|Soybean|Hold Recommendation|Source Document
20.12_Brazil_Oilseeds and Products Update.pdf,data/raw/USDA/FAS/GAIN/Oilseeds/2020/12/20.12_Brazil_Oilseeds and Products Update.pdf,data/raw/USDA/FAS/GAIN/Oilseeds/2020/12/Summary/20.12_Brazil_Oilseeds and Products Update.md,True,15,31074,기상이변|바이오연료수요|수입관세|압착|재고,상방 우세,29,17,Inflation|Import Volume|Export Volume|Soil Moisture Percentile|Harvested Area|Production Volume|Crushing Volume|Soybean|Soybean Oil|Hold Recommendation|Source Document
20.12_Guatemala_Preliminary Assessment of Eta and Iota Tropical Depressions Impact on Guatemalan Agriculture.pdf,data/raw/USDA/FAS/GAIN/Oilseeds/2020/12/20.12_Guatemala_Preliminary Assessment of Eta and Iota Tropical Depressions Impact on Guatemalan Agriculture.pdf,data/raw/USDA/FAS/GAIN/Oilseeds/2020/12/Summary/20.12_Guatemala_Preliminary Assessment of Eta and Iota Tropical Depressions Impact on Guatemalan Agriculture.md,True,24,21388,물류충격,상방 우세,13,5,Production Volume|Crude Palm Oil|Source Document
20.12_Malaysia_Oilseeds and Products Update.pdf,data/raw/USDA/FAS/GAIN/Oilseeds/2020/12/20.12_Malaysia_Oilseeds and Products Update.pdf,data/raw/USDA/FAS/GAIN/Oilseeds/2020/12/Summary/20.12_Malaysia_Oilseeds and Products Update.md,True,4,5548,바이오연료수요|생산변동|재고,상방 우세,9,1,Import Volume|Export Volume|Harvested Area|Crude Palm Oil|Import Tariff|Source Document
20.12_Pakistan_Oilseeds and Products Update.pdf,data/raw/USDA/FAS/GAIN/Oilseeds/2020/12/20.12_Pakistan_Oilseeds and Products Update.pdf,data/raw/USDA/FAS/GAIN/Oilseeds/2020/12/Summary/20.12_Pakistan_Oilseeds and Products Update.md,True,4,6866,바이오연료수요|압착,하방 우세,7,15,Import Volume|Soybean|Crude Palm Oil|Source Document
20.12_Russia_Russia to Restrict Exports of Some Grains and Oilseeds Through Mid-2021.pdf,data/raw/USDA/FAS/GAIN/Oilseeds/2020/12/20.12_Russia_Russia to Restrict Exports of Some Grains and Oilseeds Through Mid-2021.pdf,data/raw/USDA/FAS/GAIN/Oilseeds/2020/12/Summary/20.12_Russia_Russia to Restrict Exports of Some Grains and Oilseeds Through Mid-2021.md,True,7,12730,,하방 우세,0,6,Export Volume|Import Quota|Source Document
20.12_Vietnam_Issues National Technical Regulations for Plant Quarantine Pests.pdf,data/raw/USDA/FAS/GAIN/Oilseeds/2020/12/20.12_Vietnam_Issues National Technical Regulations for Plant Quarantine Pests.pdf,data/raw/USDA/FAS/GAIN/Oilseeds/2020/12/Summary/20.12_Vietnam_Issues National Technical Regulations for Plant Quarantine Pests.md,True,3,3648,,중립/혼재,0,0,Source Document
21.01_India_FSSAI Extends Implementation Date for Trans-Fat Limits in Products.pdf,data/raw/USDA/FAS/GAIN/Oilseeds/2021/01/21.01_India_FSSAI Extends Implementation Date for Trans-Fat Limits in Products.pdf,data/raw/USDA/FAS/GAIN/Oilseeds/2021/01/Summary/21.01_India_FSSAI Extends Implementation Date for Trans-Fat Limits in Products.md,True,3,2461,,중립/혼재,0,0,Effective Date|Source Document
21.01_India_Final Standards for Various Food Products Published in Indian Gazette.pdf,data/raw/USDA/FAS/GAIN/Oilseeds/2021/01/21.01_India_Final Standards for Various Food Products Published in Indian Gazette.pdf,data/raw/USDA/FAS/GAIN/Oilseeds/2021/01/Summary/21.01_India_Final Standards for Various Food Products Published in Indian Gazette.md,True,2,2766,,중립/혼재,0,0,Source Document
21.01_India_Normal Northeast Monsoon Rainfall Supports Higher Rabi Crop Area.pdf,data/raw/USDA/FAS/GAIN/Oilseeds/2021/01/21.01_India_Normal Northeast Monsoon Rainfall Supports Higher Rabi Crop Area.pdf,data/raw/USDA/FAS/GAIN/Oilseeds/2021/01/Summary/21.01_India_Normal Northeast Monsoon Rainfall Supports Higher Rabi Crop Area.md,True,12,8513,,하방 우세,10,25,Planted Area|Source Document
21.01_Sri Lanka_Revises its Tariff Schedule on November 17.pdf,data/raw/USDA/FAS/GAIN/Oilseeds/2021/01/21.01_Sri Lanka_Revises its Tariff Schedule on November 17.pdf,data/raw/USDA/FAS/GAIN/Oilseeds/2021/01/Summary/21.01_Sri Lanka_Revises its Tariff Schedule on November 17.md,True,4,7913,수입관세,하방 우세,1,5,Import Volume|Export Volume|Import Tariff|Source Document
21.02_Argentina_Oilseeds and Products Update.pdf,data/raw/USDA/FAS/GAIN/Oilseeds/2021/02/21.02_Argentina_Oilseeds and Products Update.pdf,data/raw/USDA/FAS/GAIN/Oilseeds/2021/02/Summary/21.02_Argentina_Oilseeds and Products Update.md,True,9,19838,기상이변|물류충격|수출규제|압착|재고,하방 우세,15,29,Inflation|Import Volume|Export Volume|Harvested Area|Soybean|Source Document
21.02_India_FSSAI Sets Limit on the Use of Trans-fats in all Food Products.pdf,data/raw/USDA/FAS/GAIN/Oilseeds/2021/02/21.02_India_FSSAI Sets Limit on the Use of Trans-fats in all Food Products.pdf,data/raw/USDA/FAS/GAIN/Oilseeds/2021/02/Summary/21.02_India_FSSAI Sets Limit on the Use of Trans-fats in all Food Products.md,True,4,4164,,중립/혼재,0,0,Vegetable Oil|Source Document
21.02_India_Oilseeds and Products Update.pdf,data/raw/USDA/FAS/GAIN/Oilseeds/2021/02/21.02_India_Oilseeds and Products Update.pdf,data/raw/USDA/FAS/GAIN/Oilseeds/2021/02/Summary/21.02_India_Oilseeds and Products Update.md,True,7,13568,바이오연료수요|수입관세|압착|재고,중립/혼재,14,15,Import Volume|Export Volume|Flood|Soil Moisture Percentile|Harvested Area|Vegetable Oil|Crude Palm Oil|Import Tariff|Source Document
21.02_Indonesia_Oilseeds and Products Update.pdf,data/raw/USDA/FAS/GAIN/Oilseeds/2021/02/21.02_Indonesia_Oilseeds and Products Update.pdf,data/raw/USDA/FAS/GAIN/Oilseeds/2021/02/Summary/21.02_Indonesia_Oilseeds and Products Update.md,True,11,15062,기상이변|바이오연료수요|수출규제|압착|재고,상방 우세,22,11,Import Volume|Export Volume|La Niña|Harvested Area|Soybean|Crude Palm Oil|Canola Oil|Export Tax|Source Document
21.02_Japan_Recognizes 28 New EU Geographic Indications.pdf,data/raw/USDA/FAS/GAIN/Oilseeds/2021/02/21.02_Japan_Recognizes 28 New EU Geographic Indications.pdf,data/raw/USDA/FAS/GAIN/Oilseeds/2021/02/Summary/21.02_Japan_Recognizes 28 New EU Geographic Indications.md,True,3,2896,,중립/혼재,0,0,Source Document
21.02_Peru_Oilseeds and Products Annual.pdf,data/raw/USDA/FAS/GAIN/Oilseeds/2021/02/21.02_Peru_Oilseeds and Products Annual.pdf,data/raw/USDA/FAS/GAIN/Oilseeds/2021/02/Summary/21.02_Peru_Oilseeds and Products Annual.md,True,6,8508,기상이변|재고,하방 우세,1,3,Import Volume|Export Volume|La Niña|Source Document
21.02_South Africa_Planted Area for Summer Field Crops at a 20 year High.pdf,data/raw/USDA/FAS/GAIN/Oilseeds/2021/02/21.02_South Africa_Planted Area for Summer Field Crops at a 20 year High.pdf,data/raw/USDA/FAS/GAIN/Oilseeds/2021/02/Summary/21.02_South Africa_Planted Area for Summer Field Crops at a 20 year High.md,True,6,6522,기상이변,하방 우세,14,25,Import Volume|Soybean|Source Document
21.03_Australia_Oilseeds and Products Annual.pdf,data/raw/USDA/FAS/GAIN/Oilseeds/2021/03/21.03_Australia_Oilseeds and Products Annual.pdf,data/raw/USDA/FAS/GAIN/Oilseeds/2021/03/Summary/21.03_Australia_Oilseeds and Products Annual.md,True,23,44453,기상이변|바이오연료수요|생산변동|압착|재고,중립/혼재,56,66,Import Volume|Export Volume|Soil Moisture Percentile|Harvested Area|Crude Palm Oil|Neutral Regime|Hold Recommendation|Source Document|Confidence Score
21.03_Bolivia_Approves Biodiesel Production.pdf,data/raw/USDA/FAS/GAIN/Oilseeds/2021/03/21.03_Bolivia_Approves Biodiesel Production.pdf,data/raw/USDA/FAS/GAIN/Oilseeds/2021/03/Summary/21.03_Bolivia_Approves Biodiesel Production.md,True,2,2916,바이오연료수요,상방 우세,1,0,Import Volume|Soybean|Source Document
21.03_Burma_Government Temporarily Waives Import and Export Licenses for Select Ag Products.pdf,data/raw/USDA/FAS/GAIN/Oilseeds/2021/03/21.03_Burma_Government Temporarily Waives Import and Export Licenses for Select Ag Products.pdf,data/raw/USDA/FAS/GAIN/Oilseeds/2021/03/Summary/21.03_Burma_Government Temporarily Waives Import and Export Licenses for Select Ag Products.md,True,14,14206,,상방 우세,2,0,Import Volume|Export Volume|Crude Palm Oil|Neutral Regime|Source Document
21.03_Burma_Impact of Burma Military Coup on Agriculture Sector and Trade.pdf,data/raw/USDA/FAS/GAIN/Oilseeds/2021/03/21.03_Burma_Impact of Burma Military Coup on Agriculture Sector and Trade.pdf,data/raw/USDA/FAS/GAIN/Oilseeds/2021/03/Summary/21.03_Burma_Impact of Burma Military Coup on Agriculture Sector and Trade.md,True,9,25396,,중립/혼재,9,7,Import Volume|Export Volume|Soybean|Crude Palm Oil|Source Document
21.03_Canada_Carbon Economy and the Impact on Grain and Oilseeds.pdf,data/raw/USDA/FAS/GAIN/Oilseeds/2021/03/21.03_Canada_Carbon Economy and the Impact on Grain and Oilseeds.pdf,data/raw/USDA/FAS/GAIN/Oilseeds/2021/03/Summary/21.03_Canada_Carbon Economy and the Impact on Grain and Oilseeds.md,True,4,7304,,상방 우세,8,1,Source Document
21.03_Canada_Oilseeds and Products Annual.pdf,data/raw/USDA/FAS/GAIN/Oilseeds/2021/03/21.03_Canada_Oilseeds and Products Annual.pdf,data/raw/USDA/FAS/GAIN/Oilseeds/2021/03/Summary/21.03_Canada_Oilseeds and Products Annual.md,True,17,26608,기상이변|생산변동|압착|재고,하방 우세,43,62,Import Volume|Export Volume|Harvested Area|Crushing Volume|Stock-to-Use Ratio|Soybean|Crude Palm Oil|Source Document
21.03_China_Oilseeds and Products Annual.pdf,data/raw/USDA/FAS/GAIN/Oilseeds/2021/03/21.03_China_Oilseeds and Products Annual.pdf,data/raw/USDA/FAS/GAIN/Oilseeds/2021/03/Summary/21.03_China_Oilseeds and Products Annual.md,True,42,41336,기상이변|바이오연료수요|생산변동|수입관세|수출규제|압착|재고,상방 우세,55,31,Import Volume|Export Volume|Harvested Area|Crushing Volume|Soybean|Soybean Oil|Crude Palm Oil|Canola Oil|Trade War|Import Tariff|Export Tax|Source Document
21.03_Ethiopia_Oilseeds Report Annual.pdf,data/raw/USDA/FAS/GAIN/Oilseeds/2021/03/21.03_Ethiopia_Oilseeds Report Annual.pdf,data/raw/USDA/FAS/GAIN/Oilseeds/2021/03/Summary/21.03_Ethiopia_Oilseeds Report Annual.md,True,21,38145,바이오연료수요|생산변동|수입관세|압착|재고,중립/혼재,26,29,Inflation|Import Volume|Export Volume|Harvested Area|Soybean|Vegetable Oil|Crude Palm Oil|Source Document|Entity Mention
21.03_India_Oilseeds and Products Annual.pdf,data/raw/USDA/FAS/GAIN/Oilseeds/2021/03/21.03_India_Oilseeds and Products Annual.pdf,data/raw/USDA/FAS/GAIN/Oilseeds/2021/03/Summary/21.03_India_Oilseeds and Products Annual.md,True,21,44071,기상이변|물류충격|바이오연료수요|수입관세|압착|재고,중립/혼재,47,37,Import Volume|Export Volume|Soil Moisture Percentile|Harvested Area|Production Volume|Soybean|Soybean Oil|Crude Soybean Oil|Vegetable Oil|Crude Palm Oil|Canola Oil|Sunflower Oil
21.03_Indonesia_Oilseeds and Products Annual.pdf,data/raw/USDA/FAS/GAIN/Oilseeds/2021/03/21.03_Indonesia_Oilseeds and Products Annual.pdf,data/raw/USDA/FAS/GAIN/Oilseeds/2021/03/Summary/21.03_Indonesia_Oilseeds and Products Annual.md,True,24,37649,기상이변|바이오연료수요|수입관세|수출규제|압착|재고,상방 우세,71,32,Import Volume|Export Volume|Harvested Area|Production Volume|Soybean|Crude Palm Oil|Source Document
21.03_Japan_Oilseeds and Products Annual.pdf,data/raw/USDA/FAS/GAIN/Oilseeds/2021/03/21.03_Japan_Oilseeds and Products Annual.pdf,data/raw/USDA/FAS/GAIN/Oilseeds/2021/03/Summary/21.03_Japan_Oilseeds and Products Annual.md,True,20,42285,바이오연료수요|수입관세|압착|재고,하방 우세,22,51,Import Volume|Export Volume|Harvested Area|Crushing Volume|Soybean|Vegetable Oil|Crude Palm Oil|Canola Oil|Source Document
21.03_Japan_Utilization of Food-Grade Soybeans.pdf,data/raw/USDA/FAS/GAIN/Oilseeds/2021/03/21.03_Japan_Utilization of Food-Grade Soybeans.pdf,data/raw/USDA/FAS/GAIN/Oilseeds/2021/03/Summary/21.03_Japan_Utilization of Food-Grade Soybeans.md,True,14,31873,압착,상방 우세,15,7,Import Volume|Export Volume|Soybean|Neutral Regime|Source Document
21.03_Pakistan_Oilseeds and Products Annual.pdf,data/raw/USDA/FAS/GAIN/Oilseeds/2021/03/21.03_Pakistan_Oilseeds and Products Annual.pdf,data/raw/USDA/FAS/GAIN/Oilseeds/2021/03/Summary/21.03_Pakistan_Oilseeds and Products Annual.md,True,25,34340,바이오연료수요|생산변동|압착|재고,상방 우세,34,26,Import Volume|Export Volume|Harvested Area|Production Volume|Soybean|Crude Palm Oil|Import Tariff|Source Document
21.03_South Korea_Oilseeds and Products Annual.pdf,data/raw/USDA/FAS/GAIN/Oilseeds/2021/03/21.03_South Korea_Oilseeds and Products Annual.pdf,data/raw/USDA/FAS/GAIN/Oilseeds/2021/03/Summary/21.03_South Korea_Oilseeds and Products Annual.md,True,32,52218,기상이변|바이오연료수요|생산변동|수입관세|압착|재고,하방 우세,21,38,Import Volume|Export Volume|Harvested Area|Production Volume|Soybean|Crude Palm Oil|Import Tariff|Source Document
21.03_Tunisia_Oilseeds and Products Annual.pdf,data/raw/USDA/FAS/GAIN/Oilseeds/2021/03/21.03_Tunisia_Oilseeds and Products Annual.pdf,data/raw/USDA/FAS/GAIN/Oilseeds/2021/03/Summary/21.03_Tunisia_Oilseeds and Products Annual.md,True,9,13887,기상이변|압착|재고,중립/혼재,11,12,Import Volume|Export Volume|Harvested Area|Crushing Volume|Vegetable Oil|Crude Palm Oil|Canola Oil|Source Document
21.03_Turkey_Oilseeds and Products Annual.pdf,data/raw/USDA/FAS/GAIN/Oilseeds/2021/03/21.03_Turkey_Oilseeds and Products Annual.pdf,data/raw/USDA/FAS/GAIN/Oilseeds/2021/03/Summary/21.03_Turkey_Oilseeds and Products Annual.md,True,19,37583,기상이변|물류충격|바이오연료수요|생산변동|수입관세|압착|재고,하방 우세,59,86,Import Volume|Export Volume|Soil Moisture Percentile|Harvested Area|Soybean|Soybean Oil|Source Document
21.03_Uruguay_Oilseeds and Products Annual.pdf,data/raw/USDA/FAS/GAIN/Oilseeds/2021/03/21.03_Uruguay_Oilseeds and Products Annual.pdf,data/raw/USDA/FAS/GAIN/Oilseeds/2021/03/Summary/21.03_Uruguay_Oilseeds and Products Annual.md,True,8,15014,기상이변|바이오연료수요|압착|재고,중립/혼재,19,15,Import Volume|Export Volume|Soil Moisture Percentile|Harvested Area|Soybean|Source Document
21.04_Argentina_Oilseeds and Products Annual.pdf,data/raw/USDA/FAS/GAIN/Oilseeds/2021/04/21.04_Argentina_Oilseeds and Products Annual.pdf,data/raw/USDA/FAS/GAIN/Oilseeds/2021/04/Summary/21.04_Argentina_Oilseeds and Products Annual.md,True,20,37930,기상이변|물류충격|바이오연료수요|수출규제|압착|재고,중립/혼재,48,55,Import Volume|Export Volume|Harvested Area|Harvest Delay|Soybean|Soybean Oil|Crude Palm Oil|Sunflower Oil|Source Document
21.04_Bangladesh_Oilseeds and Products Annual.pdf,data/raw/USDA/FAS/GAIN/Oilseeds/2021/04/21.04_Bangladesh_Oilseeds and Products Annual.pdf,data/raw/USDA/FAS/GAIN/Oilseeds/2021/04/Summary/21.04_Bangladesh_Oilseeds and Products Annual.md,True,18,30539,바이오연료수요|압착|재고,상방 우세,37,14,Import Volume|Export Volume|Harvested Area|Production Volume|Crushing Volume|Soybean|Soybean Oil|Vegetable Oil|Crude Palm Oil|Import Tariff|Source Document
21.04_Brazil_Oilseeds and Products Annual.pdf,data/raw/USDA/FAS/GAIN/Oilseeds/2021/04/21.04_Brazil_Oilseeds and Products Annual.pdf,data/raw/USDA/FAS/GAIN/Oilseeds/2021/04/Summary/21.04_Brazil_Oilseeds and Products Annual.md,True,38,56330,기상이변|물류충격|바이오연료수요|생산변동|압착|재고,상방 우세,61,36,Inflation|Import Volume|Export Volume|Soil Moisture Percentile|Crushing Volume|Soybean|Soybean Oil|Source Document
21.04_Bulgaria_2020 Direct Versus Indirect Trade - Bulgaria's Hidden Market for US Ag Exports.pdf,data/raw/USDA/FAS/GAIN/Oilseeds/2021/04/21.04_Bulgaria_2020 Direct Versus Indirect Trade - Bulgaria's Hidden Market for US Ag Exports.pdf,data/raw/USDA/FAS/GAIN/Oilseeds/2021/04/Summary/21.04_Bulgaria_2020 Direct Versus Indirect Trade - Bulgaria's Hidden Market for US Ag Exports.md,True,6,11027,물류충격,하방 우세,2,6,Import Volume|Export Volume|Source Document
21.04_Bulgaria_Oilseeds and Products Annual.pdf,data/raw/USDA/FAS/GAIN/Oilseeds/2021/04/21.04_Bulgaria_Oilseeds and Products Annual.pdf,data/raw/USDA/FAS/GAIN/Oilseeds/2021/04/Summary/21.04_Bulgaria_Oilseeds and Products Annual.md,True,7,12370,물류충격|압착|재고,하방 우세,28,56,Import Volume|Export Volume|Soil Moisture Percentile|Harvested Area|Soybean|Canola Oil|Sunflower Oil|Source Document
21.04_Burma_Military Coup Continues to Hamper Agricultural Trade.pdf,data/raw/USDA/FAS/GAIN/Oilseeds/2021/04/21.04_Burma_Military Coup Continues to Hamper Agricultural Trade.pdf,data/raw/USDA/FAS/GAIN/Oilseeds/2021/04/Summary/21.04_Burma_Military Coup Continues to Hamper Agricultural Trade.md,True,11,32759,압착,상방 우세,18,8,Import Volume|Export Volume|Soybean|Crude Palm Oil|Source Document
21.04_EU_Oilseeds and Products Annual.pdf,data/raw/USDA/FAS/GAIN/Oilseeds/2021/04/21.04_EU_Oilseeds and Products Annual.pdf,data/raw/USDA/FAS/GAIN/Oilseeds/2021/04/Summary/21.04_EU_Oilseeds and Products Annual.md,True,49,43231,기상이변|물류충격|바이오연료수요|생산변동|압착|재고,중립/혼재,108,88,Import Volume|Export Volume|Soil Moisture Percentile|Harvested Area|Crushing Volume|Soybean|Crude Palm Oil|Canola Oil|Biodiesel Feedstock|Source Document
21.04_Egypt_Navigation to Resume through Suez Canal after one of the Largest Cargo Ships blocked the Crucial Waterway for Seven Days.pdf,data/raw/USDA/FAS/GAIN/Oilseeds/2021/04/21.04_Egypt_Navigation to Resume through Suez Canal after one of the Largest Cargo Ships blocked the Crucial Waterway for Seven Days.pdf,data/raw/USDA/FAS/GAIN/Oilseeds/2021/04/Summary/21.04_Egypt_Navigation to Resume through Suez Canal after one of the Largest Cargo Ships blocked the Crucial Waterway for Seven Days.md,True,5,9180,물류충격,상방 우세,12,1,Import Volume|Export Volume|Soybean|Source Document
21.04_Egypt_Oilseeds and Products Annual.pdf,data/raw/USDA/FAS/GAIN/Oilseeds/2021/04/21.04_Egypt_Oilseeds and Products Annual.pdf,data/raw/USDA/FAS/GAIN/Oilseeds/2021/04/Summary/21.04_Egypt_Oilseeds and Products Annual.md,True,14,30526,바이오연료수요|수입관세|압착|재고,하방 우세,39,56,Import Volume|Export Volume|Harvested Area|Crushing Volume|Soybean|Soybean Oil|Vegetable Oil|Crude Palm Oil|Sunflower Oil|Source Document
21.04_India_FSSAI Issues SOPs for Licensing and Registration of Fortified Food Products in its Food Safety and Compliance System.pdf,data/raw/USDA/FAS/GAIN/Oilseeds/2021/04/21.04_India_FSSAI Issues SOPs for Licensing and Registration of Fortified Food Products in its Food Safety and Compliance System.pdf,data/raw/USDA/FAS/GAIN/Oilseeds/2021/04/Summary/21.04_India_FSSAI Issues SOPs for Licensing and Registration of Fortified Food Products in its Food Safety and Compliance System.md,True,4,4603,,중립/혼재,0,0,Export Volume|Source Document
21.04_India_FSSAI Modifies Standards for Shea Butter and Borneo Tallow Nut Oil.pdf,data/raw/USDA/FAS/GAIN/Oilseeds/2021/04/21.04_India_FSSAI Modifies Standards for Shea Butter and Borneo Tallow Nut Oil.pdf,data/raw/USDA/FAS/GAIN/Oilseeds/2021/04/Summary/21.04_India_FSSAI Modifies Standards for Shea Butter and Borneo Tallow Nut Oil.md,True,4,2924,,중립/혼재,0,0,Export Volume|Effective Date|Source Document
21.04_India_IMD Forecasts Normal 2021 Southwest Monsoon.pdf,data/raw/USDA/FAS/GAIN/Oilseeds/2021/04/21.04_India_IMD Forecasts Normal 2021 Southwest Monsoon.pdf,data/raw/USDA/FAS/GAIN/Oilseeds/2021/04/Summary/21.04_India_IMD Forecasts Normal 2021 Southwest Monsoon.md,True,7,3480,,하방 우세,0,9,Source Document
21.04_India_Notifies Final Standards for Cereals and Varied Products.pdf,data/raw/USDA/FAS/GAIN/Oilseeds/2021/04/21.04_India_Notifies Final Standards for Cereals and Varied Products.pdf,data/raw/USDA/FAS/GAIN/Oilseeds/2021/04/Summary/21.04_India_Notifies Final Standards for Cereals and Varied Products.md,True,2,3469,,중립/혼재,0,0,Effective Date|Source Document
21.04_Malaysia_Oilseeds and Products Annual.pdf,data/raw/USDA/FAS/GAIN/Oilseeds/2021/04/21.04_Malaysia_Oilseeds and Products Annual.pdf,data/raw/USDA/FAS/GAIN/Oilseeds/2021/04/Summary/21.04_Malaysia_Oilseeds and Products Annual.md,True,17,19101,바이오연료수요|생산변동|압착|재고,상방 우세,34,9,Import Volume|Export Volume|Harvested Area|Soybean|Soybean Oil|Crude Palm Oil|Effective Date|Source Document
21.04_Mexico_Oilseeds and Products Annual.pdf,data/raw/USDA/FAS/GAIN/Oilseeds/2021/04/21.04_Mexico_Oilseeds and Products Annual.pdf,data/raw/USDA/FAS/GAIN/Oilseeds/2021/04/Summary/21.04_Mexico_Oilseeds and Products Annual.md,True,22,56536,기상이변|물류충격|생산변동|압착|재고,중립/혼재,91,78,Import Volume|Export Volume|Crop Yield|Harvested Area|Production Volume|Soybean|Crude Palm Oil|Canola Oil|Bull Regime|Bear Regime|Neutral Regime|Source Document
21.04_Nicaragua_Oilseeds and Products Annual.pdf,data/raw/USDA/FAS/GAIN/Oilseeds/2021/04/21.04_Nicaragua_Oilseeds and Products Annual.pdf,data/raw/USDA/FAS/GAIN/Oilseeds/2021/04/Summary/21.04_Nicaragua_Oilseeds and Products Annual.md,True,5,6881,압착|재고,상방 우세,12,5,Import Volume|Export Volume|Harvested Area|Source Document
21.04_Paraguay_Oilseeds and Products Annual.pdf,data/raw/USDA/FAS/GAIN/Oilseeds/2021/04/21.04_Paraguay_Oilseeds and Products Annual.pdf,data/raw/USDA/FAS/GAIN/Oilseeds/2021/04/Summary/21.04_Paraguay_Oilseeds and Products Annual.md,True,10,16820,기상이변|물류충격|바이오연료수요|생산변동|압착|재고,중립/혼재,12,11,Import Volume|Export Volume|Harvested Area|Production Volume|Soybean|Soybean Oil|Source Document
21.04_Philippines_Oilseeds and Products Annual.pdf,data/raw/USDA/FAS/GAIN/Oilseeds/2021/04/21.04_Philippines_Oilseeds and Products Annual.pdf,data/raw/USDA/FAS/GAIN/Oilseeds/2021/04/Summary/21.04_Philippines_Oilseeds and Products Annual.md,True,15,35933,바이오연료수요|생산변동|압착|재고,중립/혼재,35,40,Import Volume|Export Volume|Harvested Area|Production Volume|Crushing Volume|Soybean|Crude Palm Oil|Geopolitical Conflict|Source Document
21.04_Philippines_Plant-based Food Products Market Brief.pdf,data/raw/USDA/FAS/GAIN/Oilseeds/2021/04/21.04_Philippines_Plant-based Food Products Market Brief.pdf,data/raw/USDA/FAS/GAIN/Oilseeds/2021/04/Summary/21.04_Philippines_Plant-based Food Products Market Brief.md,True,5,9760,재고,상방 우세,3,2,Import Volume|Soybean|Source Document
21.04_Poland_Direct Versus Indirect Trade - Poland's Hidden Market for US Ag Exports.pdf,data/raw/USDA/FAS/GAIN/Oilseeds/2021/04/21.04_Poland_Direct Versus Indirect Trade - Poland's Hidden Market for US Ag Exports.pdf,data/raw/USDA/FAS/GAIN/Oilseeds/2021/04/Summary/21.04_Poland_Direct Versus Indirect Trade - Poland's Hidden Market for US Ag Exports.md,True,6,11238,물류충격,상방 우세,1,0,Import Volume|Export Volume|Neutral Regime|Freight Rate|Source Document
21.04_Romania_Direct Versus Indirect Trade Romania - Romania's Hidden Market for US Ag Exports.pdf,data/raw/USDA/FAS/GAIN/Oilseeds/2021/04/21.04_Romania_Direct Versus Indirect Trade Romania - Romania's Hidden Market for US Ag Exports.pdf,data/raw/USDA/FAS/GAIN/Oilseeds/2021/04/Summary/21.04_Romania_Direct Versus Indirect Trade Romania - Romania's Hidden Market for US Ag Exports.md,True,6,11477,물류충격,중립/혼재,4,5,Import Volume|Export Volume|Soybean|Source Document
21.04_South Africa_Oilseeds and Products Annual.pdf,data/raw/USDA/FAS/GAIN/Oilseeds/2021/04/21.04_South Africa_Oilseeds and Products Annual.pdf,data/raw/USDA/FAS/GAIN/Oilseeds/2021/04/Summary/21.04_South Africa_Oilseeds and Products Annual.md,True,19,32775,압착|재고,하방 우세,55,143,Gross Domestic Product|Import Volume|Export Volume|Harvested Area|Soybean|Vegetable Oil|Crude Palm Oil|Neutral Regime|Source Document
21.04_Thailand_Oilseeds and Products Annual.pdf,data/raw/USDA/FAS/GAIN/Oilseeds/2021/04/21.04_Thailand_Oilseeds and Products Annual.pdf,data/raw/USDA/FAS/GAIN/Oilseeds/2021/04/Summary/21.04_Thailand_Oilseeds and Products Annual.md,True,20,39982,기상이변|바이오연료수요|생산변동|수입관세|수출규제|압착|재고,상방 우세,96,29,Gross Domestic Product|Import Volume|Export Volume|Precipitation Deficit|Harvested Area|Soybean|Crude Palm Oil|Geopolitical Conflict|Import Quota|Source Document
21.04_UK_Oilseeds and Products Annual.pdf,data/raw/USDA/FAS/GAIN/Oilseeds/2021/04/21.04_UK_Oilseeds and Products Annual.pdf,data/raw/USDA/FAS/GAIN/Oilseeds/2021/04/Summary/21.04_UK_Oilseeds and Products Annual.md,True,15,26360,압착|재고,중립/혼재,22,18,Import Volume|Export Volume|Pollination Window|Harvested Area|Crushing Volume|Soybean|Crude Palm Oil|Canola Oil|Source Document
21.04_Ukraine_Oilseeds and Products Annual.pdf,data/raw/USDA/FAS/GAIN/Oilseeds/2021/04/21.04_Ukraine_Oilseeds and Products Annual.pdf,data/raw/USDA/FAS/GAIN/Oilseeds/2021/04/Summary/21.04_Ukraine_Oilseeds and Products Annual.md,True,60,44843,기상이변|생산변동|수출규제|압착|재고,하방 우세,58,142,Import Volume|Export Volume|Harvested Area|Production Volume|Crushing Volume|Soybean|Crude Palm Oil|Canola Oil|Export Tax|Source Document
21.04_Ukraine_Sunflower Export Cap.pdf,data/raw/USDA/FAS/GAIN/Oilseeds/2021/04/21.04_Ukraine_Sunflower Export Cap.pdf,data/raw/USDA/FAS/GAIN/Oilseeds/2021/04/Summary/21.04_Ukraine_Sunflower Export Cap.md,True,2,1755,,하방 우세,0,6,Export Volume|Source Document
21.04_Vietnam_Oilseeds and Products Annual.pdf,data/raw/USDA/FAS/GAIN/Oilseeds/2021/04/21.04_Vietnam_Oilseeds and Products Annual.pdf,data/raw/USDA/FAS/GAIN/Oilseeds/2021/04/Summary/21.04_Vietnam_Oilseeds and Products Annual.md,True,24,49392,생산변동|수입관세|압착|재고,상방 우세,90,29,Import Volume|Export Volume|Harvested Area|Crushing Volume|Soybean|Soybean Oil|Crude Soybean Oil|Crude Palm Oil|Canola Oil|Source Document
21.05_Algeria_The Algerian Agricultural Roadmap 2020-2024.pdf,data/raw/USDA/FAS/GAIN/Oilseeds/2021/05/21.05_Algeria_The Algerian Agricultural Roadmap 2020-2024.pdf,data/raw/USDA/FAS/GAIN/Oilseeds/2021/05/Summary/21.05_Algeria_The Algerian Agricultural Roadmap 2020-2024.md,True,6,13207,,하방 우세,1,4,Import Volume|Export Volume|Soybean|Effective Date|Source Document
21.05_Canada_Budget 2021 Delivers on Compensation and Climate Programs.pdf,data/raw/USDA/FAS/GAIN/Oilseeds/2021/05/21.05_Canada_Budget 2021 Delivers on Compensation and Climate Programs.pdf,data/raw/USDA/FAS/GAIN/Oilseeds/2021/05/Summary/21.05_Canada_Budget 2021 Delivers on Compensation and Climate Programs.md,True,6,12350,,상방 우세,1,0,Source Document
21.05_Canada_Health Canada Launches Consultation on Novel Foods Regulation Focused on Plant Breeding.pdf,data/raw/USDA/FAS/GAIN/Oilseeds/2021/05/21.05_Canada_Health Canada Launches Consultation on Novel Foods Regulation Focused on Plant Breeding.pdf,data/raw/USDA/FAS/GAIN/Oilseeds/2021/05/Summary/21.05_Canada_Health Canada Launches Consultation on Novel Foods Regulation Focused on Plant Breeding.md,True,2,2609,,중립/혼재,0,0,Source Document
21.05_India_Emerges as a Burgeoning Market for Plant-based Meat Substitutes.pdf,data/raw/USDA/FAS/GAIN/Oilseeds/2021/05/21.05_India_Emerges as a Burgeoning Market for Plant-based Meat Substitutes.pdf,data/raw/USDA/FAS/GAIN/Oilseeds/2021/05/Summary/21.05_India_Emerges as a Burgeoning Market for Plant-based Meat Substitutes.md,True,10,17883,,상방 우세,8,0,Import Volume|Soybean|Vegetable Oil|Source Document
21.05_Romania_Oilseeds Poised for Big Recovery.pdf,data/raw/USDA/FAS/GAIN/Oilseeds/2021/05/21.05_Romania_Oilseeds Poised for Big Recovery.pdf,data/raw/USDA/FAS/GAIN/Oilseeds/2021/05/Summary/21.05_Romania_Oilseeds Poised for Big Recovery.md,True,4,8524,기상이변|바이오연료수요|압착,하방 우세,14,28,Import Volume|Export Volume|Soil Moisture Percentile|Soybean|Agricultural Exemption|Source Document
21.05_Taiwan_Oilseeds and Products Annual.pdf,data/raw/USDA/FAS/GAIN/Oilseeds/2021/05/21.05_Taiwan_Oilseeds and Products Annual.pdf,data/raw/USDA/FAS/GAIN/Oilseeds/2021/05/Summary/21.05_Taiwan_Oilseeds and Products Annual.md,True,18,24134,기상이변|바이오연료수요|생산변동|수입관세|압착|재고,중립/혼재,22,26,Import Volume|Export Volume|Harvested Area|Crushing Volume|Soybean|Soybean Oil|Crude Palm Oil|Neutral Regime|Source Document
21.06_Brazil_Oilseeds and Products Update.pdf,data/raw/USDA/FAS/GAIN/Oilseeds/2021/06/21.06_Brazil_Oilseeds and Products Update.pdf,data/raw/USDA/FAS/GAIN/Oilseeds/2021/06/Summary/21.06_Brazil_Oilseeds and Products Update.md,True,13,21601,기상이변|바이오연료수요|생산변동|수입관세|압착|재고,상방 우세,31,18,Inflation|Import Volume|Export Volume|Harvested Area|Production Volume|Crushing Volume|Soybean|Soybean Oil|Source Document
21.06_Canada_Consultation on Regulatory Requirements for the Environmental Release of Plants.pdf,data/raw/USDA/FAS/GAIN/Oilseeds/2021/06/21.06_Canada_Consultation on Regulatory Requirements for the Environmental Release of Plants.pdf,data/raw/USDA/FAS/GAIN/Oilseeds/2021/06/Summary/21.06_Canada_Consultation on Regulatory Requirements for the Environmental Release of Plants.md,True,2,2763,,중립/혼재,0,0,Source Document
21.06_China_Oilseeds and Products Update.pdf,data/raw/USDA/FAS/GAIN/Oilseeds/2021/06/21.06_China_Oilseeds and Products Update.pdf,data/raw/USDA/FAS/GAIN/Oilseeds/2021/06/Summary/21.06_China_Oilseeds and Products Update.md,True,13,24825,생산변동|압착|재고,상방 우세,34,26,Import Volume|Export Volume|Harvested Area|Crushing Volume|Soybean|Soybean Oil|Crude Palm Oil|Canola Oil|Trade War|Source Document
21.06_China_Seed Industry Development a High Priority of Top Chinese Leadership.pdf,data/raw/USDA/FAS/GAIN/Oilseeds/2021/06/21.06_China_Seed Industry Development a High Priority of Top Chinese Leadership.pdf,data/raw/USDA/FAS/GAIN/Oilseeds/2021/06/Summary/21.06_China_Seed Industry Development a High Priority of Top Chinese Leadership.md,True,13,28862,생산변동,상방 우세,27,17,Import Volume|Export Volume|Neutral Regime|Effective Date|Source Document|Entity Mention
21.06_India_A Thumbs Up for Soybean Meal Imports Possibly.pdf,data/raw/USDA/FAS/GAIN/Oilseeds/2021/06/21.06_India_A Thumbs Up for Soybean Meal Imports Possibly.pdf,data/raw/USDA/FAS/GAIN/Oilseeds/2021/06/Summary/21.06_India_A Thumbs Up for Soybean Meal Imports Possibly.md,True,5,10538,압착,상방 우세,9,3,Import Volume|Export Volume|Soybean|Import Tariff|Source Document
21.06_India_Southwest Monsoon Update 2021.pdf,data/raw/USDA/FAS/GAIN/Oilseeds/2021/06/21.06_India_Southwest Monsoon Update 2021.pdf,data/raw/USDA/FAS/GAIN/Oilseeds/2021/06/Summary/21.06_India_Southwest Monsoon Update 2021.md,True,13,7792,생산변동,하방 우세,8,16,Source Document
21.06_Japan_USJTA Treatment for Fats and Oils.pdf,data/raw/USDA/FAS/GAIN/Oilseeds/2021/06/21.06_Japan_USJTA Treatment for Fats and Oils.pdf,data/raw/USDA/FAS/GAIN/Oilseeds/2021/06/Summary/21.06_Japan_USJTA Treatment for Fats and Oils.md,True,2,3760,,중립/혼재,2,2,Import Volume|Neutral Regime|Source Document
21.06_Malaysia_Oilseeds and Products Update.pdf,data/raw/USDA/FAS/GAIN/Oilseeds/2021/06/21.06_Malaysia_Oilseeds and Products Update.pdf,data/raw/USDA/FAS/GAIN/Oilseeds/2021/06/Summary/21.06_Malaysia_Oilseeds and Products Update.md,True,5,6977,바이오연료수요|생산변동|재고,상방 우세,10,7,Import Volume|Export Volume|Harvested Area|Soybean|Crude Palm Oil|Source Document
21.06_Nigeria_Oilseeds and Products Annual.pdf,data/raw/USDA/FAS/GAIN/Oilseeds/2021/06/21.06_Nigeria_Oilseeds and Products Annual.pdf,data/raw/USDA/FAS/GAIN/Oilseeds/2021/06/Summary/21.06_Nigeria_Oilseeds and Products Annual.md,True,22,43171,기상이변|생산변동|수입관세|압착|재고,상방 우세,52,3,Import Volume|Export Volume|Harvested Area|Production Volume|Crushing Volume|Soybean|Vegetable Oil|Crude Palm Oil|Import Tariff|Source Document
21.06_Philippines_Biodiesel Standards under Consideration.pdf,data/raw/USDA/FAS/GAIN/Oilseeds/2021/06/21.06_Philippines_Biodiesel Standards under Consideration.pdf,data/raw/USDA/FAS/GAIN/Oilseeds/2021/06/Summary/21.06_Philippines_Biodiesel Standards under Consideration.md,True,3,4218,바이오연료수요,상방 우세,3,0,Source Document
21.06_Russia_Oilseeds and Products Annual.pdf,data/raw/USDA/FAS/GAIN/Oilseeds/2021/06/21.06_Russia_Oilseeds and Products Annual.pdf,data/raw/USDA/FAS/GAIN/Oilseeds/2021/06/Summary/21.06_Russia_Oilseeds and Products Annual.md,True,20,44311,기상이변|수입관세|수출규제|압착|재고,하방 우세,55,90,Gross Domestic Product|Import Volume|Export Volume|Harvested Area|Soybean|Crude Palm Oil|Canola Oil|Import Tariff|Export Tax|Source Document
21.06_Russian_VPSS Introduces Contrasting Proposals on the Importation and Transportation of GE Products To and Within the Russian Federation.pdf,data/raw/USDA/FAS/GAIN/Oilseeds/2021/06/21.06_Russian_VPSS Introduces Contrasting Proposals on the Importation and Transportation of GE Products To and Within the Russian Federation.pdf,data/raw/USDA/FAS/GAIN/Oilseeds/2021/06/Summary/21.06_Russian_VPSS Introduces Contrasting Proposals on the Importation and Transportation of GE Products To and Within the Russian Federation.md,True,4,7077,,중립/혼재,0,0,Import Volume|Soybean|Agricultural Exemption|Source Document
21.06_Taiwan_Confident of Basic Food Supply Amid Second Wave of COVID Infection.pdf,data/raw/USDA/FAS/GAIN/Oilseeds/2021/06/21.06_Taiwan_Confident of Basic Food Supply Amid Second Wave of COVID Infection.pdf,data/raw/USDA/FAS/GAIN/Oilseeds/2021/06/Summary/21.06_Taiwan_Confident of Basic Food Supply Amid Second Wave of COVID Infection.md,True,3,5784,재고,상방 우세,3,0,Soybean|Source Document
21.07_Argentina_Oilseeds and Products Update.pdf,data/raw/USDA/FAS/GAIN/Oilseeds/2021/07/21.07_Argentina_Oilseeds and Products Update.pdf,data/raw/USDA/FAS/GAIN/Oilseeds/2021/07/Summary/21.07_Argentina_Oilseeds and Products Update.md,True,5,9936,기상이변|수출규제|압착|재고,중립/혼재,14,15,Import Volume|Export Volume|Soil Moisture Percentile|Harvested Area|Soybean|Source Document
21.07_Burma_Trade Continues but Uncertainty Remains High.pdf,data/raw/USDA/FAS/GAIN/Oilseeds/2021/07/21.07_Burma_Trade Continues but Uncertainty Remains High.pdf,data/raw/USDA/FAS/GAIN/Oilseeds/2021/07/Summary/21.07_Burma_Trade Continues but Uncertainty Remains High.md,True,5,11212,물류충격,상방 우세,16,3,Export Volume|Production Volume|Crude Palm Oil|Source Document
21.07_Canada_Consulting on Proposed Updates to Feeds Regulations.pdf,data/raw/USDA/FAS/GAIN/Oilseeds/2021/07/21.07_Canada_Consulting on Proposed Updates to Feeds Regulations.pdf,data/raw/USDA/FAS/GAIN/Oilseeds/2021/07/Summary/21.07_Canada_Consulting on Proposed Updates to Feeds Regulations.md,True,2,3622,,중립/혼재,0,0,Source Document
21.07_India_FSSAI Changes Nomenclature of Blended Edible Vegetable Oil to Multi Source Edible Oil.pdf,data/raw/USDA/FAS/GAIN/Oilseeds/2021/07/21.07_India_FSSAI Changes Nomenclature of Blended Edible Vegetable Oil to Multi Source Edible Oil.pdf,data/raw/USDA/FAS/GAIN/Oilseeds/2021/07/Summary/21.07_India_FSSAI Changes Nomenclature of Blended Edible Vegetable Oil to Multi Source Edible Oil.md,True,6,5230,바이오연료수요|재고,중립/혼재,0,0,Export Volume|Source Document
21.07_Indonesia_Oilseeds and Products Update.pdf,data/raw/USDA/FAS/GAIN/Oilseeds/2021/07/21.07_Indonesia_Oilseeds and Products Update.pdf,data/raw/USDA/FAS/GAIN/Oilseeds/2021/07/Summary/21.07_Indonesia_Oilseeds and Products Update.md,True,9,13174,기상이변|바이오연료수요|수출규제|압착|재고,상방 우세,25,14,Gross Domestic Product|Import Volume|Export Volume|La Niña|Harvested Area|Production Volume|Soybean|Crude Palm Oil|Source Document
21.07_Philippines_Bans the Use of Trans Fat.pdf,data/raw/USDA/FAS/GAIN/Oilseeds/2021/07/21.07_Philippines_Bans the Use of Trans Fat.pdf,data/raw/USDA/FAS/GAIN/Oilseeds/2021/07/Summary/21.07_Philippines_Bans the Use of Trans Fat.md,True,2,3307,바이오연료수요,중립/혼재,0,0,Source Document
21.07_Vietnam_Revises Maximum Levels for Salmonella and Heavy Metals in Feed Ingredients of Plant Origin.pdf,data/raw/USDA/FAS/GAIN/Oilseeds/2021/07/21.07_Vietnam_Revises Maximum Levels for Salmonella and Heavy Metals in Feed Ingredients of Plant Origin.pdf,data/raw/USDA/FAS/GAIN/Oilseeds/2021/07/Summary/21.07_Vietnam_Revises Maximum Levels for Salmonella and Heavy Metals in Feed Ingredients of Plant Origin.md,True,2,2814,,중립/혼재,0,0,Source Document
21.08_Bulgaria_Oilseeds and Products Market Update.pdf,data/raw/USDA/FAS/GAIN/Oilseeds/2021/08/21.08_Bulgaria_Oilseeds and Products Market Update.pdf,data/raw/USDA/FAS/GAIN/Oilseeds/2021/08/Summary/21.08_Bulgaria_Oilseeds and Products Market Update.md,True,7,10562,기상이변|물류충격|압착|재고,하방 우세,17,52,Import Volume|Export Volume|Precipitation Deficit|Soil Moisture Percentile|Harvested Area|Soybean|Canola Oil|Source Document
21.08_China_Two Draft MRL Standards Released for Domestic Comment.pdf,data/raw/USDA/FAS/GAIN/Oilseeds/2021/08/21.08_China_Two Draft MRL Standards Released for Domestic Comment.pdf,data/raw/USDA/FAS/GAIN/Oilseeds/2021/08/Summary/21.08_China_Two Draft MRL Standards Released for Domestic Comment.md,True,2,3136,,상방 우세,1,0,Source Document
21.08_EU_Oilseeds and Products Semi-Annual Report.pdf,data/raw/USDA/FAS/GAIN/Oilseeds/2021/08/21.08_EU_Oilseeds and Products Semi-Annual Report.pdf,data/raw/USDA/FAS/GAIN/Oilseeds/2021/08/Summary/21.08_EU_Oilseeds and Products Semi-Annual Report.md,True,24,57031,기상이변|물류충격|바이오연료수요|생산변동|압착|재고,하방 우세,53,105,Import Volume|Export Volume|Harvested Area|Production Volume|Soybean|Soybean Oil|Crude Palm Oil|Canola Oil|Source Document
21.08_India_FSSAI Issues Final Standards for Walnut Kernels and Other Various Food Products.pdf,data/raw/USDA/FAS/GAIN/Oilseeds/2021/08/21.08_India_FSSAI Issues Final Standards for Walnut Kernels and Other Various Food Products.pdf,data/raw/USDA/FAS/GAIN/Oilseeds/2021/08/Summary/21.08_India_FSSAI Issues Final Standards for Walnut Kernels and Other Various Food Products.md,True,2,4501,,하방 우세,1,2,Export Volume|Effective Date|Source Document
21.08_India_Officially Permits Limited Soybean Meal Imports.pdf,data/raw/USDA/FAS/GAIN/Oilseeds/2021/08/21.08_India_Officially Permits Limited Soybean Meal Imports.pdf,data/raw/USDA/FAS/GAIN/Oilseeds/2021/08/Summary/21.08_India_Officially Permits Limited Soybean Meal Imports.md,True,4,7113,압착,하방 우세,0,1,Import Volume|Export Volume|Soybean|Source Document
21.08_India_Southwest Monsoon Update of July 2021.pdf,data/raw/USDA/FAS/GAIN/Oilseeds/2021/08/21.08_India_Southwest Monsoon Update of July 2021.pdf,data/raw/USDA/FAS/GAIN/Oilseeds/2021/08/Summary/21.08_India_Southwest Monsoon Update of July 2021.md,True,12,9956,,하방 우세,8,32,Precipitation Deficit|Planted Area|Source Document
21.08_South Africa_Cyber-Attack Cripples Operations at the Port of Durban for the Second Time in a Month.pdf,data/raw/USDA/FAS/GAIN/Oilseeds/2021/08/21.08_South Africa_Cyber-Attack Cripples Operations at the Port of Durban for the Second Time in a Month.pdf,data/raw/USDA/FAS/GAIN/Oilseeds/2021/08/Summary/21.08_South Africa_Cyber-Attack Cripples Operations at the Port of Durban for the Second Time in a Month.md,True,5,11504,물류충격,상방 우세,2,1,Import Volume|Export Volume|Hold Recommendation|Political Instability|Source Document
21.09_Argentina_Oilseeds and Products Update.pdf,data/raw/USDA/FAS/GAIN/Oilseeds/2021/09/21.09_Argentina_Oilseeds and Products Update.pdf,data/raw/USDA/FAS/GAIN/Oilseeds/2021/09/Summary/21.09_Argentina_Oilseeds and Products Update.md,True,7,11929,기상이변|수출규제|압착|재고,하방 우세,10,23,Import Volume|Export Volume|Harvested Area|Soybean|Source Document
21.09_China_Oilseeds and Products Update.pdf,data/raw/USDA/FAS/GAIN/Oilseeds/2021/09/21.09_China_Oilseeds and Products Update.pdf,data/raw/USDA/FAS/GAIN/Oilseeds/2021/09/Summary/21.09_China_Oilseeds and Products Update.md,True,15,29619,압착|재고,중립/혼재,49,41,Import Volume|Export Volume|Soil Moisture Percentile|Harvested Area|Production Volume|Crushing Volume|Soybean|Soybean Oil|Crude Palm Oil|Canola Oil|Source Document
21.09_India_Approves Additional Ports for Bulk Soybean Meal Imports.pdf,data/raw/USDA/FAS/GAIN/Oilseeds/2021/09/21.09_India_Approves Additional Ports for Bulk Soybean Meal Imports.pdf,data/raw/USDA/FAS/GAIN/Oilseeds/2021/09/Summary/21.09_India_Approves Additional Ports for Bulk Soybean Meal Imports.md,True,3,4602,,중립/혼재,0,0,Import Volume|Export Volume|Soybean|Source Document
21.09_India_Clarifies and Extends its Import Date for Soybean Meal and Soy Cake Derived from Genetically Engineered Soybeans.pdf,data/raw/USDA/FAS/GAIN/Oilseeds/2021/09/21.09_India_Clarifies and Extends its Import Date for Soybean Meal and Soy Cake Derived from Genetically Engineered Soybeans.pdf,data/raw/USDA/FAS/GAIN/Oilseeds/2021/09/Summary/21.09_India_Clarifies and Extends its Import Date for Soybean Meal and Soy Cake Derived from Genetically Engineered Soybeans.md,True,3,5028,,하방 우세,0,2,Import Volume|Export Volume|Soybean|Source Document
21.09_India_FSSAI Proposes Claims on Additional Categories of Edible Vegetable Oil.pdf,data/raw/USDA/FAS/GAIN/Oilseeds/2021/09/21.09_India_FSSAI Proposes Claims on Additional Categories of Edible Vegetable Oil.pdf,data/raw/USDA/FAS/GAIN/Oilseeds/2021/09/Summary/21.09_India_FSSAI Proposes Claims on Additional Categories of Edible Vegetable Oil.md,True,3,3771,,하방 우세,0,3,Export Volume|Source Document
21.09_India_Oilseeds and Products Update.pdf,data/raw/USDA/FAS/GAIN/Oilseeds/2021/09/21.09_India_Oilseeds and Products Update.pdf,data/raw/USDA/FAS/GAIN/Oilseeds/2021/09/Summary/21.09_India_Oilseeds and Products Update.md,True,13,25611,물류충격|수입관세|압착|재고,하방 우세,13,35,Import Volume|Export Volume|Harvested Area|Soybean|Soybean Oil|Vegetable Oil|Crude Palm Oil|Sunflower Oil|Import Tariff|Source Document
21.09_India_Poultry Market - A Snapshot of 2020-21.pdf,data/raw/USDA/FAS/GAIN/Oilseeds/2021/09/21.09_India_Poultry Market - A Snapshot of 2020-21.pdf,data/raw/USDA/FAS/GAIN/Oilseeds/2021/09/Summary/21.09_India_Poultry Market - A Snapshot of 2020-21.md,True,4,12419,,중립/혼재,8,8,Import Volume|Export Volume|Soybean|Source Document|Confidence Score
21.09_Malaysia_Oilseeds and Products Update.pdf,data/raw/USDA/FAS/GAIN/Oilseeds/2021/09/21.09_Malaysia_Oilseeds and Products Update.pdf,data/raw/USDA/FAS/GAIN/Oilseeds/2021/09/Summary/21.09_Malaysia_Oilseeds and Products Update.md,True,4,7356,생산변동|재고,하방 우세,5,7,Import Volume|Export Volume|Harvested Area|Crude Palm Oil|Source Document
21.09_Turkey_Oilseeds and Products Update.pdf,data/raw/USDA/FAS/GAIN/Oilseeds/2021/09/21.09_Turkey_Oilseeds and Products Update.pdf,data/raw/USDA/FAS/GAIN/Oilseeds/2021/09/Summary/21.09_Turkey_Oilseeds and Products Update.md,True,5,10527,기상이변|물류충격|수입관세|수출규제|압착|재고,하방 우세,17,43,Import Volume|Export Volume|Harvested Area|Canola Oil|Source Document
21.09_Vietnam_Oilseeds and Products Update.pdf,data/raw/USDA/FAS/GAIN/Oilseeds/2021/09/21.09_Vietnam_Oilseeds and Products Update.pdf,data/raw/USDA/FAS/GAIN/Oilseeds/2021/09/Summary/21.09_Vietnam_Oilseeds and Products Update.md,True,28,51175,물류충격|생산변동|수입관세|압착|재고,상방 우세,42,26,Import Volume|Export Volume|Harvested Area|Crushing Volume|Soybean|Soybean Oil|Crude Soybean Oil|Crude Palm Oil|Canola Oil|Source Document
21.10_Brazil_Oilseeds and Products Update.pdf,data/raw/USDA/FAS/GAIN/Oilseeds/2021/10/21.10_Brazil_Oilseeds and Products Update.pdf,data/raw/USDA/FAS/GAIN/Oilseeds/2021/10/Summary/21.10_Brazil_Oilseeds and Products Update.md,True,16,23581,기상이변|물류충격|바이오연료수요|생산변동|압착|재고,상방 우세,26,16,Inflation|Import Volume|Export Volume|Soil Moisture Percentile|Harvested Area|Production Volume|Crushing Volume|Soybean|Soybean Oil|Trade War|Source Document
21.10_Burma_Rising Food Prices due to Exchange Rate and Other Challenges.pdf,data/raw/USDA/FAS/GAIN/Oilseeds/2021/10/21.10_Burma_Rising Food Prices due to Exchange Rate and Other Challenges.pdf,data/raw/USDA/FAS/GAIN/Oilseeds/2021/10/Summary/21.10_Burma_Rising Food Prices due to Exchange Rate and Other Challenges.md,True,6,15009,,상방 우세,29,8,Import Volume|Export Volume|Production Volume|Crude Palm Oil|Source Document
21.10_China_GACC Issues Explanatory Letter on Decree 248.pdf,data/raw/USDA/FAS/GAIN/Oilseeds/2021/10/21.10_China_GACC Issues Explanatory Letter on Decree 248.pdf,data/raw/USDA/FAS/GAIN/Oilseeds/2021/10/Summary/21.10_China_GACC Issues Explanatory Letter on Decree 248.md,True,5,9884,,상방 우세,5,0,Source Document
21.10_China_Notes from Information Sessions on GACC Decrees 248 and 249.pdf,data/raw/USDA/FAS/GAIN/Oilseeds/2021/10/21.10_China_Notes from Information Sessions on GACC Decrees 248 and 249.pdf,data/raw/USDA/FAS/GAIN/Oilseeds/2021/10/Summary/21.10_China_Notes from Information Sessions on GACC Decrees 248 and 249.md,True,4,7573,,중립/혼재,0,0,Source Document
21.10_India_Monsoon Ends with Record Rains in September.pdf,data/raw/USDA/FAS/GAIN/Oilseeds/2021/10/21.10_India_Monsoon Ends with Record Rains in September.pdf,data/raw/USDA/FAS/GAIN/Oilseeds/2021/10/Summary/21.10_India_Monsoon Ends with Record Rains in September.md,True,13,9259,,하방 우세,5,26,Flood|Planted Area|Source Document
21.10_Japan_CAA Invites Public Comment on Proposed Revisions to Food Labeling Standards.pdf,data/raw/USDA/FAS/GAIN/Oilseeds/2021/10/21.10_Japan_CAA Invites Public Comment on Proposed Revisions to Food Labeling Standards.pdf,data/raw/USDA/FAS/GAIN/Oilseeds/2021/10/Summary/21.10_Japan_CAA Invites Public Comment on Proposed Revisions to Food Labeling Standards.md,True,3,4282,,중립/혼재,0,0,Soybean|Source Document
21.10_Mexico_Announces Temporary Tariff Rate Quota for Soybeans.pdf,data/raw/USDA/FAS/GAIN/Oilseeds/2021/10/21.10_Mexico_Announces Temporary Tariff Rate Quota for Soybeans.pdf,data/raw/USDA/FAS/GAIN/Oilseeds/2021/10/Summary/21.10_Mexico_Announces Temporary Tariff Rate Quota for Soybeans.md,True,3,5861,수입관세|수출규제,상방 우세,3,0,Import Volume|Soil Moisture Percentile|Soybean|Import Tariff|Source Document
21.11_Bulgaria_Oilseeds and Products Market Update.pdf,data/raw/USDA/FAS/GAIN/Oilseeds/2021/11/21.11_Bulgaria_Oilseeds and Products Market Update.pdf,data/raw/USDA/FAS/GAIN/Oilseeds/2021/11/Summary/21.11_Bulgaria_Oilseeds and Products Market Update.md,True,6,9444,기상이변|바이오연료수요|압착|재고,하방 우세,16,37,Import Volume|Export Volume|Soil Moisture Percentile|Harvested Area|Soybean|Canola Oil|Source Document
21.11_China_Decree 248 Foreign Facilities Self-Registration Website Launched.pdf,data/raw/USDA/FAS/GAIN/Oilseeds/2021/11/21.11_China_Decree 248 Foreign Facilities Self-Registration Website Launched.pdf,data/raw/USDA/FAS/GAIN/Oilseeds/2021/11/Summary/21.11_China_Decree 248 Foreign Facilities Self-Registration Website Launched.md,True,3,5431,,중립/혼재,0,0,Vegetable Oil|Source Document
21.11_China_Decree 248 Unofficial Self-Registration Guide for Overseas Food Facilities.pdf,data/raw/USDA/FAS/GAIN/Oilseeds/2021/11/21.11_China_Decree 248 Unofficial Self-Registration Guide for Overseas Food Facilities.pdf,data/raw/USDA/FAS/GAIN/Oilseeds/2021/11/Summary/21.11_China_Decree 248 Unofficial Self-Registration Guide for Overseas Food Facilities.md,True,17,6996,,상방 우세,3,0,Export Volume|Vegetable Oil|Source Document
21.11_China_GACC Issues Interpretation of Decree 248.pdf,data/raw/USDA/FAS/GAIN/Oilseeds/2021/11/21.11_China_GACC Issues Interpretation of Decree 248.pdf,data/raw/USDA/FAS/GAIN/Oilseeds/2021/11/Summary/21.11_China_GACC Issues Interpretation of Decree 248.md,True,32,70626,,상방 우세,14,2,Import Volume|Export Volume|Vegetable Oil|Source Document|Confidence Score
21.11_China_Informing Industry and Supporting Trade Facilitation as China Implements Decrees 248 and 249.pdf,data/raw/USDA/FAS/GAIN/Oilseeds/2021/11/21.11_China_Informing Industry and Supporting Trade Facilitation as China Implements Decrees 248 and 249.pdf,data/raw/USDA/FAS/GAIN/Oilseeds/2021/11/Summary/21.11_China_Informing Industry and Supporting Trade Facilitation as China Implements Decrees 248 and 249.md,True,4,8397,,중립/혼재,0,0,Effective Date|Source Document
21.11_China_Oilseeds and Products Update.pdf,data/raw/USDA/FAS/GAIN/Oilseeds/2021/11/21.11_China_Oilseeds and Products Update.pdf,data/raw/USDA/FAS/GAIN/Oilseeds/2021/11/Summary/21.11_China_Oilseeds and Products Update.md,True,17,28779,기상이변|생산변동|압착|재고,상방 우세,41,31,Import Volume|Export Volume|Harvested Area|Crushing Volume|Soybean|Soybean Oil|Crude Palm Oil|Canola Oil|Source Document
21.11_Costa Rica_Hurricane Ida Disruption to Corn and Soybean Supplies Drives Significant Losses.pdf,data/raw/USDA/FAS/GAIN/Oilseeds/2021/11/21.11_Costa Rica_Hurricane Ida Disruption to Corn and Soybean Supplies Drives Significant Losses.pdf,data/raw/USDA/FAS/GAIN/Oilseeds/2021/11/Summary/21.11_Costa Rica_Hurricane Ida Disruption to Corn and Soybean Supplies Drives Significant Losses.md,True,2,3794,물류충격|압착,중립/혼재,2,2,Import Volume|Soybean|Neutral Regime|Source Document
21.11_EU_Commission Proposes Rules to Curb Deforestation Linked to Agricultural Production.pdf,data/raw/USDA/FAS/GAIN/Oilseeds/2021/11/21.11_EU_Commission Proposes Rules to Curb Deforestation Linked to Agricultural Production.pdf,data/raw/USDA/FAS/GAIN/Oilseeds/2021/11/Summary/21.11_EU_Commission Proposes Rules to Curb Deforestation Linked to Agricultural Production.md,True,9,16095,,상방 우세,5,0,Export Volume|Crude Palm Oil|Source Document|Bounding Box
21.11_India_FSSAI Notifies Amendments to the Food Safety and Standards - Labeling and Display - Regulations 2020.pdf,data/raw/USDA/FAS/GAIN/Oilseeds/2021/11/21.11_India_FSSAI Notifies Amendments to the Food Safety and Standards - Labeling and Display - Regulations 2020.pdf,data/raw/USDA/FAS/GAIN/Oilseeds/2021/11/Summary/21.11_India_FSSAI Notifies Amendments to the Food Safety and Standards - Labeling and Display - Regulations 2020.md,True,5,3614,,하방 우세,0,1,Export Volume|Source Document
21.11_Indonesia_Oilseeds and Products Update.pdf,data/raw/USDA/FAS/GAIN/Oilseeds/2021/11/21.11_Indonesia_Oilseeds and Products Update.pdf,data/raw/USDA/FAS/GAIN/Oilseeds/2021/11/Summary/21.11_Indonesia_Oilseeds and Products Update.md,True,9,12300,기상이변|바이오연료수요|수출규제|압착|재고,상방 우세,34,6,Gross Domestic Product|Import Volume|Export Volume|La Niña|Harvested Area|Crude Palm Oil|Source Document
21.11_Japan_Proposes New JAS Standards for Textured Soy Protein Products.pdf,data/raw/USDA/FAS/GAIN/Oilseeds/2021/11/21.11_Japan_Proposes New JAS Standards for Textured Soy Protein Products.pdf,data/raw/USDA/FAS/GAIN/Oilseeds/2021/11/Summary/21.11_Japan_Proposes New JAS Standards for Textured Soy Protein Products.md,True,3,4340,,중립/혼재,0,0,Soybean|Source Document
21.11_Vietnam_Eliminates and Reduces MFN Tariff Rates on Select Agricultural Products.pdf,data/raw/USDA/FAS/GAIN/Oilseeds/2021/11/21.11_Vietnam_Eliminates and Reduces MFN Tariff Rates on Select Agricultural Products.pdf,data/raw/USDA/FAS/GAIN/Oilseeds/2021/11/Summary/21.11_Vietnam_Eliminates and Reduces MFN Tariff Rates on Select Agricultural Products.md,True,3,3211,수입관세,하방 우세,0,4,Source Document
21.12_China_Decree 248 - FDA Constituent Update.pdf,data/raw/USDA/FAS/GAIN/Oilseeds/2021/12/21.12_China_Decree 248 - FDA Constituent Update.pdf,data/raw/USDA/FAS/GAIN/Oilseeds/2021/12/Summary/21.12_China_Decree 248 - FDA Constituent Update.md,True,2,3995,,중립/혼재,0,0,Export Volume|Source Document
21.12_China_Decree 248 HS Codes Published in GACC Single Window.pdf,data/raw/USDA/FAS/GAIN/Oilseeds/2021/12/21.12_China_Decree 248 HS Codes Published in GACC Single Window.pdf,data/raw/USDA/FAS/GAIN/Oilseeds/2021/12/Summary/21.12_China_Decree 248 HS Codes Published in GACC Single Window.md,True,3,7095,,중립/혼재,0,0,Source Document
21.12_China_Decree 248 Information Update.pdf,data/raw/USDA/FAS/GAIN/Oilseeds/2021/12/21.12_China_Decree 248 Information Update.pdf,data/raw/USDA/FAS/GAIN/Oilseeds/2021/12/Summary/21.12_China_Decree 248 Information Update.md,True,2,3669,,중립/혼재,0,0,Source Document
21.12_China_Decree 248 Single Window Operation Manuals and Tutorial.pdf,data/raw/USDA/FAS/GAIN/Oilseeds/2021/12/21.12_China_Decree 248 Single Window Operation Manuals and Tutorial.pdf,data/raw/USDA/FAS/GAIN/Oilseeds/2021/12/Summary/21.12_China_Decree 248 Single Window Operation Manuals and Tutorial.md,True,4,9606,,상방 우세,4,1,Import Volume|Effective Date|Source Document
21.12_China_Decree 248 Single Window Searchable Database and Jan 1 Shipment Information.pdf,data/raw/USDA/FAS/GAIN/Oilseeds/2021/12/21.12_China_Decree 248 Single Window Searchable Database and Jan 1 Shipment Information.pdf,data/raw/USDA/FAS/GAIN/Oilseeds/2021/12/Summary/21.12_China_Decree 248 Single Window Searchable Database and Jan 1 Shipment Information.md,True,4,9797,,상방 우세,19,1,Effective Date|Source Document
21.12_China_Decree 248 Single Window User Manual and Training.pdf,data/raw/USDA/FAS/GAIN/Oilseeds/2021/12/21.12_China_Decree 248 Single Window User Manual and Training.pdf,data/raw/USDA/FAS/GAIN/Oilseeds/2021/12/Summary/21.12_China_Decree 248 Single Window User Manual and Training.md,True,3,7239,,상방 우세,4,0,Source Document
21.12_China_GE Corn and GE Soybean Varietal Registration Standards Open for Comment.pdf,data/raw/USDA/FAS/GAIN/Oilseeds/2021/12/21.12_China_GE Corn and GE Soybean Varietal Registration Standards Open for Comment.pdf,data/raw/USDA/FAS/GAIN/Oilseeds/2021/12/Summary/21.12_China_GE Corn and GE Soybean Varietal Registration Standards Open for Comment.md,True,4,6381,,상방 우세,2,1,Source Document
21.12_China_GE Crop Herbicide Use Rules for Registration Comments Invited.pdf,data/raw/USDA/FAS/GAIN/Oilseeds/2021/12/21.12_China_GE Crop Herbicide Use Rules for Registration Comments Invited.pdf,data/raw/USDA/FAS/GAIN/Oilseeds/2021/12/Summary/21.12_China_GE Crop Herbicide Use Rules for Registration Comments Invited.md,True,5,7341,,중립/혼재,0,0,Production Volume|Soybean|Source Document
21.12_EU_Sustainable Marine and Aviation Fuels in Northern Europe.pdf,data/raw/USDA/FAS/GAIN/Oilseeds/2021/12/21.12_EU_Sustainable Marine and Aviation Fuels in Northern Europe.pdf,data/raw/USDA/FAS/GAIN/Oilseeds/2021/12/Summary/21.12_EU_Sustainable Marine and Aviation Fuels in Northern Europe.md,True,7,17240,,중립/혼재,2,2,Gross Domestic Product|Production Volume|Source Document
21.12_India_Government Imposes Stock Limits on Domestic Soybean Meal.pdf,data/raw/USDA/FAS/GAIN/Oilseeds/2021/12/21.12_India_Government Imposes Stock Limits on Domestic Soybean Meal.pdf,data/raw/USDA/FAS/GAIN/Oilseeds/2021/12/Summary/21.12_India_Government Imposes Stock Limits on Domestic Soybean Meal.md,True,3,4785,압착,상방 우세,2,1,Soybean|Source Document
21.12_India_Oilseeds and Products Update.pdf,data/raw/USDA/FAS/GAIN/Oilseeds/2021/12/21.12_India_Oilseeds and Products Update.pdf,data/raw/USDA/FAS/GAIN/Oilseeds/2021/12/Summary/21.12_India_Oilseeds and Products Update.md,True,11,23575,생산변동|수입관세|압착|재고,중립/혼재,13,15,Import Volume|Export Volume|Planted Area|Harvested Area|Soybean|Soybean Oil|Vegetable Oil|Crude Palm Oil|Canola Oil|Sunflower Oil|Import Tariff|Source Document
21.12_Kenya_Government of Kenya Exempts Duties for Conventional Animal Feed Ingredients.pdf,data/raw/USDA/FAS/GAIN/Oilseeds/2021/12/21.12_Kenya_Government of Kenya Exempts Duties for Conventional Animal Feed Ingredients.pdf,data/raw/USDA/FAS/GAIN/Oilseeds/2021/12/Summary/21.12_Kenya_Government of Kenya Exempts Duties for Conventional Animal Feed Ingredients.md,True,5,4691,기상이변|수입관세,중립/혼재,7,7,Import Volume|Soybean|Source Document
21.12_Malaysia_Oilseeds and Products Update.pdf,data/raw/USDA/FAS/GAIN/Oilseeds/2021/12/21.12_Malaysia_Oilseeds and Products Update.pdf,data/raw/USDA/FAS/GAIN/Oilseeds/2021/12/Summary/21.12_Malaysia_Oilseeds and Products Update.md,True,4,5278,바이오연료수요|생산변동|재고,하방 우세,2,5,Import Volume|Export Volume|Harvested Area|Crude Palm Oil|Source Document
21.12_Vietnam_Updates List of Imported Products under MARD Specialized Inspection.pdf,data/raw/USDA/FAS/GAIN/Oilseeds/2021/12/21.12_Vietnam_Updates List of Imported Products under MARD Specialized Inspection.pdf,data/raw/USDA/FAS/GAIN/Oilseeds/2021/12/Summary/21.12_Vietnam_Updates List of Imported Products under MARD Specialized Inspection.md,True,4,6558,,하방 우세,0,2,Source Document
22.01_Argentina_Oilseeds and Products Update.pdf,data/raw/USDA/FAS/GAIN/Oilseeds/2022/01/22.01_Argentina_Oilseeds and Products Update.pdf,data/raw/USDA/FAS/GAIN/Oilseeds/2022/01/Summary/22.01_Argentina_Oilseeds and Products Update.md,True,10,16885,기상이변|생산변동|수출규제|압착|재고,하방 우세,8,27,Import Volume|Export Volume|Soil Moisture Percentile|Harvested Area|Soybean|Source Document
22.01_Brazil_Oilseeds and Products Update.pdf,data/raw/USDA/FAS/GAIN/Oilseeds/2022/01/22.01_Brazil_Oilseeds and Products Update.pdf,data/raw/USDA/FAS/GAIN/Oilseeds/2022/01/Summary/22.01_Brazil_Oilseeds and Products Update.md,True,16,27347,기상이변|바이오연료수요|수입관세|압착|재고,중립/혼재,25,28,Inflation|Import Volume|Export Volume|La Niña|Harvested Area|Production Volume|Crushing Volume|Soybean|Soybean Oil|Hold Recommendation|Source Document
22.01_India_Excess Rains Support Higher Rabi Planting Area.pdf,data/raw/USDA/FAS/GAIN/Oilseeds/2022/01/22.01_India_Excess Rains Support Higher Rabi Planting Area.pdf,data/raw/USDA/FAS/GAIN/Oilseeds/2022/01/Summary/22.01_India_Excess Rains Support Higher Rabi Planting Area.md,True,14,11177,,하방 우세,10,32,Planted Area|Source Document
22.01_Indonesia_Oilseeds and Products Update.pdf,data/raw/USDA/FAS/GAIN/Oilseeds/2022/01/22.01_Indonesia_Oilseeds and Products Update.pdf,data/raw/USDA/FAS/GAIN/Oilseeds/2022/01/Summary/22.01_Indonesia_Oilseeds and Products Update.md,True,8,12275,바이오연료수요|압착|재고,상방 우세,10,7,Import Volume|Export Volume|Harvested Area|Crude Palm Oil|Source Document
22.01_Japan_Proposes a New JAS Standard for Miso.pdf,data/raw/USDA/FAS/GAIN/Oilseeds/2022/01/22.01_Japan_Proposes a New JAS Standard for Miso.pdf,data/raw/USDA/FAS/GAIN/Oilseeds/2022/01/Summary/22.01_Japan_Proposes a New JAS Standard for Miso.md,True,3,2825,바이오연료수요,중립/혼재,0,0,Soybean|Source Document
22.02_Argentina_Oilseeds and Products Update.pdf,data/raw/USDA/FAS/GAIN/Oilseeds/2022/02/22.02_Argentina_Oilseeds and Products Update.pdf,data/raw/USDA/FAS/GAIN/Oilseeds/2022/02/Summary/22.02_Argentina_Oilseeds and Products Update.md,True,9,16286,기상이변|물류충격|수출규제|압착|재고,하방 우세,18,25,Import Volume|Export Volume|Soil Moisture Percentile|Harvested Area|Soybean|Soybean Oil|Vegetable Oil|Hold Recommendation|Source Document
22.02_Brazil_Oilseeds and Products Update.pdf,data/raw/USDA/FAS/GAIN/Oilseeds/2022/02/22.02_Brazil_Oilseeds and Products Update.pdf,data/raw/USDA/FAS/GAIN/Oilseeds/2022/02/Summary/22.02_Brazil_Oilseeds and Products Update.md,True,10,13194,기상이변|압착|재고,하방 우세,7,19,Import Volume|Export Volume|Harvested Area|Harvest Delay|Soybean|Soybean Oil|Source Document
22.02_Bulgaria_Oilseeds and Products Market Update.pdf,data/raw/USDA/FAS/GAIN/Oilseeds/2022/02/22.02_Bulgaria_Oilseeds and Products Market Update.pdf,data/raw/USDA/FAS/GAIN/Oilseeds/2022/02/Summary/22.02_Bulgaria_Oilseeds and Products Market Update.md,True,10,13754,물류충격|바이오연료수요|생산변동|압착|재고,하방 우세,23,44,Import Volume|Export Volume|Soil Moisture Percentile|Harvested Area|Soybean|Canola Oil|Source Document
22.02_China_GACC Updates Decree 248 Product List.pdf,data/raw/USDA/FAS/GAIN/Oilseeds/2022/02/22.02_China_GACC Updates Decree 248 Product List.pdf,data/raw/USDA/FAS/GAIN/Oilseeds/2022/02/Summary/22.02_China_GACC Updates Decree 248 Product List.md,True,3,5792,,중립/혼재,0,0,Source Document
22.02_Pakistan_Oilseeds and Products Update.pdf,data/raw/USDA/FAS/GAIN/Oilseeds/2022/02/22.02_Pakistan_Oilseeds and Products Update.pdf,data/raw/USDA/FAS/GAIN/Oilseeds/2022/02/Summary/22.02_Pakistan_Oilseeds and Products Update.md,True,10,10653,압착|재고,상방 우세,7,3,Inflation|Import Volume|Export Volume|Harvested Area|Soybean|Soybean Oil|Crude Palm Oil|Source Document
22.02_Turkey_Ministry of Agriculture Authorized to Implement Export Restrictions.pdf,data/raw/USDA/FAS/GAIN/Oilseeds/2022/02/22.02_Turkey_Ministry of Agriculture Authorized to Implement Export Restrictions.pdf,data/raw/USDA/FAS/GAIN/Oilseeds/2022/02/Summary/22.02_Turkey_Ministry of Agriculture Authorized to Implement Export Restrictions.md,True,4,4235,수출규제,하방 우세,2,3,Inflation|Export Volume|Source Document
22.03_Bangladesh_Oilseeds and Products Annual.pdf,data/raw/USDA/FAS/GAIN/Oilseeds/2022/03/22.03_Bangladesh_Oilseeds and Products Annual.pdf,data/raw/USDA/FAS/GAIN/Oilseeds/2022/03/Summary/22.03_Bangladesh_Oilseeds and Products Annual.md,True,22,31285,바이오연료수요|생산변동|수입관세|압착|재고,상방 우세,26,14,Import Volume|Export Volume|Harvested Area|Production Volume|Soybean|Vegetable Oil|Crude Palm Oil|Canola Oil|Geopolitical Conflict|Source Document
22.03_Brazil_Agriculture Seeks Remedies for Potential Fertilizer Disruptions.pdf,data/raw/USDA/FAS/GAIN/Oilseeds/2022/03/22.03_Brazil_Agriculture Seeks Remedies for Potential Fertilizer Disruptions.pdf,data/raw/USDA/FAS/GAIN/Oilseeds/2022/03/Summary/22.03_Brazil_Agriculture Seeks Remedies for Potential Fertilizer Disruptions.md,True,6,12052,,중립/혼재,5,5,Import Volume|Export Volume|Production Volume|Soybean|Neutral Regime|Geopolitical Conflict|Source Document
22.03_China_Oilseeds and Products Annual.pdf,data/raw/USDA/FAS/GAIN/Oilseeds/2022/03/22.03_China_Oilseeds and Products Annual.pdf,data/raw/USDA/FAS/GAIN/Oilseeds/2022/03/Summary/22.03_China_Oilseeds and Products Annual.md,True,47,47841,물류충격|바이오연료수요|생산변동|수입관세|압착|재고,중립/혼재,58,52,Gross Domestic Product|Import Volume|Export Volume|Harvested Area|Production Volume|Crushing Volume|Soybean|Soybean Oil|Crude Palm Oil|Canola Oil|Geopolitical Conflict|Trade War
22.03_China_PRC Emphasizing Grain and Food Security in 2022.pdf,data/raw/USDA/FAS/GAIN/Oilseeds/2022/03/22.03_China_PRC Emphasizing Grain and Food Security in 2022.pdf,data/raw/USDA/FAS/GAIN/Oilseeds/2022/03/Summary/22.03_China_PRC Emphasizing Grain and Food Security in 2022.md,True,4,8767,기상이변,상방 우세,7,3,Export Volume|Production Volume|Soybean|Source Document
22.03_India_Oilseeds and Products Update.pdf,data/raw/USDA/FAS/GAIN/Oilseeds/2022/03/22.03_India_Oilseeds and Products Update.pdf,data/raw/USDA/FAS/GAIN/Oilseeds/2022/03/Summary/22.03_India_Oilseeds and Products Update.md,True,8,14556,바이오연료수요|생산변동|수입관세|압착|재고,중립/혼재,9,8,Import Volume|Export Volume|Harvested Area|Production Volume|Soybean|Vegetable Oil|Crude Palm Oil|Canola Oil|Bull Regime|Source Document
22.03_India_Russian Invasion of Ukraine - Agricultural Trade Impact on India.pdf,data/raw/USDA/FAS/GAIN/Oilseeds/2022/03/22.03_India_Russian Invasion of Ukraine - Agricultural Trade Impact on India.pdf,data/raw/USDA/FAS/GAIN/Oilseeds/2022/03/Summary/22.03_India_Russian Invasion of Ukraine - Agricultural Trade Impact on India.md,True,5,12957,기상이변|물류충격|수출규제|압착|재고,하방 우세,6,39,Import Volume|Export Volume|Crude Palm Oil|Bull Regime|Geopolitical Conflict|Source Document|Entity Mention
22.03_Indonesia_Oilseeds and Products Annual.pdf,data/raw/USDA/FAS/GAIN/Oilseeds/2022/03/22.03_Indonesia_Oilseeds and Products Annual.pdf,data/raw/USDA/FAS/GAIN/Oilseeds/2022/03/Summary/22.03_Indonesia_Oilseeds and Products Annual.md,True,23,30222,물류충격|바이오연료수요|수출규제|압착|재고,상방 우세,52,8,Import Volume|Export Volume|Harvested Area|Production Volume|Soybean|Soybean Oil|Crude Palm Oil|Source Document
22.03_Pakistan_Oilseeds and Products Annual.pdf,data/raw/USDA/FAS/GAIN/Oilseeds/2022/03/22.03_Pakistan_Oilseeds and Products Annual.pdf,data/raw/USDA/FAS/GAIN/Oilseeds/2022/03/Summary/22.03_Pakistan_Oilseeds and Products Annual.md,True,26,22256,물류충격|압착|재고,상방 우세,20,13,Import Volume|Export Volume|Harvested Area|Production Volume|Soybean|Vegetable Oil|Crude Palm Oil|Canola Oil|Source Document
22.03_Peru_Oilseeds and Products Annual.pdf,data/raw/USDA/FAS/GAIN/Oilseeds/2022/03/22.03_Peru_Oilseeds and Products Annual.pdf,data/raw/USDA/FAS/GAIN/Oilseeds/2022/03/Summary/22.03_Peru_Oilseeds and Products Annual.md,True,6,8701,기상이변|재고,상방 우세,4,1,Import Volume|Export Volume|La Niña|Production Volume|Source Document
22.03_Serbia_Bans Export of Refined Sunflower Edible Oil.pdf,data/raw/USDA/FAS/GAIN/Oilseeds/2022/03/22.03_Serbia_Bans Export of Refined Sunflower Edible Oil.pdf,data/raw/USDA/FAS/GAIN/Oilseeds/2022/03/Summary/22.03_Serbia_Bans Export of Refined Sunflower Edible Oil.md,True,3,2190,수출규제,하방 우세,0,7,Export Volume|Source Document
22.03_Tunisia_Oilseeds and Products Annual.pdf,data/raw/USDA/FAS/GAIN/Oilseeds/2022/03/22.03_Tunisia_Oilseeds and Products Annual.pdf,data/raw/USDA/FAS/GAIN/Oilseeds/2022/03/Summary/22.03_Tunisia_Oilseeds and Products Annual.md,True,9,14537,기상이변|압착|재고,상방 우세,17,12,Inflation|Import Volume|Export Volume|Harvested Area|Crushing Volume|Soybean|Vegetable Oil|Crude Palm Oil|Canola Oil|Import Tariff|Source Document
22.03_Turkey_Government Intervenes to Stabilize Cooking Oil Market.pdf,data/raw/USDA/FAS/GAIN/Oilseeds/2022/03/22.03_Turkey_Government Intervenes to Stabilize Cooking Oil Market.pdf,data/raw/USDA/FAS/GAIN/Oilseeds/2022/03/Summary/22.03_Turkey_Government Intervenes to Stabilize Cooking Oil Market.md,True,5,8189,물류충격|수입관세,하방 우세,7,20,Import Volume|Export Volume|Crude Palm Oil|Geopolitical Conflict|Source Document
22.03_Turkey_Imposes Temporary Ban on Certain Agricultural Exports.pdf,data/raw/USDA/FAS/GAIN/Oilseeds/2022/03/22.03_Turkey_Imposes Temporary Ban on Certain Agricultural Exports.pdf,data/raw/USDA/FAS/GAIN/Oilseeds/2022/03/Summary/22.03_Turkey_Imposes Temporary Ban on Certain Agricultural Exports.md,True,4,6206,수입관세|수출규제,하방 우세,1,7,Export Volume|Soybean Oil|Neutral Regime|Geopolitical Conflict|Source Document
22.03_Turkey_Oilseeds and Products Annual.pdf,data/raw/USDA/FAS/GAIN/Oilseeds/2022/03/22.03_Turkey_Oilseeds and Products Annual.pdf,data/raw/USDA/FAS/GAIN/Oilseeds/2022/03/Summary/22.03_Turkey_Oilseeds and Products Annual.md,True,18,38890,물류충격|바이오연료수요|생산변동|수입관세|수출규제|압착|재고,하방 우세,73,110,Import Volume|Export Volume|Harvested Area|Soybean|Import Tariff|Source Document
22.04_Argentina_Oilseeds and Products Annual.pdf,data/raw/USDA/FAS/GAIN/Oilseeds/2022/04/22.04_Argentina_Oilseeds and Products Annual.pdf,data/raw/USDA/FAS/GAIN/Oilseeds/2022/04/Summary/22.04_Argentina_Oilseeds and Products Annual.md,True,19,36611,기상이변|물류충격|바이오연료수요|수출규제|압착|재고,하방 우세,46,60,Inflation|Import Volume|Export Volume|Harvested Area|Crushing Volume|Soybean|Soybean Oil|Vegetable Oil|Crude Palm Oil|Neutral Regime|Freight Rate|Source Document
22.04_Australia_Oilseeds and Products Annual.pdf,data/raw/USDA/FAS/GAIN/Oilseeds/2022/04/22.04_Australia_Oilseeds and Products Annual.pdf,data/raw/USDA/FAS/GAIN/Oilseeds/2022/04/Summary/22.04_Australia_Oilseeds and Products Annual.md,True,31,50241,기상이변|물류충격|바이오연료수요|압착|재고,중립/혼재,73,65,Import Volume|Export Volume|Soil Moisture Percentile|Harvested Area|Production Volume|Crude Palm Oil|Neutral Regime|Source Document
22.04_Brazil_Oilseeds and Products Annual.pdf,data/raw/USDA/FAS/GAIN/Oilseeds/2022/04/22.04_Brazil_Oilseeds and Products Annual.pdf,data/raw/USDA/FAS/GAIN/Oilseeds/2022/04/Summary/22.04_Brazil_Oilseeds and Products Annual.md,True,38,56951,기상이변|물류충격|바이오연료수요|생산변동|압착|재고,상방 우세,60,40,Import Volume|Export Volume|Harvested Area|Crushing Volume|Soybean|Soybean Oil|Geopolitical Conflict|Freight Rate|Source Document
22.04_Canada_Oilseeds and Products Annual.pdf,data/raw/USDA/FAS/GAIN/Oilseeds/2022/04/22.04_Canada_Oilseeds and Products Annual.pdf,data/raw/USDA/FAS/GAIN/Oilseeds/2022/04/Summary/22.04_Canada_Oilseeds and Products Annual.md,True,28,43316,기상이변|물류충격|바이오연료수요|생산변동|수출규제|압착|재고,하방 우세,46,62,Import Volume|Export Volume|Soil Moisture Percentile|Harvested Area|Stock-to-Use Ratio|Soybean|Neutral Regime|Subsidy|Source Document
22.04_EU_Oilseeds and Products Annual.pdf,data/raw/USDA/FAS/GAIN/Oilseeds/2022/04/22.04_EU_Oilseeds and Products Annual.pdf,data/raw/USDA/FAS/GAIN/Oilseeds/2022/04/Summary/22.04_EU_Oilseeds and Products Annual.md,True,58,46337,기상이변|물류충격|바이오연료수요|수출규제|압착|재고,중립/혼재,63,81,Import Volume|Export Volume|Harvested Area|Crushing Volume|Soybean|Crude Palm Oil|Canola Oil|Neutral Regime|Geopolitical Conflict|Source Document
22.04_Egypt_Oilseeds and Products Annual.pdf,data/raw/USDA/FAS/GAIN/Oilseeds/2022/04/22.04_Egypt_Oilseeds and Products Annual.pdf,data/raw/USDA/FAS/GAIN/Oilseeds/2022/04/Summary/22.04_Egypt_Oilseeds and Products Annual.md,True,14,27345,바이오연료수요|수입관세|압착|재고,중립/혼재,42,48,Import Volume|Export Volume|Harvested Area|Crushing Volume|Soybean|Soybean Oil|Vegetable Oil|Crude Palm Oil|Sunflower Oil|Geopolitical Conflict|Source Document
22.04_Ethiopia_The Government Lifts Foreign Exchange Permit Requirements for Food Commodity Imports through Franco-Valuta.pdf,data/raw/USDA/FAS/GAIN/Oilseeds/2022/04/22.04_Ethiopia_The Government Lifts Foreign Exchange Permit Requirements for Food Commodity Imports through Franco-Valuta.pdf,data/raw/USDA/FAS/GAIN/Oilseeds/2022/04/Summary/22.04_Ethiopia_The Government Lifts Foreign Exchange Permit Requirements for Food Commodity Imports through Franco-Valuta.md,True,2,3122,,상방 우세,2,0,Import Volume|Vegetable Oil|Source Document
22.04_India_Oilseeds and Products Annual.pdf,data/raw/USDA/FAS/GAIN/Oilseeds/2022/04/22.04_India_Oilseeds and Products Annual.pdf,data/raw/USDA/FAS/GAIN/Oilseeds/2022/04/Summary/22.04_India_Oilseeds and Products Annual.md,True,22,44129,기상이변|물류충격|수입관세|수출규제|압착|재고,중립/혼재,47,43,Import Volume|Export Volume|Soil Moisture Percentile|Harvested Area|Production Volume|Crushing Volume|Soybean|Vegetable Oil|Crude Palm Oil|Canola Oil|Geopolitical Conflict|Import Tariff
22.04_Japan_Oilseeds and Products Annual.pdf,data/raw/USDA/FAS/GAIN/Oilseeds/2022/04/22.04_Japan_Oilseeds and Products Annual.pdf,data/raw/USDA/FAS/GAIN/Oilseeds/2022/04/Summary/22.04_Japan_Oilseeds and Products Annual.md,True,27,53133,물류충격|바이오연료수요|생산변동|수입관세|압착|재고,중립/혼재,51,53,Import Volume|Export Volume|Harvested Area|Crushing Volume|Soybean|Soybean Oil|Crude Palm Oil|Canola Oil|Freight Rate|Source Document
22.04_Nicaragua_Oilseeds and Products Annual.pdf,data/raw/USDA/FAS/GAIN/Oilseeds/2022/04/22.04_Nicaragua_Oilseeds and Products Annual.pdf,data/raw/USDA/FAS/GAIN/Oilseeds/2022/04/Summary/22.04_Nicaragua_Oilseeds and Products Annual.md,True,5,9233,기상이변|압착|재고,상방 우세,9,3,Gross Domestic Product|Import Volume|Export Volume|Harvested Area|Production Volume|Political Instability|Source Document
22.04_Paraguay_Oilseeds and Products Annual.pdf,data/raw/USDA/FAS/GAIN/Oilseeds/2022/04/22.04_Paraguay_Oilseeds and Products Annual.pdf,data/raw/USDA/FAS/GAIN/Oilseeds/2022/04/Summary/22.04_Paraguay_Oilseeds and Products Annual.md,True,10,19011,기상이변|물류충격|바이오연료수요|압착|재고,하방 우세,12,18,Import Volume|Export Volume|La Niña|Harvested Area|Soybean|Soybean Oil|Source Document
22.04_Philippines_Oilseeds and Products Annual.pdf,data/raw/USDA/FAS/GAIN/Oilseeds/2022/04/22.04_Philippines_Oilseeds and Products Annual.pdf,data/raw/USDA/FAS/GAIN/Oilseeds/2022/04/Summary/22.04_Philippines_Oilseeds and Products Annual.md,True,19,26826,바이오연료수요|압착|재고,하방 우세,12,21,Import Volume|Export Volume|Harvested Area|Production Volume|Stock-to-Use Ratio|Soybean|Crude Palm Oil|Source Document
22.04_South Africa_Oilseeds and Products Annual.pdf,data/raw/USDA/FAS/GAIN/Oilseeds/2022/04/22.04_South Africa_Oilseeds and Products Annual.pdf,data/raw/USDA/FAS/GAIN/Oilseeds/2022/04/Summary/22.04_South Africa_Oilseeds and Products Annual.md,True,20,31965,기상이변|수입관세|압착|재고,하방 우세,44,101,Gross Domestic Product|Import Volume|Export Volume|Soil Moisture Percentile|Harvested Area|Soybean|Vegetable Oil|Crude Palm Oil|Neutral Regime|Geopolitical Conflict|Source Document
22.04_Taiwan_Oilseeds and Products Annual.pdf,data/raw/USDA/FAS/GAIN/Oilseeds/2022/04/22.04_Taiwan_Oilseeds and Products Annual.pdf,data/raw/USDA/FAS/GAIN/Oilseeds/2022/04/Summary/22.04_Taiwan_Oilseeds and Products Annual.md,True,23,30712,물류충격|바이오연료수요|생산변동|수입관세|압착|재고,중립/혼재,33,28,Import Volume|Export Volume|Harvested Area|Crushing Volume|Crushing Rate|Soybean|Soybean Oil|Crude Palm Oil|Source Document
22.04_Thailand_Oilseeds and Products Annual.pdf,data/raw/USDA/FAS/GAIN/Oilseeds/2022/04/22.04_Thailand_Oilseeds and Products Annual.pdf,data/raw/USDA/FAS/GAIN/Oilseeds/2022/04/Summary/22.04_Thailand_Oilseeds and Products Annual.md,True,25,48198,기상이변|물류충격|바이오연료수요|생산변동|수입관세|수출규제|압착|재고,상방 우세,93,40,Gross Domestic Product|Import Volume|Export Volume|La Niña|Precipitation Deficit|Harvested Area|Soybean|Crude Palm Oil|Import Quota|Source Document
22.04_UK_Oilseeds and Products Annual.pdf,data/raw/USDA/FAS/GAIN/Oilseeds/2022/04/22.04_UK_Oilseeds and Products Annual.pdf,data/raw/USDA/FAS/GAIN/Oilseeds/2022/04/Summary/22.04_UK_Oilseeds and Products Annual.md,True,17,31287,압착|재고,상방 우세,34,21,Import Volume|Export Volume|Harvested Area|Crushing Volume|Soybean|Crude Palm Oil|Canola Oil|Geopolitical Conflict|Policy Pivot|Source Document
22.04_Uruguay_Oilseeds and Products Annual.pdf,data/raw/USDA/FAS/GAIN/Oilseeds/2022/04/22.04_Uruguay_Oilseeds and Products Annual.pdf,data/raw/USDA/FAS/GAIN/Oilseeds/2022/04/Summary/22.04_Uruguay_Oilseeds and Products Annual.md,True,12,20160,기상이변|바이오연료수요|압착|재고,중립/혼재,13,14,Import Volume|Export Volume|La Niña|Harvested Area|Soybean|Canola Oil|Hold Recommendation|Source Document
22.04_Vietnam_Oilseeds and Products Annual.pdf,data/raw/USDA/FAS/GAIN/Oilseeds/2022/04/22.04_Vietnam_Oilseeds and Products Annual.pdf,data/raw/USDA/FAS/GAIN/Oilseeds/2022/04/Summary/22.04_Vietnam_Oilseeds and Products Annual.md,True,27,48373,물류충격|수입관세|압착|재고,상방 우세,83,33,Import Volume|Export Volume|Harvested Area|Crushing Volume|Soybean|Soybean Oil|Crude Palm Oil|Canola Oil|Source Document
22.05_China_Diversification of Grain and Feed Supplies Continues with SPS Protocols Possibly Reached.pdf,data/raw/USDA/FAS/GAIN/Oilseeds/2022/05/22.05_China_Diversification of Grain and Feed Supplies Continues with SPS Protocols Possibly Reached.pdf,data/raw/USDA/FAS/GAIN/Oilseeds/2022/05/Summary/22.05_China_Diversification of Grain and Feed Supplies Continues with SPS Protocols Possibly Reached.md,True,3,4823,,중립/혼재,1,1,Import Volume|Export Volume|Soybean|Source Document|Entity Mention
22.05_China_MARA Issues Additional New and Renewed Biosafety Certificates.pdf,data/raw/USDA/FAS/GAIN/Oilseeds/2022/05/22.05_China_MARA Issues Additional New and Renewed Biosafety Certificates.pdf,data/raw/USDA/FAS/GAIN/Oilseeds/2022/05/Summary/22.05_China_MARA Issues Additional New and Renewed Biosafety Certificates.md,True,9,11161,,중립/혼재,0,0,Source Document
22.05_India_Allocates Tariff-Rate Quotas of 2 Million Metric Tons each for Crude Soybean Oil and Crude Sunflower Oil.pdf,data/raw/USDA/FAS/GAIN/Oilseeds/2022/05/22.05_India_Allocates Tariff-Rate Quotas of 2 Million Metric Tons each for Crude Soybean Oil and Crude Sunflower Oil.pdf,data/raw/USDA/FAS/GAIN/Oilseeds/2022/05/Summary/22.05_India_Allocates Tariff-Rate Quotas of 2 Million Metric Tons each for Crude Soybean Oil and Crude Sunflower Oil.md,True,4,5044,물류충격|수입관세|수출규제,하방 우세,0,6,Inflation|Import Volume|Vegetable Oil|Crude Palm Oil|Bull Regime|Import Tariff|Import Quota|Source Document
22.05_India_Government resumes GM-origin soybean meal imports.pdf,data/raw/USDA/FAS/GAIN/Oilseeds/2022/05/22.05_India_Government resumes GM-origin soybean meal imports.pdf,data/raw/USDA/FAS/GAIN/Oilseeds/2022/05/Summary/22.05_India_Government resumes GM-origin soybean meal imports.md,True,3,3101,,중립/혼재,1,1,Import Volume|Export Volume|Soybean|Source Document
22.05_Malaysia_Oilseeds and Products Annual.pdf,data/raw/USDA/FAS/GAIN/Oilseeds/2022/05/22.05_Malaysia_Oilseeds and Products Annual.pdf,data/raw/USDA/FAS/GAIN/Oilseeds/2022/05/Summary/22.05_Malaysia_Oilseeds and Products Annual.md,True,13,22935,기상이변|바이오연료수요|압착|재고,상방 우세,53,14,Import Volume|Export Volume|La Niña|Harvested Area|Soybean|Vegetable Oil|Crude Palm Oil|Source Document
22.05_Mexico_Oilseeds and Products Annual.pdf,data/raw/USDA/FAS/GAIN/Oilseeds/2022/05/22.05_Mexico_Oilseeds and Products Annual.pdf,data/raw/USDA/FAS/GAIN/Oilseeds/2022/05/Summary/22.05_Mexico_Oilseeds and Products Annual.md,True,22,61459,기상이변|물류충격|바이오연료수요|생산변동|압착|재고,중립/혼재,88,83,Inflation|Import Volume|Export Volume|Harvested Area|Soybean|Vegetable Oil|Crude Palm Oil|Canola Oil|Bull Regime|Bear Regime|Neutral Regime|Hold Recommendation
22.05_Taiwan_2021 US Agriculture Trade to Taiwan Highlights.pdf,data/raw/USDA/FAS/GAIN/Oilseeds/2022/05/22.05_Taiwan_2021 US Agriculture Trade to Taiwan Highlights.pdf,data/raw/USDA/FAS/GAIN/Oilseeds/2022/05/Summary/22.05_Taiwan_2021 US Agriculture Trade to Taiwan Highlights.md,True,6,7208,,상방 우세,2,1,Import Volume|Export Volume|Soybean|Source Document
22.05_Turkey_Update on Turkey's Export Ban on Select Ag Products.pdf,data/raw/USDA/FAS/GAIN/Oilseeds/2022/05/22.05_Turkey_Update on Turkey's Export Ban on Select Ag Products.pdf,data/raw/USDA/FAS/GAIN/Oilseeds/2022/05/Summary/22.05_Turkey_Update on Turkey's Export Ban on Select Ag Products.md,True,4,5512,수출규제,하방 우세,2,3,Export Volume|Soybean Oil|Neutral Regime|Source Document
22.06_Morocco_Removes Import Duties on Oilseeds and Products.pdf,data/raw/USDA/FAS/GAIN/Oilseeds/2022/06/22.06_Morocco_Removes Import Duties on Oilseeds and Products.pdf,data/raw/USDA/FAS/GAIN/Oilseeds/2022/06/Summary/22.06_Morocco_Removes Import Duties on Oilseeds and Products.md,True,2,2259,수입관세,하방 우세,0,2,Import Tariff|Source Document
22.06_Nigeria_Oilseeds and Products Annual.pdf,data/raw/USDA/FAS/GAIN/Oilseeds/2022/06/22.06_Nigeria_Oilseeds and Products Annual.pdf,data/raw/USDA/FAS/GAIN/Oilseeds/2022/06/Summary/22.06_Nigeria_Oilseeds and Products Annual.md,True,21,41803,기상이변|생산변동|수입관세|압착|재고,상방 우세,38,2,Import Volume|Export Volume|Harvested Area|Production Volume|Crushing Volume|Soybean|Vegetable Oil|Crude Palm Oil|Import Tariff|Source Document
22.08_Brazil_Oilseeds and Products Update.pdf,data/raw/USDA/FAS/GAIN/Oilseeds/2022/08/22.08_Brazil_Oilseeds and Products Update.pdf,data/raw/USDA/FAS/GAIN/Oilseeds/2022/08/Summary/22.08_Brazil_Oilseeds and Products Update.md,True,15,23409,기상이변|바이오연료수요|압착|재고,상방 우세,41,11,Import Volume|Export Volume|Standardized Precipitation Index|Harvested Area|Production Volume|Crushing Volume|Soybean|Soybean Oil|Crude Palm Oil|Geopolitical Conflict|Source Document|Entity Mention
22.08_India_Southwest Monsoon Update - July.pdf,data/raw/USDA/FAS/GAIN/Oilseeds/2022/08/22.08_India_Southwest Monsoon Update - July.pdf,data/raw/USDA/FAS/GAIN/Oilseeds/2022/08/Summary/22.08_India_Southwest Monsoon Update - July.md,True,13,8983,기상이변,하방 우세,3,32,Planted Area|Policy Pivot|Source Document
22.08_Indonesia_Oilseeds and Products Update.pdf,data/raw/USDA/FAS/GAIN/Oilseeds/2022/08/22.08_Indonesia_Oilseeds and Products Update.pdf,data/raw/USDA/FAS/GAIN/Oilseeds/2022/08/Summary/22.08_Indonesia_Oilseeds and Products Update.md,True,10,15336,바이오연료수요|생산변동|수출규제|압착|재고,중립/혼재,19,15,Import Volume|Export Volume|Harvested Area|Soybean|Crude Palm Oil|Hold Recommendation|Source Document
22.09_China_Oilseeds and Products Update.pdf,data/raw/USDA/FAS/GAIN/Oilseeds/2022/09/22.09_China_Oilseeds and Products Update.pdf,data/raw/USDA/FAS/GAIN/Oilseeds/2022/09/Summary/22.09_China_Oilseeds and Products Update.md,True,32,40194,기상이변|물류충격|생산변동|압착|재고,하방 우세,54,79,Gross Domestic Product|Import Volume|Export Volume|Heatwave|Harvested Area|Crushing Volume|Soybean|Soybean Oil|Crude Palm Oil|Canola Oil|Trade War|Freight Rate
22.09_India_Oilseeds and Products Update.pdf,data/raw/USDA/FAS/GAIN/Oilseeds/2022/09/22.09_India_Oilseeds and Products Update.pdf,data/raw/USDA/FAS/GAIN/Oilseeds/2022/09/Summary/22.09_India_Oilseeds and Products Update.md,True,13,26888,기상이변|수입관세|수출규제|압착|재고,하방 우세,19,43,Inflation|Import Volume|Export Volume|Harvested Area|Soybean|Crude Palm Oil|Import Tariff|Agricultural Exemption|Source Document
22.09_Japan_Opens Comment Period for Soymilk JAS Standard.pdf,data/raw/USDA/FAS/GAIN/Oilseeds/2022/09/22.09_Japan_Opens Comment Period for Soymilk JAS Standard.pdf,data/raw/USDA/FAS/GAIN/Oilseeds/2022/09/Summary/22.09_Japan_Opens Comment Period for Soymilk JAS Standard.md,True,2,3352,,중립/혼재,0,0,Soybean|Source Document
22.10_Argentina_Oilseeds and Products Update.pdf,data/raw/USDA/FAS/GAIN/Oilseeds/2022/10/22.10_Argentina_Oilseeds and Products Update.pdf,data/raw/USDA/FAS/GAIN/Oilseeds/2022/10/Summary/22.10_Argentina_Oilseeds and Products Update.md,True,12,25096,기상이변|수출규제|압착|재고,하방 우세,20,42,Import Volume|Export Volume|Soil Moisture Percentile|Harvested Area|Soybean|Vegetable Oil|Source Document
22.10_Brazil_Oilseeds and Products Update.pdf,data/raw/USDA/FAS/GAIN/Oilseeds/2022/10/22.10_Brazil_Oilseeds and Products Update.pdf,data/raw/USDA/FAS/GAIN/Oilseeds/2022/10/Summary/22.10_Brazil_Oilseeds and Products Update.md,True,16,21882,기상이변|바이오연료수요|생산변동|압착|재고,상방 우세,42,13,Inflation|Import Volume|Export Volume|Soil Moisture Percentile|Harvested Area|Production Volume|Crushing Volume|Soybean|Soybean Oil|Crude Palm Oil|Geopolitical Conflict|Trade War
22.10_Bulgaria_Oilseeds and Products Market Update.pdf,data/raw/USDA/FAS/GAIN/Oilseeds/2022/10/22.10_Bulgaria_Oilseeds and Products Market Update.pdf,data/raw/USDA/FAS/GAIN/Oilseeds/2022/10/Summary/22.10_Bulgaria_Oilseeds and Products Market Update.md,True,19,22745,기상이변|물류충격|생산변동|압착|재고,하방 우세,31,55,Import Volume|Export Volume|Soil Moisture Percentile|Harvested Area|Soybean|Canola Oil|Hold Recommendation|Source Document
22.10_EU_Oilseeds and Products Update.pdf,data/raw/USDA/FAS/GAIN/Oilseeds/2022/10/22.10_EU_Oilseeds and Products Update.pdf,data/raw/USDA/FAS/GAIN/Oilseeds/2022/10/Summary/22.10_EU_Oilseeds and Products Update.md,True,18,42334,기상이변|물류충격|생산변동|수출규제|압착|재고,하방 우세,88,137,Import Volume|Export Volume|Production Volume|Soybean|Canola Oil|Geopolitical Conflict|Export Tax|Source Document
22.10_Egypt_Poultry Sector In Egypt Impacted by the Repercussions of War in Ukraine.pdf,data/raw/USDA/FAS/GAIN/Oilseeds/2022/10/22.10_Egypt_Poultry Sector In Egypt Impacted by the Repercussions of War in Ukraine.pdf,data/raw/USDA/FAS/GAIN/Oilseeds/2022/10/Summary/22.10_Egypt_Poultry Sector In Egypt Impacted by the Repercussions of War in Ukraine.md,True,4,7259,생산변동,상방 우세,13,1,Import Volume|Soybean|Geopolitical Conflict|Source Document|Entity Mention
22.10_Japan_Opens Public Comment on GE Labeling for Nutritionally Enhanced Rapeseed Varieties.pdf,data/raw/USDA/FAS/GAIN/Oilseeds/2022/10/22.10_Japan_Opens Public Comment on GE Labeling for Nutritionally Enhanced Rapeseed Varieties.pdf,data/raw/USDA/FAS/GAIN/Oilseeds/2022/10/Summary/22.10_Japan_Opens Public Comment on GE Labeling for Nutritionally Enhanced Rapeseed Varieties.md,True,2,3052,,상방 우세,1,0,Soybean|Source Document
22.10_Malaysia_Oilseeds and Products Update.pdf,data/raw/USDA/FAS/GAIN/Oilseeds/2022/10/22.10_Malaysia_Oilseeds and Products Update.pdf,data/raw/USDA/FAS/GAIN/Oilseeds/2022/10/Summary/22.10_Malaysia_Oilseeds and Products Update.md,True,5,6963,생산변동|재고,중립/혼재,10,11,Import Volume|Export Volume|Harvested Area|Crude Palm Oil|Source Document
22.10_Senegal_Oilseed Report - Peanuts.pdf,data/raw/USDA/FAS/GAIN/Oilseeds/2022/10/22.10_Senegal_Oilseed Report - Peanuts.pdf,data/raw/USDA/FAS/GAIN/Oilseeds/2022/10/Summary/22.10_Senegal_Oilseed Report - Peanuts.md,True,6,9350,수출규제|압착|재고,상방 우세,14,10,Import Volume|Export Volume|Harvested Area|Geopolitical Conflict|Source Document
22.10_Taiwan_Extends Tariff and Tax Cuts for Imported Agricultural Commodities till Year End.pdf,data/raw/USDA/FAS/GAIN/Oilseeds/2022/10/22.10_Taiwan_Extends Tariff and Tax Cuts for Imported Agricultural Commodities till Year End.pdf,data/raw/USDA/FAS/GAIN/Oilseeds/2022/10/Summary/22.10_Taiwan_Extends Tariff and Tax Cuts for Imported Agricultural Commodities till Year End.md,True,2,2944,,하방 우세,1,4,Import Volume|Soybean|Source Document
22.10_Turkey_Oilseeds and Products Update.pdf,data/raw/USDA/FAS/GAIN/Oilseeds/2022/10/22.10_Turkey_Oilseeds and Products Update.pdf,data/raw/USDA/FAS/GAIN/Oilseeds/2022/10/Summary/22.10_Turkey_Oilseeds and Products Update.md,True,8,15343,기상이변|생산변동|수입관세|수출규제|압착|재고,하방 우세,23,75,Import Volume|Export Volume|Harvested Area|Geopolitical Conflict|Source Document
22.10_Turkey_Raises Tariff on Imported Sunflowerseed.pdf,data/raw/USDA/FAS/GAIN/Oilseeds/2022/10/22.10_Turkey_Raises Tariff on Imported Sunflowerseed.pdf,data/raw/USDA/FAS/GAIN/Oilseeds/2022/10/Summary/22.10_Turkey_Raises Tariff on Imported Sunflowerseed.md,True,2,1954,수입관세,하방 우세,2,15,Import Volume|Import Tariff|Source Document
22.10_Vietnam_Oilseeds and Products Update.pdf,data/raw/USDA/FAS/GAIN/Oilseeds/2022/10/22.10_Vietnam_Oilseeds and Products Update.pdf,data/raw/USDA/FAS/GAIN/Oilseeds/2022/10/Summary/22.10_Vietnam_Oilseeds and Products Update.md,True,27,43468,생산변동|압착|재고,중립/혼재,34,42,Import Volume|Export Volume|Harvested Area|Crushing Volume|Soybean|Soybean Oil|Crude Palm Oil|Canola Oil|Source Document
22.11_Bulgaria_Direct Versus Indirect Trade - Bulgaria's Hidden Market for U S Ag Exports.pdf,data/raw/USDA/FAS/GAIN/Oilseeds/2022/11/22.11_Bulgaria_Direct Versus Indirect Trade - Bulgaria's Hidden Market for U S Ag Exports.pdf,data/raw/USDA/FAS/GAIN/Oilseeds/2022/11/Summary/22.11_Bulgaria_Direct Versus Indirect Trade - Bulgaria's Hidden Market for U S Ag Exports.md,True,8,16509,물류충격,하방 우세,6,8,Import Volume|Export Volume|Source Document
22.11_China_Oilseeds and Products Update.pdf,data/raw/USDA/FAS/GAIN/Oilseeds/2022/11/22.11_China_Oilseeds and Products Update.pdf,data/raw/USDA/FAS/GAIN/Oilseeds/2022/11/Summary/22.11_China_Oilseeds and Products Update.md,True,33,38892,기상이변|물류충격|바이오연료수요|생산변동|압착|재고,중립/혼재,61,59,Gross Domestic Product|Import Volume|Export Volume|Harvested Area|Crushing Volume|Soybean|Soybean Oil|Crude Palm Oil|Canola Oil|Trade War|Source Document
22.11_Cote d'Ivoire_Oilseeds and Products Report.pdf,data/raw/USDA/FAS/GAIN/Oilseeds/2022/11/22.11_Cote d'Ivoire_Oilseeds and Products Report.pdf,data/raw/USDA/FAS/GAIN/Oilseeds/2022/11/Summary/22.11_Cote d'Ivoire_Oilseeds and Products Report.md,True,11,19411,압착|재고,상방 우세,20,8,Import Volume|Export Volume|Harvested Area|Production Volume|Crude Palm Oil|Source Document
22.11_Ghana_Oilseeds Voluntary 2022.pdf,data/raw/USDA/FAS/GAIN/Oilseeds/2022/11/22.11_Ghana_Oilseeds Voluntary 2022.pdf,data/raw/USDA/FAS/GAIN/Oilseeds/2022/11/Summary/22.11_Ghana_Oilseeds Voluntary 2022.md,True,19,40199,기상이변|물류충격|바이오연료수요|수입관세|압착|재고,상방 우세,49,18,Import Volume|Export Volume|Harvested Area|Soybean|Crude Palm Oil|Geopolitical Conflict|Import Tariff|Source Document
22.12_Bangladesh_Weekly Price and Policy Update_Week of 18 December.pdf,data/raw/USDA/FAS/GAIN/Oilseeds/2022/12/22.12_Bangladesh_Weekly Price and Policy Update_Week of 18 December.pdf,data/raw/USDA/FAS/GAIN/Oilseeds/2022/12/Summary/22.12_Bangladesh_Weekly Price and Policy Update_Week of 18 December.md,True,6,5885,,하방 우세,3,9,Import Volume|Export Volume|Crude Palm Oil|Source Document
22.12_Bangladesh_Weekly Price and Policy Update_Week of 20 November.pdf,data/raw/USDA/FAS/GAIN/Oilseeds/2022/12/22.12_Bangladesh_Weekly Price and Policy Update_Week of 20 November.pdf,data/raw/USDA/FAS/GAIN/Oilseeds/2022/12/Summary/22.12_Bangladesh_Weekly Price and Policy Update_Week of 20 November.md,True,6,5883,,상방 우세,4,3,Import Volume|Export Volume|Crude Palm Oil|Source Document
22.12_Bangladesh_Weekly Price and Policy Update_Week of 4 December.pdf,data/raw/USDA/FAS/GAIN/Oilseeds/2022/12/22.12_Bangladesh_Weekly Price and Policy Update_Week of 4 December.pdf,data/raw/USDA/FAS/GAIN/Oilseeds/2022/12/Summary/22.12_Bangladesh_Weekly Price and Policy Update_Week of 4 December.md,True,6,6913,수입관세,하방 우세,5,8,Import Volume|Export Volume|Crude Palm Oil|Source Document
22.12_India_Oilseeds and Products Update.pdf,data/raw/USDA/FAS/GAIN/Oilseeds/2022/12/22.12_India_Oilseeds and Products Update.pdf,data/raw/USDA/FAS/GAIN/Oilseeds/2022/12/Summary/22.12_India_Oilseeds and Products Update.md,True,15,34961,기상이변|물류충격|생산변동|수입관세|압착|재고,하방 우세,32,89,Import Volume|Export Volume|Soil Moisture Percentile|Harvested Area|Production Volume|Soybean|Vegetable Oil|Crude Palm Oil|Bull Regime|Neutral Regime|Geopolitical Conflict|Import Tariff
22.12_Indonesia_Oilseeds and Products Update.pdf,data/raw/USDA/FAS/GAIN/Oilseeds/2022/12/22.12_Indonesia_Oilseeds and Products Update.pdf,data/raw/USDA/FAS/GAIN/Oilseeds/2022/12/Summary/22.12_Indonesia_Oilseeds and Products Update.md,True,7,11913,바이오연료수요|생산변동|수출규제|압착|재고,중립/혼재,10,8,Import Volume|Export Volume|Harvested Area|Soybean|Crude Palm Oil|Agricultural Exemption|Source Document
22.12_Mexico_United States-Mexico Agricultural Trade Logistics Review.pdf,data/raw/USDA/FAS/GAIN/Oilseeds/2022/12/22.12_Mexico_United States-Mexico Agricultural Trade Logistics Review.pdf,data/raw/USDA/FAS/GAIN/Oilseeds/2022/12/Summary/22.12_Mexico_United States-Mexico Agricultural Trade Logistics Review.md,True,27,55838,물류충격,상방 우세,19,9,Import Volume|Export Volume|Soybean|Hold Recommendation|Geopolitical Conflict|Freight Rate|Source Document
22.12_Pakistan_Oilseeds and Products Update.pdf,data/raw/USDA/FAS/GAIN/Oilseeds/2022/12/22.12_Pakistan_Oilseeds and Products Update.pdf,data/raw/USDA/FAS/GAIN/Oilseeds/2022/12/Summary/22.12_Pakistan_Oilseeds and Products Update.md,True,6,7543,압착|재고,하방 우세,3,5,Import Volume|Export Volume|Harvested Area|Production Volume|Soybean|Crude Palm Oil|Source Document|Confidence Score
23.01_Argentina_Oilseeds and Products Update.pdf,data/raw/USDA/FAS/GAIN/Oilseeds/2023/01/23.01_Argentina_Oilseeds and Products Update.pdf,data/raw/USDA/FAS/GAIN/Oilseeds/2023/01/Summary/23.01_Argentina_Oilseeds and Products Update.md,True,13,23057,기상이변|물류충격|수출규제|압착|재고,하방 우세,11,39,Import Volume|Export Volume|La Niña|Soil Moisture Percentile|Harvested Area|Soybean|Vegetable Oil|Source Document
23.01_Bangladesh_Biweekly Price and Policy Update_Week of 1 January.pdf,data/raw/USDA/FAS/GAIN/Oilseeds/2023/01/23.01_Bangladesh_Biweekly Price and Policy Update_Week of 1 January.pdf,data/raw/USDA/FAS/GAIN/Oilseeds/2023/01/Summary/23.01_Bangladesh_Biweekly Price and Policy Update_Week of 1 January.md,True,6,6837,수출규제,상방 우세,6,4,Import Volume|Export Volume|Crude Palm Oil|Source Document
23.01_Bangladesh_Biweekly Price and Policy Update_Week of January 15.pdf,data/raw/USDA/FAS/GAIN/Oilseeds/2023/01/23.01_Bangladesh_Biweekly Price and Policy Update_Week of January 15.pdf,data/raw/USDA/FAS/GAIN/Oilseeds/2023/01/Summary/23.01_Bangladesh_Biweekly Price and Policy Update_Week of January 15.md,True,4,6122,수출규제,상방 우세,7,5,Import Volume|Export Volume|Crude Palm Oil|Source Document
23.01_Bangladesh_Weekly Price and Policy Update_Week of 25 December 2022.pdf,data/raw/USDA/FAS/GAIN/Oilseeds/2023/01/23.01_Bangladesh_Weekly Price and Policy Update_Week of 25 December 2022.pdf,data/raw/USDA/FAS/GAIN/Oilseeds/2023/01/Summary/23.01_Bangladesh_Weekly Price and Policy Update_Week of 25 December 2022.md,True,6,5702,,상방 우세,7,2,Import Volume|Export Volume|Crude Palm Oil|Source Document
23.01_Brazil_Oilseeds and Products Update.pdf,data/raw/USDA/FAS/GAIN/Oilseeds/2023/01/23.01_Brazil_Oilseeds and Products Update.pdf,data/raw/USDA/FAS/GAIN/Oilseeds/2023/01/Summary/23.01_Brazil_Oilseeds and Products Update.md,True,14,21145,기상이변|바이오연료수요|압착|재고,상방 우세,29,13,Import Volume|Export Volume|La Niña|Harvested Area|Production Volume|Crushing Volume|Soybean|Soybean Oil|Source Document
23.01_India_Discontinues Tariff Rate Quota on Soybean Oil and Extends Lower Duty in Refined Palm Oil Policy.pdf,data/raw/USDA/FAS/GAIN/Oilseeds/2023/01/23.01_India_Discontinues Tariff Rate Quota on Soybean Oil and Extends Lower Duty in Refined Palm Oil Policy.pdf,data/raw/USDA/FAS/GAIN/Oilseeds/2023/01/Summary/23.01_India_Discontinues Tariff Rate Quota on Soybean Oil and Extends Lower Duty in Refined Palm Oil Policy.md,True,5,5044,수입관세|압착,하방 우세,3,5,Import Volume|Crude Palm Oil|Import Tariff|Import Quota|Source Document
23.01_Indonesia_Implement Biodiesel B35 in February 2023.pdf,data/raw/USDA/FAS/GAIN/Oilseeds/2023/01/23.01_Indonesia_Implement Biodiesel B35 in February 2023.pdf,data/raw/USDA/FAS/GAIN/Oilseeds/2023/01/Summary/23.01_Indonesia_Implement Biodiesel B35 in February 2023.md,True,3,3185,바이오연료수요|재고,상방 우세,7,0,Import Volume|Export Volume|Crude Palm Oil|Source Document
23.01_Japan_Proposes GI Protection for 15 Additional EU Products.pdf,data/raw/USDA/FAS/GAIN/Oilseeds/2023/01/23.01_Japan_Proposes GI Protection for 15 Additional EU Products.pdf,data/raw/USDA/FAS/GAIN/Oilseeds/2023/01/Summary/23.01_Japan_Proposes GI Protection for 15 Additional EU Products.md,True,2,2939,,중립/혼재,0,0,Source Document
23.01_Malaysia_Oilseeds and Products Update.pdf,data/raw/USDA/FAS/GAIN/Oilseeds/2023/01/23.01_Malaysia_Oilseeds and Products Update.pdf,data/raw/USDA/FAS/GAIN/Oilseeds/2023/01/Summary/23.01_Malaysia_Oilseeds and Products Update.md,True,3,3672,기상이변|바이오연료수요|재고,상방 우세,2,1,Import Volume|Export Volume|Harvested Area|Crude Palm Oil|Source Document
23.01_Poland_Direct Versus Indirect Trade - Poland's Hidden Market for US Ag Exports.pdf,data/raw/USDA/FAS/GAIN/Oilseeds/2023/01/23.01_Poland_Direct Versus Indirect Trade - Poland's Hidden Market for US Ag Exports.pdf,data/raw/USDA/FAS/GAIN/Oilseeds/2023/01/Summary/23.01_Poland_Direct Versus Indirect Trade - Poland's Hidden Market for US Ag Exports.md,True,7,13338,물류충격,상방 우세,2,0,Import Volume|Export Volume|Neutral Regime|Freight Rate|Source Document
23.02_Bangladesh_Biweekly Price and Policy Update Week of 12 February.pdf,data/raw/USDA/FAS/GAIN/Oilseeds/2023/02/23.02_Bangladesh_Biweekly Price and Policy Update Week of 12 February.pdf,data/raw/USDA/FAS/GAIN/Oilseeds/2023/02/Summary/23.02_Bangladesh_Biweekly Price and Policy Update Week of 12 February.md,True,7,6865,수출규제,중립/혼재,8,8,Import Volume|Export Volume|Crude Palm Oil|Source Document
"23.02_Bangladesh_Biweekly Price and Policy Update_Week of January 29, 2023.pdf","data/raw/USDA/FAS/GAIN/Oilseeds/2023/02/23.02_Bangladesh_Biweekly Price and Policy Update_Week of January 29, 2023.pdf","data/raw/USDA/FAS/GAIN/Oilseeds/2023/02/Summary/23.02_Bangladesh_Biweekly Price and Policy Update_Week of January 29, 2023.md",True,6,6346,수출규제,중립/혼재,6,7,Import Volume|Export Volume|Crude Palm Oil|Source Document
23.02_Canada_Cancels Certain Lambda-Cyhalothrin Uses In Effect April 2023.pdf,data/raw/USDA/FAS/GAIN/Oilseeds/2023/02/23.02_Canada_Cancels Certain Lambda-Cyhalothrin Uses In Effect April 2023.pdf,data/raw/USDA/FAS/GAIN/Oilseeds/2023/02/Summary/23.02_Canada_Cancels Certain Lambda-Cyhalothrin Uses In Effect April 2023.md,True,5,5693,,하방 우세,1,3,Import Volume|Soybean|Source Document
23.02_Indonesia_Freezes Two-Thirds of Palm Oil Exports to Secure Domestic Cooking Oil Supplies Ahead of Ramadan.pdf,data/raw/USDA/FAS/GAIN/Oilseeds/2023/02/23.02_Indonesia_Freezes Two-Thirds of Palm Oil Exports to Secure Domestic Cooking Oil Supplies Ahead of Ramadan.pdf,data/raw/USDA/FAS/GAIN/Oilseeds/2023/02/Summary/23.02_Indonesia_Freezes Two-Thirds of Palm Oil Exports to Secure Domestic Cooking Oil Supplies Ahead of Ramadan.md,True,2,2992,,상방 우세,2,0,Export Volume|Crude Palm Oil|Source Document
23.02_Indonesia_Oilseeds and Products Update.pdf,data/raw/USDA/FAS/GAIN/Oilseeds/2023/02/23.02_Indonesia_Oilseeds and Products Update.pdf,data/raw/USDA/FAS/GAIN/Oilseeds/2023/02/Summary/23.02_Indonesia_Oilseeds and Products Update.md,True,7,11947,기상이변|바이오연료수요|생산변동|압착|재고,상방 우세,19,8,Import Volume|Export Volume|La Niña|Harvested Area|Soybean|Crude Palm Oil|Agricultural Exemption|Source Document
23.02_Pakistan_Oilseed and Products Update.pdf,data/raw/USDA/FAS/GAIN/Oilseeds/2023/02/23.02_Pakistan_Oilseed and Products Update.pdf,data/raw/USDA/FAS/GAIN/Oilseeds/2023/02/Summary/23.02_Pakistan_Oilseed and Products Update.md,True,5,8942,압착|재고,상방 우세,3,1,Import Volume|Export Volume|Harvested Area|Production Volume|Soybean|Source Document
23.02_Philippines_MFN Tariff Schedule Opens for Public Comment.pdf,data/raw/USDA/FAS/GAIN/Oilseeds/2023/02/23.02_Philippines_MFN Tariff Schedule Opens for Public Comment.pdf,data/raw/USDA/FAS/GAIN/Oilseeds/2023/02/Summary/23.02_Philippines_MFN Tariff Schedule Opens for Public Comment.md,True,2,3413,,하방 우세,0,2,Export Volume|Source Document
23.02_Taiwan_Highlights of 2022 Record US Agricultural Trade.pdf,data/raw/USDA/FAS/GAIN/Oilseeds/2023/02/23.02_Taiwan_Highlights of 2022 Record US Agricultural Trade.pdf,data/raw/USDA/FAS/GAIN/Oilseeds/2023/02/Summary/23.02_Taiwan_Highlights of 2022 Record US Agricultural Trade.md,True,6,7010,,하방 우세,3,5,Import Volume|Export Volume|Soybean|Geopolitical Conflict|Source Document
23.03_Bangladesh_Biweekly Price and Policy Update Week of 26 February.pdf,data/raw/USDA/FAS/GAIN/Oilseeds/2023/03/23.03_Bangladesh_Biweekly Price and Policy Update Week of 26 February.pdf,data/raw/USDA/FAS/GAIN/Oilseeds/2023/03/Summary/23.03_Bangladesh_Biweekly Price and Policy Update Week of 26 February.md,True,6,6723,수출규제,상방 우세,6,3,Import Volume|Export Volume|Crude Palm Oil|Source Document
23.03_Bangladesh_Oilseeds and Products Annual.pdf,data/raw/USDA/FAS/GAIN/Oilseeds/2023/03/23.03_Bangladesh_Oilseeds and Products Annual.pdf,data/raw/USDA/FAS/GAIN/Oilseeds/2023/03/Summary/23.03_Bangladesh_Oilseeds and Products Annual.md,True,23,33243,물류충격|바이오연료수요|생산변동|압착|재고,중립/혼재,28,30,Import Volume|Export Volume|Harvested Area|Production Volume|Crushing Volume|Soybean|Vegetable Oil|Crude Palm Oil|Canola Oil|Source Document
23.03_Brazil_Oilseeds and Products Update.pdf,data/raw/USDA/FAS/GAIN/Oilseeds/2023/03/23.03_Brazil_Oilseeds and Products Update.pdf,data/raw/USDA/FAS/GAIN/Oilseeds/2023/03/Summary/23.03_Brazil_Oilseeds and Products Update.md,True,11,11388,생산변동|압착|재고,중립/혼재,5,5,Import Volume|Export Volume|Harvested Area|Production Volume|Soybean|Soybean Oil|Source Document
23.03_Bulgaria_Oilseeds and Products Market Update.pdf,data/raw/USDA/FAS/GAIN/Oilseeds/2023/03/23.03_Bulgaria_Oilseeds and Products Market Update.pdf,data/raw/USDA/FAS/GAIN/Oilseeds/2023/03/Summary/23.03_Bulgaria_Oilseeds and Products Market Update.md,True,13,20031,기상이변|물류충격|생산변동|압착|재고,하방 우세,32,87,Import Volume|Export Volume|Soil Moisture Percentile|Harvested Area|Soybean|Canola Oil|Geopolitical Conflict|Source Document
23.03_Canada_Oilseeds and Products Annual.pdf,data/raw/USDA/FAS/GAIN/Oilseeds/2023/03/23.03_Canada_Oilseeds and Products Annual.pdf,data/raw/USDA/FAS/GAIN/Oilseeds/2023/03/Summary/23.03_Canada_Oilseeds and Products Annual.md,True,25,40221,기상이변|물류충격|바이오연료수요|생산변동|압착|재고,중립/혼재,59,56,Import Volume|Export Volume|Harvested Area|Stock-to-Use Ratio|Soybean|Soybean Oil|Canola Oil|Renewable Volume Obligation|Geopolitical Conflict|Source Document
23.03_China_Oilseeds and Products Annual.pdf,data/raw/USDA/FAS/GAIN/Oilseeds/2023/03/23.03_China_Oilseeds and Products Annual.pdf,data/raw/USDA/FAS/GAIN/Oilseeds/2023/03/Summary/23.03_China_Oilseeds and Products Annual.md,True,51,58030,기상이변|물류충격|생산변동|수입관세|압착|재고,상방 우세,106,79,Gross Domestic Product|Import Volume|Export Volume|Harvested Area|Production Volume|Crushing Volume|Soybean|Soybean Oil|Crude Palm Oil|Canola Oil|Hold Recommendation|Trade War
23.03_India_Oilseeds and Products Update.pdf,data/raw/USDA/FAS/GAIN/Oilseeds/2023/03/23.03_India_Oilseeds and Products Update.pdf,data/raw/USDA/FAS/GAIN/Oilseeds/2023/03/Summary/23.03_India_Oilseeds and Products Update.md,True,9,16937,수입관세|압착|재고,중립/혼재,17,17,Import Volume|Export Volume|Soil Moisture Percentile|Harvested Area|Production Volume|Crushing Volume|Soybean|Vegetable Oil|Crude Palm Oil|Canola Oil|Import Tariff|Import Quota
23.03_Indonesia_Oilseeds and Products Annual.pdf,data/raw/USDA/FAS/GAIN/Oilseeds/2023/03/23.03_Indonesia_Oilseeds and Products Annual.pdf,data/raw/USDA/FAS/GAIN/Oilseeds/2023/03/Summary/23.03_Indonesia_Oilseeds and Products Annual.md,True,20,27495,기상이변|바이오연료수요|압착|재고,상방 우세,25,12,Import Volume|Export Volume|La Niña|Harvested Area|Production Volume|Soybean|Soybean Oil|Crude Palm Oil|Source Document
23.03_South Korea_Oilseeds and Products Annual.pdf,data/raw/USDA/FAS/GAIN/Oilseeds/2023/03/23.03_South Korea_Oilseeds and Products Annual.pdf,data/raw/USDA/FAS/GAIN/Oilseeds/2023/03/Summary/23.03_South Korea_Oilseeds and Products Annual.md,True,33,41878,바이오연료수요|수입관세|압착|재고,중립/혼재,19,20,Import Volume|Export Volume|Harvested Area|Soybean|Soybean Oil|Crude Palm Oil|Canola Oil|Neutral Regime|Source Document
23.03_Tunisia_Oilseeds and Products Annual.pdf,data/raw/USDA/FAS/GAIN/Oilseeds/2023/03/23.03_Tunisia_Oilseeds and Products Annual.pdf,data/raw/USDA/FAS/GAIN/Oilseeds/2023/03/Summary/23.03_Tunisia_Oilseeds and Products Annual.md,True,9,14665,기상이변|압착|재고,중립/혼재,15,18,Inflation|Import Volume|Export Volume|Harvested Area|Crushing Volume|Soybean|Vegetable Oil|Crude Palm Oil|Canola Oil|Import Tariff|Source Document
23.03_Turkey_Oilseeds and Products Annual.pdf,data/raw/USDA/FAS/GAIN/Oilseeds/2023/03/23.03_Turkey_Oilseeds and Products Annual.pdf,data/raw/USDA/FAS/GAIN/Oilseeds/2023/03/Summary/23.03_Turkey_Oilseeds and Products Annual.md,True,22,42378,기상이변|물류충격|바이오연료수요|생산변동|수입관세|압착|재고,하방 우세,44,147,Import Volume|Export Volume|Harvested Area|Soybean|Canola Oil|Import Tariff|Source Document
23.03_Uruguay_Oilseeds and Products Annual.pdf,data/raw/USDA/FAS/GAIN/Oilseeds/2023/03/23.03_Uruguay_Oilseeds and Products Annual.pdf,data/raw/USDA/FAS/GAIN/Oilseeds/2023/03/Summary/23.03_Uruguay_Oilseeds and Products Annual.md,True,11,18937,기상이변|바이오연료수요|압착|재고,중립/혼재,16,16,Import Volume|Export Volume|Harvested Area|Production Volume|Soybean|Neutral Regime|Source Document
23.04_Argentina_Oilseeds and Products Annual.pdf,data/raw/USDA/FAS/GAIN/Oilseeds/2023/04/23.04_Argentina_Oilseeds and Products Annual.pdf,data/raw/USDA/FAS/GAIN/Oilseeds/2023/04/Summary/23.04_Argentina_Oilseeds and Products Annual.md,True,26,55775,기상이변|물류충격|바이오연료수요|수출규제|압착|재고,하방 우세,46,101,Import Volume|Export Volume|Soil Moisture Percentile|Harvested Area|Production Volume|Soybean|Soybean Oil|Vegetable Oil|Neutral Regime|Political Instability|Source Document
23.04_Australia_Oilseeds and Products Annual.pdf,data/raw/USDA/FAS/GAIN/Oilseeds/2023/04/23.04_Australia_Oilseeds and Products Annual.pdf,data/raw/USDA/FAS/GAIN/Oilseeds/2023/04/Summary/23.04_Australia_Oilseeds and Products Annual.md,True,31,50426,기상이변|바이오연료수요|생산변동|압착|재고,하방 우세,62,85,Import Volume|Export Volume|Soil Moisture Percentile|Harvested Area|Production Volume|Crude Palm Oil|Neutral Regime|Source Document|Confidence Score
23.04_Bangladesh_Biweekly Price and Policy Update Week of 9 April.pdf,data/raw/USDA/FAS/GAIN/Oilseeds/2023/04/23.04_Bangladesh_Biweekly Price and Policy Update Week of 9 April.pdf,data/raw/USDA/FAS/GAIN/Oilseeds/2023/04/Summary/23.04_Bangladesh_Biweekly Price and Policy Update Week of 9 April.md,True,6,7244,수출규제,하방 우세,7,11,Import Volume|Export Volume|Crude Palm Oil|Source Document
23.04_Brazil_Oilseeds and Products Annual.pdf,data/raw/USDA/FAS/GAIN/Oilseeds/2023/04/23.04_Brazil_Oilseeds and Products Annual.pdf,data/raw/USDA/FAS/GAIN/Oilseeds/2023/04/Summary/23.04_Brazil_Oilseeds and Products Annual.md,True,43,44220,기상이변|물류충격|바이오연료수요|생산변동|압착|재고,상방 우세,86,28,Import Volume|Export Volume|Harvested Area|Crushing Volume|Soybean|Soybean Oil|Hold Recommendation|Source Document
23.04_Egypt_Oilseeds and Products Annual.pdf,data/raw/USDA/FAS/GAIN/Oilseeds/2023/04/23.04_Egypt_Oilseeds and Products Annual.pdf,data/raw/USDA/FAS/GAIN/Oilseeds/2023/04/Summary/23.04_Egypt_Oilseeds and Products Annual.md,True,16,30628,바이오연료수요|생산변동|수입관세|압착|재고,중립/혼재,67,57,Import Volume|Export Volume|Harvested Area|Soybean|Soybean Oil|Vegetable Oil|Crude Palm Oil|Sunflower Oil|Geopolitical Conflict|Source Document
23.04_India_Oilseeds and Products Annual.pdf,data/raw/USDA/FAS/GAIN/Oilseeds/2023/04/23.04_India_Oilseeds and Products Annual.pdf,data/raw/USDA/FAS/GAIN/Oilseeds/2023/04/Summary/23.04_India_Oilseeds and Products Annual.md,True,25,51801,기상이변|생산변동|수입관세|수출규제|압착|재고,중립/혼재,50,61,Inflation|Import Volume|Export Volume|Soil Moisture Percentile|Harvested Area|Production Volume|Crushing Volume|Marketing Year|Soybean|Soybean Oil|Crude Soybean Oil|Vegetable Oil
23.04_Italia_Industrial Hemp Overview 2023.pdf,data/raw/USDA/FAS/GAIN/Oilseeds/2023/04/23.04_Italia_Industrial Hemp Overview 2023.pdf,data/raw/USDA/FAS/GAIN/Oilseeds/2023/04/Summary/23.04_Italia_Industrial Hemp Overview 2023.md,True,8,10181,,하방 우세,0,1,Import Volume|Source Document
23.04_Japan_Oilseeds and Products Annual.pdf,data/raw/USDA/FAS/GAIN/Oilseeds/2023/04/23.04_Japan_Oilseeds and Products Annual.pdf,data/raw/USDA/FAS/GAIN/Oilseeds/2023/04/Summary/23.04_Japan_Oilseeds and Products Annual.md,True,23,46417,바이오연료수요|수입관세|압착|재고,하방 우세,47,65,Import Volume|Export Volume|Harvested Area|Crushing Volume|Soybean|Vegetable Oil|Crude Palm Oil|Canola Oil|Source Document
23.04_Malaysia_Oilseeds and Products Annual.pdf,data/raw/USDA/FAS/GAIN/Oilseeds/2023/04/23.04_Malaysia_Oilseeds and Products Annual.pdf,data/raw/USDA/FAS/GAIN/Oilseeds/2023/04/Summary/23.04_Malaysia_Oilseeds and Products Annual.md,True,15,24843,기상이변|바이오연료수요|압착|재고,상방 우세,44,9,Import Volume|Export Volume|La Niña|Harvested Area|Soybean|Vegetable Oil|Crude Palm Oil|Source Document
23.04_Mexico_Oilseeds and Products Annual.pdf,data/raw/USDA/FAS/GAIN/Oilseeds/2023/04/23.04_Mexico_Oilseeds and Products Annual.pdf,data/raw/USDA/FAS/GAIN/Oilseeds/2023/04/Summary/23.04_Mexico_Oilseeds and Products Annual.md,True,21,51044,기상이변|물류충격|바이오연료수요|생산변동|압착|재고,중립/혼재,71,67,Import Volume|Export Volume|Harvested Area|Production Volume|Crushing Volume|Soybean|Vegetable Oil|Crude Palm Oil|Canola Oil|Neutral Regime|Source Document
23.04_Nicaragua_Oilseeds and Products Annual.pdf,data/raw/USDA/FAS/GAIN/Oilseeds/2023/04/23.04_Nicaragua_Oilseeds and Products Annual.pdf,data/raw/USDA/FAS/GAIN/Oilseeds/2023/04/Summary/23.04_Nicaragua_Oilseeds and Products Annual.md,True,6,11652,기상이변|압착|재고,하방 우세,3,5,Import Volume|Export Volume|Harvested Area|Crude Palm Oil|Source Document
23.04_Nigeria_Oilseeds and Products Annual.pdf,data/raw/USDA/FAS/GAIN/Oilseeds/2023/04/23.04_Nigeria_Oilseeds and Products Annual.pdf,data/raw/USDA/FAS/GAIN/Oilseeds/2023/04/Summary/23.04_Nigeria_Oilseeds and Products Annual.md,True,21,31169,기상이변|물류충격|생산변동|수입관세|압착|재고,상방 우세,43,23,Import Volume|Export Volume|Harvested Area|Crushing Volume|Soybean|Vegetable Oil|Crude Palm Oil|Geopolitical Conflict|Import Tariff|Source Document
23.04_Pakistan_Oilseeds and Products Annual.pdf,data/raw/USDA/FAS/GAIN/Oilseeds/2023/04/23.04_Pakistan_Oilseeds and Products Annual.pdf,data/raw/USDA/FAS/GAIN/Oilseeds/2023/04/Summary/23.04_Pakistan_Oilseeds and Products Annual.md,True,18,27209,생산변동|수입관세|압착|재고,상방 우세,35,25,Import Volume|Export Volume|Harvested Area|Production Volume|Soybean|Crude Palm Oil|Canola Oil|Import Tariff|Source Document
23.04_Paraguay_Oilseeds and Products Annual.pdf,data/raw/USDA/FAS/GAIN/Oilseeds/2023/04/23.04_Paraguay_Oilseeds and Products Annual.pdf,data/raw/USDA/FAS/GAIN/Oilseeds/2023/04/Summary/23.04_Paraguay_Oilseeds and Products Annual.md,True,11,17089,기상이변|바이오연료수요|생산변동|압착|재고,중립/혼재,13,14,Import Volume|Export Volume|Harvested Area|Production Volume|Soybean|Soybean Oil|Source Document
23.04_Philippines_Oilseeds and Products Annual.pdf,data/raw/USDA/FAS/GAIN/Oilseeds/2023/04/23.04_Philippines_Oilseeds and Products Annual.pdf,data/raw/USDA/FAS/GAIN/Oilseeds/2023/04/Summary/23.04_Philippines_Oilseeds and Products Annual.md,True,21,24435,기상이변|바이오연료수요|압착|재고,중립/혼재,28,34,Import Volume|Export Volume|Harvested Area|Soybean|Crude Palm Oil|Source Document
23.04_South Afrika_Oilseeds and Products Annual.pdf,data/raw/USDA/FAS/GAIN/Oilseeds/2023/04/23.04_South Afrika_Oilseeds and Products Annual.pdf,data/raw/USDA/FAS/GAIN/Oilseeds/2023/04/Summary/23.04_South Afrika_Oilseeds and Products Annual.md,True,21,31878,기상이변|수입관세|압착|재고,하방 우세,33,101,Gross Domestic Product|Import Volume|Export Volume|Harvested Area|Soybean|Vegetable Oil|Crude Palm Oil|Neutral Regime|Geopolitical Conflict|Source Document
23.04_Taiwan_Oilseeds and Products Annual.pdf,data/raw/USDA/FAS/GAIN/Oilseeds/2023/04/23.04_Taiwan_Oilseeds and Products Annual.pdf,data/raw/USDA/FAS/GAIN/Oilseeds/2023/04/Summary/23.04_Taiwan_Oilseeds and Products Annual.md,True,19,28795,바이오연료수요|수입관세|압착|재고,상방 우세,37,18,Import Volume|Export Volume|Harvested Area|Crushing Volume|Crushing Rate|Soybean|Soybean Oil|Crude Palm Oil|Geopolitical Conflict|Agricultural Exemption|Source Document
23.04_Thailand_Oilseeds and Products Annual.pdf,data/raw/USDA/FAS/GAIN/Oilseeds/2023/04/23.04_Thailand_Oilseeds and Products Annual.pdf,data/raw/USDA/FAS/GAIN/Oilseeds/2023/04/Summary/23.04_Thailand_Oilseeds and Products Annual.md,True,21,44606,기상이변|물류충격|바이오연료수요|생산변동|수입관세|수출규제|압착|재고,상방 우세,101,44,Gross Domestic Product|Import Volume|Export Volume|La Niña|Harvested Area|Soybean|Crude Palm Oil|Import Quota|Source Document
23.04_Vietnam_Notifies WTO the Amendment of the List of Quarantine Pests.pdf,data/raw/USDA/FAS/GAIN/Oilseeds/2023/04/23.04_Vietnam_Notifies WTO the Amendment of the List of Quarantine Pests.pdf,data/raw/USDA/FAS/GAIN/Oilseeds/2023/04/Summary/23.04_Vietnam_Notifies WTO the Amendment of the List of Quarantine Pests.md,True,3,3526,,하방 우세,0,1,Source Document
23.04_Vietnam_Oilseeds and Products Annual.pdf,data/raw/USDA/FAS/GAIN/Oilseeds/2023/04/23.04_Vietnam_Oilseeds and Products Annual.pdf,data/raw/USDA/FAS/GAIN/Oilseeds/2023/04/Summary/23.04_Vietnam_Oilseeds and Products Annual.md,True,27,44731,생산변동|압착|재고,상방 우세,85,31,Gross Domestic Product|Import Volume|Export Volume|Harvested Area|Crushing Volume|Soybean|Soybean Oil|Crude Palm Oil|Canola Oil|Source Document
23.05_Bangladesh_Biweekly Price and Policy Update Week of 23 April.pdf,data/raw/USDA/FAS/GAIN/Oilseeds/2023/05/23.05_Bangladesh_Biweekly Price and Policy Update Week of 23 April.pdf,data/raw/USDA/FAS/GAIN/Oilseeds/2023/05/Summary/23.05_Bangladesh_Biweekly Price and Policy Update Week of 23 April.md,True,6,6876,,중립/혼재,5,5,Import Volume|Export Volume|Crude Palm Oil|Source Document
23.05_Canada_Updated guidance for seed regulations supportive of gene-edited products.pdf,data/raw/USDA/FAS/GAIN/Oilseeds/2023/05/23.05_Canada_Updated guidance for seed regulations supportive of gene-edited products.pdf,data/raw/USDA/FAS/GAIN/Oilseeds/2023/05/Summary/23.05_Canada_Updated guidance for seed regulations supportive of gene-edited products.md,True,3,3948,기상이변,중립/혼재,0,0,Source Document
23.05_China_Draft National Food Safety Standard of Protein Determination Issued for Domestic Comments.pdf,data/raw/USDA/FAS/GAIN/Oilseeds/2023/05/23.05_China_Draft National Food Safety Standard of Protein Determination Issued for Domestic Comments.pdf,data/raw/USDA/FAS/GAIN/Oilseeds/2023/05/Summary/23.05_China_Draft National Food Safety Standard of Protein Determination Issued for Domestic Comments.md,True,16,29720,바이오연료수요,하방 우세,4,11,Neutral Regime|Source Document
23.05_EU_Oilseeds and Products Annual.pdf,data/raw/USDA/FAS/GAIN/Oilseeds/2023/05/23.05_EU_Oilseeds and Products Annual.pdf,data/raw/USDA/FAS/GAIN/Oilseeds/2023/05/Summary/23.05_EU_Oilseeds and Products Annual.md,True,63,39831,기상이변|물류충격|바이오연료수요|생산변동|압착|재고,중립/혼재,55,48,Import Volume|Export Volume|Harvested Area|Soybean|Crude Palm Oil|Canola Oil|Neutral Regime|Geopolitical Conflict|Source Document
23.05_Ghana_Oilseeds Voluntary 2023.pdf,data/raw/USDA/FAS/GAIN/Oilseeds/2023/05/23.05_Ghana_Oilseeds Voluntary 2023.pdf,data/raw/USDA/FAS/GAIN/Oilseeds/2023/05/Summary/23.05_Ghana_Oilseeds Voluntary 2023.md,True,20,39464,기상이변|물류충격|바이오연료수요|생산변동|수입관세|압착|재고,상방 우세,75,19,Import Volume|Export Volume|Harvested Area|Soybean|Crude Palm Oil|Import Tariff|Source Document
23.05_Kazakhstan_Oilseed Industry Anticipates Increases to Planting Acreage and Exports to China.pdf,data/raw/USDA/FAS/GAIN/Oilseeds/2023/05/23.05_Kazakhstan_Oilseed Industry Anticipates Increases to Planting Acreage and Exports to China.pdf,data/raw/USDA/FAS/GAIN/Oilseeds/2023/05/Summary/23.05_Kazakhstan_Oilseed Industry Anticipates Increases to Planting Acreage and Exports to China.md,True,6,11376,기상이변|생산변동|수출규제|압착,중립/혼재,16,19,Import Volume|Export Volume|Soybean|Vegetable Oil|Source Document
23.05_Peru_Oilseeds and Products Annual.pdf,data/raw/USDA/FAS/GAIN/Oilseeds/2023/05/23.05_Peru_Oilseeds and Products Annual.pdf,data/raw/USDA/FAS/GAIN/Oilseeds/2023/05/Summary/23.05_Peru_Oilseeds and Products Annual.md,True,5,9334,기상이변|재고,중립/혼재,2,2,Import Volume|Export Volume|Source Document
23.05_UK_Oilseeds and Products Annual.pdf,data/raw/USDA/FAS/GAIN/Oilseeds/2023/05/23.05_UK_Oilseeds and Products Annual.pdf,data/raw/USDA/FAS/GAIN/Oilseeds/2023/05/Summary/23.05_UK_Oilseeds and Products Annual.md,True,20,30123,압착|재고,상방 우세,28,19,Import Volume|Export Volume|Harvested Area|Crushing Volume|Soybean|Crude Palm Oil|Canola Oil|Source Document
23.06_Bangladesh_Biweekly Price and Policy Update Week of 11 June.pdf,data/raw/USDA/FAS/GAIN/Oilseeds/2023/06/23.06_Bangladesh_Biweekly Price and Policy Update Week of 11 June.pdf,data/raw/USDA/FAS/GAIN/Oilseeds/2023/06/Summary/23.06_Bangladesh_Biweekly Price and Policy Update Week of 11 June.md,True,8,7356,,하방 우세,3,8,Import Volume|Export Volume|Crude Palm Oil|Source Document
23.06_Bangladesh_Biweekly Price and Policy Update Week of 29 May.pdf,data/raw/USDA/FAS/GAIN/Oilseeds/2023/06/23.06_Bangladesh_Biweekly Price and Policy Update Week of 29 May.pdf,data/raw/USDA/FAS/GAIN/Oilseeds/2023/06/Summary/23.06_Bangladesh_Biweekly Price and Policy Update Week of 29 May.md,True,7,7572,,중립/혼재,4,4,Import Volume|Export Volume|Crude Palm Oil|Source Document
23.06_China_Black Sea Grain Initiative Shipments Benefit PRC.pdf,data/raw/USDA/FAS/GAIN/Oilseeds/2023/06/23.06_China_Black Sea Grain Initiative Shipments Benefit PRC.pdf,data/raw/USDA/FAS/GAIN/Oilseeds/2023/06/Summary/23.06_China_Black Sea Grain Initiative Shipments Benefit PRC.md,True,3,3091,물류충격,하방 우세,0,6,Export Volume|Soybean|Source Document
23.06_India_Reduces Import Duties on Refined Sunflower and Soybean Oils.pdf,data/raw/USDA/FAS/GAIN/Oilseeds/2023/06/23.06_India_Reduces Import Duties on Refined Sunflower and Soybean Oils.pdf,data/raw/USDA/FAS/GAIN/Oilseeds/2023/06/Summary/23.06_India_Reduces Import Duties on Refined Sunflower and Soybean Oils.md,True,4,3247,수입관세,하방 우세,2,8,Inflation|Import Volume|Vegetable Oil|Crude Palm Oil|Import Tariff|Source Document
23.06_Portugal_Soybean and Products Market Outlook.pdf,data/raw/USDA/FAS/GAIN/Oilseeds/2023/06/23.06_Portugal_Soybean and Products Market Outlook.pdf,data/raw/USDA/FAS/GAIN/Oilseeds/2023/06/Summary/23.06_Portugal_Soybean and Products Market Outlook.md,True,4,5580,바이오연료수요|압착,하방 우세,0,2,Import Volume|Export Volume|Soybean|Source Document
23.06_Spain_Grain Production Decline to Test Supply Chain Logistics Resilience in Spain.pdf,data/raw/USDA/FAS/GAIN/Oilseeds/2023/06/23.06_Spain_Grain Production Decline to Test Supply Chain Logistics Resilience in Spain.pdf,data/raw/USDA/FAS/GAIN/Oilseeds/2023/06/Summary/23.06_Spain_Grain Production Decline to Test Supply Chain Logistics Resilience in Spain.md,True,11,19762,기상이변|물류충격|바이오연료수요|생산변동|수입관세|재고,하방 우세,13,41,Import Volume|Export Volume|Heatwave|Soil Moisture Percentile|Marketing Year|Neutral Regime|Source Document
23.06_Spain_Soybean and Products Market Outlook.pdf,data/raw/USDA/FAS/GAIN/Oilseeds/2023/06/23.06_Spain_Soybean and Products Market Outlook.pdf,data/raw/USDA/FAS/GAIN/Oilseeds/2023/06/Summary/23.06_Spain_Soybean and Products Market Outlook.md,True,5,6576,바이오연료수요|압착,하방 우세,0,2,Import Volume|Export Volume|Soybean|Source Document
23.07_Argentina_Oilseeds and Products Update.pdf,data/raw/USDA/FAS/GAIN/Oilseeds/2023/07/23.07_Argentina_Oilseeds and Products Update.pdf,data/raw/USDA/FAS/GAIN/Oilseeds/2023/07/Summary/23.07_Argentina_Oilseeds and Products Update.md,True,8,9695,기상이변|압착|재고,하방 우세,3,11,Import Volume|Export Volume|Harvested Area|Soybean|Source Document
23.07_Bangladesh_Biweekly Price and Policy Update Week of 2 July.pdf,data/raw/USDA/FAS/GAIN/Oilseeds/2023/07/23.07_Bangladesh_Biweekly Price and Policy Update Week of 2 July.pdf,data/raw/USDA/FAS/GAIN/Oilseeds/2023/07/Summary/23.07_Bangladesh_Biweekly Price and Policy Update Week of 2 July.md,True,6,6588,,중립/혼재,4,4,Import Volume|Export Volume|Crude Palm Oil|Source Document
23.07_Brazil_Oilseeds and Products Update.pdf,data/raw/USDA/FAS/GAIN/Oilseeds/2023/07/23.07_Brazil_Oilseeds and Products Update.pdf,data/raw/USDA/FAS/GAIN/Oilseeds/2023/07/Summary/23.07_Brazil_Oilseeds and Products Update.md,True,11,15585,기상이변|바이오연료수요|압착|재고,상방 우세,24,9,Import Volume|Export Volume|Harvested Area|Production Volume|Crushing Volume|Soybean|Soybean Oil|Source Document
23.07_Bulgaria_Oilseeds and Products Market Update.pdf,data/raw/USDA/FAS/GAIN/Oilseeds/2023/07/23.07_Bulgaria_Oilseeds and Products Market Update.pdf,data/raw/USDA/FAS/GAIN/Oilseeds/2023/07/Summary/23.07_Bulgaria_Oilseeds and Products Market Update.md,True,17,20634,기상이변|생산변동|압착|재고,하방 우세,18,83,Import Volume|Export Volume|Soil Moisture Percentile|Harvested Area|Soybean|Canola Oil|Source Document
23.07_China_Oilseeds and Products Update.pdf,data/raw/USDA/FAS/GAIN/Oilseeds/2023/07/23.07_China_Oilseeds and Products Update.pdf,data/raw/USDA/FAS/GAIN/Oilseeds/2023/07/Summary/23.07_China_Oilseeds and Products Update.md,True,34,43603,기상이변|바이오연료수요|압착|재고,상방 우세,86,52,Gross Domestic Product|Import Volume|Export Volume|Harvested Area|Crushing Volume|Soybean|Soybean Oil|Crude Palm Oil|Canola Oil|Source Document
23.08_Canada_Update on Industrial Hemp Production Trade and Regulation.pdf,data/raw/USDA/FAS/GAIN/Oilseeds/2023/08/23.08_Canada_Update on Industrial Hemp Production Trade and Regulation.pdf,data/raw/USDA/FAS/GAIN/Oilseeds/2023/08/Summary/23.08_Canada_Update on Industrial Hemp Production Trade and Regulation.md,True,7,17945,압착,하방 우세,3,10,Import Volume|Export Volume|Source Document|Bounding Box
23.08_Indonesia_Oilseeds and Products Update.pdf,data/raw/USDA/FAS/GAIN/Oilseeds/2023/08/23.08_Indonesia_Oilseeds and Products Update.pdf,data/raw/USDA/FAS/GAIN/Oilseeds/2023/08/Summary/23.08_Indonesia_Oilseeds and Products Update.md,True,7,11481,기상이변|바이오연료수요|생산변동|수출규제|압착|재고,상방 우세,10,3,Import Volume|Export Volume|Harvested Area|Production Volume|Soybean|Crude Palm Oil|Source Document
23.08_Japan_Gradually Evolving Market for Plant-Based Meat Substitutes.pdf,data/raw/USDA/FAS/GAIN/Oilseeds/2023/08/23.08_Japan_Gradually Evolving Market for Plant-Based Meat Substitutes.pdf,data/raw/USDA/FAS/GAIN/Oilseeds/2023/08/Summary/23.08_Japan_Gradually Evolving Market for Plant-Based Meat Substitutes.md,True,6,10785,,상방 우세,6,3,Import Volume|Soybean|Source Document
23.08_South Africa_Surging Rapeseed Production.pdf,data/raw/USDA/FAS/GAIN/Oilseeds/2023/08/23.08_South Africa_Surging Rapeseed Production.pdf,data/raw/USDA/FAS/GAIN/Oilseeds/2023/08/Summary/23.08_South Africa_Surging Rapeseed Production.md,True,6,8369,압착|재고,중립/혼재,3,3,Import Volume|Export Volume|Harvested Area|Soybean|Canola Oil|Source Document
23.08_Turkey_Re-Introduces Olive Oil and Pulse Export Restrictions.pdf,data/raw/USDA/FAS/GAIN/Oilseeds/2023/08/23.08_Turkey_Re-Introduces Olive Oil and Pulse Export Restrictions.pdf,data/raw/USDA/FAS/GAIN/Oilseeds/2023/08/Summary/23.08_Turkey_Re-Introduces Olive Oil and Pulse Export Restrictions.md,True,4,6527,수출규제,상방 우세,7,0,Export Volume|Source Document
23.09_China_Oilseeds and Products Update.pdf,data/raw/USDA/FAS/GAIN/Oilseeds/2023/09/23.09_China_Oilseeds and Products Update.pdf,data/raw/USDA/FAS/GAIN/Oilseeds/2023/09/Summary/23.09_China_Oilseeds and Products Update.md,True,34,42449,기상이변|물류충격|압착|재고,중립/혼재,75,69,Gross Domestic Product|Import Volume|Export Volume|Harvested Area|Production Volume|Crushing Volume|Soybean|Soybean Oil|Crude Palm Oil|Canola Oil|Neutral Regime|Trade War
23.09_China_Updated Soybean Standard To Take Effect December 2023.pdf,data/raw/USDA/FAS/GAIN/Oilseeds/2023/09/23.09_China_Updated Soybean Standard To Take Effect December 2023.pdf,data/raw/USDA/FAS/GAIN/Oilseeds/2023/09/Summary/23.09_China_Updated Soybean Standard To Take Effect December 2023.md,True,12,15955,,하방 우세,1,3,Soybean|Neutral Regime|Effective Date|Source Document
23.09_EU_Oilseeds and Products Update.pdf,data/raw/USDA/FAS/GAIN/Oilseeds/2023/09/23.09_EU_Oilseeds and Products Update.pdf,data/raw/USDA/FAS/GAIN/Oilseeds/2023/09/Summary/23.09_EU_Oilseeds and Products Update.md,True,20,48453,기상이변|물류충격|바이오연료수요|생산변동|수입관세|압착|재고,하방 우세,74,130,Import Volume|Export Volume|Soil Moisture Percentile|Harvested Area|Production Volume|Soybean|Crude Palm Oil|Canola Oil|Bear Regime|Neutral Regime|Geopolitical Conflict|Import Tariff
23.09_India_Oilseeds and Products Update.pdf,data/raw/USDA/FAS/GAIN/Oilseeds/2023/09/23.09_India_Oilseeds and Products Update.pdf,data/raw/USDA/FAS/GAIN/Oilseeds/2023/09/Summary/23.09_India_Oilseeds and Products Update.md,True,16,29242,기상이변|물류충격|수입관세|압착|재고,중립/혼재,40,41,Import Volume|Export Volume|Harvested Area|Production Volume|Soybean|Vegetable Oil|Crude Palm Oil|Neutral Regime|Import Tariff|Source Document
23.09_Turkiye_Oilseeds and Products Update.pdf,data/raw/USDA/FAS/GAIN/Oilseeds/2023/09/23.09_Turkiye_Oilseeds and Products Update.pdf,data/raw/USDA/FAS/GAIN/Oilseeds/2023/09/Summary/23.09_Turkiye_Oilseeds and Products Update.md,True,7,13761,기상이변|물류충격|생산변동|수입관세|압착|재고,하방 우세,22,83,Import Volume|Export Volume|Harvested Area|Sunflower Oil|Geopolitical Conflict|Import Tariff|Source Document
23.10_Brazil_Oilseeds and Products Update.pdf,data/raw/USDA/FAS/GAIN/Oilseeds/2023/10/23.10_Brazil_Oilseeds and Products Update.pdf,data/raw/USDA/FAS/GAIN/Oilseeds/2023/10/Summary/23.10_Brazil_Oilseeds and Products Update.md,True,17,20919,기상이변|바이오연료수요|생산변동|압착|재고,상방 우세,32,20,Import Volume|Export Volume|Soil Moisture Percentile|Harvested Area|Crushing Volume|Soybean|Soybean Oil|Crude Palm Oil|Geopolitical Conflict|Trade War|Source Document
23.10_Canada_Consults on Novel Feed Regulation.pdf,data/raw/USDA/FAS/GAIN/Oilseeds/2023/10/23.10_Canada_Consults on Novel Feed Regulation.pdf,data/raw/USDA/FAS/GAIN/Oilseeds/2023/10/Summary/23.10_Canada_Consults on Novel Feed Regulation.md,True,2,3517,,중립/혼재,0,0,Source Document
23.10_China_Inaugural Genetically Modified Corn and Soybean Variety Registration List Published - Comment Period Opened.pdf,data/raw/USDA/FAS/GAIN/Oilseeds/2023/10/23.10_China_Inaugural Genetically Modified Corn and Soybean Variety Registration List Published - Comment Period Opened.pdf,data/raw/USDA/FAS/GAIN/Oilseeds/2023/10/Summary/23.10_China_Inaugural Genetically Modified Corn and Soybean Variety Registration List Published - Comment Period Opened.md,True,17,40625,,상방 우세,108,0,Soybean|Source Document
23.10_China_MARA Issues New and Renewed Biosafety Certificates.pdf,data/raw/USDA/FAS/GAIN/Oilseeds/2023/10/23.10_China_MARA Issues New and Renewed Biosafety Certificates.pdf,data/raw/USDA/FAS/GAIN/Oilseeds/2023/10/Summary/23.10_China_MARA Issues New and Renewed Biosafety Certificates.md,True,24,39465,,중립/혼재,0,0,Source Document
23.10_China_Minor Oilseed Export Facility Registration Process Updated.pdf,data/raw/USDA/FAS/GAIN/Oilseeds/2023/10/23.10_China_Minor Oilseed Export Facility Registration Process Updated.pdf,data/raw/USDA/FAS/GAIN/Oilseeds/2023/10/Summary/23.10_China_Minor Oilseed Export Facility Registration Process Updated.md,True,3,5805,,하방 우세,3,4,Export Volume|Source Document
23.10_China_Peanut Export Facility Registration Process Updated.pdf,data/raw/USDA/FAS/GAIN/Oilseeds/2023/10/23.10_China_Peanut Export Facility Registration Process Updated.pdf,data/raw/USDA/FAS/GAIN/Oilseeds/2023/10/Summary/23.10_China_Peanut Export Facility Registration Process Updated.md,True,3,5626,,상방 우세,3,0,Export Volume|Source Document
23.10_India_Erratic Southwest Monsoon Concludes.pdf,data/raw/USDA/FAS/GAIN/Oilseeds/2023/10/23.10_India_Erratic Southwest Monsoon Concludes.pdf,data/raw/USDA/FAS/GAIN/Oilseeds/2023/10/Summary/23.10_India_Erratic Southwest Monsoon Concludes.md,True,16,8745,기상이변,하방 우세,5,33,Source Document
23.10_Japan_USJTA Treatment for Fats and Oils 2023.pdf,data/raw/USDA/FAS/GAIN/Oilseeds/2023/10/23.10_Japan_USJTA Treatment for Fats and Oils 2023.pdf,data/raw/USDA/FAS/GAIN/Oilseeds/2023/10/Summary/23.10_Japan_USJTA Treatment for Fats and Oils 2023.md,True,3,3447,,중립/혼재,2,2,Import Volume|Neutral Regime|Source Document
23.10_Vietnam_Oilseeds and Products Update.pdf,data/raw/USDA/FAS/GAIN/Oilseeds/2023/10/23.10_Vietnam_Oilseeds and Products Update.pdf,data/raw/USDA/FAS/GAIN/Oilseeds/2023/10/Summary/23.10_Vietnam_Oilseeds and Products Update.md,True,27,42601,생산변동|압착|재고,상방 우세,54,36,Import Volume|Export Volume|Harvested Area|Crushing Volume|Soybean|Soybean Oil|Crude Palm Oil|Canola Oil|Source Document
23.11_Bangladesh_Periodic Price Update and Food Security Status-Week of October 22.pdf,data/raw/USDA/FAS/GAIN/Oilseeds/2023/11/23.11_Bangladesh_Periodic Price Update and Food Security Status-Week of October 22.pdf,data/raw/USDA/FAS/GAIN/Oilseeds/2023/11/Summary/23.11_Bangladesh_Periodic Price Update and Food Security Status-Week of October 22.md,True,6,7618,,중립/혼재,11,11,Import Volume|Export Volume|Crude Palm Oil|Source Document
23.11_Canada_Acknowledges that US feedstocks are in compliance with Land Use and Biodiversity Criteria under the Clean Fuel Regulation.pdf,data/raw/USDA/FAS/GAIN/Oilseeds/2023/11/23.11_Canada_Acknowledges that US feedstocks are in compliance with Land Use and Biodiversity Criteria under the Clean Fuel Regulation.pdf,data/raw/USDA/FAS/GAIN/Oilseeds/2023/11/Summary/23.11_Canada_Acknowledges that US feedstocks are in compliance with Land Use and Biodiversity Criteria under the Clean Fuel Regulation.md,True,2,3699,바이오연료수요,중립/혼재,0,0,Export Volume|Biodiesel Feedstock|Source Document
23.11_China_Important Reminder - Required Registration of Overseas Grain and Oilseed Enterprises.pdf,data/raw/USDA/FAS/GAIN/Oilseeds/2023/11/23.11_China_Important Reminder - Required Registration of Overseas Grain and Oilseed Enterprises.pdf,data/raw/USDA/FAS/GAIN/Oilseeds/2023/11/Summary/23.11_China_Important Reminder - Required Registration of Overseas Grain and Oilseed Enterprises.md,True,3,5353,,상방 우세,8,0,Soybean|Source Document
23.11_China_Oilseeds and Products Update.pdf,data/raw/USDA/FAS/GAIN/Oilseeds/2023/11/23.11_China_Oilseeds and Products Update.pdf,data/raw/USDA/FAS/GAIN/Oilseeds/2023/11/Summary/23.11_China_Oilseeds and Products Update.md,True,33,42584,기상이변|물류충격|압착|재고,중립/혼재,68,55,Gross Domestic Product|Import Volume|Export Volume|Harvested Area|Crushing Volume|Soybean|Soybean Oil|Crude Palm Oil|Canola Oil|Neutral Regime|Source Document
23.11_India_A Minimum Support Price Hike for Rabi Crops for Marketing Year 2024 to 2025.pdf,data/raw/USDA/FAS/GAIN/Oilseeds/2023/11/23.11_India_A Minimum Support Price Hike for Rabi Crops for Marketing Year 2024 to 2025.pdf,data/raw/USDA/FAS/GAIN/Oilseeds/2023/11/Summary/23.11_India_A Minimum Support Price Hike for Rabi Crops for Marketing Year 2024 to 2025.md,True,3,4405,,상방 우세,8,3,Production Volume|Soybean|Soybean Oil|Source Document
23.11_Indonesia_US Ambassador to Indonesia Inaugurates World's Largest Tempeh Factory.pdf,data/raw/USDA/FAS/GAIN/Oilseeds/2023/11/23.11_Indonesia_US Ambassador to Indonesia Inaugurates World's Largest Tempeh Factory.pdf,data/raw/USDA/FAS/GAIN/Oilseeds/2023/11/Summary/23.11_Indonesia_US Ambassador to Indonesia Inaugurates World's Largest Tempeh Factory.md,True,3,3908,,상방 우세,3,2,Import Volume|Soybean|Source Document
23.11_Taiwan_Publishes Draft Amendment for Toxins in Food Levels.pdf,data/raw/USDA/FAS/GAIN/Oilseeds/2023/11/23.11_Taiwan_Publishes Draft Amendment for Toxins in Food Levels.pdf,data/raw/USDA/FAS/GAIN/Oilseeds/2023/11/Summary/23.11_Taiwan_Publishes Draft Amendment for Toxins in Food Levels.md,True,3,3150,,하방 우세,0,1,Effective Date|Source Document
23.12_Bulgaria_Direct Versus Indirect Trade - Bulgaria's Hidden Market for US Ag Exports.pdf,data/raw/USDA/FAS/GAIN/Oilseeds/2023/12/23.12_Bulgaria_Direct Versus Indirect Trade - Bulgaria's Hidden Market for US Ag Exports.pdf,data/raw/USDA/FAS/GAIN/Oilseeds/2023/12/Summary/23.12_Bulgaria_Direct Versus Indirect Trade - Bulgaria's Hidden Market for US Ag Exports.md,True,9,19650,물류충격|수입관세,상방 우세,19,8,Import Volume|Export Volume|Source Document
23.12_Bulgaria_Oilseeds and Products Market Update.pdf,data/raw/USDA/FAS/GAIN/Oilseeds/2023/12/23.12_Bulgaria_Oilseeds and Products Market Update.pdf,data/raw/USDA/FAS/GAIN/Oilseeds/2023/12/Summary/23.12_Bulgaria_Oilseeds and Products Market Update.md,True,15,17400,기상이변|물류충격|압착|재고,하방 우세,8,73,Import Volume|Export Volume|Precipitation Deficit|Soil Moisture Percentile|Harvested Area|Marketing Year|Soybean|Canola Oil|Neutral Regime|Source Document
23.12_China_Decree 248 Guidance for US Exporters.pdf,data/raw/USDA/FAS/GAIN/Oilseeds/2023/12/23.12_China_Decree 248 Guidance for US Exporters.pdf,data/raw/USDA/FAS/GAIN/Oilseeds/2023/12/Summary/23.12_China_Decree 248 Guidance for US Exporters.md,True,4,8990,,상방 우세,1,0,Export Volume|Source Document
23.12_China_MARA Announces 51 Genetically Engineered Corn and Soybean Varieties Registered.pdf,data/raw/USDA/FAS/GAIN/Oilseeds/2023/12/23.12_China_MARA Announces 51 Genetically Engineered Corn and Soybean Varieties Registered.pdf,data/raw/USDA/FAS/GAIN/Oilseeds/2023/12/Summary/23.12_China_MARA Announces 51 Genetically Engineered Corn and Soybean Varieties Registered.md,True,2,1666,,중립/혼재,0,0,Source Document
23.12_EU_Olive Oil Production Update.pdf,data/raw/USDA/FAS/GAIN/Oilseeds/2023/12/23.12_EU_Olive Oil Production Update.pdf,data/raw/USDA/FAS/GAIN/Oilseeds/2023/12/Summary/23.12_EU_Olive Oil Production Update.md,True,5,7062,기상이변|생산변동|재고,하방 우세,2,17,Import Volume|Export Volume|Production Volume|Source Document
23.12_India_Oilseeds and Products Update.pdf,data/raw/USDA/FAS/GAIN/Oilseeds/2023/12/23.12_India_Oilseeds and Products Update.pdf,data/raw/USDA/FAS/GAIN/Oilseeds/2023/12/Summary/23.12_India_Oilseeds and Products Update.md,True,11,17075,기상이변|생산변동|수입관세|압착|재고,중립/혼재,27,33,Import Volume|Export Volume|Harvested Area|Production Volume|Soybean|Vegetable Oil|Crude Palm Oil|Freight Rate|Source Document
23.12_Indonesia_Oilseeds and Products Update.pdf,data/raw/USDA/FAS/GAIN/Oilseeds/2023/12/23.12_Indonesia_Oilseeds and Products Update.pdf,data/raw/USDA/FAS/GAIN/Oilseeds/2023/12/Summary/23.12_Indonesia_Oilseeds and Products Update.md,True,7,10578,기상이변|바이오연료수요|생산변동|압착|재고,상방 우세,17,8,Gross Domestic Product|Import Volume|Export Volume|Harvested Area|Soybean|Vegetable Oil|Crude Palm Oil|Source Document
23.12_Pakistan_Oilseeds and Products Update.pdf,data/raw/USDA/FAS/GAIN/Oilseeds/2023/12/23.12_Pakistan_Oilseeds and Products Update.pdf,data/raw/USDA/FAS/GAIN/Oilseeds/2023/12/Summary/23.12_Pakistan_Oilseeds and Products Update.md,True,6,6939,생산변동|압착|재고,상방 우세,5,2,Import Volume|Export Volume|Harvested Area|Source Document
23.12_Philippines_Additional Recordkeeping Requirements Imposed on Imported Feed Ingredients.pdf,data/raw/USDA/FAS/GAIN/Oilseeds/2023/12/23.12_Philippines_Additional Recordkeeping Requirements Imposed on Imported Feed Ingredients.pdf,data/raw/USDA/FAS/GAIN/Oilseeds/2023/12/Summary/23.12_Philippines_Additional Recordkeeping Requirements Imposed on Imported Feed Ingredients.md,True,2,3120,,중립/혼재,0,0,Crude Palm Oil|Source Document
23.12_South Korea_Additional Tariff Rate Quotas for Agricultural and Livestock Items.pdf,data/raw/USDA/FAS/GAIN/Oilseeds/2023/12/23.12_South Korea_Additional Tariff Rate Quotas for Agricultural and Livestock Items.pdf,data/raw/USDA/FAS/GAIN/Oilseeds/2023/12/Summary/23.12_South Korea_Additional Tariff Rate Quotas for Agricultural and Livestock Items.md,True,6,10366,재고,상방 우세,22,6,Inflation|Import Volume|Export Volume|Source Document
23.12_Turkiye_Oilseeds and Products Update.pdf,data/raw/USDA/FAS/GAIN/Oilseeds/2023/12/23.12_Turkiye_Oilseeds and Products Update.pdf,data/raw/USDA/FAS/GAIN/Oilseeds/2023/12/Summary/23.12_Turkiye_Oilseeds and Products Update.md,True,3,6175,기상이변|생산변동|재고,하방 우세,1,12,Import Volume|Export Volume|Pollination Window|Harvested Area|Source Document
24.01_Argentina_Oilseeds and Products Update.pdf,data/raw/USDA/FAS/GAIN/Oilseeds/2024/01/24.01_Argentina_Oilseeds and Products Update.pdf,data/raw/USDA/FAS/GAIN/Oilseeds/2024/01/Summary/24.01_Argentina_Oilseeds and Products Update.md,True,7,13956,기상이변|수출규제|압착|재고,중립/혼재,22,20,Inflation|Import Volume|Export Volume|Harvested Area|Soybean|Source Document
24.01_Brazil_Oilseeds and Products Update.pdf,data/raw/USDA/FAS/GAIN/Oilseeds/2024/01/24.01_Brazil_Oilseeds and Products Update.pdf,data/raw/USDA/FAS/GAIN/Oilseeds/2024/01/Summary/24.01_Brazil_Oilseeds and Products Update.md,True,21,35097,기상이변|바이오연료수요|생산변동|압착|재고,상방 우세,32,21,Import Volume|Export Volume|Soil Moisture Percentile|Harvested Area|Production Volume|Soybean|Soybean Oil|Source Document
24.01_China_New Format and Information Requested for GACC DAPQ Facility Registration.pdf,data/raw/USDA/FAS/GAIN/Oilseeds/2024/01/24.01_China_New Format and Information Requested for GACC DAPQ Facility Registration.pdf,data/raw/USDA/FAS/GAIN/Oilseeds/2024/01/Summary/24.01_China_New Format and Information Requested for GACC DAPQ Facility Registration.md,True,3,5456,,상방 우세,4,0,Neutral Regime|Source Document
24.01_Egypt_Economic Challenges Continue to Effect.pdf,data/raw/USDA/FAS/GAIN/Oilseeds/2024/01/24.01_Egypt_Economic Challenges Continue to Effect.pdf,data/raw/USDA/FAS/GAIN/Oilseeds/2024/01/Summary/24.01_Egypt_Economic Challenges Continue to Effect.md,True,6,8851,기상이변|생산변동|수출규제,상방 우세,15,7,Inflation|Import Volume|Export Volume|Soybean|Geopolitical Conflict|Source Document
24.01_India_Patchy Northeast Monsoon Impacts Rabi Planting.pdf,data/raw/USDA/FAS/GAIN/Oilseeds/2024/01/24.01_India_Patchy Northeast Monsoon Impacts Rabi Planting.pdf,data/raw/USDA/FAS/GAIN/Oilseeds/2024/01/Summary/24.01_India_Patchy Northeast Monsoon Impacts Rabi Planting.md,True,6,7174,,하방 우세,5,20,Source Document
24.01_Malaysia_Oilseeds and Products Update.pdf,data/raw/USDA/FAS/GAIN/Oilseeds/2024/01/24.01_Malaysia_Oilseeds and Products Update.pdf,data/raw/USDA/FAS/GAIN/Oilseeds/2024/01/Summary/24.01_Malaysia_Oilseeds and Products Update.md,True,13,20538,기상이변|바이오연료수요|생산변동|압착|재고,상방 우세,38,17,Import Volume|Export Volume|Harvested Area|Soybean|Crude Palm Oil|Neutral Regime|Source Document
24.02_China_National Food Security Law Published.pdf,data/raw/USDA/FAS/GAIN/Oilseeds/2024/02/24.02_China_National Food Security Law Published.pdf,data/raw/USDA/FAS/GAIN/Oilseeds/2024/02/Summary/24.02_China_National Food Security Law Published.md,True,18,52170,기상이변|재고,상방 우세,24,4,Soybean|Neutral Regime|Source Document|Bounding Box
24.02_China_Revised Draft Oilseed Species Standard Published for Comment.pdf,data/raw/USDA/FAS/GAIN/Oilseeds/2024/02/24.02_China_Revised Draft Oilseed Species Standard Published for Comment.pdf,data/raw/USDA/FAS/GAIN/Oilseeds/2024/02/Summary/24.02_China_Revised Draft Oilseed Species Standard Published for Comment.md,True,8,9590,,하방 우세,3,20,Source Document
24.02_India_Oilseeds and Products Update.pdf,data/raw/USDA/FAS/GAIN/Oilseeds/2024/02/24.02_India_Oilseeds and Products Update.pdf,data/raw/USDA/FAS/GAIN/Oilseeds/2024/02/Summary/24.02_India_Oilseeds and Products Update.md,True,7,9622,물류충격|압착|재고,상방 우세,16,6,Import Volume|Export Volume|Soil Moisture Percentile|Harvested Area|Vegetable Oil|Crude Palm Oil|Canola Oil|Source Document
24.02_Indonesia_Oilseeds and Products Update.pdf,data/raw/USDA/FAS/GAIN/Oilseeds/2024/02/24.02_Indonesia_Oilseeds and Products Update.pdf,data/raw/USDA/FAS/GAIN/Oilseeds/2024/02/Summary/24.02_Indonesia_Oilseeds and Products Update.md,True,9,10869,바이오연료수요|생산변동|압착|재고,중립/혼재,13,12,Gross Domestic Product|Import Volume|Export Volume|Harvested Area|Soybean|Crude Palm Oil|Source Document
24.02_Taiwan_2023 US Agricultural Exports to Taiwan Summary.pdf,data/raw/USDA/FAS/GAIN/Oilseeds/2024/02/24.02_Taiwan_2023 US Agricultural Exports to Taiwan Summary.pdf,data/raw/USDA/FAS/GAIN/Oilseeds/2024/02/Summary/24.02_Taiwan_2023 US Agricultural Exports to Taiwan Summary.md,True,8,8483,,하방 우세,8,11,Import Volume|Export Volume|Soybean|Source Document
24.03_Argentina_Oilseeds and Products Update.pdf,data/raw/USDA/FAS/GAIN/Oilseeds/2024/03/24.03_Argentina_Oilseeds and Products Update.pdf,data/raw/USDA/FAS/GAIN/Oilseeds/2024/03/Summary/24.03_Argentina_Oilseeds and Products Update.md,True,7,11588,기상이변|수출규제|압착|재고,하방 우세,10,22,Import Volume|Export Volume|Heatwave|Harvested Area|Soybean|Export Tax|Source Document
24.03_Bangladesh_Oilseeds and Products Annual.pdf,data/raw/USDA/FAS/GAIN/Oilseeds/2024/03/24.03_Bangladesh_Oilseeds and Products Annual.pdf,data/raw/USDA/FAS/GAIN/Oilseeds/2024/03/Summary/24.03_Bangladesh_Oilseeds and Products Annual.md,True,25,43095,바이오연료수요|압착|재고,상방 우세,64,26,Import Volume|Export Volume|Soil Moisture Percentile|Harvested Area|Production Volume|Harvest Delay|Marketing Year|Soybean|Vegetable Oil|Crude Palm Oil|Canola Oil|Source Document
24.03_Brazil_Oilseeds and Products Annual.pdf,data/raw/USDA/FAS/GAIN/Oilseeds/2024/03/24.03_Brazil_Oilseeds and Products Annual.pdf,data/raw/USDA/FAS/GAIN/Oilseeds/2024/03/Summary/24.03_Brazil_Oilseeds and Products Annual.md,True,52,49740,기상이변|바이오연료수요|압착,중립/혼재,54,42,Import Volume|Export Volume|Soil Moisture Percentile|Production Volume|Marketing Year|Soybean|Soybean Oil|Hold Recommendation|Source Document
24.03_China_NEA Announcement of Biodiesel Promotion Pilot Programs.pdf,data/raw/USDA/FAS/GAIN/Oilseeds/2024/03/24.03_China_NEA Announcement of Biodiesel Promotion Pilot Programs.pdf,data/raw/USDA/FAS/GAIN/Oilseeds/2024/03/Summary/24.03_China_NEA Announcement of Biodiesel Promotion Pilot Programs.md,True,3,6037,바이오연료수요,상방 우세,4,0,Source Document
24.03_China_New Genetically Modified Corn and Soybean Variety Registration List Published.pdf,data/raw/USDA/FAS/GAIN/Oilseeds/2024/03/24.03_China_New Genetically Modified Corn and Soybean Variety Registration List Published.pdf,data/raw/USDA/FAS/GAIN/Oilseeds/2024/03/Summary/24.03_China_New Genetically Modified Corn and Soybean Variety Registration List Published.md,True,17,34364,,상방 우세,40,0,Soybean|Source Document
24.03_China_Oilseeds and Products Annual.pdf,data/raw/USDA/FAS/GAIN/Oilseeds/2024/03/24.03_China_Oilseeds and Products Annual.pdf,data/raw/USDA/FAS/GAIN/Oilseeds/2024/03/Summary/24.03_China_Oilseeds and Products Annual.md,True,52,63149,생산변동|수입관세|압착|재고,중립/혼재,78,88,Gross Domestic Product|Import Volume|Export Volume|Production Volume|Crushing Volume|Soybean|Crude Palm Oil|Canola Oil|Geopolitical Conflict|Import Tariff|Source Document
24.03_Indonesia_Oilseeds and Products Annual.pdf,data/raw/USDA/FAS/GAIN/Oilseeds/2024/03/24.03_Indonesia_Oilseeds and Products Annual.pdf,data/raw/USDA/FAS/GAIN/Oilseeds/2024/03/Summary/24.03_Indonesia_Oilseeds and Products Annual.md,True,19,26170,기상이변|바이오연료수요|압착|재고,상방 우세,31,13,Import Volume|Export Volume|Harvested Area|Marketing Year|Soybean Oil|Crude Palm Oil|Effective Date|Source Document
24.03_Nicaragua_Oilseeds and Products Annual.pdf,data/raw/USDA/FAS/GAIN/Oilseeds/2024/03/24.03_Nicaragua_Oilseeds and Products Annual.pdf,data/raw/USDA/FAS/GAIN/Oilseeds/2024/03/Summary/24.03_Nicaragua_Oilseeds and Products Annual.md,True,6,9988,기상이변|압착|재고,상방 우세,22,5,Import Volume|Export Volume|Harvested Area|Marketing Year|Source Document
24.03_Peru_Oilseeds and Products Annual.pdf,data/raw/USDA/FAS/GAIN/Oilseeds/2024/03/24.03_Peru_Oilseeds and Products Annual.pdf,data/raw/USDA/FAS/GAIN/Oilseeds/2024/03/Summary/24.03_Peru_Oilseeds and Products Annual.md,True,7,12840,기상이변|재고,중립/혼재,5,4,Import Volume|Export Volume|Marketing Year|Political Instability|Source Document
24.03_South Korea_Oilseeds and Products Annual.pdf,data/raw/USDA/FAS/GAIN/Oilseeds/2024/03/24.03_South Korea_Oilseeds and Products Annual.pdf,data/raw/USDA/FAS/GAIN/Oilseeds/2024/03/Summary/24.03_South Korea_Oilseeds and Products Annual.md,True,31,45698,물류충격|바이오연료수요|생산변동|수입관세|압착|재고,상방 우세,34,21,Inflation|Import Volume|Export Volume|Harvested Area|Crushing Volume|Marketing Year|Soybean|Soybean Oil|Vegetable Oil|Crude Palm Oil|Canola Oil|Neutral Regime
24.03_South Korea_Vegetable Oil Market Overview.pdf,data/raw/USDA/FAS/GAIN/Oilseeds/2024/03/24.03_South Korea_Vegetable Oil Market Overview.pdf,data/raw/USDA/FAS/GAIN/Oilseeds/2024/03/Summary/24.03_South Korea_Vegetable Oil Market Overview.md,True,18,38398,물류충격|바이오연료수요|수입관세|압착,하방 우세,23,31,Import Volume|Export Volume|Soybean|Vegetable Oil|Crude Palm Oil|Canola Oil|Neutral Regime|Biodiesel Feedstock|Import Tariff|Source Document
24.03_Tunisia_Oilseeds and Products Annual.pdf,data/raw/USDA/FAS/GAIN/Oilseeds/2024/03/24.03_Tunisia_Oilseeds and Products Annual.pdf,data/raw/USDA/FAS/GAIN/Oilseeds/2024/03/Summary/24.03_Tunisia_Oilseeds and Products Annual.md,True,10,14883,기상이변|압착|재고,하방 우세,14,21,Inflation|Import Volume|Export Volume|Harvested Area|Crushing Volume|Marketing Year|Soybean|Vegetable Oil|Crude Palm Oil|Canola Oil|Source Document
24.03_Turkiye_Oilseeds and Products Annual.pdf,data/raw/USDA/FAS/GAIN/Oilseeds/2024/03/24.03_Turkiye_Oilseeds and Products Annual.pdf,data/raw/USDA/FAS/GAIN/Oilseeds/2024/03/Summary/24.03_Turkiye_Oilseeds and Products Annual.md,True,21,38710,물류충격|바이오연료수요|생산변동|압착|재고,하방 우세,75,108,Import Volume|Export Volume|Harvested Area|Marketing Year|Soybean|Soybean Oil|Canola Oil|Sunflower Oil|Source Document
24.03_Vietnam_Oilseeds and Products Annual.pdf,data/raw/USDA/FAS/GAIN/Oilseeds/2024/03/24.03_Vietnam_Oilseeds and Products Annual.pdf,data/raw/USDA/FAS/GAIN/Oilseeds/2024/03/Summary/24.03_Vietnam_Oilseeds and Products Annual.md,True,27,41770,생산변동|압착|재고,상방 우세,66,31,Import Volume|Export Volume|Harvested Area|Crushing Volume|Marketing Year|Soybean|Soybean Oil|Crude Palm Oil|Canola Oil|Source Document
24.03_Vietnam_Updates the List of HS Codes for Imported Products under MARD's Specialized Inspection.pdf,data/raw/USDA/FAS/GAIN/Oilseeds/2024/03/24.03_Vietnam_Updates the List of HS Codes for Imported Products under MARD's Specialized Inspection.pdf,data/raw/USDA/FAS/GAIN/Oilseeds/2024/03/Summary/24.03_Vietnam_Updates the List of HS Codes for Imported Products under MARD's Specialized Inspection.md,True,3,6208,,중립/혼재,0,0,Import Volume|Export Volume|Source Document
24.04_Bangladesh_Modifies SRO for Bulk Feed Ingredients.pdf,data/raw/USDA/FAS/GAIN/Oilseeds/2024/04/24.04_Bangladesh_Modifies SRO for Bulk Feed Ingredients.pdf,data/raw/USDA/FAS/GAIN/Oilseeds/2024/04/Summary/24.04_Bangladesh_Modifies SRO for Bulk Feed Ingredients.md,True,2,2546,,중립/혼재,0,0,Import Tariff|Source Document
24.04_Burma_Soybean Utilization.pdf,data/raw/USDA/FAS/GAIN/Oilseeds/2024/04/24.04_Burma_Soybean Utilization.pdf,data/raw/USDA/FAS/GAIN/Oilseeds/2024/04/Summary/24.04_Burma_Soybean Utilization.md,True,10,11984,기상이변|압착,하방 우세,3,4,Import Volume|Export Volume|Soybean|Source Document
24.04_Canada_Oilseeds and Products Annual.pdf,data/raw/USDA/FAS/GAIN/Oilseeds/2024/04/24.04_Canada_Oilseeds and Products Annual.pdf,data/raw/USDA/FAS/GAIN/Oilseeds/2024/04/Summary/24.04_Canada_Oilseeds and Products Annual.md,True,25,37240,기상이변|바이오연료수요|생산변동|압착|재고,중립/혼재,48,53,Import Volume|Export Volume|Soil Moisture Percentile|Harvested Area|Crushing Volume|Marketing Year|Soybean|Soybean Oil|Crude Palm Oil|Canola Oil|Biodiesel Feedstock|Subsidy
24.04_EU_Oilseeds and Products Annual.pdf,data/raw/USDA/FAS/GAIN/Oilseeds/2024/04/24.04_EU_Oilseeds and Products Annual.pdf,data/raw/USDA/FAS/GAIN/Oilseeds/2024/04/Summary/24.04_EU_Oilseeds and Products Annual.md,True,55,51691,기상이변|물류충격|바이오연료수요|생산변동|압착|재고,하방 우세,72,120,Import Volume|Export Volume|Soil Moisture Percentile|Harvested Area|Production Volume|Marketing Year|Soybean|Crude Palm Oil|Canola Oil|Geopolitical Conflict|Source Document
24.04_Egypt_Oilseeds and Products Annual.pdf,data/raw/USDA/FAS/GAIN/Oilseeds/2024/04/24.04_Egypt_Oilseeds and Products Annual.pdf,data/raw/USDA/FAS/GAIN/Oilseeds/2024/04/Summary/24.04_Egypt_Oilseeds and Products Annual.md,True,19,31491,기상이변|바이오연료수요|수입관세|압착|재고,중립/혼재,65,68,Import Volume|Export Volume|Harvested Area|Marketing Year|Soybean|Soybean Oil|Crude Palm Oil|Source Document
24.04_India_Oilseeds and Products Annual.pdf,data/raw/USDA/FAS/GAIN/Oilseeds/2024/04/24.04_India_Oilseeds and Products Annual.pdf,data/raw/USDA/FAS/GAIN/Oilseeds/2024/04/Summary/24.04_India_Oilseeds and Products Annual.md,True,32,39759,기상이변|물류충격|수입관세|수출규제|압착|재고,하방 우세,45,68,Import Volume|Export Volume|La Niña|Harvested Area|Production Volume|Marketing Year|Soybean|Soybean Oil|Crude Soybean Oil|Vegetable Oil|Crude Palm Oil|Canola Oil
24.04_Japan_Oilseeds and Products Annual.pdf,data/raw/USDA/FAS/GAIN/Oilseeds/2024/04/24.04_Japan_Oilseeds and Products Annual.pdf,data/raw/USDA/FAS/GAIN/Oilseeds/2024/04/Summary/24.04_Japan_Oilseeds and Products Annual.md,True,29,51671,압착|재고,중립/혼재,55,54,Inflation|Import Volume|Export Volume|Harvested Area|Crushing Volume|Marketing Year|Soybean|Crude Palm Oil|Canola Oil|Source Document
24.04_Mexico_Oilseeds and Products Annual.pdf,data/raw/USDA/FAS/GAIN/Oilseeds/2024/04/24.04_Mexico_Oilseeds and Products Annual.pdf,data/raw/USDA/FAS/GAIN/Oilseeds/2024/04/Summary/24.04_Mexico_Oilseeds and Products Annual.md,True,31,45964,기상이변|물류충격|바이오연료수요|생산변동|수입관세|압착|재고,상방 우세,145,56,Gross Domestic Product|Import Volume|Export Volume|Harvested Area|Crushing Volume|Marketing Year|Soybean|Vegetable Oil|Crude Palm Oil|Canola Oil|Import Tariff|Source Document
24.04_Nigeria_Oilseeds and Products Annual.pdf,data/raw/USDA/FAS/GAIN/Oilseeds/2024/04/24.04_Nigeria_Oilseeds and Products Annual.pdf,data/raw/USDA/FAS/GAIN/Oilseeds/2024/04/Summary/24.04_Nigeria_Oilseeds and Products Annual.md,True,15,32877,기상이변|생산변동|수입관세|압착|재고,상방 우세,91,16,Import Volume|Export Volume|Harvested Area|Marketing Year|Soybean|Vegetable Oil|Crude Palm Oil|Import Tariff|Source Document
24.04_Pakistan_Oilseeds and Products Annual.pdf,data/raw/USDA/FAS/GAIN/Oilseeds/2024/04/24.04_Pakistan_Oilseeds and Products Annual.pdf,data/raw/USDA/FAS/GAIN/Oilseeds/2024/04/Summary/24.04_Pakistan_Oilseeds and Products Annual.md,True,18,23558,생산변동|수입관세|압착|재고,하방 우세,26,35,Import Volume|Export Volume|Harvested Area|Production Volume|Crushing Volume|Marketing Year|Soybean|Crude Palm Oil|Canola Oil|Source Document
24.04_Paraguay_Oilseeds and Products Annual.pdf,data/raw/USDA/FAS/GAIN/Oilseeds/2024/04/24.04_Paraguay_Oilseeds and Products Annual.pdf,data/raw/USDA/FAS/GAIN/Oilseeds/2024/04/Summary/24.04_Paraguay_Oilseeds and Products Annual.md,True,12,20184,기상이변|바이오연료수요|압착|재고,상방 우세,28,21,Import Volume|Export Volume|Harvested Area|Production Volume|Crushing Rate|Marketing Year|Soybean|Soybean Oil|Geopolitical Conflict|Source Document
24.04_Philippines_Oilseeds and Products Annual.pdf,data/raw/USDA/FAS/GAIN/Oilseeds/2024/04/24.04_Philippines_Oilseeds and Products Annual.pdf,data/raw/USDA/FAS/GAIN/Oilseeds/2024/04/Summary/24.04_Philippines_Oilseeds and Products Annual.md,True,24,34133,기상이변|바이오연료수요|압착|재고,중립/혼재,40,43,Import Volume|Export Volume|Harvested Area|Marketing Year|Soybean|Crude Palm Oil|Bull Regime|Source Document
24.04_South Afrika_Oilseeds and Products Annual.pdf,data/raw/USDA/FAS/GAIN/Oilseeds/2024/04/24.04_South Afrika_Oilseeds and Products Annual.pdf,data/raw/USDA/FAS/GAIN/Oilseeds/2024/04/Summary/24.04_South Afrika_Oilseeds and Products Annual.md,True,24,36657,기상이변|수입관세|압착|재고,하방 우세,22,88,Gross Domestic Product|Import Volume|Export Volume|Soil Moisture Percentile|Harvested Area|Marketing Year|Soybean|Vegetable Oil|Crude Palm Oil|Canola Oil|Bull Regime|Neutral Regime
24.04_Thailand_Oilseeds and Products Annual.pdf,data/raw/USDA/FAS/GAIN/Oilseeds/2024/04/24.04_Thailand_Oilseeds and Products Annual.pdf,data/raw/USDA/FAS/GAIN/Oilseeds/2024/04/Summary/24.04_Thailand_Oilseeds and Products Annual.md,True,17,38262,기상이변|물류충격|바이오연료수요|수입관세|수출규제|압착|재고,상방 우세,61,37,Gross Domestic Product|Import Volume|Export Volume|La Niña|Harvested Area|Crushing Volume|Marketing Year|Soybean|Crude Palm Oil|Political Instability|Import Quota|Source Document
24.04_UK_Oilseeds and Products Annual.pdf,data/raw/USDA/FAS/GAIN/Oilseeds/2024/04/24.04_UK_Oilseeds and Products Annual.pdf,data/raw/USDA/FAS/GAIN/Oilseeds/2024/04/Summary/24.04_UK_Oilseeds and Products Annual.md,True,17,28311,생산변동|압착|재고,하방 우세,17,34,Import Volume|Export Volume|Harvested Area|Crushing Volume|Harvest Delay|Marketing Year|Soybean|Crude Palm Oil|Canola Oil|Geopolitical Conflict|Source Document
24.04_Ukraine_Oilseeds and Products Annual.pdf,data/raw/USDA/FAS/GAIN/Oilseeds/2024/04/24.04_Ukraine_Oilseeds and Products Annual.pdf,data/raw/USDA/FAS/GAIN/Oilseeds/2024/04/Summary/24.04_Ukraine_Oilseeds and Products Annual.md,True,53,35621,물류충격|생산변동|수입관세|수출규제|압착|재고,하방 우세,32,121,Import Volume|Export Volume|Harvested Area|Production Volume|Marketing Year|Soybean|Crude Palm Oil|Canola Oil|Geopolitical Conflict|Source Document
24.04_Uruguay_Oilseeds and Products Annual.pdf,data/raw/USDA/FAS/GAIN/Oilseeds/2024/04/24.04_Uruguay_Oilseeds and Products Annual.pdf,data/raw/USDA/FAS/GAIN/Oilseeds/2024/04/Summary/24.04_Uruguay_Oilseeds and Products Annual.md,True,11,22326,기상이변|바이오연료수요|생산변동|압착|재고,상방 우세,46,30,Import Volume|Export Volume|Harvested Area|Production Volume|Marketing Year|Soybean|Soybean Oil|Source Document
24.05_Argentina_Oilseeds and Products Annual.pdf,data/raw/USDA/FAS/GAIN/Oilseeds/2024/05/24.05_Argentina_Oilseeds and Products Annual.pdf,data/raw/USDA/FAS/GAIN/Oilseeds/2024/05/Summary/24.05_Argentina_Oilseeds and Products Annual.md,True,23,46031,기상이변|바이오연료수요|생산변동|수출규제|압착|재고,중립/혼재,78,93,Inflation|Import Volume|Export Volume|Harvested Area|Soybean|Soybean Oil|Source Document
24.05_Brazil_Unprecedented floods in Rio Grande do Sul threaten Brazil's agricultural output.pdf,data/raw/USDA/FAS/GAIN/Oilseeds/2024/05/24.05_Brazil_Unprecedented floods in Rio Grande do Sul threaten Brazil's agricultural output.pdf,data/raw/USDA/FAS/GAIN/Oilseeds/2024/05/Summary/24.05_Brazil_Unprecedented floods in Rio Grande do Sul threaten Brazil's agricultural output.md,True,12,21409,기상이변|바이오연료수요|압착,중립/혼재,13,10,Import Volume|Production Volume|Soybean|Agricultural Exemption|Source Document
24.05_China_Pilot Projects on Biomass-Based Diesel Announced.pdf,data/raw/USDA/FAS/GAIN/Oilseeds/2024/05/24.05_China_Pilot Projects on Biomass-Based Diesel Announced.pdf,data/raw/USDA/FAS/GAIN/Oilseeds/2024/05/Summary/24.05_China_Pilot Projects on Biomass-Based Diesel Announced.md,True,4,5414,바이오연료수요,상방 우세,4,0,Source Document|Confidence Score
24.05_India_Forecasts Above Normal Southwest Monsoon for 2024.pdf,data/raw/USDA/FAS/GAIN/Oilseeds/2024/05/24.05_India_Forecasts Above Normal Southwest Monsoon for 2024.pdf,data/raw/USDA/FAS/GAIN/Oilseeds/2024/05/Summary/24.05_India_Forecasts Above Normal Southwest Monsoon for 2024.md,True,5,6043,기상이변,중립/혼재,9,9,Source Document
24.05_Spain_Favorable Spring Conditions Promise a Sizeable Grain Crop.pdf,data/raw/USDA/FAS/GAIN/Oilseeds/2024/05/24.05_Spain_Favorable Spring Conditions Promise a Sizeable Grain Crop.pdf,data/raw/USDA/FAS/GAIN/Oilseeds/2024/05/Summary/24.05_Spain_Favorable Spring Conditions Promise a Sizeable Grain Crop.md,True,6,7532,기상이변,하방 우세,2,12,Soil Moisture Percentile|Production Volume|Marketing Year|Source Document
24.06_Angola_Publishes New Tariff Schedule Banning Imports of Offal.pdf,data/raw/USDA/FAS/GAIN/Oilseeds/2024/06/24.06_Angola_Publishes New Tariff Schedule Banning Imports of Offal.pdf,data/raw/USDA/FAS/GAIN/Oilseeds/2024/06/Summary/24.06_Angola_Publishes New Tariff Schedule Banning Imports of Offal.md,True,5,9735,수입관세|수출규제,중립/혼재,11,13,Inflation|Import Volume|Export Volume|Source Document
24.06_Bulgaria_Oilseeds and Products Market Update.pdf,data/raw/USDA/FAS/GAIN/Oilseeds/2024/06/24.06_Bulgaria_Oilseeds and Products Market Update.pdf,data/raw/USDA/FAS/GAIN/Oilseeds/2024/06/Summary/24.06_Bulgaria_Oilseeds and Products Market Update.md,True,15,18840,기상이변|물류충격|바이오연료수요|압착|재고,하방 우세,10,77,Import Volume|Export Volume|Soil Moisture Percentile|Pollination Window|Harvested Area|Marketing Year|Soybean|Canola Oil|Source Document
24.06_China_Planting Seeds Annual 2024.pdf,data/raw/USDA/FAS/GAIN/Oilseeds/2024/06/24.06_China_Planting Seeds Annual 2024.pdf,data/raw/USDA/FAS/GAIN/Oilseeds/2024/06/Summary/24.06_China_Planting Seeds Annual 2024.md,True,17,35589,기상이변|생산변동|재고,상방 우세,37,20,Import Volume|Export Volume|Marketing Year|Effective Date|Source Document
24.06_Ghana_Oilseeds Voluntary 2024.pdf,data/raw/USDA/FAS/GAIN/Oilseeds/2024/06/24.06_Ghana_Oilseeds Voluntary 2024.pdf,data/raw/USDA/FAS/GAIN/Oilseeds/2024/06/Summary/24.06_Ghana_Oilseeds Voluntary 2024.md,True,19,39009,물류충격|생산변동|수입관세|압착|재고,상방 우세,58,10,Import Volume|Export Volume|Harvested Area|Marketing Year|Soybean|Crude Palm Oil|Import Tariff|Source Document
24.06_Malaysia_Oilseeds and Products Update.pdf,data/raw/USDA/FAS/GAIN/Oilseeds/2024/06/24.06_Malaysia_Oilseeds and Products Update.pdf,data/raw/USDA/FAS/GAIN/Oilseeds/2024/06/Summary/24.06_Malaysia_Oilseeds and Products Update.md,True,3,3843,기상이변|재고,중립/혼재,3,3,Import Volume|Export Volume|Harvested Area|Crude Palm Oil|Source Document
24.07_Brazil_Oilseeds and Products Update.pdf,data/raw/USDA/FAS/GAIN/Oilseeds/2024/07/24.07_Brazil_Oilseeds and Products Update.pdf,data/raw/USDA/FAS/GAIN/Oilseeds/2024/07/Summary/24.07_Brazil_Oilseeds and Products Update.md,True,29,46859,기상이변|바이오연료수요|생산변동|압착|재고,상방 우세,52,20,Import Volume|Export Volume|Soil Moisture Percentile|Crop Yield|Production Volume|Crushing Volume|Marketing Year|World Agricultural Supply and Demand Estimates|Soybean|Soybean Oil|Trade War|Agricultural Exemption
24.07_China_Oilseeds and Products Update.pdf,data/raw/USDA/FAS/GAIN/Oilseeds/2024/07/24.07_China_Oilseeds and Products Update.pdf,data/raw/USDA/FAS/GAIN/Oilseeds/2024/07/Summary/24.07_China_Oilseeds and Products Update.md,True,32,43026,기상이변|압착|재고,하방 우세,44,61,Import Volume|Export Volume|Heatwave|Soil Moisture Percentile|Harvested Area|Crushing Volume|Marketing Year|Soybean|Crude Palm Oil|Canola Oil|Source Document
24.07_India_Erratic Monsoon Gathers Pace After Timely Onset.pdf,data/raw/USDA/FAS/GAIN/Oilseeds/2024/07/24.07_India_Erratic Monsoon Gathers Pace After Timely Onset.pdf,data/raw/USDA/FAS/GAIN/Oilseeds/2024/07/Summary/24.07_India_Erratic Monsoon Gathers Pace After Timely Onset.md,True,6,5563,기상이변,하방 우세,5,13,Source Document
24.07_Turkiye_Provides Temporary Relief to Olive Oil Export Ban.pdf,data/raw/USDA/FAS/GAIN/Oilseeds/2024/07/24.07_Turkiye_Provides Temporary Relief to Olive Oil Export Ban.pdf,data/raw/USDA/FAS/GAIN/Oilseeds/2024/07/Summary/24.07_Turkiye_Provides Temporary Relief to Olive Oil Export Ban.md,True,3,3434,수출규제,상방 우세,4,0,Export Volume|Source Document
24.08_Australia_Oilseeds and Products Annual.pdf,data/raw/USDA/FAS/GAIN/Oilseeds/2024/08/24.08_Australia_Oilseeds and Products Annual.pdf,data/raw/USDA/FAS/GAIN/Oilseeds/2024/08/Summary/24.08_Australia_Oilseeds and Products Annual.md,True,32,50504,기상이변|물류충격|바이오연료수요|생산변동|압착|재고,상방 우세,103,63,Import Volume|Export Volume|Soil Moisture Percentile|Harvested Area|Production Volume|Marketing Year|Crude Palm Oil|Neutral Regime|Source Document|Confidence Score
24.08_Canada_Rail Stoppage Begins.pdf,data/raw/USDA/FAS/GAIN/Oilseeds/2024/08/24.08_Canada_Rail Stoppage Begins.pdf,data/raw/USDA/FAS/GAIN/Oilseeds/2024/08/Summary/24.08_Canada_Rail Stoppage Begins.md,True,5,7518,바이오연료수요,상방 우세,3,1,Export Volume|Soybean|Source Document
24.08_Canada_Simultaneous Railway Strikes Could Begin August 22.pdf,data/raw/USDA/FAS/GAIN/Oilseeds/2024/08/24.08_Canada_Simultaneous Railway Strikes Could Begin August 22.pdf,data/raw/USDA/FAS/GAIN/Oilseeds/2024/08/Summary/24.08_Canada_Simultaneous Railway Strikes Could Begin August 22.md,True,2,3546,,상방 우세,1,0,Export Volume|Source Document
24.08_Cote d'Ivoire_Oilseeds and Products Report.pdf,data/raw/USDA/FAS/GAIN/Oilseeds/2024/08/24.08_Cote d'Ivoire_Oilseeds and Products Report.pdf,data/raw/USDA/FAS/GAIN/Oilseeds/2024/08/Summary/24.08_Cote d'Ivoire_Oilseeds and Products Report.md,True,13,27227,압착|재고,상방 우세,35,12,Gross Domestic Product|Import Volume|Export Volume|Harvested Area|Production Volume|Marketing Year|Crude Palm Oil|Source Document
24.08_India_IMD Forecasts Excess Rains During Second Half of Monsoon.pdf,data/raw/USDA/FAS/GAIN/Oilseeds/2024/08/24.08_India_IMD Forecasts Excess Rains During Second Half of Monsoon.pdf,data/raw/USDA/FAS/GAIN/Oilseeds/2024/08/Summary/24.08_India_IMD Forecasts Excess Rains During Second Half of Monsoon.md,True,4,5358,,하방 우세,6,12,Source Document
24.08_Indonesia_Oilseeds and Products Update.pdf,data/raw/USDA/FAS/GAIN/Oilseeds/2024/08/24.08_Indonesia_Oilseeds and Products Update.pdf,data/raw/USDA/FAS/GAIN/Oilseeds/2024/08/Summary/24.08_Indonesia_Oilseeds and Products Update.md,True,10,16120,기상이변|바이오연료수요|생산변동|압착|재고,중립/혼재,20,26,Import Volume|Export Volume|La Niña|Harvested Area|Production Volume|Marketing Year|Soybean|Crude Palm Oil|Biodiesel Blend Mandate|Source Document
24.08_Indonesia_Quarantine Agency Notifies WTO on Requirements to Submit Prior Notice for the Export of All Agricultural Commodities.pdf,data/raw/USDA/FAS/GAIN/Oilseeds/2024/08/24.08_Indonesia_Quarantine Agency Notifies WTO on Requirements to Submit Prior Notice for the Export of All Agricultural Commodities.pdf,data/raw/USDA/FAS/GAIN/Oilseeds/2024/08/Summary/24.08_Indonesia_Quarantine Agency Notifies WTO on Requirements to Submit Prior Notice for the Export of All Agricultural Commodities.md,True,3,7303,,하방 우세,0,1,Source Document
24.08_Taiwan_Oilseeds and Products Annual.pdf,data/raw/USDA/FAS/GAIN/Oilseeds/2024/08/24.08_Taiwan_Oilseeds and Products Annual.pdf,data/raw/USDA/FAS/GAIN/Oilseeds/2024/08/Summary/24.08_Taiwan_Oilseeds and Products Annual.md,True,23,31918,물류충격|바이오연료수요|수입관세|압착|재고,상방 우세,33,25,Import Volume|Export Volume|Harvested Area|Crushing Volume|Crushing Rate|Soybean|Soybean Oil|Crude Palm Oil|Agricultural Exemption|Source Document
24.08_Turkiye_Announces Tariff Quota for Sunflowerseed-Crude Sun Oil.pdf,data/raw/USDA/FAS/GAIN/Oilseeds/2024/08/24.08_Turkiye_Announces Tariff Quota for Sunflowerseed-Crude Sun Oil.pdf,data/raw/USDA/FAS/GAIN/Oilseeds/2024/08/Summary/24.08_Turkiye_Announces Tariff Quota for Sunflowerseed-Crude Sun Oil.md,True,2,3034,수입관세,하방 우세,0,22,Import Volume|Sunflower Oil|Source Document
24.08_Turkiye_Becomes Global Transshipment Hub for Agricultural Products.pdf,data/raw/USDA/FAS/GAIN/Oilseeds/2024/08/24.08_Turkiye_Becomes Global Transshipment Hub for Agricultural Products.pdf,data/raw/USDA/FAS/GAIN/Oilseeds/2024/08/Summary/24.08_Turkiye_Becomes Global Transshipment Hub for Agricultural Products.md,True,4,5690,물류충격,상방 우세,3,1,Export Volume|Geopolitical Conflict|Source Document
24.09_Bulgaria_Smallest Sunflower Crop in a Decade to Severely Impact Bulgarian Crush and Product Exports.pdf,data/raw/USDA/FAS/GAIN/Oilseeds/2024/09/24.09_Bulgaria_Smallest Sunflower Crop in a Decade to Severely Impact Bulgarian Crush and Product Exports.pdf,data/raw/USDA/FAS/GAIN/Oilseeds/2024/09/Summary/24.09_Bulgaria_Smallest Sunflower Crop in a Decade to Severely Impact Bulgarian Crush and Product Exports.md,True,15,14464,기상이변|물류충격|바이오연료수요|생산변동|압착,하방 우세,20,71,Import Volume|Export Volume|Soil Moisture Percentile|Harvested Area|Marketing Year|Soybean|Canola Oil|Policy Pivot|Source Document
24.09_China_Oilseeds and Products Update.pdf,data/raw/USDA/FAS/GAIN/Oilseeds/2024/09/24.09_China_Oilseeds and Products Update.pdf,data/raw/USDA/FAS/GAIN/Oilseeds/2024/09/Summary/24.09_China_Oilseeds and Products Update.md,True,34,42555,기상이변|생산변동|압착|재고,하방 우세,36,55,Gross Domestic Product|Import Volume|Export Volume|Heatwave|Harvested Area|Crushing Volume|Marketing Year|Soybean|Crude Palm Oil|Canola Oil|Source Document
24.09_India_Oilseeds and Products Update.pdf,data/raw/USDA/FAS/GAIN/Oilseeds/2024/09/24.09_India_Oilseeds and Products Update.pdf,data/raw/USDA/FAS/GAIN/Oilseeds/2024/09/Summary/24.09_India_Oilseeds and Products Update.md,True,13,23105,물류충격|생산변동|수입관세|압착|재고,상방 우세,52,22,Import Volume|Export Volume|Soil Moisture Percentile|Harvested Area|Marketing Year|Soybean Oil|Vegetable Oil|Crude Palm Oil|Import Tariff|Source Document
24.09_Ukraine_Minimum Export Prices for Selected Bulk Commodities.pdf,data/raw/USDA/FAS/GAIN/Oilseeds/2024/09/24.09_Ukraine_Minimum Export Prices for Selected Bulk Commodities.pdf,data/raw/USDA/FAS/GAIN/Oilseeds/2024/09/Summary/24.09_Ukraine_Minimum Export Prices for Selected Bulk Commodities.md,True,2,1935,,하방 우세,0,2,Export Volume|Soybean|Source Document
24.10_Argentina_Oilseeds and Products Update.pdf,data/raw/USDA/FAS/GAIN/Oilseeds/2024/10/24.10_Argentina_Oilseeds and Products Update.pdf,data/raw/USDA/FAS/GAIN/Oilseeds/2024/10/Summary/24.10_Argentina_Oilseeds and Products Update.md,True,11,26273,기상이변|바이오연료수요|생산변동|수출규제|압착|재고,상방 우세,63,46,Import Volume|Export Volume|Soil Moisture Percentile|Harvested Area|Production Volume|Crushing Volume|Soybean|Soybean Oil|Effective Date|Source Document
24.10_Brazil_Oilseeds and Products Update.pdf,data/raw/USDA/FAS/GAIN/Oilseeds/2024/10/24.10_Brazil_Oilseeds and Products Update.pdf,data/raw/USDA/FAS/GAIN/Oilseeds/2024/10/Summary/24.10_Brazil_Oilseeds and Products Update.md,True,18,19605,기상이변|바이오연료수요|생산변동|압착|재고,상방 우세,26,15,Import Volume|Export Volume|Harvested Area|Crushing Volume|Marketing Year|Soybean|Soybean Oil|Trade War|Source Document
24.10_Cote d'Ivoire_Oilseeds and Products Report - 2024 Revised Update.pdf,data/raw/USDA/FAS/GAIN/Oilseeds/2024/10/24.10_Cote d'Ivoire_Oilseeds and Products Report - 2024 Revised Update.pdf,data/raw/USDA/FAS/GAIN/Oilseeds/2024/10/Summary/24.10_Cote d'Ivoire_Oilseeds and Products Report - 2024 Revised Update.md,True,15,33880,물류충격|바이오연료수요|압착|재고,상방 우세,27,19,Import Volume|Export Volume|Harvested Area|Production Volume|Crude Palm Oil|Source Document|Bounding Box
24.10_India_Monsoon Withdrawal Delayed.pdf,data/raw/USDA/FAS/GAIN/Oilseeds/2024/10/24.10_India_Monsoon Withdrawal Delayed.pdf,data/raw/USDA/FAS/GAIN/Oilseeds/2024/10/Summary/24.10_India_Monsoon Withdrawal Delayed.md,True,4,4993,,하방 우세,3,5,Soybean|Source Document
24.10_Indonesia_Simplifies Palm Oil Export Levies in Response to Decreasing CPO Exports.pdf,data/raw/USDA/FAS/GAIN/Oilseeds/2024/10/24.10_Indonesia_Simplifies Palm Oil Export Levies in Response to Decreasing CPO Exports.pdf,data/raw/USDA/FAS/GAIN/Oilseeds/2024/10/Summary/24.10_Indonesia_Simplifies Palm Oil Export Levies in Response to Decreasing CPO Exports.md,True,3,3980,바이오연료수요|수출규제,상방 우세,4,3,Export Volume|Vegetable Oil|Crude Palm Oil|Source Document
24.10_Malaysia_Oilseeds and Products Update.pdf,data/raw/USDA/FAS/GAIN/Oilseeds/2024/10/24.10_Malaysia_Oilseeds and Products Update.pdf,data/raw/USDA/FAS/GAIN/Oilseeds/2024/10/Summary/24.10_Malaysia_Oilseeds and Products Update.md,True,14,27807,기상이변|생산변동|수출규제|압착|재고,중립/혼재,57,62,Import Volume|Export Volume|Harvested Area|Crushing Volume|Marketing Year|Soybean|Soybean Oil|Vegetable Oil|Crude Palm Oil|Canola Oil|Source Document
24.10_Philippines_Implements Higher Biodiesel Blend.pdf,data/raw/USDA/FAS/GAIN/Oilseeds/2024/10/24.10_Philippines_Implements Higher Biodiesel Blend.pdf,data/raw/USDA/FAS/GAIN/Oilseeds/2024/10/Summary/24.10_Philippines_Implements Higher Biodiesel Blend.md,True,3,4112,바이오연료수요,상방 우세,10,1,Source Document
24.10_Poland_Direct Versus Indirect Trade - Poland's Hidden Market for US Agricultural Exports.pdf,data/raw/USDA/FAS/GAIN/Oilseeds/2024/10/24.10_Poland_Direct Versus Indirect Trade - Poland's Hidden Market for US Agricultural Exports.pdf,data/raw/USDA/FAS/GAIN/Oilseeds/2024/10/Summary/24.10_Poland_Direct Versus Indirect Trade - Poland's Hidden Market for US Agricultural Exports.md,True,13,20586,물류충격|바이오연료수요,중립/혼재,5,6,Import Volume|Export Volume|Soybean|Neutral Regime|Freight Rate|Source Document
24.10_South Africa_Market Opens for United States Soybeans.pdf,data/raw/USDA/FAS/GAIN/Oilseeds/2024/10/24.10_South Africa_Market Opens for United States Soybeans.pdf,data/raw/USDA/FAS/GAIN/Oilseeds/2024/10/Summary/24.10_South Africa_Market Opens for United States Soybeans.md,True,4,6618,기상이변|압착,하방 우세,0,8,Import Volume|Soybean|Source Document
24.10_Turkiye_Oilseeds and Products Update.pdf,data/raw/USDA/FAS/GAIN/Oilseeds/2024/10/24.10_Turkiye_Oilseeds and Products Update.pdf,data/raw/USDA/FAS/GAIN/Oilseeds/2024/10/Summary/24.10_Turkiye_Oilseeds and Products Update.md,True,6,13218,물류충격|생산변동|수입관세|압착|재고,하방 우세,12,93,Import Volume|Export Volume|Harvested Area|Marketing Year|Source Document
24.10_Vietnam_Oilseeds and Products Update.pdf,data/raw/USDA/FAS/GAIN/Oilseeds/2024/10/24.10_Vietnam_Oilseeds and Products Update.pdf,data/raw/USDA/FAS/GAIN/Oilseeds/2024/10/Summary/24.10_Vietnam_Oilseeds and Products Update.md,True,26,40811,압착|재고,상방 우세,58,25,Import Volume|Export Volume|Harvested Area|Crushing Volume|Marketing Year|Soybean|Soybean Oil|Crude Palm Oil|Canola Oil|Source Document
24.11_Canada_Port of Montreal Labor Strike.pdf,data/raw/USDA/FAS/GAIN/Oilseeds/2024/11/24.11_Canada_Port of Montreal Labor Strike.pdf,data/raw/USDA/FAS/GAIN/Oilseeds/2024/11/Summary/24.11_Canada_Port of Montreal Labor Strike.md,True,3,4275,,중립/혼재,0,0,Export Volume|Soybean|Source Document
24.11_China_Oilseeds and Products Update.pdf,data/raw/USDA/FAS/GAIN/Oilseeds/2024/11/24.11_China_Oilseeds and Products Update.pdf,data/raw/USDA/FAS/GAIN/Oilseeds/2024/11/Summary/24.11_China_Oilseeds and Products Update.md,True,34,44182,기상이변|생산변동|압착|재고,중립/혼재,50,51,Gross Domestic Product|Import Volume|Export Volume|Heatwave|Soil Moisture Percentile|Harvested Area|Production Volume|Crushing Volume|Marketing Year|Soybean|Crude Palm Oil|Canola Oil
24.11_China_UCO Export Tax Rebate Terminated.pdf,data/raw/USDA/FAS/GAIN/Oilseeds/2024/11/24.11_China_UCO Export Tax Rebate Terminated.pdf,data/raw/USDA/FAS/GAIN/Oilseeds/2024/11/Summary/24.11_China_UCO Export Tax Rebate Terminated.md,True,4,8140,바이오연료수요|수출규제,상방 우세,5,3,Import Volume|Export Volume|Crude Palm Oil|Neutral Regime|Policy Pivot|Source Document
24.11_EU_Olive Oil Production Update 2024.pdf,data/raw/USDA/FAS/GAIN/Oilseeds/2024/11/24.11_EU_Olive Oil Production Update 2024.pdf,data/raw/USDA/FAS/GAIN/Oilseeds/2024/11/Summary/24.11_EU_Olive Oil Production Update 2024.md,True,7,10558,기상이변|생산변동|재고,하방 우세,5,16,Import Volume|Export Volume|Heatwave|Soil Moisture Percentile|Production Volume|Marketing Year|Source Document
24.11_Vietnam_Reduces MFN Tariff Rate in Soybean Meal.pdf,data/raw/USDA/FAS/GAIN/Oilseeds/2024/11/24.11_Vietnam_Reduces MFN Tariff Rate in Soybean Meal.pdf,data/raw/USDA/FAS/GAIN/Oilseeds/2024/11/Summary/24.11_Vietnam_Reduces MFN Tariff Rate in Soybean Meal.md,True,2,2009,수입관세,하방 우세,0,1,Decree|Source Document
24.12_Brazil_Oilseeds and Products Update.pdf,data/raw/USDA/FAS/GAIN/Oilseeds/2024/12/24.12_Brazil_Oilseeds and Products Update.pdf,data/raw/USDA/FAS/GAIN/Oilseeds/2024/12/Summary/24.12_Brazil_Oilseeds and Products Update.md,True,11,13543,기상이변|바이오연료수요|압착|재고,상방 우세,34,6,Import Volume|Export Volume|Harvested Area|Production Volume|Crushing Volume|Marketing Year|Soybean|Soybean Oil|Source Document
24.12_Bulgaria_BulgarianOilseed Crops Shrink to Decade-Low Level.pdf,data/raw/USDA/FAS/GAIN/Oilseeds/2024/12/24.12_Bulgaria_BulgarianOilseed Crops Shrink to Decade-Low Level.pdf,data/raw/USDA/FAS/GAIN/Oilseeds/2024/12/Summary/24.12_Bulgaria_BulgarianOilseed Crops Shrink to Decade-Low Level.md,True,15,16853,기상이변|물류충격|바이오연료수요|압착,하방 우세,25,60,Import Volume|Export Volume|Precipitation Deficit|Soil Moisture Percentile|Harvested Area|Marketing Year|Soybean|Canola Oil|Source Document
24.12_India_Oilseeds and Products Update.pdf,data/raw/USDA/FAS/GAIN/Oilseeds/2024/12/24.12_India_Oilseeds and Products Update.pdf,data/raw/USDA/FAS/GAIN/Oilseeds/2024/12/Summary/24.12_India_Oilseeds and Products Update.md,True,13,27034,생산변동|수입관세|압착|재고,상방 우세,74,45,Import Volume|Export Volume|Soil Moisture Percentile|Harvested Area|Marketing Year|Soybean|Vegetable Oil|Crude Palm Oil|Import Tariff|Source Document
24.12_Indonesia_Oilseeds and Products Update.pdf,data/raw/USDA/FAS/GAIN/Oilseeds/2024/12/24.12_Indonesia_Oilseeds and Products Update.pdf,data/raw/USDA/FAS/GAIN/Oilseeds/2024/12/Summary/24.12_Indonesia_Oilseeds and Products Update.md,True,9,16560,기상이변|바이오연료수요|생산변동|압착|재고,중립/혼재,28,24,Import Volume|Export Volume|La Niña|Harvested Area|Marketing Year|Soybean|Crude Palm Oil|Biodiesel Feedstock|Source Document
24.12_Japan_Revise JAS Miso Standard.pdf,data/raw/USDA/FAS/GAIN/Oilseeds/2024/12/24.12_Japan_Revise JAS Miso Standard.pdf,data/raw/USDA/FAS/GAIN/Oilseeds/2024/12/Summary/24.12_Japan_Revise JAS Miso Standard.md,True,2,2855,물류충격,중립/혼재,0,0,Soybean|Source Document
24.12_Pakistan_Oilseeds and Products Update.pdf,data/raw/USDA/FAS/GAIN/Oilseeds/2024/12/24.12_Pakistan_Oilseeds and Products Update.pdf,data/raw/USDA/FAS/GAIN/Oilseeds/2024/12/Summary/24.12_Pakistan_Oilseeds and Products Update.md,True,7,7652,생산변동|압착|재고,상방 우세,1,0,Import Volume|Export Volume|Harvested Area|Production Volume|Crushing Volume|Marketing Year|Soybean|Source Document
25.01_Argentina_Oilseeds and Products Update.pdf,data/raw/USDA/FAS/GAIN/Oilseeds/2025/01/25.01_Argentina_Oilseeds and Products Update.pdf,data/raw/USDA/FAS/GAIN/Oilseeds/2025/01/Summary/25.01_Argentina_Oilseeds and Products Update.md,True,11,22907,기상이변|바이오연료수요|생산변동|수출규제|압착|재고,하방 우세,26,49,Import Volume|Export Volume|Soil Moisture Percentile|Harvested Area|Production Volume|Crushing Volume|Crushing Rate|Marketing Year|Soybean|Soybean Oil|Source Document
25.01_Argentina_Slashes Export Taxes Amid Economic Pressures_Sparking Hope for Argentine Farmers.pdf,data/raw/USDA/FAS/GAIN/Oilseeds/2025/01/25.01_Argentina_Slashes Export Taxes Amid Economic Pressures_Sparking Hope for Argentine Farmers.pdf,data/raw/USDA/FAS/GAIN/Oilseeds/2025/01/Summary/25.01_Argentina_Slashes Export Taxes Amid Economic Pressures_Sparking Hope for Argentine Farmers.md,True,3,5452,기상이변|수출규제,하방 우세,2,4,Export Volume|Soybean|Soybean Oil|Export Tax|Policy Pivot|Source Document
25.01_Malaysia_Oilseeds and Products Update.pdf,data/raw/USDA/FAS/GAIN/Oilseeds/2025/01/25.01_Malaysia_Oilseeds and Products Update.pdf,data/raw/USDA/FAS/GAIN/Oilseeds/2025/01/Summary/25.01_Malaysia_Oilseeds and Products Update.md,True,12,22836,기상이변|생산변동|압착|재고,중립/혼재,55,46,Import Volume|Export Volume|Harvested Area|Production Volume|Crushing Rate|Marketing Year|Soybean|Vegetable Oil|Crude Palm Oil|Source Document
25.02_EU_Deforestation Regulation - Revised Implementation Timeline for 2025.pdf,data/raw/USDA/FAS/GAIN/Oilseeds/2025/02/25.02_EU_Deforestation Regulation - Revised Implementation Timeline for 2025.pdf,data/raw/USDA/FAS/GAIN/Oilseeds/2025/02/Summary/25.02_EU_Deforestation Regulation - Revised Implementation Timeline for 2025.md,True,3,4440,,상방 우세,1,0,Import Volume|Source Document
25.02_India_Oilseeds and Products Update.pdf,data/raw/USDA/FAS/GAIN/Oilseeds/2025/02/25.02_India_Oilseeds and Products Update.pdf,data/raw/USDA/FAS/GAIN/Oilseeds/2025/02/Summary/25.02_India_Oilseeds and Products Update.md,True,13,20798,생산변동|수입관세|수출규제|압착|재고,하방 우세,36,67,Import Volume|Export Volume|Soil Moisture Percentile|Harvested Area|Marketing Year|Soybean|Vegetable Oil|Crude Palm Oil|Canola Oil|Import Tariff|Source Document
25.02_Indonesia_Curbing Palm Waste Exports - Discouraging CPO Mixture Practices.pdf,data/raw/USDA/FAS/GAIN/Oilseeds/2025/02/25.02_Indonesia_Curbing Palm Waste Exports - Discouraging CPO Mixture Practices.pdf,data/raw/USDA/FAS/GAIN/Oilseeds/2025/02/Summary/25.02_Indonesia_Curbing Palm Waste Exports - Discouraging CPO Mixture Practices.md,True,3,4337,바이오연료수요,상방 우세,5,3,Export Volume|Crude Palm Oil|Neutral Regime|Source Document
25.02_Indonesia_Oilseeds and Products Update.pdf,data/raw/USDA/FAS/GAIN/Oilseeds/2025/02/25.02_Indonesia_Oilseeds and Products Update.pdf,data/raw/USDA/FAS/GAIN/Oilseeds/2025/02/Summary/25.02_Indonesia_Oilseeds and Products Update.md,True,10,17663,기상이변|바이오연료수요|생산변동|수입관세|수출규제|압착|재고,상방 우세,23,13,Import Volume|Export Volume|Harvested Area|Marketing Year|Soybean|Crude Palm Oil|Import Tariff|Source Document
25.02_Netherlands_Overview of the Market of Industrial Hemp in the Netherlands and Its Potential as Bio-based Material.pdf,data/raw/USDA/FAS/GAIN/Oilseeds/2025/02/25.02_Netherlands_Overview of the Market of Industrial Hemp in the Netherlands and Its Potential as Bio-based Material.pdf,data/raw/USDA/FAS/GAIN/Oilseeds/2025/02/Summary/25.02_Netherlands_Overview of the Market of Industrial Hemp in the Netherlands and Its Potential as Bio-based Material.md,True,13,30447,,상방 우세,6,4,Import Volume|Export Volume|Source Document
25.02_Taiwan_2024 US Agricultural Exports to Taiwan Summary.pdf,data/raw/USDA/FAS/GAIN/Oilseeds/2025/02/25.02_Taiwan_2024 US Agricultural Exports to Taiwan Summary.pdf,data/raw/USDA/FAS/GAIN/Oilseeds/2025/02/Summary/25.02_Taiwan_2024 US Agricultural Exports to Taiwan Summary.md,True,9,11687,,하방 우세,18,27,Import Volume|Export Volume|Soybean|Source Document
25.03_Argentina_Oilseeds and Products Update.pdf,data/raw/USDA/FAS/GAIN/Oilseeds/2025/03/25.03_Argentina_Oilseeds and Products Update.pdf,data/raw/USDA/FAS/GAIN/Oilseeds/2025/03/Summary/25.03_Argentina_Oilseeds and Products Update.md,True,20,29413,기상이변|물류충격|바이오연료수요|생산변동|수출규제|압착|재고,하방 우세,30,54,Import Volume|Export Volume|Heatwave|Soil Moisture Percentile|Harvested Area|Marketing Year|Soybean|Soybean Oil|Neutral Regime|Export Tax|Source Document
25.03_Bangladesh_Oilseeds and Products Annual.pdf,data/raw/USDA/FAS/GAIN/Oilseeds/2025/03/25.03_Bangladesh_Oilseeds and Products Annual.pdf,data/raw/USDA/FAS/GAIN/Oilseeds/2025/03/Summary/25.03_Bangladesh_Oilseeds and Products Annual.md,True,27,46372,바이오연료수요|생산변동|수입관세|압착|재고,상방 우세,68,31,Import Volume|Export Volume|Soil Moisture Percentile|Harvested Area|Production Volume|Crushing Volume|Harvest Delay|Marketing Year|Soybean|Vegetable Oil|Crude Palm Oil|Canola Oil
25.03_Brazil_Oilseeds and Products Annual.pdf,data/raw/USDA/FAS/GAIN/Oilseeds/2025/03/25.03_Brazil_Oilseeds and Products Annual.pdf,data/raw/USDA/FAS/GAIN/Oilseeds/2025/03/Summary/25.03_Brazil_Oilseeds and Products Annual.md,True,49,40958,기상이변|물류충격|바이오연료수요|압착|재고,상방 우세,71,38,Import Volume|Export Volume|Harvested Area|Production Volume|Crushing Volume|Marketing Year|Soybean|Soybean Oil|Crude Palm Oil|Freight Rate|Source Document
25.03_Bulgaria_Oilseeds and Products Market Update.pdf,data/raw/USDA/FAS/GAIN/Oilseeds/2025/03/25.03_Bulgaria_Oilseeds and Products Market Update.pdf,data/raw/USDA/FAS/GAIN/Oilseeds/2025/03/Summary/25.03_Bulgaria_Oilseeds and Products Market Update.md,True,15,15098,물류충격|바이오연료수요|압착|재고,하방 우세,12,76,Import Volume|Export Volume|Soil Moisture Percentile|Harvested Area|Marketing Year|Soybean|Canola Oil|Neutral Regime|Source Document
25.03_Cambodia_Soy Bean Meal and Dried Distillers Grains Market Brief.pdf,data/raw/USDA/FAS/GAIN/Oilseeds/2025/03/25.03_Cambodia_Soy Bean Meal and Dried Distillers Grains Market Brief.pdf,data/raw/USDA/FAS/GAIN/Oilseeds/2025/03/Summary/25.03_Cambodia_Soy Bean Meal and Dried Distillers Grains Market Brief.md,True,7,10762,,상방 우세,10,2,Import Volume|Export Volume|Production Volume|Soybean|Source Document
25.03_Canada_Oilseeds and Products Annual.pdf,data/raw/USDA/FAS/GAIN/Oilseeds/2025/03/25.03_Canada_Oilseeds and Products Annual.pdf,data/raw/USDA/FAS/GAIN/Oilseeds/2025/03/Summary/25.03_Canada_Oilseeds and Products Annual.md,True,35,45980,기상이변|바이오연료수요|생산변동|압착|재고,상방 우세,69,42,Import Volume|Export Volume|Soil Moisture Percentile|Harvested Area|Marketing Year|Soybean|Soybean Oil|Canola Oil|Subsidy|Source Document
25.03_China_GACC Announces Suspension of Soybean Shipments from Three US Entities.pdf,data/raw/USDA/FAS/GAIN/Oilseeds/2025/03/25.03_China_GACC Announces Suspension of Soybean Shipments from Three US Entities.pdf,data/raw/USDA/FAS/GAIN/Oilseeds/2025/03/Summary/25.03_China_GACC Announces Suspension of Soybean Shipments from Three US Entities.md,True,2,3368,,중립/혼재,0,0,Import Volume|Export Volume|Soybean|Source Document
25.03_China_Oilseeds and Products Annual.pdf,data/raw/USDA/FAS/GAIN/Oilseeds/2025/03/25.03_China_Oilseeds and Products Annual.pdf,data/raw/USDA/FAS/GAIN/Oilseeds/2025/03/Summary/25.03_China_Oilseeds and Products Annual.md,True,39,67626,생산변동|수출규제|압착|재고,중립/혼재,79,74,Gross Domestic Product|Import Volume|Export Volume|Soil Moisture Percentile|Harvested Area|Production Volume|Crushing Volume|Soybean|Vegetable Oil|Crude Palm Oil|Canola Oil|Export Tax
25.03_South Korea_Oilseeds and Products Annual.pdf,data/raw/USDA/FAS/GAIN/Oilseeds/2025/03/25.03_South Korea_Oilseeds and Products Annual.pdf,data/raw/USDA/FAS/GAIN/Oilseeds/2025/03/Summary/25.03_South Korea_Oilseeds and Products Annual.md,True,28,41471,바이오연료수요|수입관세|압착|재고,하방 우세,16,23,Import Volume|Export Volume|Harvested Area|Crushing Volume|Marketing Year|Soybean|Soybean Oil|Vegetable Oil|Crude Palm Oil|Canola Oil|Neutral Regime|Import Tariff
25.03_Tunisia_Oilseeds and Products Annual.pdf,data/raw/USDA/FAS/GAIN/Oilseeds/2025/03/25.03_Tunisia_Oilseeds and Products Annual.pdf,data/raw/USDA/FAS/GAIN/Oilseeds/2025/03/Summary/25.03_Tunisia_Oilseeds and Products Annual.md,True,10,15288,기상이변|압착|재고,중립/혼재,19,20,Import Volume|Export Volume|Harvested Area|Crushing Volume|Marketing Year|Soybean|Vegetable Oil|Crude Palm Oil|Canola Oil|Source Document
25.03_Turkiye_Announces New Crop Production Model.pdf,data/raw/USDA/FAS/GAIN/Oilseeds/2025/03/25.03_Turkiye_Announces New Crop Production Model.pdf,data/raw/USDA/FAS/GAIN/Oilseeds/2025/03/Summary/25.03_Turkiye_Announces New Crop Production Model.md,True,4,8631,,하방 우세,0,9,Production Volume|Neutral Regime|Source Document
25.04_Argentina_Oilseeds and Products Annual.pdf,data/raw/USDA/FAS/GAIN/Oilseeds/2025/04/25.04_Argentina_Oilseeds and Products Annual.pdf,data/raw/USDA/FAS/GAIN/Oilseeds/2025/04/Summary/25.04_Argentina_Oilseeds and Products Annual.md,True,28,54607,기상이변|물류충격|바이오연료수요|수출규제|압착|재고,하방 우세,46,108,Import Volume|Export Volume|Soil Moisture Percentile|Harvested Area|Production Volume|Crushing Volume|Marketing Year|Soybean|Soybean Oil|Crude Palm Oil|Source Document
25.04_Austrailia_Oilseeds and Products Annual.pdf,data/raw/USDA/FAS/GAIN/Oilseeds/2025/04/25.04_Austrailia_Oilseeds and Products Annual.pdf,data/raw/USDA/FAS/GAIN/Oilseeds/2025/04/Summary/25.04_Austrailia_Oilseeds and Products Annual.md,True,35,45641,기상이변|바이오연료수요|생산변동|수입관세|압착|재고,중립/혼재,79,70,Import Volume|Export Volume|Soil Moisture Percentile|Harvested Area|Production Volume|Marketing Year|Source Document|Confidence Score
25.04_China_Action Plan on Inspection of Edible Vegetable Oils.pdf,data/raw/USDA/FAS/GAIN/Oilseeds/2025/04/25.04_China_Action Plan on Inspection of Edible Vegetable Oils.pdf,data/raw/USDA/FAS/GAIN/Oilseeds/2025/04/Summary/25.04_China_Action Plan on Inspection of Edible Vegetable Oils.md,True,3,5233,압착,중립/혼재,0,0,Source Document
25.04_China_New Genetically Modified Corn and Soybean Variety Registration List Published.pdf,data/raw/USDA/FAS/GAIN/Oilseeds/2025/04/25.04_China_New Genetically Modified Corn and Soybean Variety Registration List Published.pdf,data/raw/USDA/FAS/GAIN/Oilseeds/2025/04/Summary/25.04_China_New Genetically Modified Corn and Soybean Variety Registration List Published.md,True,45,66761,,상방 우세,52,6,Soybean|Source Document
25.04_EU_Oilseeds and Products Annual.pdf,data/raw/USDA/FAS/GAIN/Oilseeds/2025/04/25.04_EU_Oilseeds and Products Annual.pdf,data/raw/USDA/FAS/GAIN/Oilseeds/2025/04/Summary/25.04_EU_Oilseeds and Products Annual.md,True,61,44330,기상이변|바이오연료수요|생산변동|압착|재고,중립/혼재,80,104,Import Volume|Export Volume|Soil Moisture Percentile|Harvested Area|Crushing Volume|Marketing Year|Soybean|Soybean Oil|Crude Palm Oil|Canola Oil|Geopolitical Conflict|Subsidy
25.04_Egypt_Oilseeds and Products Annual.pdf,data/raw/USDA/FAS/GAIN/Oilseeds/2025/04/25.04_Egypt_Oilseeds and Products Annual.pdf,data/raw/USDA/FAS/GAIN/Oilseeds/2025/04/Summary/25.04_Egypt_Oilseeds and Products Annual.md,True,20,32974,기상이변|바이오연료수요|수입관세|압착|재고,중립/혼재,70,56,Import Volume|Export Volume|Harvested Area|Marketing Year|Soybean|Soybean Oil|Crude Palm Oil|Source Document
25.04_India_Oilseeds and Products Annual.pdf,data/raw/USDA/FAS/GAIN/Oilseeds/2025/04/25.04_India_Oilseeds and Products Annual.pdf,data/raw/USDA/FAS/GAIN/Oilseeds/2025/04/Summary/25.04_India_Oilseeds and Products Annual.md,True,43,44627,바이오연료수요|생산변동|압착|재고,중립/혼재,69,74,Import Volume|Export Volume|Harvested Area|Production Volume|Marketing Year|Soybean|Vegetable Oil|Crude Palm Oil|Canola Oil|Source Document
25.04_Indonesia_Oilseeds and Products Annual.pdf,data/raw/USDA/FAS/GAIN/Oilseeds/2025/04/25.04_Indonesia_Oilseeds and Products Annual.pdf,data/raw/USDA/FAS/GAIN/Oilseeds/2025/04/Summary/25.04_Indonesia_Oilseeds and Products Annual.md,True,25,45820,기상이변|바이오연료수요|수입관세|수출규제|압착|재고,상방 우세,50,26,Import Volume|Export Volume|La Niña|Harvested Area|Production Volume|Marketing Year|Soybean|Soybean Oil|Crude Palm Oil|Hold Recommendation|Import Tariff|Source Document
25.04_Japan_Oilseeds and Products Annual.pdf,data/raw/USDA/FAS/GAIN/Oilseeds/2025/04/25.04_Japan_Oilseeds and Products Annual.pdf,data/raw/USDA/FAS/GAIN/Oilseeds/2025/04/Summary/25.04_Japan_Oilseeds and Products Annual.md,True,32,56254,기상이변|물류충격|압착|재고,상방 우세,61,46,Import Volume|Export Volume|Harvested Area|Production Volume|Crushing Volume|Marketing Year|Soybean|Crude Palm Oil|Canola Oil|Source Document
25.04_Malaysia_Oilseeds and Products Annual.pdf,data/raw/USDA/FAS/GAIN/Oilseeds/2025/04/25.04_Malaysia_Oilseeds and Products Annual.pdf,data/raw/USDA/FAS/GAIN/Oilseeds/2025/04/Summary/25.04_Malaysia_Oilseeds and Products Annual.md,True,23,49722,바이오연료수요|생산변동|수출규제|압착|재고,중립/혼재,99,89,Import Volume|Export Volume|Harvested Area|Marketing Year|Soybean|Vegetable Oil|Crude Palm Oil|Export Tax|Source Document
25.04_Mexico_Oilseeds and Products Annual.pdf,data/raw/USDA/FAS/GAIN/Oilseeds/2025/04/25.04_Mexico_Oilseeds and Products Annual.pdf,data/raw/USDA/FAS/GAIN/Oilseeds/2025/04/Summary/25.04_Mexico_Oilseeds and Products Annual.md,True,37,43007,기상이변|물류충격|바이오연료수요|압착|재고,상방 우세,130,76,Gross Domestic Product|Import Volume|Export Volume|Harvested Area|Production Volume|Crushing Volume|Soybean|Crude Palm Oil|Canola Oil|Source Document
25.04_Pakistan_Oilseeds and Products Annual.pdf,data/raw/USDA/FAS/GAIN/Oilseeds/2025/04/25.04_Pakistan_Oilseeds and Products Annual.pdf,data/raw/USDA/FAS/GAIN/Oilseeds/2025/04/Summary/25.04_Pakistan_Oilseeds and Products Annual.md,True,20,30020,압착|재고,상방 우세,51,30,Import Volume|Export Volume|Planted Area|Harvested Area|Production Volume|Marketing Year|Soybean|Vegetable Oil|Crude Palm Oil|Canola Oil|Source Document
25.04_Paraguay_Oilseeds and Products Annual.pdf,data/raw/USDA/FAS/GAIN/Oilseeds/2025/04/25.04_Paraguay_Oilseeds and Products Annual.pdf,data/raw/USDA/FAS/GAIN/Oilseeds/2025/04/Summary/25.04_Paraguay_Oilseeds and Products Annual.md,True,15,31223,기상이변|물류충격|바이오연료수요|압착|재고,중립/혼재,24,26,Import Volume|Export Volume|Harvested Area|Production Volume|Crushing Volume|Crushing Rate|Marketing Year|Soybean|Soybean Oil|Source Document
25.04_Philippines_Oilseeds and Products Annual.pdf,data/raw/USDA/FAS/GAIN/Oilseeds/2025/04/25.04_Philippines_Oilseeds and Products Annual.pdf,data/raw/USDA/FAS/GAIN/Oilseeds/2025/04/Summary/25.04_Philippines_Oilseeds and Products Annual.md,True,26,46002,기상이변|바이오연료수요|압착|재고,상방 우세,80,31,Import Volume|Export Volume|Harvested Area|Marketing Year|Soybean|Soybean Oil|Crude Palm Oil|Source Document
25.04_Poland_Direct Versus Indirect Trade - Poland's Hidden Market for US Agricultural Exports.pdf,data/raw/USDA/FAS/GAIN/Oilseeds/2025/04/25.04_Poland_Direct Versus Indirect Trade - Poland's Hidden Market for US Agricultural Exports.pdf,data/raw/USDA/FAS/GAIN/Oilseeds/2025/04/Summary/25.04_Poland_Direct Versus Indirect Trade - Poland's Hidden Market for US Agricultural Exports.md,True,12,20735,물류충격|바이오연료수요,하방 우세,3,11,Import Volume|Export Volume|Soybean|Neutral Regime|Source Document
25.04_South Afrika_Oilseeds and Products Annual.pdf,data/raw/USDA/FAS/GAIN/Oilseeds/2025/04/25.04_South Afrika_Oilseeds and Products Annual.pdf,data/raw/USDA/FAS/GAIN/Oilseeds/2025/04/Summary/25.04_South Afrika_Oilseeds and Products Annual.md,True,26,44399,기상이변|생산변동|수입관세|압착|재고,하방 우세,21,81,Gross Domestic Product|Import Volume|Export Volume|Harvested Area|Marketing Year|Soybean|Vegetable Oil|Crude Palm Oil|Canola Oil|Bear Regime|Import Tariff|Source Document
25.04_Taiwan_Oilseeds and Products Annual.pdf,data/raw/USDA/FAS/GAIN/Oilseeds/2025/04/25.04_Taiwan_Oilseeds and Products Annual.pdf,data/raw/USDA/FAS/GAIN/Oilseeds/2025/04/Summary/25.04_Taiwan_Oilseeds and Products Annual.md,True,21,33423,물류충격|바이오연료수요|수입관세|압착|재고,상방 우세,36,21,Import Volume|Export Volume|Harvested Area|Crushing Volume|Crushing Rate|Soybean|Soybean Oil|Crude Palm Oil|Source Document
25.04_Thailand_Oilseeds and Products Annual.pdf,data/raw/USDA/FAS/GAIN/Oilseeds/2025/04/25.04_Thailand_Oilseeds and Products Annual.pdf,data/raw/USDA/FAS/GAIN/Oilseeds/2025/04/Summary/25.04_Thailand_Oilseeds and Products Annual.md,True,18,36686,기상이변|물류충격|바이오연료수요|생산변동|수입관세|수출규제|압착|재고,상방 우세,86,36,Gross Domestic Product|Import Volume|Export Volume|Harvested Area|Marketing Year|Soybean|Crude Palm Oil|Geopolitical Conflict|Import Quota|Source Document
25.04_Turkey_Oilseeds and Products Annual.pdf,data/raw/USDA/FAS/GAIN/Oilseeds/2025/04/25.04_Turkey_Oilseeds and Products Annual.pdf,data/raw/USDA/FAS/GAIN/Oilseeds/2025/04/Summary/25.04_Turkey_Oilseeds and Products Annual.md,True,26,59300,기상이변|물류충격|바이오연료수요|생산변동|수입관세|압착|재고,하방 우세,92,185,Import Volume|Export Volume|Soil Moisture Percentile|Harvested Area|Production Volume|Crushing Volume|Marketing Year|Soybean|Soybean Oil|Sunflower Oil|Source Document
25.04_UK_Oilseeds and Products Annual.pdf,data/raw/USDA/FAS/GAIN/Oilseeds/2025/04/25.04_UK_Oilseeds and Products Annual.pdf,data/raw/USDA/FAS/GAIN/Oilseeds/2025/04/Summary/25.04_UK_Oilseeds and Products Annual.md,True,17,33246,물류충격|압착|재고,하방 우세,24,34,Import Volume|Export Volume|Harvested Area|Crushing Volume|Marketing Year|Soybean|Crude Palm Oil|Canola Oil|Geopolitical Conflict|Source Document|Confidence Score
25.04_Ukraine_Oilseeds and Products Annual.pdf,data/raw/USDA/FAS/GAIN/Oilseeds/2025/04/25.04_Ukraine_Oilseeds and Products Annual.pdf,data/raw/USDA/FAS/GAIN/Oilseeds/2025/04/Summary/25.04_Ukraine_Oilseeds and Products Annual.md,True,29,27522,기상이변|물류충격|생산변동|수입관세|수출규제|압착|재고,하방 우세,37,85,Import Volume|Export Volume|Soil Moisture Percentile|Harvested Area|Production Volume|Crushing Volume|Soybean|Soybean Oil|Crude Palm Oil|Canola Oil|Geopolitical Conflict|Effective Date
25.04_Uruguay_Oilseeds and Products Annual.pdf,data/raw/USDA/FAS/GAIN/Oilseeds/2025/04/25.04_Uruguay_Oilseeds and Products Annual.pdf,data/raw/USDA/FAS/GAIN/Oilseeds/2025/04/Summary/25.04_Uruguay_Oilseeds and Products Annual.md,True,12,18522,기상이변|바이오연료수요|수출규제|압착|재고,중립/혼재,13,15,Import Volume|Export Volume|Flood|Harvested Area|Production Volume|Crushing Volume|Marketing Year|Soybean|Soybean Oil|Neutral Regime|Biodiesel Blend Mandate|Source Document
25.04_Vietnam_Eliminates and Reduces MFN Import Tariff Rates on Select Agricultural Products.pdf,data/raw/USDA/FAS/GAIN/Oilseeds/2025/04/25.04_Vietnam_Eliminates and Reduces MFN Import Tariff Rates on Select Agricultural Products.pdf,data/raw/USDA/FAS/GAIN/Oilseeds/2025/04/Summary/25.04_Vietnam_Eliminates and Reduces MFN Import Tariff Rates on Select Agricultural Products.md,True,2,2428,수입관세,중립/혼재,0,0,Source Document
25.04_Vietnam_Oilseeds and Products Annual.pdf,data/raw/USDA/FAS/GAIN/Oilseeds/2025/04/25.04_Vietnam_Oilseeds and Products Annual.pdf,data/raw/USDA/FAS/GAIN/Oilseeds/2025/04/Summary/25.04_Vietnam_Oilseeds and Products Annual.md,True,28,38750,생산변동|수입관세|압착|재고,상방 우세,60,27,Gross Domestic Product|Import Volume|Export Volume|Harvested Area|Crushing Volume|Marketing Year|Soybean|Soybean Oil|Crude Palm Oil|Canola Oil|Source Document
25.05_Argentina_Government Extends the Partial Lowering of Export Taxes on Wheat and Barley through March 2026.pdf,data/raw/USDA/FAS/GAIN/Oilseeds/2025/05/25.05_Argentina_Government Extends the Partial Lowering of Export Taxes on Wheat and Barley through March 2026.pdf,data/raw/USDA/FAS/GAIN/Oilseeds/2025/05/Summary/25.05_Argentina_Government Extends the Partial Lowering of Export Taxes on Wheat and Barley through March 2026.md,True,2,2138,기상이변|수출규제,하방 우세,3,8,Soybean|Source Document
25.05_Bulgaria_Direct Versus Indirect Trade - Bulgaria's Market for US Agricultural Exports.pdf,data/raw/USDA/FAS/GAIN/Oilseeds/2025/05/25.05_Bulgaria_Direct Versus Indirect Trade - Bulgaria's Market for US Agricultural Exports.pdf,data/raw/USDA/FAS/GAIN/Oilseeds/2025/05/Summary/25.05_Bulgaria_Direct Versus Indirect Trade - Bulgaria's Market for US Agricultural Exports.md,True,9,16832,물류충격|수입관세,상방 우세,10,7,Import Volume|Export Volume|Soybean|Source Document
25.05_India_IMD Forecasts Early Monsoon Onset with Above-Normal Rainfall.pdf,data/raw/USDA/FAS/GAIN/Oilseeds/2025/05/25.05_India_IMD Forecasts Early Monsoon Onset with Above-Normal Rainfall.pdf,data/raw/USDA/FAS/GAIN/Oilseeds/2025/05/Summary/25.05_India_IMD Forecasts Early Monsoon Onset with Above-Normal Rainfall.md,True,4,4042,기상이변,하방 우세,3,5,Soil Moisture Percentile|Planted Area|Source Document
25.05_Indonesia_Raises Palm Exports Levy.pdf,data/raw/USDA/FAS/GAIN/Oilseeds/2025/05/25.05_Indonesia_Raises Palm Exports Levy.pdf,data/raw/USDA/FAS/GAIN/Oilseeds/2025/05/Summary/25.05_Indonesia_Raises Palm Exports Levy.md,True,3,3549,바이오연료수요,상방 우세,7,1,Export Volume|Crude Palm Oil|Source Document
25.05_Venezuela_Agricultural Imports Grow 9 Percent in 2024 with the United States among Leading Suppliers.pdf,data/raw/USDA/FAS/GAIN/Oilseeds/2025/05/25.05_Venezuela_Agricultural Imports Grow 9 Percent in 2024 with the United States among Leading Suppliers.pdf,data/raw/USDA/FAS/GAIN/Oilseeds/2025/05/Summary/25.05_Venezuela_Agricultural Imports Grow 9 Percent in 2024 with the United States among Leading Suppliers.md,True,9,15233,,상방 우세,20,8,Import Volume|Export Volume|Soybean|Source Document
25.05_Vietnam_MOIT Restructured Regarding Ethanol Blended Gasoline Regulatory Issue.pdf,data/raw/USDA/FAS/GAIN/Oilseeds/2025/05/25.05_Vietnam_MOIT Restructured Regarding Ethanol Blended Gasoline Regulatory Issue.pdf,data/raw/USDA/FAS/GAIN/Oilseeds/2025/05/Summary/25.05_Vietnam_MOIT Restructured Regarding Ethanol Blended Gasoline Regulatory Issue.md,True,2,3252,바이오연료수요,중립/혼재,1,1,Source Document
25.05_Vietnam_Restructures Plant Regulatory Responsibilities.pdf,data/raw/USDA/FAS/GAIN/Oilseeds/2025/05/25.05_Vietnam_Restructures Plant Regulatory Responsibilities.pdf,data/raw/USDA/FAS/GAIN/Oilseeds/2025/05/Summary/25.05_Vietnam_Restructures Plant Regulatory Responsibilities.md,True,3,4406,,중립/혼재,0,0,Production Volume|Source Document
25.06_Brazil_Assessment of Soy China Initiative.pdf,data/raw/USDA/FAS/GAIN/Oilseeds/2025/06/25.06_Brazil_Assessment of Soy China Initiative.pdf,data/raw/USDA/FAS/GAIN/Oilseeds/2025/06/Summary/25.06_Brazil_Assessment of Soy China Initiative.md,True,5,8410,,상방 우세,5,2,Import Volume|Export Volume|Marketing Year|Soybean|Trade War|Source Document
25.06_Bulgaria_Oilseeds and Products Market Update.pdf,data/raw/USDA/FAS/GAIN/Oilseeds/2025/06/25.06_Bulgaria_Oilseeds and Products Market Update.pdf,data/raw/USDA/FAS/GAIN/Oilseeds/2025/06/Summary/25.06_Bulgaria_Oilseeds and Products Market Update.md,True,12,11889,바이오연료수요|압착|재고,하방 우세,15,49,Import Volume|Export Volume|Soil Moisture Percentile|Harvested Area|Marketing Year|Soybean|Canola Oil|Neutral Regime|Source Document
25.06_India_Cuts Import Tax on Crude Edible Oils - Opportunities for US Soybean Oil.pdf,data/raw/USDA/FAS/GAIN/Oilseeds/2025/06/25.06_India_Cuts Import Tax on Crude Edible Oils - Opportunities for US Soybean Oil.pdf,data/raw/USDA/FAS/GAIN/Oilseeds/2025/06/Summary/25.06_India_Cuts Import Tax on Crude Edible Oils - Opportunities for US Soybean Oil.md,True,5,8928,기상이변|물류충격|수입관세,중립/혼재,22,21,Import Volume|Export Volume|Production Volume|Marketing Year|Vegetable Oil|Crude Palm Oil|Geopolitical Conflict|Import Tariff|Source Document
25.06_Indonesia_Agricultural Biotechnology Showcase Piques Interest of Indonesian Government Officials.pdf,data/raw/USDA/FAS/GAIN/Oilseeds/2025/06/25.06_Indonesia_Agricultural Biotechnology Showcase Piques Interest of Indonesian Government Officials.pdf,data/raw/USDA/FAS/GAIN/Oilseeds/2025/06/Summary/25.06_Indonesia_Agricultural Biotechnology Showcase Piques Interest of Indonesian Government Officials.md,True,10,17449,기상이변,상방 우세,5,3,Import Volume|Export Volume|Soybean|Source Document
25.06_Mexico_The United States and Mexico Railroad Supply Chain and Agricultural Trade.pdf,data/raw/USDA/FAS/GAIN/Oilseeds/2025/06/25.06_Mexico_The United States and Mexico Railroad Supply Chain and Agricultural Trade.pdf,data/raw/USDA/FAS/GAIN/Oilseeds/2025/06/Summary/25.06_Mexico_The United States and Mexico Railroad Supply Chain and Agricultural Trade.md,True,5,8172,물류충격,상방 우세,8,3,Import Volume|Export Volume|Production Volume|Soybean|Neutral Regime|Source Document
25.06_Saudi Arabia_An Overview of the Aquaculture Industry.pdf,data/raw/USDA/FAS/GAIN/Oilseeds/2025/06/25.06_Saudi Arabia_An Overview of the Aquaculture Industry.pdf,data/raw/USDA/FAS/GAIN/Oilseeds/2025/06/Summary/25.06_Saudi Arabia_An Overview of the Aquaculture Industry.md,True,6,10686,물류충격,상방 우세,7,2,Import Volume|Export Volume|Soybean|Source Document
25.06_Senegal_2025 Peanut Annual.pdf,data/raw/USDA/FAS/GAIN/Oilseeds/2025/06/25.06_Senegal_2025 Peanut Annual.pdf,data/raw/USDA/FAS/GAIN/Oilseeds/2025/06/Summary/25.06_Senegal_2025 Peanut Annual.md,True,4,6547,생산변동|압착|재고,중립/혼재,8,8,Import Volume|Export Volume|Harvested Area|Marketing Year|Source Document
25.06_Southern Africa_Shortages Boost United States Corn and Soybean Exports Benefiting American Farmers.pdf,data/raw/USDA/FAS/GAIN/Oilseeds/2025/06/25.06_Southern Africa_Shortages Boost United States Corn and Soybean Exports Benefiting American Farmers.pdf,data/raw/USDA/FAS/GAIN/Oilseeds/2025/06/Summary/25.06_Southern Africa_Shortages Boost United States Corn and Soybean Exports Benefiting American Farmers.md,True,7,10134,기상이변|생산변동|압착,중립/혼재,9,10,Import Volume|Export Volume|Marketing Year|Soybean|Source Document
25.07_Brazil_Oilseeds and Products Update.pdf,data/raw/USDA/FAS/GAIN/Oilseeds/2025/07/25.07_Brazil_Oilseeds and Products Update.pdf,data/raw/USDA/FAS/GAIN/Oilseeds/2025/07/Summary/25.07_Brazil_Oilseeds and Products Update.md,True,18,26938,기상이변|물류충격|바이오연료수요|생산변동|압착|재고,상방 우세,31,14,Import Volume|Export Volume|Harvested Area|Crushing Volume|Crushing Rate|Marketing Year|Soybean|Soybean Oil|Source Document
25.07_India_Early Monsoon Boosts Kharif Sowing.pdf,data/raw/USDA/FAS/GAIN/Oilseeds/2025/07/25.07_India_Early Monsoon Boosts Kharif Sowing.pdf,data/raw/USDA/FAS/GAIN/Oilseeds/2025/07/Summary/25.07_India_Early Monsoon Boosts Kharif Sowing.md,True,4,5759,기상이변,하방 우세,7,17,Soil Moisture Percentile|Planted Area|Source Document
25.07_Kazakhstan_Oilseed Production.pdf,data/raw/USDA/FAS/GAIN/Oilseeds/2025/07/25.07_Kazakhstan_Oilseed Production.pdf,data/raw/USDA/FAS/GAIN/Oilseeds/2025/07/Summary/25.07_Kazakhstan_Oilseed Production.md,True,6,8605,수출규제,하방 우세,12,22,Import Volume|Export Volume|Neutral Regime|Export Tax|Source Document
25.07_Malaysia_Oilseeds and Products Update.pdf,data/raw/USDA/FAS/GAIN/Oilseeds/2025/07/25.07_Malaysia_Oilseeds and Products Update.pdf,data/raw/USDA/FAS/GAIN/Oilseeds/2025/07/Summary/25.07_Malaysia_Oilseeds and Products Update.md,True,12,25006,생산변동|압착|재고,상방 우세,70,43,Import Volume|Export Volume|Harvested Area|Production Volume|Crushing Rate|Marketing Year|Soybean|Vegetable Oil|Crude Palm Oil|Source Document
25.08_Argentina_Permanently Lowers Ag Export Taxes.pdf,data/raw/USDA/FAS/GAIN/Oilseeds/2025/08/25.08_Argentina_Permanently Lowers Ag Export Taxes.pdf,data/raw/USDA/FAS/GAIN/Oilseeds/2025/08/Summary/25.08_Argentina_Permanently Lowers Ag Export Taxes.md,True,3,3801,바이오연료수요|수출규제,하방 우세,2,8,Export Volume|Soybean|Export Tax|Policy Pivot|Source Document
25.08_Brazil_Sunflower Sector-Opportunities and Challenges in a Growing Market.pdf,data/raw/USDA/FAS/GAIN/Oilseeds/2025/08/25.08_Brazil_Sunflower Sector-Opportunities and Challenges in a Growing Market.pdf,data/raw/USDA/FAS/GAIN/Oilseeds/2025/08/Summary/25.08_Brazil_Sunflower Sector-Opportunities and Challenges in a Growing Market.md,True,9,13794,기상이변|물류충격|바이오연료수요|압착,하방 우세,8,55,Import Volume|Export Volume|Soil Moisture Percentile|Production Volume|Marketing Year|Soybean|Source Document
25.08_Canada_Ontario Announces Domestic Biobased Content Requirements for Diesel Fuel and Gasoline.pdf,data/raw/USDA/FAS/GAIN/Oilseeds/2025/08/25.08_Canada_Ontario Announces Domestic Biobased Content Requirements for Diesel Fuel and Gasoline.pdf,data/raw/USDA/FAS/GAIN/Oilseeds/2025/08/Summary/25.08_Canada_Ontario Announces Domestic Biobased Content Requirements for Diesel Fuel and Gasoline.md,True,5,10782,바이오연료수요,하방 우세,6,10,Import Volume|Export Volume|Subsidy|Source Document
25.08_China_GACC Announces New Storage and Transportation Requirements for Imported Bulk Edible Vegetable Oils.pdf,data/raw/USDA/FAS/GAIN/Oilseeds/2025/08/25.08_China_GACC Announces New Storage and Transportation Requirements for Imported Bulk Edible Vegetable Oils.pdf,data/raw/USDA/FAS/GAIN/Oilseeds/2025/08/Summary/25.08_China_GACC Announces New Storage and Transportation Requirements for Imported Bulk Edible Vegetable Oils.md,True,6,11737,압착,상방 우세,1,0,Import Volume|Vegetable Oil|Source Document
25.08_India_Oilseeds and Products Update.pdf,data/raw/USDA/FAS/GAIN/Oilseeds/2025/08/25.08_India_Oilseeds and Products Update.pdf,data/raw/USDA/FAS/GAIN/Oilseeds/2025/08/Summary/25.08_India_Oilseeds and Products Update.md,True,25,35357,기상이변|물류충격|바이오연료수요|수입관세|압착|재고,하방 우세,30,52,Import Volume|Export Volume|Harvested Area|Production Volume|Marketing Year|Soybean|Soybean Oil|Vegetable Oil|Crude Palm Oil|Trade War|Import Tariff|Source Document
25.08_Indonesia_Oilseeds and Products Update.pdf,data/raw/USDA/FAS/GAIN/Oilseeds/2025/08/25.08_Indonesia_Oilseeds and Products Update.pdf,data/raw/USDA/FAS/GAIN/Oilseeds/2025/08/Summary/25.08_Indonesia_Oilseeds and Products Update.md,True,7,12571,바이오연료수요|생산변동|압착|재고,중립/혼재,15,12,Import Volume|Export Volume|Harvested Area|Marketing Year|Soybean|Crude Palm Oil|Effective Date|Source Document
25.08_Nicaragua_Peanut Report Annual.pdf,data/raw/USDA/FAS/GAIN/Oilseeds/2025/08/25.08_Nicaragua_Peanut Report Annual.pdf,data/raw/USDA/FAS/GAIN/Oilseeds/2025/08/Summary/25.08_Nicaragua_Peanut Report Annual.md,True,6,9302,기상이변|압착|재고,하방 우세,6,9,Import Volume|Export Volume|Harvested Area|Marketing Year|Source Document
25.08_Tunisia_Aquaculture Industry a Driver for US Feed Exports.pdf,data/raw/USDA/FAS/GAIN/Oilseeds/2025/08/25.08_Tunisia_Aquaculture Industry a Driver for US Feed Exports.pdf,data/raw/USDA/FAS/GAIN/Oilseeds/2025/08/Summary/25.08_Tunisia_Aquaculture Industry a Driver for US Feed Exports.md,True,5,8122,,하방 우세,0,4,Import Volume|Export Volume|Source Document
25.08_Turkiye_Announces Tariff Quota for Sunflower Seed-Crude Sunflower Oil.pdf,data/raw/USDA/FAS/GAIN/Oilseeds/2025/08/25.08_Turkiye_Announces Tariff Quota for Sunflower Seed-Crude Sunflower Oil.pdf,data/raw/USDA/FAS/GAIN/Oilseeds/2025/08/Summary/25.08_Turkiye_Announces Tariff Quota for Sunflower Seed-Crude Sunflower Oil.md,True,2,2565,수입관세,하방 우세,0,22,Import Volume|Source Document
25.08_Ukraine_Oilseeds Update.pdf,data/raw/USDA/FAS/GAIN/Oilseeds/2025/08/25.08_Ukraine_Oilseeds Update.pdf,data/raw/USDA/FAS/GAIN/Oilseeds/2025/08/Summary/25.08_Ukraine_Oilseeds Update.md,True,13,14065,수출규제|압착|재고,하방 우세,3,22,Import Volume|Export Volume|Harvested Area|Soybean|Crude Palm Oil|Canola Oil|Export Tax|Source Document
25.09_Brazil_Update on Legal Challenges Surrounding the Soy Moratorium - Market Risks and International Pressure.pdf,data/raw/USDA/FAS/GAIN/Oilseeds/2025/09/25.09_Brazil_Update on Legal Challenges Surrounding the Soy Moratorium - Market Risks and International Pressure.pdf,data/raw/USDA/FAS/GAIN/Oilseeds/2025/09/Summary/25.09_Brazil_Update on Legal Challenges Surrounding the Soy Moratorium - Market Risks and International Pressure.md,True,4,7119,,중립/혼재,2,2,Gross Domestic Product|Export Volume|Soybean|Source Document
25.09_China_Oilseeds and Products Update.pdf,data/raw/USDA/FAS/GAIN/Oilseeds/2025/09/25.09_China_Oilseeds and Products Update.pdf,data/raw/USDA/FAS/GAIN/Oilseeds/2025/09/Summary/25.09_China_Oilseeds and Products Update.md,True,35,44217,기상이변|바이오연료수요|생산변동|압착|재고,중립/혼재,49,48,Import Volume|Export Volume|Harvested Area|Crushing Volume|Marketing Year|Soybean|Crude Palm Oil|Canola Oil|Source Document
25.09_EU_Oilseeds and Products Update.pdf,data/raw/USDA/FAS/GAIN/Oilseeds/2025/09/25.09_EU_Oilseeds and Products Update.pdf,data/raw/USDA/FAS/GAIN/Oilseeds/2025/09/Summary/25.09_EU_Oilseeds and Products Update.md,True,21,43275,기상이변|물류충격|바이오연료수요|생산변동|수입관세|압착|재고,하방 우세,80,143,Import Volume|Export Volume|Heatwave|Pollination Window|Harvested Area|Production Volume|Crushing Volume|Marketing Year|Soybean|Canola Oil|Neutral Regime|Subsidy
25.09_India_Sowing Increases but Heavy Rains Impact Standing Crops.pdf,data/raw/USDA/FAS/GAIN/Oilseeds/2025/09/25.09_India_Sowing Increases but Heavy Rains Impact Standing Crops.pdf,data/raw/USDA/FAS/GAIN/Oilseeds/2025/09/Summary/25.09_India_Sowing Increases but Heavy Rains Impact Standing Crops.md,True,6,5344,,하방 우세,6,14,Flood|Soil Moisture Percentile|Planted Area|Source Document
25.09_Israel_Overview of Israeli Soybean Market.pdf,data/raw/USDA/FAS/GAIN/Oilseeds/2025/09/25.09_Israel_Overview of Israeli Soybean Market.pdf,data/raw/USDA/FAS/GAIN/Oilseeds/2025/09/Summary/25.09_Israel_Overview of Israeli Soybean Market.md,True,9,14476,수입관세|압착|재고,하방 우세,5,12,Import Volume|Export Volume|Harvested Area|Marketing Year|Soybean|Source Document
25.09_Turkiye_Oilseeds and Products Update.pdf,data/raw/USDA/FAS/GAIN/Oilseeds/2025/09/25.09_Turkiye_Oilseeds and Products Update.pdf,data/raw/USDA/FAS/GAIN/Oilseeds/2025/09/Summary/25.09_Turkiye_Oilseeds and Products Update.md,True,7,15263,기상이변|물류충격|생산변동|압착|재고,하방 우세,19,109,Import Volume|Export Volume|Harvested Area|Production Volume|Marketing Year|Soybean|Soybean Oil|Source Document
25.09_Vietnam_Oilseeds and Products Update.pdf,data/raw/USDA/FAS/GAIN/Oilseeds/2025/09/25.09_Vietnam_Oilseeds and Products Update.pdf,data/raw/USDA/FAS/GAIN/Oilseeds/2025/09/Summary/25.09_Vietnam_Oilseeds and Products Update.md,True,26,38259,생산변동|수입관세|압착|재고,상방 우세,49,18,Import Volume|Export Volume|Harvested Area|Crushing Volume|Marketing Year|Soybean|Soybean Oil|Crude Palm Oil|Canola Oil|Source Document
25.11_Argentina_Oilseeds and Products Update.pdf,data/raw/USDA/FAS/GAIN/Oilseeds/2025/11/25.11_Argentina_Oilseeds and Products Update.pdf,data/raw/USDA/FAS/GAIN/Oilseeds/2025/11/Summary/25.11_Argentina_Oilseeds and Products Update.md,True,14,36222,기상이변|수출규제|압착|재고,하방 우세,35,62,Import Volume|Export Volume|Soil Moisture Percentile|Harvested Area|Production Volume|Crushing Volume|Marketing Year|Soybean|Soybean Oil|Neutral Regime|Source Document|Confidence Score
25.11_Brazil_Oilseeds and Products Update.pdf,data/raw/USDA/FAS/GAIN/Oilseeds/2025/11/25.11_Brazil_Oilseeds and Products Update.pdf,data/raw/USDA/FAS/GAIN/Oilseeds/2025/11/Summary/25.11_Brazil_Oilseeds and Products Update.md,True,18,28173,물류충격|바이오연료수요|압착|재고,상방 우세,40,12,Import Volume|Export Volume|Harvested Area|Production Volume|Crushing Volume|Marketing Year|Soybean|Soybean Oil|Source Document
25.11_India_Strong 2025 Southwest Monsoon Boosts Water Availability.pdf,data/raw/USDA/FAS/GAIN/Oilseeds/2025/11/25.11_India_Strong 2025 Southwest Monsoon Boosts Water Availability.pdf,data/raw/USDA/FAS/GAIN/Oilseeds/2025/11/Summary/25.11_India_Strong 2025 Southwest Monsoon Boosts Water Availability.md,True,7,8632,,하방 우세,6,19,Source Document
25.11_Indonesia_Statement Letter Necessary to Release Non-Compliant Shipments for Indonesian Export Timing Restrictions.pdf,data/raw/USDA/FAS/GAIN/Oilseeds/2025/11/25.11_Indonesia_Statement Letter Necessary to Release Non-Compliant Shipments for Indonesian Export Timing Restrictions.pdf,data/raw/USDA/FAS/GAIN/Oilseeds/2025/11/Summary/25.11_Indonesia_Statement Letter Necessary to Release Non-Compliant Shipments for Indonesian Export Timing Restrictions.md,True,3,5532,,중립/혼재,0,0,Export Volume|Source Document
25.11_Norway_The Norwegian Fish Feed Ingredient Market.pdf,data/raw/USDA/FAS/GAIN/Oilseeds/2025/11/25.11_Norway_The Norwegian Fish Feed Ingredient Market.pdf,data/raw/USDA/FAS/GAIN/Oilseeds/2025/11/Summary/25.11_Norway_The Norwegian Fish Feed Ingredient Market.md,True,7,19479,물류충격,하방 우세,3,6,Import Volume|Production Volume|Soybean|Canola Oil|Source Document
25.12_Argentina_Government Furhter Reduces Export Taxes on Agricultural Commodities.pdf,data/raw/USDA/FAS/GAIN/Oilseeds/2025/12/25.12_Argentina_Government Furhter Reduces Export Taxes on Agricultural Commodities.pdf,data/raw/USDA/FAS/GAIN/Oilseeds/2025/12/Summary/25.12_Argentina_Government Furhter Reduces Export Taxes on Agricultural Commodities.md,True,2,1787,수출규제,하방 우세,0,1,Soybean|Source Document
25.12_Bulgaria_Oilseeds and Products Market Update.pdf,data/raw/USDA/FAS/GAIN/Oilseeds/2025/12/25.12_Bulgaria_Oilseeds and Products Market Update.pdf,data/raw/USDA/FAS/GAIN/Oilseeds/2025/12/Summary/25.12_Bulgaria_Oilseeds and Products Market Update.md,True,15,14414,기상이변|물류충격|바이오연료수요|압착,하방 우세,25,51,Import Volume|Export Volume|Soil Moisture Percentile|Harvested Area|Marketing Year|Soybean|Canola Oil|Source Document
25.12_China_Oilseeds and Products Update.pdf,data/raw/USDA/FAS/GAIN/Oilseeds/2025/12/25.12_China_Oilseeds and Products Update.pdf,data/raw/USDA/FAS/GAIN/Oilseeds/2025/12/Summary/25.12_China_Oilseeds and Products Update.md,True,34,47312,기상이변|바이오연료수요|생산변동|수출규제|압착|재고,중립/혼재,41,45,Import Volume|Export Volume|Harvested Area|Crushing Volume|Soybean|Soybean Oil|Crude Palm Oil|Canola Oil|Source Document
25.12_India_Oilseeds and Products Update.pdf,data/raw/USDA/FAS/GAIN/Oilseeds/2025/12/25.12_India_Oilseeds and Products Update.pdf,data/raw/USDA/FAS/GAIN/Oilseeds/2025/12/Summary/25.12_India_Oilseeds and Products Update.md,True,17,31142,압착|재고,상방 우세,22,16,Import Volume|Export Volume|Harvested Area|Marketing Year|Source Document|Confidence Score
25.12_Indonesia_Oilseeds and Products Update.pdf,data/raw/USDA/FAS/GAIN/Oilseeds/2025/12/25.12_Indonesia_Oilseeds and Products Update.pdf,data/raw/USDA/FAS/GAIN/Oilseeds/2025/12/Summary/25.12_Indonesia_Oilseeds and Products Update.md,True,8,16161,기상이변|바이오연료수요|압착|재고,상방 우세,23,14,Import Volume|Export Volume|Harvested Area|Marketing Year|Soybean|Crude Palm Oil|Source Document
25.12_Malaysia_Oilseeds and Products Update.pdf,data/raw/USDA/FAS/GAIN/Oilseeds/2025/12/25.12_Malaysia_Oilseeds and Products Update.pdf,data/raw/USDA/FAS/GAIN/Oilseeds/2025/12/Summary/25.12_Malaysia_Oilseeds and Products Update.md,True,19,37151,물류충격|바이오연료수요|생산변동|압착|재고,상방 우세,89,23,Import Volume|Export Volume|Harvested Area|Production Volume|Marketing Year|Soybean|Soybean Oil|Crude Palm Oil|Source Document
25.12_Pakistan_Oilseeds and Products Update.pdf,data/raw/USDA/FAS/GAIN/Oilseeds/2025/12/25.12_Pakistan_Oilseeds and Products Update.pdf,data/raw/USDA/FAS/GAIN/Oilseeds/2025/12/Summary/25.12_Pakistan_Oilseeds and Products Update.md,True,8,9626,압착|재고,상방 우세,10,2,Import Volume|Export Volume|Harvested Area|Marketing Year|Soybean|Source Document
25.12_Taiwan_ASF Triggers Ban of Food Waste in Hog Feed.pdf,data/raw/USDA/FAS/GAIN/Oilseeds/2025/12/25.12_Taiwan_ASF Triggers Ban of Food Waste in Hog Feed.pdf,data/raw/USDA/FAS/GAIN/Oilseeds/2025/12/Summary/25.12_Taiwan_ASF Triggers Ban of Food Waste in Hog Feed.md,True,5,9928,,상방 우세,8,2,Import Volume|Soybean|Policy Pivot|Source Document
26.01_Argentina_Oilseeds and Products Update.pdf,data/raw/USDA/FAS/GAIN/Oilseeds/2026/01/26.01_Argentina_Oilseeds and Products Update.pdf,data/raw/USDA/FAS/GAIN/Oilseeds/2026/01/Summary/26.01_Argentina_Oilseeds and Products Update.md,True,15,28988,기상이변|생산변동|수출규제|압착|재고,하방 우세,27,63,Import Volume|Export Volume|Soil Moisture Percentile|Harvested Area|Crushing Volume|Soybean|Soybean Oil|Export Tax|Source Document|Confidence Score
26.01_Brazil_Oilseeds and Products Update.pdf,data/raw/USDA/FAS/GAIN/Oilseeds/2026/01/26.01_Brazil_Oilseeds and Products Update.pdf,data/raw/USDA/FAS/GAIN/Oilseeds/2026/01/Summary/26.01_Brazil_Oilseeds and Products Update.md,True,12,15687,바이오연료수요|생산변동|압착|재고,상방 우세,18,9,Import Volume|Export Volume|Harvested Area|Crushing Volume|Marketing Year|Soybean|Soybean Oil|Neutral Regime|Source Document
26.01_Canada_Strikes Deal with China on Canola Seafood Peas and Beef.pdf,data/raw/USDA/FAS/GAIN/Oilseeds/2026/01/26.01_Canada_Strikes Deal with China on Canola Seafood Peas and Beef.pdf,data/raw/USDA/FAS/GAIN/Oilseeds/2026/01/Summary/26.01_Canada_Strikes Deal with China on Canola Seafood Peas and Beef.md,True,5,12307,,하방 우세,6,12,Import Volume|Export Volume|Source Document|Entity Mention
26.01_Cote d'Ivoire_Oilseeds and Products Report Annual of 2025.pdf,data/raw/USDA/FAS/GAIN/Oilseeds/2026/01/26.01_Cote d'Ivoire_Oilseeds and Products Report Annual of 2025.pdf,data/raw/USDA/FAS/GAIN/Oilseeds/2026/01/Summary/26.01_Cote d'Ivoire_Oilseeds and Products Report Annual of 2025.md,True,18,51499,바이오연료수요|생산변동|압착|재고,중립/혼재,27,23,Import Volume|Export Volume|Harvested Area|Production Volume|Crushing Volume|Soybean|Crude Palm Oil|Source Document
26.01_EU_Adopts Changes to Deforestation Regulation.pdf,data/raw/USDA/FAS/GAIN/Oilseeds/2026/01/26.01_EU_Adopts Changes to Deforestation Regulation.pdf,data/raw/USDA/FAS/GAIN/Oilseeds/2026/01/Summary/26.01_EU_Adopts Changes to Deforestation Regulation.md,True,5,7743,,하방 우세,0,1,Export Volume|Source Document|Bounding Box
26.01_EU_Olive Oil Outlook 2025.pdf,data/raw/USDA/FAS/GAIN/Oilseeds/2026/01/26.01_EU_Olive Oil Outlook 2025.pdf,data/raw/USDA/FAS/GAIN/Oilseeds/2026/01/Summary/26.01_EU_Olive Oil Outlook 2025.md,True,12,18630,기상이변|생산변동|수입관세|재고,하방 우세,8,21,Import Volume|Export Volume|Production Volume|Marketing Year|Source Document
26.01_Malaysia_Oilseeds and Products Update.pdf,data/raw/USDA/FAS/GAIN/Oilseeds/2026/01/26.01_Malaysia_Oilseeds and Products Update.pdf,data/raw/USDA/FAS/GAIN/Oilseeds/2026/01/Summary/26.01_Malaysia_Oilseeds and Products Update.md,True,15,33928,기상이변|바이오연료수요|압착|재고,상방 우세,125,22,Import Volume|Export Volume|Harvested Area|Production Volume|Soybean|Crude Palm Oil|Source Document
26.02_Argentina_Oilseeds and Products Update.pdf,data/raw/USDA/FAS/GAIN/Oilseeds/2026/02/26.02_Argentina_Oilseeds and Products Update.pdf,data/raw/USDA/FAS/GAIN/Oilseeds/2026/02/Summary/26.02_Argentina_Oilseeds and Products Update.md,True,13,23221,기상이변|생산변동|수출규제|압착|재고,하방 우세,27,62,Import Volume|Export Volume|Soil Moisture Percentile|Harvested Area|Crushing Volume|Crushing Rate|Soybean|Neutral Regime|Source Document|Confidence Score
26.02_Brazil_Palm Oil Sector.pdf,data/raw/USDA/FAS/GAIN/Oilseeds/2026/02/26.02_Brazil_Palm Oil Sector.pdf,data/raw/USDA/FAS/GAIN/Oilseeds/2026/02/Summary/26.02_Brazil_Palm Oil Sector.md,True,9,12447,,상방 우세,6,2,Import Volume|Export Volume|Harvested Area|Production Volume|Crude Palm Oil|Source Document|Confidence Score
26.02_China_Priorities in Agriculture and Rural Development in 2026.pdf,data/raw/USDA/FAS/GAIN/Oilseeds/2026/02/26.02_China_Priorities in Agriculture and Rural Development in 2026.pdf,data/raw/USDA/FAS/GAIN/Oilseeds/2026/02/Summary/26.02_China_Priorities in Agriculture and Rural Development in 2026.md,True,6,14958,기상이변,상방 우세,10,2,Import Volume|Production Volume|Soybean|Neutral Regime|Source Document
26.02_India_Oilseeds and Products Update.pdf,data/raw/USDA/FAS/GAIN/Oilseeds/2026/02/26.02_India_Oilseeds and Products Update.pdf,data/raw/USDA/FAS/GAIN/Oilseeds/2026/02/Summary/26.02_India_Oilseeds and Products Update.md,True,25,32646,바이오연료수요|압착|재고,하방 우세,15,21,Import Volume|Export Volume|Soil Moisture Percentile|Harvested Area|Production Volume|Marketing Year|Soybean|Crude Palm Oil|Canola Oil|Source Document
26.03_Bangladesh_Oilseeds and Products Annual.pdf,data/raw/USDA/FAS/GAIN/Oilseeds/2026/03/26.03_Bangladesh_Oilseeds and Products Annual.pdf,data/raw/USDA/FAS/GAIN/Oilseeds/2026/03/Summary/26.03_Bangladesh_Oilseeds and Products Annual.md,True,34,39209,바이오연료수요|수입관세|압착|재고,상방 우세,44,23,Import Volume|Export Volume|Soil Moisture Percentile|Harvested Area|Production Volume|Crushing Volume|Harvest Delay|Marketing Year|Soybean|Vegetable Oil|Crude Palm Oil|Neutral Regime
26.03_Brazil_Oilseeds and Products Annual.pdf,data/raw/USDA/FAS/GAIN/Oilseeds/2026/03/26.03_Brazil_Oilseeds and Products Annual.pdf,data/raw/USDA/FAS/GAIN/Oilseeds/2026/03/Summary/26.03_Brazil_Oilseeds and Products Annual.md,True,50,50012,물류충격|바이오연료수요|압착|재고,중립/혼재,57,52,BRL per USD|Import Volume|Export Volume|Flood|Soil Moisture Percentile|Harvested Area|Marketing Year|Soybean|Crude Palm Oil|Neutral Regime|Freight Rate|Source Document
26.03_China_Oilseeds and Products Annual.pdf,data/raw/USDA/FAS/GAIN/Oilseeds/2026/03/26.03_China_Oilseeds and Products Annual.pdf,data/raw/USDA/FAS/GAIN/Oilseeds/2026/03/Summary/26.03_China_Oilseeds and Products Annual.md,True,50,67705,기상이변|바이오연료수요|압착|재고,상방 우세,83,59,Import Volume|Export Volume|Production Volume|Crushing Volume|Soybean|Canola Oil|Neutral Regime|Policy Pivot|Source Document
26.03_Egypt_Oilseeds and Products Annual.pdf,data/raw/USDA/FAS/GAIN/Oilseeds/2026/03/26.03_Egypt_Oilseeds and Products Annual.pdf,data/raw/USDA/FAS/GAIN/Oilseeds/2026/03/Summary/26.03_Egypt_Oilseeds and Products Annual.md,True,16,28980,바이오연료수요|생산변동|수입관세|압착|재고,중립/혼재,53,54,Import Volume|Export Volume|Harvested Area|Production Volume|Marketing Year|Soybean|Crude Palm Oil|Source Document
26.03_India_Oilseeds and Products Annual.pdf,data/raw/USDA/FAS/GAIN/Oilseeds/2026/03/26.03_India_Oilseeds and Products Annual.pdf,data/raw/USDA/FAS/GAIN/Oilseeds/2026/03/Summary/26.03_India_Oilseeds and Products Annual.md,True,26,53401,물류충격|바이오연료수요|생산변동|수입관세|압착|재고,하방 우세,62,94,Inflation|Import Volume|Export Volume|Soil Moisture Percentile|Harvested Area|Production Volume|Marketing Year|Soybean|Vegetable Oil|Crude Palm Oil|Canola Oil|Neutral Regime
26.03_Japan_Oilseeds and Products Annual.pdf,data/raw/USDA/FAS/GAIN/Oilseeds/2026/03/26.03_Japan_Oilseeds and Products Annual.pdf,data/raw/USDA/FAS/GAIN/Oilseeds/2026/03/Summary/26.03_Japan_Oilseeds and Products Annual.md,True,34,60793,바이오연료수요|압착|재고,중립/혼재,66,59,Import Volume|Export Volume|Harvested Area|Production Volume|Crushing Volume|Marketing Year|Soybean|Crude Palm Oil|Canola Oil|Source Document
26.03_Mexico_Oilseeds and Products Annual.pdf,data/raw/USDA/FAS/GAIN/Oilseeds/2026/03/26.03_Mexico_Oilseeds and Products Annual.pdf,data/raw/USDA/FAS/GAIN/Oilseeds/2026/03/Summary/26.03_Mexico_Oilseeds and Products Annual.md,True,34,55060,기상이변|물류충격|바이오연료수요|생산변동|압착|재고,상방 우세,72,21,Gross Domestic Product|Import Volume|Export Volume|Soil Moisture Percentile|Harvested Area|Production Volume|Crushing Volume|Marketing Year|Soybean|Crude Palm Oil|Canola Oil|Neutral Regime
26.03_South Korea_Oilseeds and Products Annual.pdf,data/raw/USDA/FAS/GAIN/Oilseeds/2026/03/26.03_South Korea_Oilseeds and Products Annual.pdf,data/raw/USDA/FAS/GAIN/Oilseeds/2026/03/Summary/26.03_South Korea_Oilseeds and Products Annual.md,True,31,43775,물류충격|생산변동|수입관세|압착|재고,하방 우세,19,32,Import Volume|Export Volume|Harvested Area|Marketing Year|Soybean|Soybean Oil|Vegetable Oil|Crude Palm Oil|Canola Oil|Neutral Regime|Import Tariff|Import Quota
26.03_Taiwan_Extends Tariff and Business Tax Cuts for Selected Imported Agricultural Commodities.pdf,data/raw/USDA/FAS/GAIN/Oilseeds/2026/03/26.03_Taiwan_Extends Tariff and Business Tax Cuts for Selected Imported Agricultural Commodities.pdf,data/raw/USDA/FAS/GAIN/Oilseeds/2026/03/Summary/26.03_Taiwan_Extends Tariff and Business Tax Cuts for Selected Imported Agricultural Commodities.md,True,3,3906,수입관세,하방 우세,1,4,Import Volume|Soybean|Brent Crude|Source Document
26.03_Taiwan_Oilseeds and Products Annual.pdf,data/raw/USDA/FAS/GAIN/Oilseeds/2026/03/26.03_Taiwan_Oilseeds and Products Annual.pdf,data/raw/USDA/FAS/GAIN/Oilseeds/2026/03/Summary/26.03_Taiwan_Oilseeds and Products Annual.md,True,26,42265,바이오연료수요|수입관세|압착|재고,상방 우세,37,21,Import Volume|Export Volume|Harvested Area|Crushing Volume|Marketing Year|Soybean|Soybean Oil|Crude Palm Oil|Source Document
26.03_Tunisia_Oilseeds and Products Annual.pdf,data/raw/USDA/FAS/GAIN/Oilseeds/2026/03/26.03_Tunisia_Oilseeds and Products Annual.pdf,data/raw/USDA/FAS/GAIN/Oilseeds/2026/03/Summary/26.03_Tunisia_Oilseeds and Products Annual.md,True,9,15289,기상이변|압착|재고,중립/혼재,21,18,Import Volume|Export Volume|Harvested Area|Marketing Year|Soybean|Vegetable Oil|Crude Palm Oil|Canola Oil|Source Document
26.03_Turkiye_Oilseeds and Products Annual.pdf,data/raw/USDA/FAS/GAIN/Oilseeds/2026/03/26.03_Turkiye_Oilseeds and Products Annual.pdf,data/raw/USDA/FAS/GAIN/Oilseeds/2026/03/Summary/26.03_Turkiye_Oilseeds and Products Annual.md,True,23,50039,기상이변|물류충격|바이오연료수요|수입관세|압착|재고,하방 우세,89,165,Import Volume|Export Volume|Harvested Area|Marketing Year|Soybean|Soybean Oil|Crude Palm Oil|Canola Oil|Geopolitical Conflict|Source Document
26.04_Argentina_Oilseeds and Products Annual.pdf,data/raw/USDA/FAS/GAIN/Oilseeds/2026/04/26.04_Argentina_Oilseeds and Products Annual.pdf,data/raw/USDA/FAS/GAIN/Oilseeds/2026/04/Summary/26.04_Argentina_Oilseeds and Products Annual.md,True,32,58623,기상이변|물류충격|바이오연료수요|생산변동|수출규제|압착|재고,하방 우세,86,120,Import Volume|Export Volume|Soil Moisture Percentile|Harvested Area|Production Volume|Crushing Volume|Stock-to-Use Ratio|Soybean|Soybean Oil|Export Tax|Source Document|Confidence Score
26.04_Australia_Oilseeds and Products Annual.pdf,data/raw/USDA/FAS/GAIN/Oilseeds/2026/04/26.04_Australia_Oilseeds and Products Annual.pdf,data/raw/USDA/FAS/GAIN/Oilseeds/2026/04/Summary/26.04_Australia_Oilseeds and Products Annual.md,True,37,47220,기상이변|물류충격|바이오연료수요|생산변동|압착|재고,상방 우세,79,52,Import Volume|Export Volume|Soil Moisture Percentile|Harvested Area|Production Volume|Marketing Year|Neutral Regime|Source Document
26.04_Canada_Oilseeds and Products Annual.pdf,data/raw/USDA/FAS/GAIN/Oilseeds/2026/04/26.04_Canada_Oilseeds and Products Annual.pdf,data/raw/USDA/FAS/GAIN/Oilseeds/2026/04/Summary/26.04_Canada_Oilseeds and Products Annual.md,True,36,45916,기상이변|바이오연료수요|생산변동|압착|재고,상방 우세,67,42,Import Volume|Export Volume|Harvested Area|Crushing Volume|Marketing Year|Soybean|Soybean Oil|Canola Oil|Biodiesel Feedstock|Renewable Volume Obligation|Geopolitical Conflict|Subsidy
26.04_EU_Digitize US Export Documents - ELAN.pdf,data/raw/USDA/FAS/GAIN/Oilseeds/2026/04/26.04_EU_Digitize US Export Documents - ELAN.pdf,data/raw/USDA/FAS/GAIN/Oilseeds/2026/04/Summary/26.04_EU_Digitize US Export Documents - ELAN.md,True,5,8324,수입관세,하방 우세,0,1,Import Volume|Export Volume|Source Document
26.04_EU_Oilseeds and Products Annual.pdf,data/raw/USDA/FAS/GAIN/Oilseeds/2026/04/26.04_EU_Oilseeds and Products Annual.pdf,data/raw/USDA/FAS/GAIN/Oilseeds/2026/04/Summary/26.04_EU_Oilseeds and Products Annual.md,True,58,46351,기상이변|바이오연료수요|생산변동|수출규제|압착|재고,중립/혼재,94,93,Import Volume|Export Volume|Flood|Soil Moisture Percentile|Harvested Area|Production Volume|Crushing Volume|Marketing Year|Soybean|Soybean Oil|Crude Palm Oil|Canola Oil
26.04_Indonesia_Expands Import Licensing to Six Commodities Including Soybean Meal.pdf,data/raw/USDA/FAS/GAIN/Oilseeds/2026/04/26.04_Indonesia_Expands Import Licensing to Six Commodities Including Soybean Meal.pdf,data/raw/USDA/FAS/GAIN/Oilseeds/2026/04/Summary/26.04_Indonesia_Expands Import Licensing to Six Commodities Including Soybean Meal.md,True,3,5478,,상방 우세,2,0,Import Volume|Export Volume|Source Document
26.04_Indonesia_Oilseeds and Products Annual.pdf,data/raw/USDA/FAS/GAIN/Oilseeds/2026/04/26.04_Indonesia_Oilseeds and Products Annual.pdf,data/raw/USDA/FAS/GAIN/Oilseeds/2026/04/Summary/26.04_Indonesia_Oilseeds and Products Annual.md,True,25,50905,기상이변|물류충격|바이오연료수요|수입관세|수출규제|압착|재고,상방 우세,70,34,Import Volume|Export Volume|Heatwave|Harvested Area|Production Volume|Marketing Year|Soybean|Vegetable Oil|Crude Palm Oil|Geopolitical Conflict|Route Diversion|Import Tariff
26.04_Malaysia_Oilseeds and Products Annual.pdf,data/raw/USDA/FAS/GAIN/Oilseeds/2026/04/26.04_Malaysia_Oilseeds and Products Annual.pdf,data/raw/USDA/FAS/GAIN/Oilseeds/2026/04/Summary/26.04_Malaysia_Oilseeds and Products Annual.md,True,30,61075,기상이변|바이오연료수요|생산변동|압착|재고,상방 우세,127,48,Import Volume|Export Volume|Harvested Area|Production Volume|Marketing Year|Soybean|Soybean Oil|Vegetable Oil|Crude Palm Oil|Canola Oil|Neutral Regime|Source Document
26.04_Pakistan_Oilseeds and Products Annual.pdf,data/raw/USDA/FAS/GAIN/Oilseeds/2026/04/26.04_Pakistan_Oilseeds and Products Annual.pdf,data/raw/USDA/FAS/GAIN/Oilseeds/2026/04/Summary/26.04_Pakistan_Oilseeds and Products Annual.md,True,22,41221,물류충격|수입관세|압착|재고,상방 우세,51,33,Import Volume|Export Volume|Harvested Area|Production Volume|Marketing Year|Soybean|Vegetable Oil|Crude Palm Oil|Canola Oil|Import Tariff|Policy Pivot|Source Document
26.04_Paraguay_Oilseeds and Products Annual.pdf,data/raw/USDA/FAS/GAIN/Oilseeds/2026/04/26.04_Paraguay_Oilseeds and Products Annual.pdf,data/raw/USDA/FAS/GAIN/Oilseeds/2026/04/Summary/26.04_Paraguay_Oilseeds and Products Annual.md,True,14,25468,기상이변|바이오연료수요|생산변동|수출규제|압착|재고,하방 우세,17,26,Import Volume|Export Volume|Harvested Area|Production Volume|Crushing Volume|Marketing Year|Soybean|Soybean Oil|Source Document
26.04_Philippines_Oilseeds and Products Annual.pdf,data/raw/USDA/FAS/GAIN/Oilseeds/2026/04/26.04_Philippines_Oilseeds and Products Annual.pdf,data/raw/USDA/FAS/GAIN/Oilseeds/2026/04/Summary/26.04_Philippines_Oilseeds and Products Annual.md,True,32,50916,바이오연료수요|압착|재고,상방 우세,64,23,Import Volume|Export Volume|Harvested Area|Production Volume|Crushing Volume|Marketing Year|Soybean|Soybean Oil|Vegetable Oil|Crude Palm Oil|Neutral Regime|Source Document
26.04_South Africa_Oilseeds and Products Annual.pdf,data/raw/USDA/FAS/GAIN/Oilseeds/2026/04/26.04_South Africa_Oilseeds and Products Annual.pdf,data/raw/USDA/FAS/GAIN/Oilseeds/2026/04/Summary/26.04_South Africa_Oilseeds and Products Annual.md,True,35,42382,기상이변|생산변동|수입관세|압착|재고,하방 우세,27,94,Gross Domestic Product|Import Volume|Export Volume|Soil Moisture Percentile|Harvested Area|Production Volume|Marketing Year|Soybean|Crude Palm Oil|Canola Oil|Bear Regime|Neutral Regime
26.04_Taiwan_2025 US Agricultural Exports to Taiwan Summary.pdf,data/raw/USDA/FAS/GAIN/Oilseeds/2026/04/26.04_Taiwan_2025 US Agricultural Exports to Taiwan Summary.pdf,data/raw/USDA/FAS/GAIN/Oilseeds/2026/04/Summary/26.04_Taiwan_2025 US Agricultural Exports to Taiwan Summary.md,True,6,13143,,상방 우세,17,5,Import Volume|Export Volume|Soybean|Source Document
26.04_Thailand_Oilseeds and Products Annual.pdf,data/raw/USDA/FAS/GAIN/Oilseeds/2026/04/26.04_Thailand_Oilseeds and Products Annual.pdf,data/raw/USDA/FAS/GAIN/Oilseeds/2026/04/Summary/26.04_Thailand_Oilseeds and Products Annual.md,True,22,41637,기상이변|바이오연료수요|압착|재고,상방 우세,47,35,Inflation|Import Volume|Export Volume|Harvested Area|Production Volume|Crushing Volume|Marketing Year|Soybean|Crude Palm Oil|Import Quota|Agricultural Exemption|Source Document
26.04_UK_Oilseeds and Products Annual.pdf,data/raw/USDA/FAS/GAIN/Oilseeds/2026/04/26.04_UK_Oilseeds and Products Annual.pdf,data/raw/USDA/FAS/GAIN/Oilseeds/2026/04/Summary/26.04_UK_Oilseeds and Products Annual.md,True,20,37469,물류충격|수출규제|압착|재고,상방 우세,32,17,Import Volume|Export Volume|Harvested Area|Crushing Volume|Marketing Year|Soybean|Crude Palm Oil|Canola Oil|Hold Recommendation|Geopolitical Conflict|Export Tax|Source Document
26.04_Ukraine_Oilseeds and Products Annual.pdf,data/raw/USDA/FAS/GAIN/Oilseeds/2026/04/26.04_Ukraine_Oilseeds and Products Annual.pdf,data/raw/USDA/FAS/GAIN/Oilseeds/2026/04/Summary/26.04_Ukraine_Oilseeds and Products Annual.md,True,28,26197,물류충격|생산변동|수입관세|수출규제|압착|재고,하방 우세,43,78,Import Volume|Export Volume|Soil Moisture Percentile|Harvested Area|Production Volume|Crushing Volume|Soybean|Soybean Oil|Crude Palm Oil|Canola Oil|Geopolitical Conflict|Export Tax
26.04_Uruguay_Oilseeds and Products Annual.pdf,data/raw/USDA/FAS/GAIN/Oilseeds/2026/04/26.04_Uruguay_Oilseeds and Products Annual.pdf,data/raw/USDA/FAS/GAIN/Oilseeds/2026/04/Summary/26.04_Uruguay_Oilseeds and Products Annual.md,True,12,23530,기상이변|바이오연료수요|생산변동|압착|재고,상방 우세,19,13,Import Volume|Export Volume|Harvested Area|Crushing Volume|Soybean|Soybean Oil|Neutral Regime|Biodiesel Blend Mandate|Source Document
26.04_Vietnam_Oilseeds and Products Annual.pdf,data/raw/USDA/FAS/GAIN/Oilseeds/2026/04/26.04_Vietnam_Oilseeds and Products Annual.pdf,data/raw/USDA/FAS/GAIN/Oilseeds/2026/04/Summary/26.04_Vietnam_Oilseeds and Products Annual.md,True,25,39503,물류충격|생산변동|수입관세|압착|재고,상방 우세,55,15,Gross Domestic Product|Import Volume|Export Volume|Harvested Area|Production Volume|Crushing Volume|Marketing Year|Soybean|Soybean Oil|Crude Palm Oil|Canola Oil|Decree
26.05_Indonesia_Adds Import Licensing Requirements for Feed Ingredients of Plant Origin.pdf,data/raw/USDA/FAS/GAIN/Oilseeds/2026/05/26.05_Indonesia_Adds Import Licensing Requirements for Feed Ingredients of Plant Origin.pdf,data/raw/USDA/FAS/GAIN/Oilseeds/2026/05/Summary/26.05_Indonesia_Adds Import Licensing Requirements for Feed Ingredients of Plant Origin.md,True,5,9402,,중립/혼재,3,3,Import Volume|Export Volume|Soybean|Source Document
26.05_Japan_Opens Comment Period for New JAS Standards for Almond Milk and Other JAS Revisions.pdf,data/raw/USDA/FAS/GAIN/Oilseeds/2026/05/26.05_Japan_Opens Comment Period for New JAS Standards for Almond Milk and Other JAS Revisions.pdf,data/raw/USDA/FAS/GAIN/Oilseeds/2026/05/Summary/26.05_Japan_Opens Comment Period for New JAS Standards for Almond Milk and Other JAS Revisions.md,True,3,3990,,하방 우세,0,3,Source Document
26.06_India_Monsoon Advances Amid Emerging El Nino Concerns.pdf,data/raw/USDA/FAS/GAIN/Oilseeds/2026/26.06_India_Monsoon Advances Amid Emerging El Nino Concerns.pdf,data/raw/USDA/FAS/GAIN/Oilseeds/2026/Summary/26.06_India_Monsoon Advances Amid Emerging El Nino Concerns.md,True,9,12843,기상이변,하방 우세,6,30,Soil Moisture Percentile|Marketing Year|Soybean|Neutral Regime|Hold Recommendation|Source Document
26.06_Indonesia_Centralizes Palm Oil Exports.pdf,data/raw/USDA/FAS/GAIN/Oilseeds/2026/26.06_Indonesia_Centralizes Palm Oil Exports.pdf,data/raw/USDA/FAS/GAIN/Oilseeds/2026/Summary/26.06_Indonesia_Centralizes Palm Oil Exports.md,True,4,5394,,상방 우세,3,1,Export Volume|Crude Palm Oil|Source Document
26.07_Argentina_Oilseeds and Products Update.pdf,data/raw/USDA/FAS/GAIN/Oilseeds/2026/26.07_Argentina_Oilseeds and Products Update.pdf,data/raw/USDA/FAS/GAIN/Oilseeds/2026/Summary/26.07_Argentina_Oilseeds and Products Update.md,True,13,24145,기상이변|생산변동|수출규제|압착|재고,하방 우세,29,45,Import Volume|Export Volume|Harvested Area|Production Volume|Crushing Volume|Soybean|Soybean Oil|Source Document
26.07_Brazil_Oilseeds and Products Update.pdf,data/raw/USDA/FAS/GAIN/Oilseeds/2026/26.07_Brazil_Oilseeds and Products Update.pdf,data/raw/USDA/FAS/GAIN/Oilseeds/2026/Summary/26.07_Brazil_Oilseeds and Products Update.md,True,20,32432,기상이변|바이오연료수요|생산변동|압착|재고,상방 우세,33,23,Import Volume|Export Volume|Harvested Area|Production Volume|Marketing Year|Soybean|Source Document
26.07_Malaysia_Oilseeds and Products Update.pdf,data/raw/USDA/FAS/GAIN/Oilseeds/2026/26.07_Malaysia_Oilseeds and Products Update.pdf,data/raw/USDA/FAS/GAIN/Oilseeds/2026/Summary/26.07_Malaysia_Oilseeds and Products Update.md,True,14,27598,기상이변|바이오연료수요|생산변동|압착|재고,상방 우세,53,34,Import Volume|Export Volume|Harvested Area|Production Volume|Marketing Year|Soybean|Crude Palm Oil|Source Document
26.07_South Korea_Increases Soybeans for Sprouting WTO Tariff-Rate Quota Volume.pdf,data/raw/USDA/FAS/GAIN/Oilseeds/2026/26.07_South Korea_Increases Soybeans for Sprouting WTO Tariff-Rate Quota Volume.pdf,data/raw/USDA/FAS/GAIN/Oilseeds/2026/Summary/26.07_South Korea_Increases Soybeans for Sprouting WTO Tariff-Rate Quota Volume.md,True,4,6761,,상방 우세,8,2,Import Volume|Soybean|Import Quota|Source Document
