rtype,publisher_id,instrument_id,open,high,low,close,volume,symbol,price_date
35,1,74791,36.8,36.83,36.41,36.52,35897,ZL.c.0,2010-06-07
35,1,74791,36.53,36.92,36.47,36.55,34119,ZL.c.0,2010-06-08
35,1,74791,36.7,37.2,36.53,36.8,61212,ZL.c.0,2010-06-09
35,1,74791,36.78,37.12,36.63,36.79,38917,ZL.c.0,2010-06-10
35,1,74791,36.82,37.01,36.5,36.91,33117,ZL.c.0,2010-06-11
35,1,74791,37.07,38.34,37.02,37.07,697,ZL.c.0,2010-06-13
35,1,74791,37.08,37.59,37.07,37.32,38517,ZL.c.0,2010-06-14
35,1,74791,37.32,37.9,37.26,37.84,53921,ZL.c.0,2010-06-15
35,1,74791,37.81,38.22,37.78,38.11,30843,ZL.c.0,2010-06-16
35,1,74791,38.05,38.14,37.7,38.07,31617,ZL.c.0,2010-06-17
35,1,74791,38.04,38.3,37.86,37.95,34720,ZL.c.0,2010-06-18
35,1,74791,38.07,38.08,37.99,38.03,357,ZL.c.0,2010-06-20
35,1,74791,38.06,38.35,37.97,37.99,34441,ZL.c.0,2010-06-21
35,1,74791,37.99,38.15,37.78,37.94,25098,ZL.c.0,2010-06-22
35,1,74791,37.82,37.98,37.58,37.61,29975,ZL.c.0,2010-06-23
35,1,74791,37.69,37.77,37.07,37.26,28794,ZL.c.0,2010-06-24
35,1,74791,37.25,37.43,37.14,37.18,28362,ZL.c.0,2010-06-25
35,1,74791,37.2,37.2,37.08,37.15,175,ZL.c.0,2010-06-27
35,1,74791,37.18,37.43,36.79,36.88,25644,ZL.c.0,2010-06-28
35,1,74791,36.05,37.0,35.95,35.99,26162,ZL.c.0,2010-06-29
35,1,74791,36.08,36.64,35.86,36.02,12778,ZL.c.0,2010-06-30
35,1,74791,36.26,36.34,35.74,35.95,9019,ZL.c.0,2010-07-01
35,1,74791,35.96,36.32,35.83,35.92,4900,ZL.c.0,2010-07-02
35,1,74791,35.93,35.97,35.88,35.9,213,ZL.c.0,2010-07-05
35,1,74791,35.94,36.5,35.85,36.0,5696,ZL.c.0,2010-07-06
35,1,74791,36.02,36.9,35.97,36.86,3741,ZL.c.0,2010-07-07
35,1,74791,36.89,36.96,36.51,36.67,2896,ZL.c.0,2010-07-08
35,1,74791,36.91,37.46,36.77,37.34,1734,ZL.c.0,2010-07-09
35,1,74791,37.54,37.58,37.54,37.58,19,ZL.c.0,2010-07-11
35,1,74791,37.21,37.65,37.19,37.56,1564,ZL.c.0,2010-07-12
35,1,74791,37.94,38.11,37.31,37.89,378,ZL.c.0,2010-07-13
35,1,74791,37.86,38.15,37.74,38.07,141,ZL.c.0,2010-07-14
35,1,533689,38.01,38.62,37.9,38.51,18358,ZL.c.0,2010-07-15
35,1,533689,38.58,38.69,38.1,38.33,16122,ZL.c.0,2010-07-16
35,1,533689,38.06,38.28,38.01,38.06,187,ZL.c.0,2010-07-18
35,1,533689,38.29,38.35,37.82,37.88,14530,ZL.c.0,2010-07-19
35,1,533689,37.9,38.5,37.78,38.45,14147,ZL.c.0,2010-07-20
35,1,533689,38.44,38.57,38.2,38.33,11350,ZL.c.0,2010-07-21
35,1,533689,38.85,39.35,38.14,38.81,18127,ZL.c.0,2010-07-22
35,1,533689,38.85,39.16,38.72,39.14,14199,ZL.c.0,2010-07-23
35,1,533689,39.0,39.0,38.87,38.97,459,ZL.c.0,2010-07-25
35,1,533689,38.92,39.19,38.67,38.79,15165,ZL.c.0,2010-07-26
35,1,533689,38.8,38.92,38.5,38.53,17793,ZL.c.0,2010-07-27
35,1,533689,38.58,38.96,38.52,38.72,16697,ZL.c.0,2010-07-28
35,1,533689,38.82,39.33,38.75,39.22,16406,ZL.c.0,2010-07-29
35,1,533689,39.24,39.76,39.07,39.75,8836,ZL.c.0,2010-07-30
35,1,533689,39.82,39.96,39.73,39.96,1297,ZL.c.0,2010-08-01
35,1,533689,39.94,40.92,39.91,40.37,7628,ZL.c.0,2010-08-02
35,1,533689,40.84,41.05,40.11,40.98,4937,ZL.c.0,2010-08-03
35,1,533689,41.21,41.41,40.82,41.34,5789,ZL.c.0,2010-08-04
35,1,533689,41.38,41.97,40.89,41.12,3659,ZL.c.0,2010-08-05
35,1,533689,41.17,41.68,40.88,41.52,2431,ZL.c.0,2010-08-06
35,1,533689,41.45,41.53,41.38,41.48,1256,ZL.c.0,2010-08-08
35,1,533689,41.51,42.1,41.51,41.7,760,ZL.c.0,2010-08-09
35,1,533689,41.51,41.67,41.32,41.43,1866,ZL.c.0,2010-08-10
35,1,533689,41.47,41.76,41.18,41.54,976,ZL.c.0,2010-08-11
35,1,533689,41.42,41.67,41.06,41.28,1040,ZL.c.0,2010-08-12
35,1,533689,42.16,42.16,41.64,41.82,168,ZL.c.0,2010-08-13
35,1,543286,42.51,42.71,42.5,42.52,226,ZL.c.0,2010-08-15
35,1,543286,42.5,42.71,40.31,41.53,12304,ZL.c.0,2010-08-16
35,1,543286,41.52,41.87,41.48,41.71,12432,ZL.c.0,2010-08-17
35,1,543286,41.79,41.89,40.61,40.71,18536,ZL.c.0,2010-08-18
35,1,543286,40.85,41.04,39.74,39.87,16003,ZL.c.0,2010-08-19
35,1,543286,39.94,40.09,39.28,39.52,11648,ZL.c.0,2010-08-20
35,1,543286,39.53,39.69,39.53,39.66,31,ZL.c.0,2010-08-22
35,1,543286,39.68,39.87,39.22,39.32,6861,ZL.c.0,2010-08-23
35,1,543286,39.33,39.67,38.91,39.45,9337,ZL.c.0,2010-08-24
35,1,543286,39.24,39.61,39.1,39.16,9045,ZL.c.0,2010-08-25
35,1,543286,39.22,39.66,39.18,39.44,9430,ZL.c.0,2010-08-26
35,1,543286,39.48,40.27,39.45,40.24,15580,ZL.c.0,2010-08-27
35,1,543286,40.25,40.5,40.25,40.47,476,ZL.c.0,2010-08-29
35,1,543286,40.42,40.42,39.71,39.71,15249,ZL.c.0,2010-08-30
35,1,543286,39.52,39.92,39.44,39.6,16823,ZL.c.0,2010-08-31
35,1,543286,39.54,40.03,39.38,39.59,8380,ZL.c.0,2010-09-01
35,1,543286,39.53,39.69,39.31,39.58,4985,ZL.c.0,2010-09-02
35,1,543286,39.87,40.4,39.87,40.33,1201,ZL.c.0,2010-09-03
35,1,543286,40.26,40.26,40.26,40.26,1,ZL.c.0,2010-09-06
35,1,543286,40.31,41.19,40.21,41.07,4602,ZL.c.0,2010-09-07
35,1,543286,41.13,41.33,40.87,41.12,2900,ZL.c.0,2010-09-08
35,1,543286,41.18,41.22,40.76,41.1,1177,ZL.c.0,2010-09-09
35,1,543286,41.37,41.43,40.97,41.27,580,ZL.c.0,2010-09-10
35,1,543286,41.25,41.25,41.25,41.25,99,ZL.c.0,2010-09-12
35,1,543286,41.35,41.63,41.3,41.36,1151,ZL.c.0,2010-09-13
35,1,543286,41.12,41.38,41.09,41.19,399,ZL.c.0,2010-09-14
35,1,84574,41.26,41.68,41.16,41.58,5930,ZL.c.0,2010-09-15
35,1,84574,41.32,41.76,41.2,41.36,7140,ZL.c.0,2010-09-16
35,1,84574,41.49,41.97,41.48,41.93,9197,ZL.c.0,2010-09-17
35,1,84574,41.91,42.2,41.91,42.2,578,ZL.c.0,2010-09-19
35,1,84574,42.2,42.9,42.2,42.65,13218,ZL.c.0,2010-09-20
35,1,84574,42.66,42.81,42.31,42.58,11427,ZL.c.0,2010-09-21
35,1,84574,42.54,42.93,42.45,42.79,9368,ZL.c.0,2010-09-22
35,1,84574,43.0,43.65,42.85,43.44,6237,ZL.c.0,2010-09-23
35,1,84574,43.43,44.56,43.39,44.39,8602,ZL.c.0,2010-09-24
35,1,84574,44.48,45.01,44.48,45.01,108,ZL.c.0,2010-09-26
35,1,84574,45.01,45.06,44.29,44.47,10188,ZL.c.0,2010-09-27
35,1,84574,44.5,45.06,44.38,44.44,12895,ZL.c.0,2010-09-28
35,1,84574,44.44,44.54,43.53,44.02,19874,ZL.c.0,2010-09-29
35,1,84574,44.06,44.71,43.83,44.63,14252,ZL.c.0,2010-09-30
35,1,84574,44.53,44.8,43.35,43.51,6150,ZL.c.0,2010-10-01
35,1,84574,43.52,43.52,43.26,43.35,1979,ZL.c.0,2010-10-03
35,1,84574,43.33,43.62,43.1,43.17,4492,ZL.c.0,2010-10-04
35,1,84574,43.19,43.71,43.19,43.48,2312,ZL.c.0,2010-10-05
35,1,84574,43.37,43.74,43.31,43.42,4004,ZL.c.0,2010-10-06
35,1,84574,43.74,43.91,43.32,43.67,2809,ZL.c.0,2010-10-07
35,1,84574,44.32,47.1,44.18,46.23,1920,ZL.c.0,2010-10-08
35,1,84574,46.56,47.1,46.55,46.87,106,ZL.c.0,2010-10-10
35,1,84574,46.96,47.09,45.88,45.96,2148,ZL.c.0,2010-10-11
35,1,84574,46.55,46.79,45.83,46.59,1858,ZL.c.0,2010-10-12
35,1,84574,47.23,47.24,46.34,47.11,1250,ZL.c.0,2010-10-13
35,1,84574,47.25,47.44,47.25,47.38,463,ZL.c.0,2010-10-14
35,1,94591,48.12,48.25,47.63,47.77,32352,ZL.c.0,2010-10-15
35,1,94591,47.68,47.7,47.48,47.64,1032,ZL.c.0,2010-10-17
35,1,94591,47.68,47.83,47.17,47.8,27490,ZL.c.0,2010-10-18
35,1,94591,47.83,48.01,46.9,47.2,37637,ZL.c.0,2010-10-19
35,1,94591,47.11,48.66,46.9,48.46,38514,ZL.c.0,2010-10-20
35,1,94591,48.65,48.95,48.1,48.26,30582,ZL.c.0,2010-10-21
35,1,94591,48.4,48.86,48.18,48.29,25497,ZL.c.0,2010-10-22
35,1,94591,48.44,48.68,48.4,48.67,251,ZL.c.0,2010-10-24
35,1,94591,48.6,50.2,48.57,49.59,43090,ZL.c.0,2010-10-25
35,1,94591,49.59,49.85,49.23,49.58,25016,ZL.c.0,2010-10-26
35,1,94591,49.78,49.83,48.61,49.5,35905,ZL.c.0,2010-10-27
35,1,94591,49.5,50.15,49.36,49.63,29753,ZL.c.0,2010-10-28
35,1,94591,49.72,49.75,48.79,49.23,29882,ZL.c.0,2010-10-29
35,1,94591,49.55,49.56,49.32,49.48,622,ZL.c.0,2010-10-31
35,1,94591,49.48,49.92,49.32,49.85,31849,ZL.c.0,2010-11-01
35,1,94591,49.85,49.92,49.4,49.63,26430,ZL.c.0,2010-11-02
35,1,94591,49.75,50.0,49.45,49.83,25030,ZL.c.0,2010-11-03
35,1,94591,49.93,51.67,49.91,51.2,41393,ZL.c.0,2010-11-04
35,1,94591,51.46,52.5,51.4,52.13,35982,ZL.c.0,2010-11-05
35,1,94591,52.15,52.85,51.88,51.95,32550,ZL.c.0,2010-11-08
35,1,94591,51.97,54.21,51.8,53.23,58564,ZL.c.0,2010-11-09
35,1,94591,53.28,53.91,52.88,53.88,48219,ZL.c.0,2010-11-10
35,1,94591,53.9,54.97,53.55,54.87,38523,ZL.c.0,2010-11-11
35,1,94591,55.0,55.13,52.53,52.53,58392,ZL.c.0,2010-11-12
35,1,94591,52.1,53.32,51.26,52.55,57543,ZL.c.0,2010-11-15
35,1,94591,52.51,52.6,49.97,49.97,53732,ZL.c.0,2010-11-16
35,1,94591,49.76,50.17,47.75,48.85,70370,ZL.c.0,2010-11-17
35,1,94591,49.19,50.92,48.44,50.88,44797,ZL.c.0,2010-11-18
35,1,94591,51.0,51.42,49.0,49.03,40303,ZL.c.0,2010-11-19
35,1,94591,48.8,49.79,48.58,49.07,37633,ZL.c.0,2010-11-22
35,1,94591,49.27,49.75,48.27,49.17,42601,ZL.c.0,2010-11-23
35,1,94591,49.22,50.37,49.07,50.25,28023,ZL.c.0,2010-11-24
35,1,94591,50.35,50.5,49.47,49.92,19270,ZL.c.0,2010-11-26
35,1,94591,49.94,50.65,49.49,49.96,32297,ZL.c.0,2010-11-29
35,1,94591,50.03,50.75,49.81,50.7,21386,ZL.c.0,2010-11-30
35,1,94591,50.56,52.31,50.5,52.21,16055,ZL.c.0,2010-12-01
35,1,94591,52.24,52.81,51.98,52.47,10689,ZL.c.0,2010-12-02
35,1,94591,52.42,53.19,52.35,53.1,5587,ZL.c.0,2010-12-03
35,1,94591,53.14,53.53,52.77,53.12,4927,ZL.c.0,2010-12-06
35,1,94591,53.09,53.85,53.08,53.4,2824,ZL.c.0,2010-12-07
35,1,94591,53.21,53.91,52.72,53.9,3926,ZL.c.0,2010-12-08
35,1,94591,53.71,54.17,53.71,53.78,2293,ZL.c.0,2010-12-09
35,1,94591,53.76,54.24,53.69,53.79,1147,ZL.c.0,2010-12-10
35,1,94591,53.59,55.05,53.36,55.05,1017,ZL.c.0,2010-12-13
35,1,94591,54.82,54.89,54.71,54.85,273,ZL.c.0,2010-12-14
35,1,553613,55.1,55.58,54.07,54.2,55968,ZL.c.0,2010-12-15
35,1,553613,54.37,54.66,53.82,54.06,29374,ZL.c.0,2010-12-16
35,1,553613,54.14,54.52,53.71,54.1,23173,ZL.c.0,2010-12-17
35,1,553613,54.31,55.02,54.1,54.95,33264,ZL.c.0,2010-12-20
35,1,553613,54.95,55.68,54.75,55.53,56041,ZL.c.0,2010-12-21
35,1,553613,55.45,56.06,55.35,55.88,48615,ZL.c.0,2010-12-22
35,1,553613,56.18,56.55,55.84,56.53,16828,ZL.c.0,2010-12-23
35,1,553613,56.19,57.11,56.0,57.07,11644,ZL.c.0,2010-12-27
35,1,553613,57.02,57.43,56.78,56.85,10709,ZL.c.0,2010-12-28
35,1,553613,56.87,57.0,56.2,56.35,12811,ZL.c.0,2010-12-29
35,1,553613,56.43,56.9,56.13,56.49,13994,ZL.c.0,2010-12-30
35,1,553613,56.56,57.91,56.53,57.89,9559,ZL.c.0,2010-12-31
35,1,553613,57.5,58.42,56.94,57.08,6982,ZL.c.0,2011-01-03
35,1,553613,57.08,57.67,55.77,56.36,5230,ZL.c.0,2011-01-04
35,1,553613,56.43,57.38,56.0,57.14,4300,ZL.c.0,2011-01-05
35,1,553613,57.26,57.67,56.86,56.86,3628,ZL.c.0,2011-01-06
35,1,553613,56.85,56.99,56.26,56.99,2619,ZL.c.0,2011-01-07
35,1,553613,56.81,57.12,56.45,56.67,1942,ZL.c.0,2011-01-10
35,1,553613,56.71,56.98,56.27,56.29,1292,ZL.c.0,2011-01-11
35,1,553613,56.31,58.37,56.25,57.49,2109,ZL.c.0,2011-01-12
35,1,553613,57.68,57.9,57.14,57.14,2071,ZL.c.0,2011-01-13
35,1,553613,57.33,57.33,56.6,56.75,173,ZL.c.0,2011-01-14
35,1,563524,57.05,58.13,56.66,57.54,46810,ZL.c.0,2011-01-18
35,1,563524,57.61,58.12,57.35,57.65,40459,ZL.c.0,2011-01-19
35,1,563524,57.67,57.9,55.42,57.15,49086,ZL.c.0,2011-01-20
35,1,563524,57.26,58.07,57.1,57.78,43177,ZL.c.0,2011-01-21
35,1,563524,57.83,58.49,57.0,57.16,39879,ZL.c.0,2011-01-24
35,1,563524,57.24,57.43,55.82,55.91,52583,ZL.c.0,2011-01-25
35,1,563524,55.9,56.84,55.4,56.68,40435,ZL.c.0,2011-01-26
35,1,563524,56.82,57.3,56.33,57.3,37434,ZL.c.0,2011-01-27
35,1,563524,57.45,58.15,56.87,57.35,54957,ZL.c.0,2011-01-28
35,1,563524,57.29,57.9,57.27,57.74,33842,ZL.c.0,2011-01-31
35,1,563524,57.92,58.78,57.77,58.65,40402,ZL.c.0,2011-02-01
35,1,563524,58.68,59.43,58.46,59.26,39627,ZL.c.0,2011-02-02
35,1,563524,59.27,59.69,58.79,58.88,34384,ZL.c.0,2011-02-03
35,1,563524,58.91,59.05,58.33,58.88,42706,ZL.c.0,2011-02-04
35,1,563524,59.02,59.34,58.37,58.39,40996,ZL.c.0,2011-02-07
35,1,563524,58.44,58.95,58.06,58.71,49092,ZL.c.0,2011-02-08
35,1,563524,58.81,59.71,58.72,59.63,51618,ZL.c.0,2011-02-09
35,1,563524,59.6,59.96,59.0,59.01,45510,ZL.c.0,2011-02-10
35,1,563524,59.01,59.37,58.25,58.42,41858,ZL.c.0,2011-02-11
35,1,563524,58.55,58.97,57.41,57.74,49154,ZL.c.0,2011-02-14
35,1,563524,57.7,58.07,56.09,56.46,61091,ZL.c.0,2011-02-15
35,1,563524,56.57,56.85,55.87,56.65,45714,ZL.c.0,2011-02-16
35,1,563524,56.7,58.38,56.38,58.25,68239,ZL.c.0,2011-02-17
35,1,563524,58.25,58.34,56.38,56.6,65986,ZL.c.0,2011-02-18
35,1,563524,57.45,57.93,53.99,53.99,57693,ZL.c.0,2011-02-22
35,1,563524,53.96,55.04,53.3,54.99,35091,ZL.c.0,2011-02-23
35,1,563524,55.1,55.25,53.9,54.64,19903,ZL.c.0,2011-02-24
35,1,563524,54.72,57.5,54.42,56.72,34625,ZL.c.0,2011-02-25
35,1,563524,57.18,57.25,56.1,56.77,16233,ZL.c.0,2011-02-28
35,1,563524,56.8,57.23,56.53,56.93,9778,ZL.c.0,2011-03-01
35,1,563524,57.08,58.36,57.0,58.31,6268,ZL.c.0,2011-03-02
35,1,563524,58.27,58.8,57.93,58.3,4548,ZL.c.0,2011-03-03
35,1,563524,58.22,59.09,58.1,58.94,2769,ZL.c.0,2011-03-04
35,1,563524,58.97,59.0,58.23,58.53,1085,ZL.c.0,2011-03-07
35,1,563524,58.39,58.41,57.6,58.0,1356,ZL.c.0,2011-03-08
35,1,563524,57.93,57.93,56.52,56.63,923,ZL.c.0,2011-03-09
35,1,563524,56.76,57.09,55.2,56.74,450,ZL.c.0,2011-03-10
35,1,563524,54.75,55.66,54.42,55.53,734,ZL.c.0,2011-03-11
35,1,563524,55.5,55.5,55.5,55.5,10,ZL.c.0,2011-03-13
35,1,563524,55.34,55.34,54.67,55.31,245,ZL.c.0,2011-03-14
35,1,135808,55.58,55.71,52.73,52.87,79673,ZL.c.0,2011-03-15
35,1,135808,52.85,54.2,52.73,53.16,73781,ZL.c.0,2011-03-16
35,1,135808,53.21,55.22,53.19,54.56,52265,ZL.c.0,2011-03-17
35,1,135808,55.08,56.2,54.42,55.47,58845,ZL.c.0,2011-03-18
35,1,135808,55.87,56.17,55.64,55.92,2273,ZL.c.0,2011-03-20
35,1,135808,55.92,56.1,55.31,55.69,44500,ZL.c.0,2011-03-21
35,1,135808,55.69,55.96,55.0,55.84,35500,ZL.c.0,2011-03-22
35,1,135808,55.55,56.1,55.44,55.52,29299,ZL.c.0,2011-03-23
35,1,135808,55.48,56.35,54.87,56.26,44741,ZL.c.0,2011-03-24
35,1,135808,56.26,56.85,55.87,56.76,48843,ZL.c.0,2011-03-25
35,1,135808,56.82,56.89,56.71,56.84,329,ZL.c.0,2011-03-27
35,1,135808,56.82,57.08,56.26,56.35,35596,ZL.c.0,2011-03-28
35,1,135808,56.35,57.02,56.11,56.91,34923,ZL.c.0,2011-03-29
35,1,135808,57.26,57.47,56.89,57.33,33897,ZL.c.0,2011-03-30
35,1,135808,57.3,59.57,57.12,58.85,64901,ZL.c.0,2011-03-31
35,1,135808,58.85,58.89,58.03,58.49,42578,ZL.c.0,2011-04-01
35,1,135808,58.75,58.94,58.55,58.84,1419,ZL.c.0,2011-04-03
35,1,135808,58.82,59.07,58.45,58.94,30081,ZL.c.0,2011-04-04
35,1,135808,58.97,59.12,58.55,58.8,41519,ZL.c.0,2011-04-05
35,1,135808,58.9,59.51,58.57,58.71,49897,ZL.c.0,2011-04-06
35,1,135808,58.69,59.01,58.15,58.39,45877,ZL.c.0,2011-04-07
35,1,135808,58.34,59.94,58.31,59.73,62546,ZL.c.0,2011-04-08
35,1,135808,59.78,60.41,59.77,60.35,1466,ZL.c.0,2011-04-10
35,1,135808,60.35,60.37,58.39,58.57,53993,ZL.c.0,2011-04-11
35,1,135808,58.51,58.88,56.55,57.19,70858,ZL.c.0,2011-04-12
35,1,135808,57.26,58.01,57.18,57.46,47222,ZL.c.0,2011-04-13
35,1,135808,57.43,57.66,56.79,57.07,38337,ZL.c.0,2011-04-14
35,1,135808,57.08,57.33,56.47,56.85,35513,ZL.c.0,2011-04-15
35,1,135808,56.55,56.69,56.49,56.49,701,ZL.c.0,2011-04-17
35,1,135808,56.5,57.64,56.34,57.51,36659,ZL.c.0,2011-04-18
35,1,135808,57.49,57.83,57.03,57.61,33752,ZL.c.0,2011-04-19
35,1,135808,57.59,58.8,57.59,58.4,35635,ZL.c.0,2011-04-20
35,1,135808,58.4,58.42,57.72,58.2,34057,ZL.c.0,2011-04-21
35,1,135808,58.2,58.58,58.2,58.58,93,ZL.c.0,2011-04-24
35,1,135808,58.57,58.76,57.85,58.36,21055,ZL.c.0,2011-04-25
35,1,135808,58.21,58.28,57.74,57.96,30991,ZL.c.0,2011-04-26
35,1,135808,58.0,58.23,57.24,57.83,25495,ZL.c.0,2011-04-27
35,1,135808,56.55,58.48,56.04,56.58,21721,ZL.c.0,2011-04-28
35,1,135808,56.53,58.12,56.53,58.06,6044,ZL.c.0,2011-04-29
35,1,135808,57.86,58.06,57.74,57.91,611,ZL.c.0,2011-05-01
35,1,135808,57.94,58.6,57.81,58.1,2727,ZL.c.0,2011-05-02
35,1,135808,57.28,57.9,57.15,57.28,2226,ZL.c.0,2011-05-03
35,1,135808,56.79,57.32,56.5,56.8,1212,ZL.c.0,2011-05-04
35,1,135808,56.66,57.11,54.71,55.38,1004,ZL.c.0,2011-05-05
35,1,135808,55.53,55.91,54.85,55.53,433,ZL.c.0,2011-05-06
35,1,135808,55.67,56.01,55.67,56.0,242,ZL.c.0,2011-05-09
35,1,135808,56.22,56.77,56.22,56.5,133,ZL.c.0,2011-05-10
35,1,135808,56.5,56.5,55.73,56.12,290,ZL.c.0,2011-05-11
35,1,135808,56.0,56.41,55.44,56.26,276,ZL.c.0,2011-05-12
35,1,135808,56.5,56.5,55.74,55.74,32,ZL.c.0,2011-05-13
35,1,322836,56.25,56.45,56.22,56.4,805,ZL.c.0,2011-05-15
35,1,322836,56.4,56.88,55.62,55.75,38110,ZL.c.0,2011-05-16
35,1,322836,55.77,56.34,55.08,56.09,57008,ZL.c.0,2011-05-17
35,1,322836,56.27,57.68,56.2,57.21,63668,ZL.c.0,2011-05-18
35,1,322836,57.27,57.74,57.12,57.58,46935,ZL.c.0,2011-05-19
35,1,322836,57.54,58.06,56.99,57.46,42122,ZL.c.0,2011-05-20
35,1,322836,57.54,57.75,57.5,57.75,764,ZL.c.0,2011-05-22
35,1,322836,57.75,57.94,56.9,57.25,36022,ZL.c.0,2011-05-23
35,1,322836,57.23,57.87,57.11,57.51,40496,ZL.c.0,2011-05-24
35,1,322836,57.51,58.19,57.33,58.09,38390,ZL.c.0,2011-05-25
35,1,322836,58.09,58.94,58.06,58.63,49579,ZL.c.0,2011-05-26
35,1,322836,58.77,58.92,58.42,58.62,32912,ZL.c.0,2011-05-27
35,1,322836,58.03,58.6,57.79,58.6,2382,ZL.c.0,2011-05-30
35,1,322836,58.59,58.93,58.24,58.77,42869,ZL.c.0,2011-05-31
35,1,322836,58.8,58.84,58.03,58.28,41815,ZL.c.0,2011-06-01
35,1,322836,58.91,59.32,58.21,58.83,45474,ZL.c.0,2011-06-02
35,1,322836,58.9,59.41,58.69,58.7,36482,ZL.c.0,2011-06-03
35,1,322836,58.95,58.99,58.73,58.73,467,ZL.c.0,2011-06-05
35,1,322836,58.77,58.89,57.92,58.0,53705,ZL.c.0,2011-06-06
35,1,322836,58.0,58.37,57.91,58.12,55960,ZL.c.0,2011-06-07
35,1,322836,58.12,58.58,57.64,58.03,59188,ZL.c.0,2011-06-08
35,1,322836,58.02,58.14,57.08,57.46,59735,ZL.c.0,2011-06-09
35,1,322836,57.43,57.61,56.53,56.7,58195,ZL.c.0,2011-06-10
35,1,322836,56.9,56.92,56.7,56.81,1388,ZL.c.0,2011-06-12
35,1,322836,56.81,57.1,56.56,56.95,38669,ZL.c.0,2011-06-13
35,1,322836,56.95,57.08,56.33,56.78,47213,ZL.c.0,2011-06-14
35,1,322836,56.96,57.4,56.48,56.99,52069,ZL.c.0,2011-06-15
35,1,322836,57.05,57.07,56.09,56.37,44138,ZL.c.0,2011-06-16
35,1,322836,56.35,56.54,55.63,55.9,45458,ZL.c.0,2011-06-17
35,1,322836,55.98,56.11,55.9,55.94,407,ZL.c.0,2011-06-19
35,1,322836,55.92,56.38,55.79,56.2,30514,ZL.c.0,2011-06-20
35,1,322836,56.2,56.7,56.19,56.48,37215,ZL.c.0,2011-06-21
35,1,322836,56.6,56.61,55.57,56.04,43016,ZL.c.0,2011-06-22
35,1,322836,55.98,56.07,54.25,55.16,47246,ZL.c.0,2011-06-23
35,1,322836,55.25,55.65,54.96,55.25,26666,ZL.c.0,2011-06-24
35,1,322836,55.2,55.2,55.0,55.02,509,ZL.c.0,2011-06-26
35,1,322836,55.05,55.26,54.34,55.23,26776,ZL.c.0,2011-06-27
35,1,322836,55.23,55.61,54.82,55.2,26751,ZL.c.0,2011-06-28
35,1,322836,55.8,56.04,55.48,55.88,28067,ZL.c.0,2011-06-29
35,1,322836,55.9,56.26,54.34,54.92,11963,ZL.c.0,2011-06-30
35,1,322836,55.18,55.47,54.68,55.23,4958,ZL.c.0,2011-07-01
35,1,322836,55.31,55.4,55.26,55.4,1820,ZL.c.0,2011-07-04
35,1,322836,55.4,55.63,55.15,55.24,5512,ZL.c.0,2011-07-05
35,1,322836,55.25,55.45,54.9,55.24,5659,ZL.c.0,2011-07-06
35,1,322836,56.42,56.55,55.2,56.47,2649,ZL.c.0,2011-07-07
35,1,322836,56.58,56.58,56.13,56.16,1654,ZL.c.0,2011-07-08
35,1,322836,56.32,56.38,56.32,56.38,315,ZL.c.0,2011-07-10
35,1,322836,56.4,56.5,55.64,56.2,1319,ZL.c.0,2011-07-11
35,1,322836,55.82,56.36,55.82,56.36,970,ZL.c.0,2011-07-12
35,1,322836,56.5,57.81,56.5,57.58,243,ZL.c.0,2011-07-13
35,1,322836,57.82,57.82,57.5,57.56,24,ZL.c.0,2011-07-14
35,1,145922,57.29,57.94,57.0,57.4,13510,ZL.c.0,2011-07-15
35,1,145922,57.36,57.49,57.0,57.03,741,ZL.c.0,2011-07-17
35,1,145922,57.02,57.58,56.61,57.06,14978,ZL.c.0,2011-07-18
35,1,145922,56.76,57.89,56.61,56.67,14365,ZL.c.0,2011-07-19
35,1,145922,56.87,57.25,56.56,56.79,14476,ZL.c.0,2011-07-20
35,1,145922,56.48,57.19,56.29,56.54,17759,ZL.c.0,2011-07-21
35,1,145922,56.51,56.98,56.35,56.39,14909,ZL.c.0,2011-07-22
35,1,145922,56.41,56.41,56.06,56.11,1394,ZL.c.0,2011-07-24
35,1,145922,56.25,56.28,55.36,56.07,24757,ZL.c.0,2011-07-25
35,1,145922,56.06,56.82,55.99,56.56,16003,ZL.c.0,2011-07-26
35,1,145922,56.68,56.74,56.15,56.55,12957,ZL.c.0,2011-07-27
35,1,145922,55.86,56.61,55.74,55.8,18546,ZL.c.0,2011-07-28
35,1,145922,55.86,56.26,55.15,55.53,4696,ZL.c.0,2011-07-29
35,1,145922,55.81,55.81,55.81,55.81,10,ZL.c.0,2011-07-31
35,1,145922,56.04,56.51,55.89,56.23,3403,ZL.c.0,2011-08-01
35,1,145922,56.85,57.11,55.96,57.03,1850,ZL.c.0,2011-08-02
35,1,145922,56.36,56.83,56.26,56.36,1757,ZL.c.0,2011-08-03
35,1,145922,55.14,56.37,54.85,55.15,1375,ZL.c.0,2011-08-04
35,1,145922,54.5,54.98,54.0,54.87,420,ZL.c.0,2011-08-05
35,1,145922,54.17,54.17,54.17,54.17,3,ZL.c.0,2011-08-07
35,1,145922,54.43,54.43,53.6,53.86,301,ZL.c.0,2011-08-08
35,1,145922,53.0,54.07,52.57,53.15,257,ZL.c.0,2011-08-09
35,1,145922,53.38,53.48,52.71,53.19,239,ZL.c.0,2011-08-10
35,1,145922,53.42,54.31,53.42,54.22,44,ZL.c.0,2011-08-11
35,1,145922,54.37,54.57,54.37,54.57,61,ZL.c.0,2011-08-12
35,1,155663,54.39,54.69,54.38,54.66,92,ZL.c.0,2011-08-14
35,1,155663,54.67,55.15,54.6,54.91,10604,ZL.c.0,2011-08-15
35,1,155663,54.95,55.27,54.51,55.0,11172,ZL.c.0,2011-08-16
35,1,155663,55.61,55.94,54.95,55.65,11177,ZL.c.0,2011-08-17
35,1,155663,55.6,55.6,54.55,55.32,11860,ZL.c.0,2011-08-18
35,1,155663,55.15,55.75,54.75,55.5,7369,ZL.c.0,2011-08-19
35,1,155663,55.66,55.74,55.52,55.54,133,ZL.c.0,2011-08-21
35,1,155663,55.6,56.01,55.37,55.69,9952,ZL.c.0,2011-08-22
35,1,155663,55.7,56.15,55.43,55.64,13387,ZL.c.0,2011-08-23
35,1,155663,55.78,56.1,55.55,55.8,13530,ZL.c.0,2011-08-24
35,1,155663,55.56,55.85,55.25,55.49,12048,ZL.c.0,2011-08-25
35,1,155663,55.6,56.61,55.33,56.58,15039,ZL.c.0,2011-08-26
35,1,155663,56.62,56.84,56.44,56.84,127,ZL.c.0,2011-08-28
35,1,155663,56.69,58.05,56.61,57.91,15482,ZL.c.0,2011-08-29
35,1,155663,58.17,58.52,57.47,58.23,19171,ZL.c.0,2011-08-30
35,1,155663,58.52,58.68,57.95,58.46,10554,ZL.c.0,2011-08-31
35,1,155663,57.84,58.61,57.75,57.83,5634,ZL.c.0,2011-09-01
35,1,155663,57.86,58.29,57.64,57.78,1877,ZL.c.0,2011-09-02
35,1,155663,57.42,57.42,57.28,57.31,132,ZL.c.0,2011-09-05
35,1,155663,57.28,57.33,56.89,57.23,2140,ZL.c.0,2011-09-06
35,1,155663,58.08,58.16,57.82,57.94,2465,ZL.c.0,2011-09-07
35,1,155663,57.67,58.11,57.58,57.75,1175,ZL.c.0,2011-09-08
35,1,155663,58.0,58.36,57.56,58.3,596,ZL.c.0,2011-09-09
35,1,155663,58.15,58.19,58.15,58.19,42,ZL.c.0,2011-09-11
35,1,155663,58.38,58.38,57.11,57.11,534,ZL.c.0,2011-09-12
35,1,155663,57.02,57.29,56.86,57.28,293,ZL.c.0,2011-09-13
35,1,155663,56.71,57.0,56.6,56.81,182,ZL.c.0,2011-09-14
35,1,404907,56.94,57.06,56.04,56.38,13339,ZL.c.0,2011-09-15
35,1,404907,56.37,56.59,55.99,56.42,7553,ZL.c.0,2011-09-16
35,1,404907,56.49,56.49,56.34,56.35,148,ZL.c.0,2011-09-18
35,1,404907,56.36,56.37,55.14,55.73,10694,ZL.c.0,2011-09-19
35,1,404907,55.31,55.98,55.16,55.35,12604,ZL.c.0,2011-09-20
35,1,404907,55.32,55.59,54.7,54.94,12978,ZL.c.0,2011-09-21
35,1,404907,54.92,54.92,53.43,53.6,15593,ZL.c.0,2011-09-22
35,1,404907,53.5,53.8,51.68,52.55,27202,ZL.c.0,2011-09-23
35,1,404907,52.61,52.7,52.6,52.63,147,ZL.c.0,2011-09-25
35,1,404907,52.62,52.67,50.85,52.42,12987,ZL.c.0,2011-09-26
35,1,404907,52.43,53.05,52.28,52.63,9850,ZL.c.0,2011-09-27
35,1,404907,52.34,52.76,51.08,51.38,12421,ZL.c.0,2011-09-28
35,1,404907,51.12,52.15,50.78,51.72,10876,ZL.c.0,2011-09-29
35,1,404907,51.71,52.07,49.77,49.87,7060,ZL.c.0,2011-09-30
35,1,404907,49.79,49.79,49.75,49.75,16,ZL.c.0,2011-10-02
35,1,404907,49.65,49.96,49.36,49.53,1884,ZL.c.0,2011-10-03
35,1,404907,49.57,49.71,48.8,49.2,2129,ZL.c.0,2011-10-04
35,1,404907,49.33,49.56,48.82,49.1,1209,ZL.c.0,2011-10-05
35,1,404907,48.95,49.65,48.87,49.3,1431,ZL.c.0,2011-10-06
35,1,404907,48.86,49.31,48.8,49.08,1082,ZL.c.0,2011-10-07
35,1,404907,50.05,50.34,49.75,49.86,285,ZL.c.0,2011-10-10
35,1,404907,50.18,52.22,50.18,52.17,139,ZL.c.0,2011-10-11
35,1,404907,51.79,52.24,51.56,51.82,830,ZL.c.0,2011-10-12
35,1,404907,51.52,52.03,51.4,52.02,194,ZL.c.0,2011-10-13
35,1,404907,53.68,53.7,52.82,53.22,50,ZL.c.0,2011-10-14
35,1,213435,53.64,53.65,53.35,53.4,1062,ZL.c.0,2011-10-16
35,1,213435,53.36,53.54,52.69,52.69,35426,ZL.c.0,2011-10-17
35,1,213435,52.71,52.85,51.88,52.64,57445,ZL.c.0,2011-10-18
35,1,213435,51.55,52.99,51.24,51.5,56158,ZL.c.0,2011-10-19
35,1,213435,51.28,51.54,50.54,51.22,51070,ZL.c.0,2011-10-20
35,1,213435,51.39,52.37,51.15,51.18,41743,ZL.c.0,2011-10-21
35,1,213435,51.2,51.29,51.06,51.23,558,ZL.c.0,2011-10-23
35,1,213435,51.21,52.35,51.09,51.88,45543,ZL.c.0,2011-10-24
35,1,213435,51.86,52.38,51.3,51.43,47464,ZL.c.0,2011-10-25
35,1,213435,51.4,51.82,50.74,50.85,37154,ZL.c.0,2011-10-26
35,1,213435,51.01,52.5,51.01,52.21,57623,ZL.c.0,2011-10-27
35,1,213435,52.2,52.34,51.36,51.68,42132,ZL.c.0,2011-10-28
35,1,213435,51.63,51.69,51.55,51.64,369,ZL.c.0,2011-10-30
35,1,213435,51.61,51.73,50.62,51.09,43655,ZL.c.0,2011-10-31
35,1,213435,51.11,51.32,49.95,50.57,48066,ZL.c.0,2011-11-01
35,1,213435,50.41,51.25,50.41,50.77,35944,ZL.c.0,2011-11-02
35,1,213435,50.86,52.09,50.48,51.98,51089,ZL.c.0,2011-11-03
35,1,213435,51.94,52.13,51.61,51.77,33227,ZL.c.0,2011-11-04
35,1,213435,51.82,51.9,51.05,51.12,40502,ZL.c.0,2011-11-07
35,1,213435,51.2,51.94,51.01,51.69,49512,ZL.c.0,2011-11-08
35,1,213435,51.8,51.98,50.91,51.02,55228,ZL.c.0,2011-11-09
35,1,213435,50.94,51.37,50.23,50.45,53967,ZL.c.0,2011-11-10
35,1,213435,50.54,50.97,50.48,50.87,28108,ZL.c.0,2011-11-11
35,1,213435,51.03,51.59,50.96,51.14,46198,ZL.c.0,2011-11-14
35,1,213435,51.22,52.46,51.12,52.45,58346,ZL.c.0,2011-11-15
35,1,213435,52.55,52.65,51.89,52.44,55073,ZL.c.0,2011-11-16
35,1,213435,52.36,52.52,51.15,51.26,52285,ZL.c.0,2011-11-17
35,1,213435,51.4,51.79,50.33,50.76,57813,ZL.c.0,2011-11-18
35,1,213435,50.88,51.0,49.51,49.85,50790,ZL.c.0,2011-11-21
35,1,213435,49.96,50.66,49.63,50.63,55365,ZL.c.0,2011-11-22
35,1,213435,50.64,50.77,49.14,49.33,40785,ZL.c.0,2011-11-23
35,1,213435,49.07,49.25,48.11,48.36,26767,ZL.c.0,2011-11-25
35,1,213435,48.71,49.17,48.5,48.93,28161,ZL.c.0,2011-11-28
35,1,213435,48.93,49.73,48.45,49.32,24287,ZL.c.0,2011-11-29
35,1,213435,49.18,50.01,48.41,49.42,8236,ZL.c.0,2011-11-30
35,1,213435,49.41,49.81,48.97,49.6,5482,ZL.c.0,2011-12-01
35,1,213435,49.6,50.13,49.46,49.95,4532,ZL.c.0,2011-12-02
35,1,213435,50.06,50.63,49.9,49.99,3341,ZL.c.0,2011-12-05
35,1,213435,50.03,50.03,49.66,49.83,2666,ZL.c.0,2011-12-06
35,1,213435,49.98,50.19,49.85,50.1,642,ZL.c.0,2011-12-07
35,1,213435,49.83,50.26,49.64,50.26,605,ZL.c.0,2011-12-08
35,1,213435,50.1,50.2,49.04,49.18,177,ZL.c.0,2011-12-09
35,1,213435,49.3,49.3,48.48,49.03,180,ZL.c.0,2011-12-12
35,1,213435,49.0,49.48,49.0,49.09,136,ZL.c.0,2011-12-13
35,1,213435,49.05,49.05,48.26,48.54,267,ZL.c.0,2011-12-14
35,1,852987,48.4,49.05,48.37,49.03,39282,ZL.c.0,2011-12-15
35,1,852987,48.98,49.61,48.92,49.4,43780,ZL.c.0,2011-12-16
35,1,852987,49.75,50.05,49.13,49.24,42324,ZL.c.0,2011-12-19
35,1,852987,49.19,49.82,49.1,49.52,39604,ZL.c.0,2011-12-20
35,1,852987,49.5,49.72,49.16,49.38,47558,ZL.c.0,2011-12-21
35,1,852987,49.5,50.47,49.33,50.42,35006,ZL.c.0,2011-12-22
35,1,852987,50.45,51.05,50.14,50.97,22413,ZL.c.0,2011-12-23
35,1,852987,51.09,52.27,51.09,51.78,20227,ZL.c.0,2011-12-27
35,1,852987,51.89,52.1,51.23,51.75,19728,ZL.c.0,2011-12-28
35,1,852987,51.57,51.68,51.03,51.2,15246,ZL.c.0,2011-12-29
35,1,852987,51.14,52.16,51.14,52.08,4575,ZL.c.0,2011-12-30
35,1,852987,52.75,53.78,52.6,52.76,4478,ZL.c.0,2012-01-03
35,1,852987,52.78,52.9,52.46,52.53,2550,ZL.c.0,2012-01-04
35,1,852987,52.65,52.77,51.8,51.8,1853,ZL.c.0,2012-01-05
35,1,852987,51.75,52.09,50.88,50.93,1661,ZL.c.0,2012-01-06
35,1,852987,51.35,51.97,51.35,51.97,369,ZL.c.0,2012-01-09
35,1,852987,51.95,52.23,51.66,52.23,208,ZL.c.0,2012-01-10
35,1,852987,51.58,51.68,51.44,51.68,163,ZL.c.0,2012-01-11
35,1,852987,51.5,51.5,50.25,51.03,250,ZL.c.0,2012-01-12
35,1,852987,50.81,50.81,50.07,50.1,44,ZL.c.0,2012-01-13
35,1,809822,50.55,51.24,50.4,50.67,43809,ZL.c.0,2012-01-17
35,1,809822,50.74,50.85,50.22,50.3,62155,ZL.c.0,2012-01-18
35,1,809822,50.45,51.02,50.45,51.02,45997,ZL.c.0,2012-01-19
35,1,809822,51.06,51.23,50.05,50.34,47023,ZL.c.0,2012-01-20
35,1,809822,50.6,51.53,50.55,51.48,43579,ZL.c.0,2012-01-23
35,1,809822,51.44,51.59,51.0,51.31,47180,ZL.c.0,2012-01-24
35,1,809822,51.4,51.52,51.1,51.31,37963,ZL.c.0,2012-01-25
35,1,809822,51.4,52.0,51.26,51.88,42560,ZL.c.0,2012-01-26
35,1,809822,51.82,51.88,51.58,51.68,35700,ZL.c.0,2012-01-27
35,1,809822,51.6,51.7,50.26,50.28,56371,ZL.c.0,2012-01-30
35,1,809822,50.33,50.81,50.25,50.69,44487,ZL.c.0,2012-01-31
35,1,809822,50.83,51.78,50.83,51.15,49850,ZL.c.0,2012-02-01
35,1,809822,51.18,51.34,50.86,51.15,39347,ZL.c.0,2012-02-02
35,1,809822,51.19,51.69,51.08,51.57,37124,ZL.c.0,2012-02-03
35,1,809822,51.64,52.36,51.52,52.2,51173,ZL.c.0,2012-02-06
35,1,809822,52.13,52.38,51.76,52.17,43351,ZL.c.0,2012-02-07
35,1,809822,52.13,52.77,52.06,52.66,51963,ZL.c.0,2012-02-08
35,1,809822,52.55,53.08,52.44,52.55,55565,ZL.c.0,2012-02-09
35,1,809822,52.61,52.61,51.84,52.47,53639,ZL.c.0,2012-02-10
35,1,809822,52.77,53.0,52.62,52.98,56342,ZL.c.0,2012-02-13
35,1,809822,52.91,53.26,52.7,52.99,49720,ZL.c.0,2012-02-14
35,1,809822,53.01,53.44,52.78,53.3,40264,ZL.c.0,2012-02-15
35,1,809822,53.26,53.37,52.56,53.06,47584,ZL.c.0,2012-02-16
35,1,809822,53.06,53.76,53.0,53.41,41122,ZL.c.0,2012-02-17
35,1,809822,53.65,54.25,53.34,53.98,60057,ZL.c.0,2012-02-21
35,1,809822,54.0,54.17,53.7,54.15,50227,ZL.c.0,2012-02-22
35,1,809822,54.18,54.35,53.91,54.09,43693,ZL.c.0,2012-02-23
35,1,809822,54.2,54.3,53.99,54.26,31497,ZL.c.0,2012-02-24
35,1,809822,54.27,54.6,53.92,54.39,27110,ZL.c.0,2012-02-27
35,1,809822,54.35,54.84,54.12,54.37,26585,ZL.c.0,2012-02-28
35,1,809822,54.35,54.49,53.97,54.2,12682,ZL.c.0,2012-02-29
35,1,809822,54.03,54.18,53.76,53.88,8642,ZL.c.0,2012-03-01
35,1,809822,53.94,53.95,53.47,53.81,5640,ZL.c.0,2012-03-02
35,1,809822,53.77,54.01,53.45,53.48,3338,ZL.c.0,2012-03-05
35,1,809822,53.42,53.51,52.89,52.95,2463,ZL.c.0,2012-03-06
35,1,809822,52.91,53.37,52.52,52.54,2220,ZL.c.0,2012-03-07
35,1,809822,52.57,53.42,52.57,53.06,971,ZL.c.0,2012-03-08
35,1,809822,53.02,54.07,53.02,53.95,931,ZL.c.0,2012-03-09
35,1,809822,53.77,54.06,53.69,53.69,431,ZL.c.0,2012-03-12
35,1,809822,54.55,54.56,54.23,54.28,438,ZL.c.0,2012-03-13
35,1,809822,54.44,54.57,54.3,54.53,352,ZL.c.0,2012-03-14
35,1,294240,54.84,55.7,54.74,55.42,54689,ZL.c.0,2012-03-15
35,1,294240,55.49,55.61,55.16,55.43,32856,ZL.c.0,2012-03-16
35,1,294240,55.5,55.6,55.45,55.55,443,ZL.c.0,2012-03-18
35,1,294240,55.52,55.57,54.91,55.35,35088,ZL.c.0,2012-03-19
35,1,294240,55.36,55.36,54.33,54.4,45301,ZL.c.0,2012-03-20
35,1,294240,54.45,54.65,54.24,54.38,41879,ZL.c.0,2012-03-21
35,1,294240,53.96,54.68,53.66,53.85,53675,ZL.c.0,2012-03-22
35,1,294240,54.0,54.9,54.0,54.75,59092,ZL.c.0,2012-03-23
35,1,294240,54.75,54.8,54.66,54.74,632,ZL.c.0,2012-03-25
35,1,294240,54.75,55.82,54.75,55.42,58005,ZL.c.0,2012-03-26
35,1,294240,55.43,55.59,55.01,55.13,37444,ZL.c.0,2012-03-27
35,1,294240,55.07,55.35,54.53,54.57,47404,ZL.c.0,2012-03-28
35,1,294240,54.69,54.83,53.6,53.78,72705,ZL.c.0,2012-03-29
35,1,294240,53.91,55.35,53.78,54.86,71115,ZL.c.0,2012-03-30
35,1,294240,55.17,55.31,55.14,55.3,2067,ZL.c.0,2012-04-01
35,1,294240,55.3,56.48,55.24,56.25,59352,ZL.c.0,2012-04-02
35,1,294240,56.26,56.59,55.86,55.96,45616,ZL.c.0,2012-04-03
35,1,294240,56.1,56.45,55.7,56.07,52163,ZL.c.0,2012-04-04
35,1,294240,56.18,56.68,55.82,56.61,44438,ZL.c.0,2012-04-05
35,1,294240,56.49,57.01,56.49,56.98,2697,ZL.c.0,2012-04-08
35,1,294240,56.96,57.18,56.48,56.73,42811,ZL.c.0,2012-04-09
35,1,294240,56.74,57.45,56.68,56.91,77127,ZL.c.0,2012-04-10
35,1,294240,56.68,56.9,56.22,56.37,50424,ZL.c.0,2012-04-11
35,1,294240,56.51,57.21,56.41,57.16,62399,ZL.c.0,2012-04-12
35,1,294240,57.15,57.2,56.4,56.41,69369,ZL.c.0,2012-04-13
35,1,294240,56.45,56.49,56.27,56.36,1249,ZL.c.0,2012-04-15
35,1,294240,56.38,56.38,55.6,55.69,51383,ZL.c.0,2012-04-16
35,1,294240,55.7,56.38,55.67,55.84,38261,ZL.c.0,2012-04-17
35,1,294240,55.21,56.08,55.15,55.22,43177,ZL.c.0,2012-04-18
35,1,294240,55.29,55.78,55.0,55.16,34721,ZL.c.0,2012-04-19
35,1,294240,55.34,55.88,55.08,55.74,46552,ZL.c.0,2012-04-20
35,1,294240,55.76,55.86,55.67,55.79,3598,ZL.c.0,2012-04-22
35,1,294240,55.85,55.95,54.94,55.19,50424,ZL.c.0,2012-04-23
35,1,294240,55.28,55.54,55.18,55.34,31491,ZL.c.0,2012-04-24
35,1,294240,55.47,55.88,55.3,55.6,31263,ZL.c.0,2012-04-25
35,1,294240,55.41,55.75,55.03,55.29,36511,ZL.c.0,2012-04-26
35,1,294240,55.48,55.83,55.1,55.26,24038,ZL.c.0,2012-04-27
35,1,294240,55.13,55.17,55.04,55.13,1868,ZL.c.0,2012-04-29
35,1,294240,55.16,55.28,54.39,54.65,13327,ZL.c.0,2012-04-30
35,1,294240,54.6,54.88,54.26,54.58,7679,ZL.c.0,2012-05-01
35,1,294240,54.34,55.1,54.25,54.26,6206,ZL.c.0,2012-05-02
35,1,294240,53.89,54.47,53.6,53.9,3624,ZL.c.0,2012-05-03
35,1,294240,53.9,53.95,53.07,53.26,2360,ZL.c.0,2012-05-04
35,1,294240,53.09,53.09,53.09,53.09,7,ZL.c.0,2012-05-06
35,1,294240,53.11,53.37,52.99,53.12,2250,ZL.c.0,2012-05-07
35,1,294240,52.91,53.46,52.88,52.9,1126,ZL.c.0,2012-05-08
35,1,294240,52.55,53.0,52.5,52.66,1257,ZL.c.0,2012-05-09
35,1,294240,52.79,53.29,52.79,53.13,343,ZL.c.0,2012-05-10
35,1,294240,52.58,52.58,51.84,51.84,282,ZL.c.0,2012-05-11
35,1,294240,50.99,51.04,50.65,50.78,166,ZL.c.0,2012-05-14
35,1,305842,51.33,51.74,50.87,51.39,63210,ZL.c.0,2012-05-15
35,1,305842,51.47,51.52,50.05,50.44,72309,ZL.c.0,2012-05-16
35,1,305842,50.8,50.99,50.41,50.65,52018,ZL.c.0,2012-05-17
35,1,305842,50.73,50.84,50.03,50.24,51286,ZL.c.0,2012-05-18
35,1,305842,50.44,50.85,50.25,50.52,971,ZL.c.0,2012-05-20
35,1,305842,50.51,51.16,50.47,50.89,41554,ZL.c.0,2012-05-21
35,1,305842,50.89,51.28,50.24,50.43,60314,ZL.c.0,2012-05-22
35,1,305842,50.34,50.35,48.55,49.02,80101,ZL.c.0,2012-05-23
35,1,305842,49.19,49.7,48.92,49.5,63272,ZL.c.0,2012-05-24
35,1,305842,49.59,50.21,49.2,50.2,45433,ZL.c.0,2012-05-25
35,1,305842,50.19,50.74,49.81,50.26,50874,ZL.c.0,2012-05-29
35,1,305842,50.25,50.34,49.4,49.72,53058,ZL.c.0,2012-05-30
35,1,305842,49.31,49.77,49.0,49.2,54543,ZL.c.0,2012-05-31
35,1,305842,49.46,49.48,48.33,48.7,70024,ZL.c.0,2012-06-01
35,1,305842,48.91,49.18,48.86,48.93,1419,ZL.c.0,2012-06-03
35,1,305842,48.92,48.94,47.81,48.4,54266,ZL.c.0,2012-06-04
35,1,305842,48.4,48.87,48.25,48.6,45055,ZL.c.0,2012-06-05
35,1,305842,48.8,49.65,48.7,49.2,54096,ZL.c.0,2012-06-06
35,1,305842,49.45,50.39,48.97,50.31,78230,ZL.c.0,2012-06-07
35,1,305842,50.29,50.32,49.3,49.42,62686,ZL.c.0,2012-06-08
35,1,305842,49.55,49.64,48.88,49.64,1836,ZL.c.0,2012-06-10
35,1,305842,49.65,50.38,49.56,49.57,42900,ZL.c.0,2012-06-11
35,1,305842,49.53,50.15,49.38,49.64,64131,ZL.c.0,2012-06-12
35,1,305842,49.82,50.06,49.07,49.12,55736,ZL.c.0,2012-06-13
35,1,305842,49.19,49.29,47.98,48.06,54593,ZL.c.0,2012-06-14
35,1,305842,48.15,48.8,47.76,48.6,66778,ZL.c.0,2012-06-15
35,1,305842,49.05,49.89,48.82,48.85,1874,ZL.c.0,2012-06-17
35,1,305842,48.84,49.36,48.51,49.15,57235,ZL.c.0,2012-06-18
35,1,305842,49.15,50.65,49.01,50.3,69399,ZL.c.0,2012-06-19
35,1,305842,50.36,51.08,50.1,50.78,65176,ZL.c.0,2012-06-20
35,1,305842,50.58,50.65,49.56,49.95,53950,ZL.c.0,2012-06-21
35,1,305842,49.8,50.27,49.31,49.65,40464,ZL.c.0,2012-06-22
35,1,305842,50.24,50.91,50.23,50.64,1749,ZL.c.0,2012-06-24
35,1,305842,50.64,51.58,50.57,51.36,36493,ZL.c.0,2012-06-25
35,1,305842,51.36,51.56,50.73,50.82,39095,ZL.c.0,2012-06-26
35,1,305842,51.36,51.74,50.65,51.36,28621,ZL.c.0,2012-06-27
35,1,305842,51.3,51.53,50.6,50.84,23696,ZL.c.0,2012-06-28
35,1,305842,50.85,52.32,50.85,52.32,14605,ZL.c.0,2012-06-29
35,1,305842,52.63,52.89,52.59,52.86,1921,ZL.c.0,2012-07-01
35,1,305842,52.89,52.89,51.82,52.36,8754,ZL.c.0,2012-07-02
35,1,305842,52.38,52.95,52.31,52.89,3790,ZL.c.0,2012-07-03
35,1,305842,53.21,54.21,53.19,53.92,3923,ZL.c.0,2012-07-05
35,1,305842,53.77,53.83,53.21,53.22,2795,ZL.c.0,2012-07-06
35,1,305842,53.96,53.98,53.96,53.97,446,ZL.c.0,2012-07-08
35,1,305842,53.71,54.93,53.71,53.91,953,ZL.c.0,2012-07-09
35,1,305842,54.14,54.3,53.88,54.07,1103,ZL.c.0,2012-07-10
35,1,305842,53.97,54.63,53.49,53.59,577,ZL.c.0,2012-07-11
35,1,305842,53.19,53.57,53.12,53.26,194,ZL.c.0,2012-07-12
35,1,305842,53.32,53.87,53.28,53.56,305,ZL.c.0,2012-07-13
35,1,610378,53.75,54.26,53.75,54.09,852,ZL.c.0,2012-07-15
35,1,610378,54.09,54.83,54.07,54.81,22975,ZL.c.0,2012-07-16
35,1,610378,54.13,54.82,53.9,54.17,25301,ZL.c.0,2012-07-17
35,1,610378,54.21,54.34,53.29,54.0,38724,ZL.c.0,2012-07-18
35,1,610378,53.95,54.7,53.81,54.33,31388,ZL.c.0,2012-07-19
35,1,610378,54.51,54.7,54.13,54.35,17542,ZL.c.0,2012-07-20
35,1,610378,54.36,54.47,53.88,54.0,1181,ZL.c.0,2012-07-22
35,1,610378,53.99,54.06,52.6,52.8,26034,ZL.c.0,2012-07-23
35,1,610378,52.79,52.84,51.33,51.41,29737,ZL.c.0,2012-07-24
35,1,610378,51.42,52.63,51.36,52.21,26992,ZL.c.0,2012-07-25
35,1,610378,51.86,52.13,51.5,51.65,19935,ZL.c.0,2012-07-26
35,1,610378,51.61,52.22,51.59,52.04,27024,ZL.c.0,2012-07-27
35,1,610378,52.37,52.91,52.32,52.57,1190,ZL.c.0,2012-07-29
35,1,610378,52.54,52.88,52.15,52.54,25728,ZL.c.0,2012-07-30
35,1,610378,52.55,53.06,52.24,52.36,13770,ZL.c.0,2012-07-31
35,1,610378,52.78,52.98,51.69,51.79,9549,ZL.c.0,2012-08-01
35,1,610378,51.71,52.1,51.11,51.55,5799,ZL.c.0,2012-08-02
35,1,610378,51.5,52.3,51.44,52.1,3636,ZL.c.0,2012-08-03
35,1,610378,51.81,51.81,51.12,51.12,18,ZL.c.0,2012-08-05
35,1,610378,51.39,51.9,51.28,51.65,3430,ZL.c.0,2012-08-06
35,1,610378,51.95,52.0,51.27,51.29,1542,ZL.c.0,2012-08-07
35,1,610378,51.55,51.66,51.16,51.58,1418,ZL.c.0,2012-08-08
35,1,610378,51.64,52.34,51.64,52.27,844,ZL.c.0,2012-08-09
35,1,610378,52.33,53.5,52.33,53.4,310,ZL.c.0,2012-08-10
35,1,610378,53.4,53.68,53.4,53.68,28,ZL.c.0,2012-08-12
35,1,610378,53.2,53.2,52.99,52.99,218,ZL.c.0,2012-08-13
35,1,610378,53.13,53.13,52.8,52.83,319,ZL.c.0,2012-08-14
35,1,893989,52.84,53.21,52.68,53.06,13284,ZL.c.0,2012-08-15
35,1,893989,53.05,53.39,52.85,53.05,12250,ZL.c.0,2012-08-16
35,1,893989,52.9,53.29,52.9,53.12,6415,ZL.c.0,2012-08-17
35,1,893989,53.14,53.68,53.04,53.3,399,ZL.c.0,2012-08-19
35,1,893989,53.39,54.1,53.15,53.96,12762,ZL.c.0,2012-08-20
35,1,893989,53.98,55.65,53.66,55.45,25815,ZL.c.0,2012-08-21
35,1,893989,55.44,56.39,55.0,56.25,18136,ZL.c.0,2012-08-22
35,1,893989,56.25,56.54,55.7,55.99,17625,ZL.c.0,2012-08-23
35,1,893989,55.99,56.67,55.99,56.28,14888,ZL.c.0,2012-08-24
35,1,893989,56.5,56.83,56.48,56.83,106,ZL.c.0,2012-08-26
35,1,893989,56.9,57.19,55.83,55.95,19890,ZL.c.0,2012-08-27
35,1,893989,55.95,56.2,55.34,55.6,15342,ZL.c.0,2012-08-28
35,1,893989,55.67,56.94,55.51,56.75,20598,ZL.c.0,2012-08-29
35,1,893989,56.73,56.82,56.31,56.56,19533,ZL.c.0,2012-08-30
35,1,893989,56.52,56.86,56.15,56.31,10506,ZL.c.0,2012-08-31
35,1,893989,57.31,57.9,56.63,57.44,12960,ZL.c.0,2012-09-04
35,1,893989,57.4,57.54,56.96,56.96,4811,ZL.c.0,2012-09-05
35,1,893989,56.9,57.23,56.53,56.62,3969,ZL.c.0,2012-09-06
35,1,893989,56.46,56.47,56.01,56.28,955,ZL.c.0,2012-09-07
35,1,893989,55.91,55.94,55.76,55.76,51,ZL.c.0,2012-09-09
35,1,893989,56.1,56.39,55.89,56.03,2016,ZL.c.0,2012-09-10
35,1,893989,55.66,55.74,55.25,55.25,181,ZL.c.0,2012-09-11
35,1,893989,55.74,56.25,55.7,56.13,421,ZL.c.0,2012-09-12
35,1,893989,55.9,56.4,55.9,56.4,239,ZL.c.0,2012-09-13
35,1,893989,56.99,57.12,56.83,56.83,288,ZL.c.0,2012-09-14
35,1,119407,56.72,57.13,56.65,57.01,75,ZL.c.0,2012-09-16
35,1,119407,57.06,57.06,54.71,55.01,17144,ZL.c.0,2012-09-17
35,1,119407,55.01,55.32,54.33,55.03,16489,ZL.c.0,2012-09-18
35,1,119407,55.06,56.0,54.91,56.0,8788,ZL.c.0,2012-09-19
35,1,119407,56.11,56.11,54.32,54.69,16986,ZL.c.0,2012-09-20
35,1,119407,54.71,55.02,54.11,54.46,14348,ZL.c.0,2012-09-21
35,1,119407,54.46,54.6,54.14,54.24,46,ZL.c.0,2012-09-23
35,1,119407,54.26,54.26,52.89,53.79,12066,ZL.c.0,2012-09-24
35,1,119407,53.75,53.89,53.04,53.14,26978,ZL.c.0,2012-09-25
35,1,119407,53.15,53.21,51.62,51.93,19918,ZL.c.0,2012-09-26
35,1,119407,51.9,52.37,51.58,52.23,16050,ZL.c.0,2012-09-27
35,1,119407,52.13,52.6,51.26,51.94,9538,ZL.c.0,2012-09-28
35,1,119407,52.0,52.09,51.9,51.95,341,ZL.c.0,2012-09-30
35,1,119407,51.98,52.03,50.44,50.44,6716,ZL.c.0,2012-10-01
35,1,119407,50.61,50.72,49.65,49.88,4627,ZL.c.0,2012-10-02
35,1,119407,49.7,50.6,49.7,50.48,3737,ZL.c.0,2012-10-03
35,1,119407,50.44,51.21,50.29,50.9,2101,ZL.c.0,2012-10-04
35,1,119407,51.2,51.35,50.65,50.75,1670,ZL.c.0,2012-10-05
35,1,119407,50.92,50.92,50.66,50.79,98,ZL.c.0,2012-10-07
35,1,119407,50.97,50.97,50.46,50.64,1231,ZL.c.0,2012-10-08
35,1,119407,50.67,51.51,50.38,50.55,1472,ZL.c.0,2012-10-09
35,1,119407,50.6,51.02,50.18,50.18,452,ZL.c.0,2012-10-10
35,1,119407,50.89,51.41,50.8,50.86,387,ZL.c.0,2012-10-11
35,1,119407,50.99,51.02,49.87,49.92,314,ZL.c.0,2012-10-12
35,1,126322,50.61,50.63,50.07,50.17,1286,ZL.c.0,2012-10-14
35,1,126322,50.17,50.45,49.41,50.41,53756,ZL.c.0,2012-10-15
35,1,126322,50.4,50.74,50.14,50.36,40760,ZL.c.0,2012-10-16
35,1,126322,50.36,51.14,50.32,51.08,36142,ZL.c.0,2012-10-17
35,1,126322,51.09,52.39,51.05,52.23,61660,ZL.c.0,2012-10-18
35,1,126322,52.22,52.47,51.5,51.55,45158,ZL.c.0,2012-10-19
35,1,126322,51.52,51.53,51.24,51.39,715,ZL.c.0,2012-10-21
35,1,126322,51.39,52.23,51.38,51.84,36836,ZL.c.0,2012-10-22
35,1,126322,51.86,52.02,50.96,51.41,38450,ZL.c.0,2012-10-23
35,1,126322,51.38,51.93,51.38,51.71,36513,ZL.c.0,2012-10-24
35,1,126322,51.73,52.23,51.28,51.35,57716,ZL.c.0,2012-10-25
35,1,126322,51.36,51.42,50.7,51.01,54559,ZL.c.0,2012-10-26
35,1,126322,50.97,50.99,50.61,50.62,594,ZL.c.0,2012-10-28
35,1,126322,50.62,50.77,50.04,50.12,44344,ZL.c.0,2012-10-29
35,1,126322,50.12,50.55,50.06,50.15,39139,ZL.c.0,2012-10-30
35,1,126322,50.15,50.59,49.84,50.15,62676,ZL.c.0,2012-10-31
35,1,126322,50.16,50.91,50.16,50.51,44942,ZL.c.0,2012-11-01
35,1,126322,50.52,50.63,49.11,49.19,65622,ZL.c.0,2012-11-02
35,1,126322,49.16,49.22,49.02,49.07,716,ZL.c.0,2012-11-04
35,1,126322,49.07,49.21,48.25,48.53,73718,ZL.c.0,2012-11-05
35,1,126322,48.55,48.98,48.35,48.8,38605,ZL.c.0,2012-11-06
35,1,126322,48.81,49.06,48.41,48.57,46603,ZL.c.0,2012-11-07
35,1,126322,48.57,49.2,48.45,48.69,58713,ZL.c.0,2012-11-08
35,1,126322,48.69,48.86,47.7,47.75,71187,ZL.c.0,2012-11-09
35,1,126322,47.62,47.74,47.34,47.44,3751,ZL.c.0,2012-11-11
35,1,126322,47.44,47.63,46.52,47.37,67513,ZL.c.0,2012-11-12
35,1,126322,47.03,47.9,46.84,47.13,60601,ZL.c.0,2012-11-13
35,1,126322,47.25,48.17,47.15,47.69,51136,ZL.c.0,2012-11-14
35,1,126322,47.79,48.17,47.4,47.47,48530,ZL.c.0,2012-11-15
35,1,126322,47.55,47.7,46.61,47.05,77561,ZL.c.0,2012-11-16
35,1,126322,47.0,47.3,46.84,47.26,1339,ZL.c.0,2012-11-18
35,1,126322,47.28,48.1,47.27,48.04,44604,ZL.c.0,2012-11-19
35,1,126322,48.02,48.43,47.63,48.28,61419,ZL.c.0,2012-11-20
35,1,126322,48.28,48.8,47.85,48.52,51098,ZL.c.0,2012-11-21
35,1,126322,48.75,49.15,48.75,49.09,21712,ZL.c.0,2012-11-23
35,1,126322,49.0,49.5,48.95,49.29,1094,ZL.c.0,2012-11-25
35,1,126322,49.3,49.55,48.86,49.41,36210,ZL.c.0,2012-11-26
35,1,126322,50.11,50.2,49.14,50.12,35186,ZL.c.0,2012-11-27
35,1,126322,50.11,50.21,49.66,50.13,25101,ZL.c.0,2012-11-28
35,1,126322,50.16,50.46,49.73,49.87,19095,ZL.c.0,2012-11-29
35,1,126322,49.73,49.79,49.18,49.38,10302,ZL.c.0,2012-11-30
35,1,126322,49.45,49.74,49.4,49.68,812,ZL.c.0,2012-12-02
35,1,126322,49.72,50.29,49.7,49.84,6835,ZL.c.0,2012-12-03
35,1,126322,49.75,50.04,48.75,49.77,5725,ZL.c.0,2012-12-04
35,1,126322,50.0,50.87,49.87,50.81,3945,ZL.c.0,2012-12-05
35,1,126322,50.79,51.0,49.98,50.8,2930,ZL.c.0,2012-12-06
35,1,126322,50.95,51.03,50.53,50.82,2384,ZL.c.0,2012-12-07
35,1,126322,50.67,50.7,50.64,50.64,1311,ZL.c.0,2012-12-09
35,1,126322,50.66,50.93,50.38,50.8,1063,ZL.c.0,2012-12-10
35,1,126322,50.62,50.74,49.89,49.89,759,ZL.c.0,2012-12-11
35,1,126322,49.92,50.03,49.15,49.16,517,ZL.c.0,2012-12-12
35,1,126322,49.19,49.53,48.53,48.53,208,ZL.c.0,2012-12-13
35,1,126322,48.67,49.65,48.67,49.63,283,ZL.c.0,2012-12-14
35,1,146145,50.21,50.24,49.92,50.05,1497,ZL.c.0,2012-12-16
35,1,146145,50.05,50.35,49.48,49.8,48698,ZL.c.0,2012-12-17
35,1,146145,49.8,50.07,49.1,49.4,67105,ZL.c.0,2012-12-18
35,1,146145,49.39,49.49,48.28,48.52,45440,ZL.c.0,2012-12-19
35,1,146145,48.53,48.75,47.53,48.24,48767,ZL.c.0,2012-12-20
35,1,146145,48.24,49.0,48.05,48.63,26169,ZL.c.0,2012-12-21
35,1,146145,48.85,48.9,48.68,48.68,166,ZL.c.0,2012-12-23
35,1,146145,48.66,49.07,48.51,48.94,6731,ZL.c.0,2012-12-24
35,1,146145,49.07,49.1,48.14,48.33,10530,ZL.c.0,2012-12-26
35,1,146145,48.33,48.81,48.09,48.52,16241,ZL.c.0,2012-12-27
35,1,146145,48.52,49.06,48.52,48.9,17989,ZL.c.0,2012-12-28
35,1,146145,48.8,48.99,48.8,48.99,846,ZL.c.0,2012-12-30
35,1,146145,48.93,49.23,48.34,49.21,10960,ZL.c.0,2012-12-31
35,1,146145,50.07,51.12,50.07,50.6,8182,ZL.c.0,2013-01-02
35,1,146145,50.74,50.74,50.08,50.16,2917,ZL.c.0,2013-01-03
35,1,146145,50.18,50.35,49.4,49.41,3369,ZL.c.0,2013-01-04
35,1,146145,49.33,49.34,48.96,49.06,431,ZL.c.0,2013-01-06
35,1,146145,49.79,49.88,49.34,49.71,3067,ZL.c.0,2013-01-07
35,1,146145,49.69,49.69,49.08,49.08,1870,ZL.c.0,2013-01-08
35,1,146145,49.31,49.44,49.22,49.22,1069,ZL.c.0,2013-01-09
35,1,146145,49.44,49.71,49.25,49.34,803,ZL.c.0,2013-01-10
35,1,146145,49.39,49.39,48.81,49.17,356,ZL.c.0,2013-01-11
35,1,146145,49.2,50.25,49.19,50.17,212,ZL.c.0,2013-01-14
35,1,348768,50.71,51.25,50.37,51.04,64206,ZL.c.0,2013-01-15
35,1,348768,51.04,51.66,50.68,51.53,65957,ZL.c.0,2013-01-16
35,1,348768,51.5,51.7,50.92,51.58,43933,ZL.c.0,2013-01-17
35,1,348768,51.58,51.75,51.07,51.75,32465,ZL.c.0,2013-01-18
35,1,348768,51.98,52.67,51.94,52.49,48110,ZL.c.0,2013-01-22
35,1,348768,52.5,52.61,51.93,51.98,42327,ZL.c.0,2013-01-23
35,1,348768,51.97,52.3,51.5,52.24,38501,ZL.c.0,2013-01-24
35,1,348768,52.25,52.37,51.81,52.02,30014,ZL.c.0,2013-01-25
35,1,348768,52.3,52.36,52.17,52.26,525,ZL.c.0,2013-01-27
35,1,348768,52.26,52.29,51.72,51.92,31703,ZL.c.0,2013-01-28
35,1,348768,51.9,52.25,51.66,51.73,37817,ZL.c.0,2013-01-29
35,1,348768,51.74,52.71,51.6,52.58,51215,ZL.c.0,2013-01-30
35,1,348768,52.58,52.96,52.08,52.93,44974,ZL.c.0,2013-01-31
35,1,348768,52.92,53.57,52.64,53.0,64569,ZL.c.0,2013-02-01
35,1,348768,53.23,53.34,53.1,53.21,1516,ZL.c.0,2013-02-03
35,1,348768,53.21,53.54,52.96,53.16,35793,ZL.c.0,2013-02-04
35,1,348768,53.16,53.22,52.68,52.91,49090,ZL.c.0,2013-02-05
35,1,348768,52.91,52.96,52.4,52.42,33270,ZL.c.0,2013-02-06
35,1,348768,52.43,52.59,51.79,51.91,64154,ZL.c.0,2013-02-07
35,1,348768,51.91,52.19,50.94,51.51,68687,ZL.c.0,2013-02-08
35,1,348768,51.4,51.4,50.93,51.22,3983,ZL.c.0,2013-02-10
35,1,348768,51.25,51.43,50.77,51.27,51989,ZL.c.0,2013-02-11
35,1,348768,51.26,51.47,50.87,51.15,53727,ZL.c.0,2013-02-12
35,1,348768,51.13,51.79,50.56,51.68,59982,ZL.c.0,2013-02-13
35,1,348768,51.61,51.86,51.13,51.69,43341,ZL.c.0,2013-02-14
35,1,348768,51.84,51.98,51.44,51.65,32382,ZL.c.0,2013-02-15
35,1,348768,51.64,52.64,51.63,52.37,69322,ZL.c.0,2013-02-19
35,1,348768,52.39,52.79,51.76,51.82,52186,ZL.c.0,2013-02-20
35,1,348768,51.82,51.92,51.21,51.29,35211,ZL.c.0,2013-02-21
35,1,348768,51.32,51.79,50.3,50.35,27388,ZL.c.0,2013-02-22
35,1,348768,50.44,50.44,50.06,50.13,696,ZL.c.0,2013-02-24
35,1,348768,50.17,50.37,49.36,50.02,29645,ZL.c.0,2013-02-25
35,1,348768,49.02,50.13,48.94,49.04,25387,ZL.c.0,2013-02-26
35,1,348768,49.08,49.5,48.86,49.24,19825,ZL.c.0,2013-02-27
35,1,348768,48.88,49.56,48.8,48.85,9255,ZL.c.0,2013-02-28
35,1,348768,48.85,49.53,48.43,49.53,2112,ZL.c.0,2013-03-01
35,1,348768,49.3,49.37,49.27,49.37,39,ZL.c.0,2013-03-03
35,1,348768,49.34,50.07,49.34,50.02,1067,ZL.c.0,2013-03-04
35,1,348768,50.07,50.51,49.92,49.95,1238,ZL.c.0,2013-03-05
35,1,348768,49.96,50.14,49.83,50.04,731,ZL.c.0,2013-03-06
35,1,348768,50.4,50.48,49.85,50.37,171,ZL.c.0,2013-03-07
35,1,348768,50.37,50.42,49.75,50.25,171,ZL.c.0,2013-03-08
35,1,348768,50.18,50.5,50.07,50.24,420,ZL.c.0,2013-03-11
35,1,348768,50.02,50.28,49.76,49.8,137,ZL.c.0,2013-03-12
35,1,348768,49.53,49.59,49.3,49.5,214,ZL.c.0,2013-03-13
35,1,348768,49.28,49.28,49.03,49.09,127,ZL.c.0,2013-03-14
35,1,314182,49.4,50.19,49.36,49.95,35158,ZL.c.0,2013-03-15
35,1,314182,49.89,49.94,49.61,49.61,937,ZL.c.0,2013-03-17
35,1,314182,49.6,49.86,49.22,49.78,30196,ZL.c.0,2013-03-18
35,1,314182,49.77,49.95,49.35,49.64,26775,ZL.c.0,2013-03-19
35,1,314182,49.63,50.1,49.51,49.97,38119,ZL.c.0,2013-03-20
35,1,314182,49.95,50.46,49.94,50.39,35863,ZL.c.0,2013-03-21
35,1,314182,50.36,50.61,50.0,50.32,35327,ZL.c.0,2013-03-22
35,1,314182,50.43,50.51,50.43,50.46,367,ZL.c.0,2013-03-24
35,1,314182,50.46,50.5,50.21,50.35,24551,ZL.c.0,2013-03-25
35,1,314182,50.37,50.92,50.22,50.75,43337,ZL.c.0,2013-03-26
35,1,314182,50.75,51.03,50.6,50.77,36473,ZL.c.0,2013-03-27
35,1,314182,50.79,50.85,49.52,50.13,66177,ZL.c.0,2013-03-28
35,1,314182,49.81,50.23,49.81,50.2,2189,ZL.c.0,2013-03-31
35,1,314182,50.2,50.5,49.32,50.09,44154,ZL.c.0,2013-04-01
35,1,314182,50.1,50.28,49.45,49.59,52827,ZL.c.0,2013-04-02
35,1,314182,49.59,49.82,49.09,49.09,39836,ZL.c.0,2013-04-03
35,1,314182,49.09,49.25,48.25,48.53,55073,ZL.c.0,2013-04-04
35,1,314182,48.53,48.89,48.3,48.87,50720,ZL.c.0,2013-04-05
35,1,314182,48.83,49.65,48.69,49.52,55263,ZL.c.0,2013-04-08
35,1,314182,49.52,50.05,49.37,50.03,52138,ZL.c.0,2013-04-09
35,1,314182,49.98,50.23,49.61,50.06,60232,ZL.c.0,2013-04-10
35,1,314182,50.03,50.15,49.67,49.7,42291,ZL.c.0,2013-04-11
35,1,314182,49.75,50.0,49.0,49.3,46504,ZL.c.0,2013-04-12
35,1,314182,49.15,49.34,48.09,48.15,46143,ZL.c.0,2013-04-15
35,1,314182,48.21,49.12,48.0,49.01,52036,ZL.c.0,2013-04-16
35,1,314182,49.01,49.71,48.56,49.37,37678,ZL.c.0,2013-04-17
35,1,314182,49.3,50.08,49.1,49.68,33662,ZL.c.0,2013-04-18
35,1,314182,49.66,49.89,48.96,49.18,15277,ZL.c.0,2013-04-19
35,1,314182,49.0,49.08,48.37,48.62,15224,ZL.c.0,2013-04-22
35,1,314182,48.71,48.81,48.2,48.59,22674,ZL.c.0,2013-04-23
35,1,314182,48.64,49.21,48.42,49.16,30062,ZL.c.0,2013-04-24
35,1,314182,49.19,49.8,49.13,49.75,13189,ZL.c.0,2013-04-25
35,1,314182,49.78,50.37,49.38,49.72,12747,ZL.c.0,2013-04-26
35,1,314182,49.66,50.0,49.07,49.47,13705,ZL.c.0,2013-04-29
35,1,314182,49.46,49.67,48.9,49.13,3465,ZL.c.0,2013-04-30
35,1,314182,49.1,49.1,48.18,48.68,3296,ZL.c.0,2013-05-01
35,1,314182,48.64,48.84,48.26,48.42,2040,ZL.c.0,2013-05-02
35,1,314182,48.42,49.2,48.42,49.2,1378,ZL.c.0,2013-05-03
35,1,314182,48.84,49.46,48.65,48.73,665,ZL.c.0,2013-05-06
35,1,314182,48.99,49.02,48.62,48.97,174,ZL.c.0,2013-05-07
35,1,314182,49.15,49.36,48.66,48.7,305,ZL.c.0,2013-05-08
35,1,314182,48.66,49.3,48.66,49.0,100,ZL.c.0,2013-05-09
35,1,314182,49.12,49.28,48.62,49.25,94,ZL.c.0,2013-05-10
35,1,314182,49.28,49.88,49.02,49.52,270,ZL.c.0,2013-05-13
35,1,314182,49.51,49.57,49.27,49.27,142,ZL.c.0,2013-05-14
35,1,534314,49.74,50.0,49.15,49.39,61801,ZL.c.0,2013-05-15
35,1,534314,49.35,49.8,49.17,49.53,36834,ZL.c.0,2013-05-16
35,1,534314,49.55,49.9,49.31,49.56,36375,ZL.c.0,2013-05-17
35,1,534314,49.41,49.76,48.86,49.19,40001,ZL.c.0,2013-05-20
35,1,534314,49.1,49.7,48.95,49.53,44430,ZL.c.0,2013-05-21
35,1,534314,49.48,49.74,49.39,49.63,33855,ZL.c.0,2013-05-22
35,1,534314,49.59,50.61,49.26,49.72,65962,ZL.c.0,2013-05-23
35,1,534314,49.66,49.91,49.17,49.3,39064,ZL.c.0,2013-05-24
35,1,534314,49.25,49.95,49.25,49.62,46822,ZL.c.0,2013-05-28
35,1,534314,49.54,49.89,48.56,48.63,63667,ZL.c.0,2013-05-29
35,1,534314,48.74,48.78,48.24,48.58,43497,ZL.c.0,2013-05-30
35,1,534314,48.6,48.88,48.28,48.49,37568,ZL.c.0,2013-05-31
35,1,534314,48.3,48.72,48.25,48.55,36093,ZL.c.0,2013-06-03
35,1,534314,48.61,48.68,48.16,48.63,32461,ZL.c.0,2013-06-04
35,1,534314,48.63,48.8,48.25,48.28,41966,ZL.c.0,2013-06-05
35,1,534314,48.3,48.49,47.7,48.17,43965,ZL.c.0,2013-06-06
35,1,534314,48.07,48.69,47.95,48.56,53826,ZL.c.0,2013-06-07
35,1,534314,48.45,48.58,47.96,48.18,47721,ZL.c.0,2013-06-10
35,1,534314,48.13,48.34,47.96,48.04,50563,ZL.c.0,2013-06-11
35,1,534314,48.13,48.3,48.02,48.17,48800,ZL.c.0,2013-06-12
35,1,534314,48.11,48.3,47.7,47.85,45195,ZL.c.0,2013-06-13
35,1,534314,47.93,48.5,47.8,48.48,39112,ZL.c.0,2013-06-14
35,1,534314,48.33,48.94,48.1,48.84,38388,ZL.c.0,2013-06-17
35,1,534314,48.84,49.0,48.71,48.74,37897,ZL.c.0,2013-06-18
35,1,534314,48.81,49.59,48.67,49.38,47253,ZL.c.0,2013-06-19
35,1,534314,49.35,49.39,48.35,48.44,35243,ZL.c.0,2013-06-20
35,1,534314,48.47,48.51,47.99,48.0,26451,ZL.c.0,2013-06-21
35,1,534314,47.82,48.05,47.28,47.57,34338,ZL.c.0,2013-06-24
35,1,534314,47.59,47.87,47.06,47.1,31414,ZL.c.0,2013-06-25
35,1,534314,47.24,47.28,46.58,46.66,23779,ZL.c.0,2013-06-26
35,1,534314,46.69,46.92,46.27,46.41,23460,ZL.c.0,2013-06-27
35,1,534314,46.41,46.78,45.8,46.53,7239,ZL.c.0,2013-06-28
35,1,534314,46.42,46.91,46.23,46.9,4295,ZL.c.0,2013-07-01
35,1,534314,46.96,47.04,46.59,46.95,1890,ZL.c.0,2013-07-02
35,1,534314,46.9,47.33,46.82,47.2,2112,ZL.c.0,2013-07-03
35,1,534314,47.25,47.62,46.85,47.23,1292,ZL.c.0,2013-07-05
35,1,534314,47.22,47.37,46.95,47.02,1683,ZL.c.0,2013-07-08
35,1,534314,46.98,47.32,46.7,47.17,1444,ZL.c.0,2013-07-09
35,1,534314,47.13,47.17,46.78,46.99,809,ZL.c.0,2013-07-10
35,1,534314,47.01,47.23,46.56,46.64,670,ZL.c.0,2013-07-11
35,1,534314,46.09,46.2,46.03,46.1,192,ZL.c.0,2013-07-12
35,1,218567,46.03,46.36,45.79,45.81,17549,ZL.c.0,2013-07-15
35,1,218567,45.9,46.24,45.67,45.74,21106,ZL.c.0,2013-07-16
35,1,218567,45.75,46.11,45.51,45.74,23826,ZL.c.0,2013-07-17
35,1,218567,45.79,45.92,45.33,45.59,22741,ZL.c.0,2013-07-18
35,1,218567,45.56,45.69,45.4,45.5,14333,ZL.c.0,2013-07-19
35,1,218567,45.51,45.85,45.31,45.43,12851,ZL.c.0,2013-07-22
35,1,218567,45.41,45.61,44.72,44.79,18570,ZL.c.0,2013-07-23
35,1,218567,44.83,45.1,44.0,44.27,18020,ZL.c.0,2013-07-24
35,1,218567,44.26,44.45,43.63,43.75,17652,ZL.c.0,2013-07-25
35,1,218567,43.81,43.98,43.34,43.64,13977,ZL.c.0,2013-07-26
35,1,218567,43.6,43.68,42.41,42.43,20300,ZL.c.0,2013-07-29
35,1,218567,42.61,42.8,42.06,42.13,17976,ZL.c.0,2013-07-30
35,1,218567,42.12,42.62,42.03,42.09,7498,ZL.c.0,2013-07-31
35,1,218567,42.09,42.71,42.08,42.46,7956,ZL.c.0,2013-08-01
35,1,218567,42.51,42.82,42.11,42.38,4328,ZL.c.0,2013-08-02
35,1,218567,42.26,42.79,42.07,42.72,3102,ZL.c.0,2013-08-05
35,1,218567,42.57,42.57,41.97,42.11,1327,ZL.c.0,2013-08-06
35,1,218567,42.09,42.16,41.63,41.63,463,ZL.c.0,2013-08-07
35,1,218567,41.7,41.96,41.63,41.66,638,ZL.c.0,2013-08-08
35,1,218567,41.77,41.85,41.4,41.4,543,ZL.c.0,2013-08-09
35,1,218567,41.73,42.31,41.66,42.31,373,ZL.c.0,2013-08-12
35,1,218567,42.76,42.76,42.54,42.54,509,ZL.c.0,2013-08-13
35,1,218567,42.36,42.36,42.15,42.35,201,ZL.c.0,2013-08-14
35,1,82361,42.35,43.18,42.28,43.1,14193,ZL.c.0,2013-08-15
35,1,82361,43.15,43.56,42.74,42.77,10154,ZL.c.0,2013-08-16
35,1,82361,43.3,43.65,43.03,43.5,10679,ZL.c.0,2013-08-19
35,1,82361,43.45,43.48,42.7,42.82,11800,ZL.c.0,2013-08-20
35,1,82361,42.85,43.35,42.74,42.77,15477,ZL.c.0,2013-08-21
35,1,82361,42.83,43.07,42.35,42.38,12833,ZL.c.0,2013-08-22
35,1,82361,42.45,43.0,42.42,42.67,14551,ZL.c.0,2013-08-23
35,1,82361,42.89,44.88,42.89,44.43,20412,ZL.c.0,2013-08-26
35,1,82361,44.48,44.72,44.0,44.0,18511,ZL.c.0,2013-08-27
35,1,82361,44.1,44.45,43.92,44.35,17396,ZL.c.0,2013-08-28
35,1,82361,44.34,44.4,43.38,43.73,14763,ZL.c.0,2013-08-29
35,1,82361,44.0,44.0,43.31,43.86,6393,ZL.c.0,2013-08-30
35,1,82361,44.29,44.63,43.48,43.8,3490,ZL.c.0,2013-09-03
35,1,82361,43.63,43.79,43.31,43.61,1150,ZL.c.0,2013-09-04
35,1,82361,43.63,43.63,43.07,43.19,1414,ZL.c.0,2013-09-05
35,1,82361,43.47,43.88,43.36,43.37,775,ZL.c.0,2013-09-06
35,1,82361,43.4,43.59,42.83,43.02,361,ZL.c.0,2013-09-09
35,1,82361,43.01,43.02,42.5,42.76,176,ZL.c.0,2013-09-10
35,1,82361,42.75,43.02,42.71,42.94,142,ZL.c.0,2013-09-11
35,1,82361,42.7,42.7,42.61,42.67,302,ZL.c.0,2013-09-12
35,1,82361,42.83,42.83,42.14,42.23,117,ZL.c.0,2013-09-13
35,1,45741,42.1,42.45,41.89,42.11,11609,ZL.c.0,2013-09-16
35,1,45741,42.15,42.44,41.83,41.96,8682,ZL.c.0,2013-09-17
35,1,45741,42.01,42.55,41.82,42.55,7230,ZL.c.0,2013-09-18
35,1,45741,42.68,42.84,42.17,42.74,10838,ZL.c.0,2013-09-19
35,1,45741,42.89,42.89,42.0,42.19,7756,ZL.c.0,2013-09-20
35,1,45741,42.14,42.14,41.73,41.96,11287,ZL.c.0,2013-09-23
35,1,45741,42.04,42.24,41.79,41.81,10271,ZL.c.0,2013-09-24
35,1,45741,41.85,42.13,41.66,41.81,15717,ZL.c.0,2013-09-25
35,1,45741,41.79,41.9,41.47,41.79,14171,ZL.c.0,2013-09-26
35,1,45741,41.74,42.05,41.46,41.54,18040,ZL.c.0,2013-09-27
35,1,45741,41.44,41.53,40.76,40.81,7929,ZL.c.0,2013-09-30
35,1,45741,40.86,40.87,39.95,39.95,2057,ZL.c.0,2013-10-01
35,1,45741,40.01,40.08,39.06,39.11,1186,ZL.c.0,2013-10-02
35,1,45741,39.11,40.05,39.11,39.99,4645,ZL.c.0,2013-10-03
35,1,45741,39.93,40.17,39.68,39.97,2483,ZL.c.0,2013-10-04
35,1,45741,39.92,39.92,39.6,39.64,531,ZL.c.0,2013-10-07
35,1,45741,39.92,40.32,39.92,40.21,322,ZL.c.0,2013-10-08
35,1,45741,40.19,40.64,40.19,40.56,232,ZL.c.0,2013-10-09
35,1,45741,40.9,41.15,40.78,41.02,50,ZL.c.0,2013-10-10
35,1,45741,40.63,40.63,40.26,40.26,78,ZL.c.0,2013-10-11
35,1,45741,40.17,40.22,40.09,40.16,73,ZL.c.0,2013-10-14
35,1,667788,40.37,40.97,40.37,40.61,39748,ZL.c.0,2013-10-15
35,1,667788,40.62,41.74,40.61,41.35,44452,ZL.c.0,2013-10-16
35,1,667788,41.32,41.84,41.03,41.1,44404,ZL.c.0,2013-10-17
35,1,667788,41.04,41.75,41.04,41.69,44461,ZL.c.0,2013-10-18
35,1,667788,41.71,42.09,41.6,41.66,30945,ZL.c.0,2013-10-21
35,1,667788,41.66,41.8,41.2,41.64,36674,ZL.c.0,2013-10-22
35,1,667788,41.56,41.75,41.25,41.42,33613,ZL.c.0,2013-10-23
35,1,667788,41.48,41.61,41.1,41.12,31910,ZL.c.0,2013-10-24
35,1,667788,41.17,41.38,40.65,40.69,29239,ZL.c.0,2013-10-25
35,1,667788,40.73,41.21,40.31,40.35,38248,ZL.c.0,2013-10-28
35,1,667788,40.44,41.1,40.33,41.02,36952,ZL.c.0,2013-10-29
35,1,667788,41.01,41.95,40.88,41.53,51155,ZL.c.0,2013-10-30
35,1,667788,41.54,42.12,41.3,41.32,44837,ZL.c.0,2013-10-31
35,1,667788,41.38,42.0,41.35,41.63,37345,ZL.c.0,2013-11-01
35,1,667788,41.57,41.95,41.01,41.34,35888,ZL.c.0,2013-11-04
35,1,667788,41.29,41.57,41.07,41.21,32189,ZL.c.0,2013-11-05
35,1,667788,41.17,41.42,41.08,41.17,32302,ZL.c.0,2013-11-06
35,1,667788,41.15,41.2,40.28,40.8,68388,ZL.c.0,2013-11-07
35,1,667788,40.74,40.79,40.07,40.13,61433,ZL.c.0,2013-11-08
35,1,667788,40.25,40.55,40.13,40.48,35245,ZL.c.0,2013-11-11
35,1,667788,40.44,41.27,40.18,40.76,52524,ZL.c.0,2013-11-12
35,1,667788,40.8,41.09,40.63,40.96,40805,ZL.c.0,2013-11-13
35,1,667788,41.03,41.47,40.86,40.97,36500,ZL.c.0,2013-11-14
35,1,667788,41.01,41.32,40.45,40.49,45727,ZL.c.0,2013-11-15
35,1,667788,40.53,40.75,39.95,40.12,38799,ZL.c.0,2013-11-18
35,1,667788,40.21,40.31,39.81,40.0,33522,ZL.c.0,2013-11-19
35,1,667788,40.08,40.42,40.0,40.35,30663,ZL.c.0,2013-11-20
35,1,667788,40.33,41.81,40.27,41.54,61166,ZL.c.0,2013-11-21
35,1,667788,41.49,41.62,41.04,41.08,38098,ZL.c.0,2013-11-22
35,1,667788,41.25,41.29,40.51,40.62,32590,ZL.c.0,2013-11-25
35,1,667788,40.66,40.79,40.24,40.36,31198,ZL.c.0,2013-11-26
35,1,667788,40.34,40.66,39.96,39.96,25029,ZL.c.0,2013-11-27
35,1,667788,40.38,40.43,40.05,40.28,4737,ZL.c.0,2013-11-29
35,1,667788,40.33,40.79,40.07,40.3,6585,ZL.c.0,2013-12-02
35,1,667788,40.34,40.39,39.76,39.94,4429,ZL.c.0,2013-12-03
35,1,667788,39.95,40.23,39.86,40.14,2068,ZL.c.0,2013-12-04
35,1,667788,40.17,40.48,39.94,40.33,901,ZL.c.0,2013-12-05
35,1,667788,40.34,40.6,40.34,40.35,450,ZL.c.0,2013-12-06
35,1,667788,40.45,40.45,40.02,40.02,536,ZL.c.0,2013-12-09
35,1,667788,40.06,40.26,39.8,39.95,110,ZL.c.0,2013-12-10
35,1,667788,39.95,40.24,39.95,40.23,145,ZL.c.0,2013-12-11
35,1,667788,40.21,40.31,39.76,39.76,176,ZL.c.0,2013-12-12
35,1,667788,39.45,39.5,39.27,39.47,118,ZL.c.0,2013-12-13
35,1,747785,39.97,40.22,39.45,39.68,53974,ZL.c.0,2013-12-16
35,1,747785,39.76,39.9,39.28,39.31,47556,ZL.c.0,2013-12-17
35,1,747785,39.31,39.46,38.96,39.07,38946,ZL.c.0,2013-12-18
35,1,747785,39.2,39.49,38.94,39.38,30416,ZL.c.0,2013-12-19
35,1,747785,39.33,39.69,39.15,39.43,19568,ZL.c.0,2013-12-20
35,1,747785,39.6,39.61,39.23,39.36,20685,ZL.c.0,2013-12-23
35,1,747785,39.29,39.4,39.0,39.15,7115,ZL.c.0,2013-12-24
35,1,747785,39.1,39.24,38.82,38.88,8329,ZL.c.0,2013-12-26
35,1,747785,38.85,39.16,38.75,39.04,19718,ZL.c.0,2013-12-27
35,1,747785,38.93,39.09,38.54,38.56,14477,ZL.c.0,2013-12-30
35,1,747785,38.75,38.96,38.55,38.81,6205,ZL.c.0,2013-12-31
35,1,747785,38.8,38.88,38.33,38.56,2803,ZL.c.0,2014-01-02
35,1,747785,38.61,38.82,38.28,38.32,1339,ZL.c.0,2014-01-03
35,1,747785,38.38,38.38,37.82,37.85,1125,ZL.c.0,2014-01-06
35,1,747785,37.82,37.94,37.45,37.73,631,ZL.c.0,2014-01-07
35,1,747785,37.66,37.66,37.24,37.43,237,ZL.c.0,2014-01-08
35,1,747785,37.61,37.67,37.34,37.67,794,ZL.c.0,2014-01-09
35,1,747785,37.76,37.93,37.45,37.88,652,ZL.c.0,2014-01-10
35,1,747785,37.74,37.74,37.44,37.53,54,ZL.c.0,2014-01-13
35,1,747785,37.62,37.65,37.43,37.43,155,ZL.c.0,2014-01-14
35,1,555413,37.75,38.08,37.65,37.98,39289,ZL.c.0,2014-01-15
35,1,555413,37.99,38.09,37.62,38.08,38020,ZL.c.0,2014-01-16
35,1,555413,38.02,38.04,37.55,37.71,35043,ZL.c.0,2014-01-17
35,1,555413,37.94,38.45,37.93,38.07,62229,ZL.c.0,2014-01-21
35,1,555413,38.05,38.3,37.79,37.89,32768,ZL.c.0,2014-01-22
35,1,555413,37.84,38.25,37.77,37.82,38555,ZL.c.0,2014-01-23
35,1,555413,37.85,37.98,37.09,37.5,60972,ZL.c.0,2014-01-24
35,1,555413,37.6,37.69,37.0,37.04,38801,ZL.c.0,2014-01-27
35,1,555413,37.16,37.66,36.91,37.38,43143,ZL.c.0,2014-01-28
35,1,555413,37.45,37.5,37.08,37.08,33447,ZL.c.0,2014-01-29
35,1,555413,37.11,37.29,36.98,37.1,43268,ZL.c.0,2014-01-30
35,1,555413,37.03,37.75,36.8,37.71,50490,ZL.c.0,2014-01-31
35,1,555413,37.54,37.66,37.2,37.42,42628,ZL.c.0,2014-02-03
35,1,555413,37.43,37.92,37.25,37.69,49843,ZL.c.0,2014-02-04
35,1,555413,37.55,38.4,37.5,38.19,66489,ZL.c.0,2014-02-05
35,1,555413,38.2,39.03,38.15,38.62,63711,ZL.c.0,2014-02-06
35,1,555413,38.6,38.95,38.46,38.5,66324,ZL.c.0,2014-02-07
35,1,555413,38.64,39.24,38.61,38.77,70335,ZL.c.0,2014-02-10
35,1,555413,38.72,38.91,38.47,38.89,52652,ZL.c.0,2014-02-11
35,1,555413,38.85,39.4,38.68,38.99,57064,ZL.c.0,2014-02-12
35,1,555413,38.99,39.62,38.93,39.5,79016,ZL.c.0,2014-02-13
35,1,555413,39.5,39.83,39.1,39.15,46828,ZL.c.0,2014-02-14
35,1,555413,39.35,40.43,39.22,40.32,58567,ZL.c.0,2014-02-18
35,1,555413,40.27,40.46,40.03,40.22,50521,ZL.c.0,2014-02-19
35,1,555413,40.28,40.88,40.09,40.56,42068,ZL.c.0,2014-02-20
35,1,555413,40.62,41.08,40.36,40.86,27401,ZL.c.0,2014-02-21
35,1,555413,40.9,41.12,40.72,40.72,30896,ZL.c.0,2014-02-24
35,1,555413,40.8,40.84,40.44,40.53,22707,ZL.c.0,2014-02-25
35,1,555413,40.58,41.39,40.36,41.14,19352,ZL.c.0,2014-02-26
35,1,555413,41.16,41.7,40.83,40.86,19743,ZL.c.0,2014-02-27
35,1,555413,40.84,41.58,40.48,41.56,8110,ZL.c.0,2014-02-28
35,1,555413,41.61,42.47,41.61,42.18,4189,ZL.c.0,2014-03-03
35,1,555413,42.15,43.52,41.86,43.4,1284,ZL.c.0,2014-03-04
35,1,555413,43.32,43.65,42.98,43.14,1383,ZL.c.0,2014-03-05
35,1,555413,43.22,44.37,43.21,44.25,548,ZL.c.0,2014-03-06
35,1,555413,44.07,44.7,43.62,44.09,620,ZL.c.0,2014-03-07
35,1,555413,43.75,44.23,43.62,43.62,437,ZL.c.0,2014-03-10
35,1,555413,43.58,43.97,43.57,43.62,41,ZL.c.0,2014-03-11
35,1,555413,43.35,43.35,42.88,43.21,424,ZL.c.0,2014-03-12
35,1,555413,43.22,43.35,42.72,42.93,77,ZL.c.0,2014-03-13
35,1,555413,42.46,42.65,42.02,42.02,122,ZL.c.0,2014-03-14
35,1,871540,42.3,42.5,41.82,41.82,32421,ZL.c.0,2014-03-17
35,1,871540,41.9,42.4,41.55,42.28,39339,ZL.c.0,2014-03-18
35,1,871540,42.28,42.7,41.99,42.17,30590,ZL.c.0,2014-03-19
35,1,871540,42.0,42.14,40.74,41.34,62966,ZL.c.0,2014-03-20
35,1,871540,41.37,41.39,40.72,41.01,34799,ZL.c.0,2014-03-21
35,1,871540,40.96,41.31,40.79,40.8,24821,ZL.c.0,2014-03-24
35,1,871540,40.84,41.22,40.64,40.7,28839,ZL.c.0,2014-03-25
35,1,871540,40.71,41.05,40.57,40.81,35439,ZL.c.0,2014-03-26
35,1,871540,40.75,41.1,40.4,40.44,40661,ZL.c.0,2014-03-27
35,1,871540,40.48,40.9,40.43,40.45,30312,ZL.c.0,2014-03-28
35,1,871540,40.46,40.79,39.85,40.32,47368,ZL.c.0,2014-03-31
35,1,871540,40.42,41.59,40.37,41.4,58227,ZL.c.0,2014-04-01
35,1,871540,41.4,42.35,40.81,40.81,59953,ZL.c.0,2014-04-02
35,1,871540,40.83,41.72,40.82,41.67,45261,ZL.c.0,2014-04-03
35,1,871540,41.68,42.15,41.41,41.55,36173,ZL.c.0,2014-04-04
35,1,871540,41.5,41.8,41.14,41.33,44408,ZL.c.0,2014-04-07
35,1,871540,41.45,42.23,41.11,42.08,44500,ZL.c.0,2014-04-08
35,1,871540,42.08,42.96,41.84,42.92,58760,ZL.c.0,2014-04-09
35,1,871540,42.89,42.89,42.06,42.46,54704,ZL.c.0,2014-04-10
35,1,871540,42.46,42.46,41.87,42.09,39134,ZL.c.0,2014-04-11
35,1,871540,42.25,42.34,42.04,42.26,29854,ZL.c.0,2014-04-14
35,1,871540,42.28,43.07,42.1,42.76,37209,ZL.c.0,2014-04-15
35,1,871540,42.79,43.74,42.54,43.73,37734,ZL.c.0,2014-04-16
35,1,871540,43.68,43.7,43.2,43.41,36183,ZL.c.0,2014-04-17
35,1,871540,43.41,43.66,42.65,43.06,23689,ZL.c.0,2014-04-21
35,1,871540,43.04,43.32,42.66,42.78,24307,ZL.c.0,2014-04-22
35,1,871540,42.75,42.94,42.34,42.44,17940,ZL.c.0,2014-04-23
35,1,871540,42.44,42.63,42.18,42.61,16027,ZL.c.0,2014-04-24
35,1,871540,42.59,43.01,42.5,42.97,20856,ZL.c.0,2014-04-25
35,1,871540,42.96,43.41,42.55,42.59,18534,ZL.c.0,2014-04-28
35,1,871540,42.57,42.9,42.46,42.74,11519,ZL.c.0,2014-04-29
35,1,871540,42.73,42.8,41.69,41.97,9858,ZL.c.0,2014-04-30
35,1,871540,41.91,41.92,40.87,40.95,2227,ZL.c.0,2014-05-01
35,1,871540,40.92,41.44,40.69,41.31,1652,ZL.c.0,2014-05-02
35,1,871540,41.69,41.69,40.91,40.97,1167,ZL.c.0,2014-05-05
35,1,871540,40.91,41.18,40.88,40.88,352,ZL.c.0,2014-05-06
35,1,871540,40.91,41.17,40.55,40.68,538,ZL.c.0,2014-05-07
35,1,871540,40.7,41.0,40.7,40.94,206,ZL.c.0,2014-05-08
35,1,871540,41.18,41.18,40.9,41.03,32,ZL.c.0,2014-05-09
35,1,871540,41.06,41.48,40.89,40.92,148,ZL.c.0,2014-05-12
35,1,871540,41.26,41.27,41.01,41.03,116,ZL.c.0,2014-05-13
35,1,871540,41.39,41.39,41.14,41.15,90,ZL.c.0,2014-05-14
35,1,616793,41.38,41.58,40.88,41.07,37828,ZL.c.0,2014-05-15
35,1,616793,41.05,41.29,40.65,40.71,37013,ZL.c.0,2014-05-16
35,1,616793,40.75,40.79,40.31,40.46,36373,ZL.c.0,2014-05-19
35,1,616793,40.42,40.62,39.93,40.01,42259,ZL.c.0,2014-05-20
35,1,616793,40.07,40.5,39.89,40.47,45179,ZL.c.0,2014-05-21
35,1,616793,40.46,41.39,40.36,40.77,46665,ZL.c.0,2014-05-22
35,1,616793,40.9,41.15,40.15,40.3,26420,ZL.c.0,2014-05-23
35,1,616793,40.38,40.45,39.89,39.95,34847,ZL.c.0,2014-05-27
35,1,616793,40.0,40.33,39.5,39.69,34668,ZL.c.0,2014-05-28
35,1,616793,39.66,39.96,39.28,39.43,32603,ZL.c.0,2014-05-29
35,1,616793,39.48,39.55,38.36,38.45,44785,ZL.c.0,2014-05-30
35,1,616793,38.59,38.82,38.14,38.28,49469,ZL.c.0,2014-06-02
35,1,616793,38.37,38.45,37.76,38.39,43267,ZL.c.0,2014-06-03
35,1,616793,38.35,39.33,38.19,39.27,51345,ZL.c.0,2014-06-04
35,1,616793,39.24,39.26,38.53,38.64,44052,ZL.c.0,2014-06-05
35,1,616793,38.75,39.45,38.66,38.9,36112,ZL.c.0,2014-06-06
35,1,616793,39.01,39.5,38.99,39.2,44081,ZL.c.0,2014-06-09
35,1,616793,39.28,39.34,38.8,38.95,46481,ZL.c.0,2014-06-10
35,1,616793,38.48,38.93,38.48,38.53,61752,ZL.c.0,2014-06-12
35,1,616793,38.6,39.8,38.59,39.75,49588,ZL.c.0,2014-06-13
35,1,616793,39.76,39.8,39.35,39.52,29735,ZL.c.0,2014-06-16
35,1,616793,39.53,39.74,39.05,39.65,37293,ZL.c.0,2014-06-17
35,1,616793,39.7,40.29,39.45,40.06,40525,ZL.c.0,2014-06-18
35,1,616793,40.15,40.7,39.9,40.55,41832,ZL.c.0,2014-06-19
35,1,616793,40.59,40.68,40.02,40.06,29587,ZL.c.0,2014-06-20
35,1,616793,40.21,41.0,40.18,40.7,27379,ZL.c.0,2014-06-23
35,1,616793,40.66,41.01,40.37,40.86,27531,ZL.c.0,2014-06-24
35,1,616793,40.97,41.15,40.52,40.66,16788,ZL.c.0,2014-06-25
35,1,616793,40.66,40.89,40.46,40.57,21193,ZL.c.0,2014-06-26
35,1,616793,40.5,40.62,39.96,40.06,12420,ZL.c.0,2014-06-27
35,1,616793,40.09,40.13,38.81,38.84,7351,ZL.c.0,2014-06-30
35,1,616793,38.87,39.05,38.45,38.91,4883,ZL.c.0,2014-07-01
35,1,616793,38.86,38.96,38.42,38.42,3432,ZL.c.0,2014-07-02
35,1,616793,38.47,38.66,38.32,38.61,1285,ZL.c.0,2014-07-03
35,1,616793,38.5,38.52,38.09,38.36,2081,ZL.c.0,2014-07-07
35,1,616793,38.41,38.41,37.76,37.82,1538,ZL.c.0,2014-07-08
35,1,616793,37.81,37.86,36.92,37.01,997,ZL.c.0,2014-07-09
35,1,616793,37.08,37.38,37.08,37.36,158,ZL.c.0,2014-07-10
35,1,616793,37.37,37.37,36.77,36.87,654,ZL.c.0,2014-07-11
35,1,616793,36.63,36.76,36.61,36.75,455,ZL.c.0,2014-07-14
35,1,679161,36.87,36.93,36.3,36.92,24219,ZL.c.0,2014-07-15
35,1,679161,36.9,37.18,36.75,36.84,18301,ZL.c.0,2014-07-16
35,1,679161,36.83,36.98,36.27,36.27,23510,ZL.c.0,2014-07-17
35,1,679161,36.35,36.9,36.2,36.63,12353,ZL.c.0,2014-07-18
35,1,679161,36.49,36.5,36.12,36.13,15896,ZL.c.0,2014-07-21
35,1,679161,36.16,36.44,35.91,35.93,16048,ZL.c.0,2014-07-22
35,1,679161,35.93,36.26,35.78,36.22,16180,ZL.c.0,2014-07-23
35,1,679161,36.2,36.64,36.15,36.26,17463,ZL.c.0,2014-07-24
35,1,679161,36.26,36.32,35.82,36.07,17605,ZL.c.0,2014-07-25
35,1,679161,36.16,36.64,36.09,36.54,23924,ZL.c.0,2014-07-28
35,1,679161,36.66,37.11,36.1,36.28,17465,ZL.c.0,2014-07-29
35,1,679161,36.24,36.39,35.72,36.12,16540,ZL.c.0,2014-07-30
35,1,679161,36.1,36.4,35.75,36.15,6059,ZL.c.0,2014-07-31
35,1,679161,36.08,36.14,35.42,35.42,4208,ZL.c.0,2014-08-01
35,1,679161,35.49,36.05,35.37,36.01,2383,ZL.c.0,2014-08-04
35,1,679161,35.92,35.95,35.33,35.43,1407,ZL.c.0,2014-08-05
35,1,679161,35.53,35.89,35.38,35.77,1209,ZL.c.0,2014-08-06
35,1,679161,35.68,35.76,35.45,35.61,377,ZL.c.0,2014-08-07
35,1,679161,35.6,35.6,35.17,35.36,444,ZL.c.0,2014-08-08
35,1,679161,35.36,35.49,34.86,34.89,624,ZL.c.0,2014-08-11
35,1,679161,34.86,34.87,34.41,34.62,93,ZL.c.0,2014-08-12
35,1,679161,34.58,34.58,33.98,33.98,36,ZL.c.0,2014-08-13
35,1,679161,33.85,33.85,33.36,33.56,112,ZL.c.0,2014-08-14
35,1,617293,33.5,33.68,32.82,32.82,11466,ZL.c.0,2014-08-15
35,1,617293,32.88,33.17,32.76,32.91,9766,ZL.c.0,2014-08-18
35,1,617293,32.82,33.07,32.51,32.6,7437,ZL.c.0,2014-08-19
35,1,617293,32.65,33.13,32.41,32.88,11799,ZL.c.0,2014-08-20
35,1,617293,32.86,33.33,32.7,32.8,15422,ZL.c.0,2014-08-21
35,1,617293,32.85,33.06,32.32,32.45,20595,ZL.c.0,2014-08-22
35,1,617293,32.46,32.89,32.25,32.73,14763,ZL.c.0,2014-08-25
35,1,617293,32.7,33.07,32.41,33.06,17937,ZL.c.0,2014-08-26
35,1,617293,33.01,33.35,32.62,32.73,17521,ZL.c.0,2014-08-27
35,1,617293,32.7,32.87,32.46,32.71,8737,ZL.c.0,2014-08-28
35,1,617293,32.69,32.82,31.86,32.07,4067,ZL.c.0,2014-08-29
35,1,617293,32.04,32.5,31.95,32.11,1907,ZL.c.0,2014-09-02
35,1,617293,32.01,32.19,31.53,31.77,1283,ZL.c.0,2014-09-03
35,1,617293,31.88,32.03,31.7,31.97,774,ZL.c.0,2014-09-04
35,1,617293,32.09,32.41,31.84,32.35,631,ZL.c.0,2014-09-05
35,1,617293,32.57,32.57,31.51,31.98,307,ZL.c.0,2014-09-08
35,1,617293,32.0,32.0,31.55,31.63,231,ZL.c.0,2014-09-09
35,1,617293,31.63,31.75,31.42,31.56,148,ZL.c.0,2014-09-10
35,1,617293,31.55,31.73,31.34,31.44,83,ZL.c.0,2014-09-11
35,1,452519,32.3,33.48,32.25,33.24,18756,ZL.c.0,2014-09-15
35,1,452519,33.27,33.63,32.67,32.89,10909,ZL.c.0,2014-09-16
35,1,452519,32.89,33.45,32.86,33.43,9759,ZL.c.0,2014-09-17
35,1,452519,33.5,33.58,32.66,32.77,8470,ZL.c.0,2014-09-18
35,1,452519,32.78,32.9,32.4,32.44,9312,ZL.c.0,2014-09-19
35,1,452519,32.45,32.46,31.74,31.95,11129,ZL.c.0,2014-09-22
35,1,452519,32.35,32.53,32.03,32.21,11805,ZL.c.0,2014-09-23
35,1,452519,32.23,32.84,32.19,32.67,7627,ZL.c.0,2014-09-24
35,1,452519,32.88,33.05,32.43,32.65,17766,ZL.c.0,2014-09-25
35,1,452519,32.64,32.8,31.83,31.94,17192,ZL.c.0,2014-09-26
35,1,452519,31.98,32.84,31.67,32.8,14518,ZL.c.0,2014-09-29
35,1,452519,32.85,32.85,32.15,32.2,3677,ZL.c.0,2014-09-30
35,1,452519,32.37,32.96,32.2,32.64,2156,ZL.c.0,2014-10-01
35,1,452519,32.87,32.87,32.26,32.72,1323,ZL.c.0,2014-10-02
35,1,452519,32.57,33.46,32.57,33.4,872,ZL.c.0,2014-10-06
35,1,452519,33.26,33.41,32.9,32.91,736,ZL.c.0,2014-10-07
35,1,452519,32.94,32.96,32.73,32.89,437,ZL.c.0,2014-10-08
35,1,452519,32.94,33.03,32.83,32.89,975,ZL.c.0,2014-10-09
35,1,452519,32.88,32.88,32.06,32.33,550,ZL.c.0,2014-10-10
35,1,452519,32.32,33.04,32.13,32.91,942,ZL.c.0,2014-10-13
35,1,452519,32.86,33.13,32.38,32.42,122,ZL.c.0,2014-10-14
35,1,851858,32.82,32.87,31.9,31.99,66624,ZL.c.0,2014-10-15
35,1,851858,32.07,32.49,31.78,32.33,49814,ZL.c.0,2014-10-16
35,1,851858,32.41,32.55,31.99,32.02,34379,ZL.c.0,2014-10-17
35,1,851858,32.08,32.09,31.61,31.76,32977,ZL.c.0,2014-10-20
35,1,851858,31.7,31.93,31.6,31.82,33849,ZL.c.0,2014-10-21
35,1,851858,31.81,32.44,31.69,32.14,53979,ZL.c.0,2014-10-22
35,1,851858,32.13,32.81,31.94,32.67,55101,ZL.c.0,2014-10-23
35,1,851858,32.61,32.79,32.08,32.46,43078,ZL.c.0,2014-10-24
35,1,851858,32.3,32.46,31.95,32.22,39237,ZL.c.0,2014-10-27
35,1,851858,32.23,32.94,32.16,32.86,54111,ZL.c.0,2014-10-28
35,1,851858,32.84,34.28,32.72,34.26,80964,ZL.c.0,2014-10-29
35,1,851858,34.26,34.59,33.8,34.37,57786,ZL.c.0,2014-10-30
35,1,851858,34.3,34.95,34.01,34.71,59745,ZL.c.0,2014-10-31
35,1,851858,34.8,34.81,34.01,34.04,40985,ZL.c.0,2014-11-03
35,1,851858,34.07,34.07,33.05,33.08,51839,ZL.c.0,2014-11-04
35,1,851858,33.11,33.23,32.32,32.68,57901,ZL.c.0,2014-11-05
35,1,851858,32.68,32.95,32.5,32.52,52074,ZL.c.0,2014-11-06
35,1,851858,32.52,32.83,32.26,32.42,46972,ZL.c.0,2014-11-07
35,1,851858,32.43,32.93,32.05,32.4,68912,ZL.c.0,2014-11-10
35,1,851858,32.37,33.06,32.31,32.87,49262,ZL.c.0,2014-11-11
35,1,851858,32.95,33.4,32.19,32.27,71610,ZL.c.0,2014-11-12
35,1,851858,32.3,32.56,31.98,32.1,59241,ZL.c.0,2014-11-13
35,1,851858,32.1,32.37,31.9,32.2,37998,ZL.c.0,2014-11-14
35,1,851858,32.2,32.65,32.03,32.43,53630,ZL.c.0,2014-11-17
35,1,851858,32.42,32.93,32.1,32.63,36945,ZL.c.0,2014-11-18
35,1,851858,32.56,32.7,32.15,32.52,50836,ZL.c.0,2014-11-19
35,1,851858,32.51,32.74,32.33,32.67,38680,ZL.c.0,2014-11-20
35,1,851858,32.67,33.36,32.51,32.72,42280,ZL.c.0,2014-11-21
35,1,851858,32.73,33.29,32.48,33.23,37295,ZL.c.0,2014-11-24
35,1,851858,33.2,33.6,32.97,33.42,30941,ZL.c.0,2014-11-25
35,1,851858,33.42,33.67,33.24,33.53,23943,ZL.c.0,2014-11-26
35,1,851858,32.87,32.99,31.99,31.99,2661,ZL.c.0,2014-11-28
35,1,851858,32.1,32.45,31.5,32.22,3113,ZL.c.0,2014-12-01
35,1,851858,32.19,32.22,31.12,31.13,1369,ZL.c.0,2014-12-02
35,1,851858,31.19,31.96,31.17,31.96,1177,ZL.c.0,2014-12-03
35,1,851858,31.75,31.86,31.43,31.58,725,ZL.c.0,2014-12-04
35,1,851858,31.6,32.19,31.6,32.01,468,ZL.c.0,2014-12-05
35,1,851858,31.86,32.08,31.67,31.85,133,ZL.c.0,2014-12-08
35,1,851858,31.53,32.09,31.53,31.92,268,ZL.c.0,2014-12-09
35,1,851858,32.05,32.16,31.68,31.85,86,ZL.c.0,2014-12-10
35,1,851858,31.82,32.0,31.82,31.93,108,ZL.c.0,2014-12-11
35,1,851858,31.91,32.03,31.58,31.97,117,ZL.c.0,2014-12-12
35,1,530357,32.37,32.55,32.1,32.17,38687,ZL.c.0,2014-12-15
35,1,530357,32.15,32.3,31.6,31.79,45676,ZL.c.0,2014-12-16
35,1,530357,31.86,32.13,31.6,31.73,32738,ZL.c.0,2014-12-17
35,1,530357,31.72,32.17,31.66,32.0,28955,ZL.c.0,2014-12-18
35,1,530357,31.92,32.14,31.71,31.96,28086,ZL.c.0,2014-12-19
35,1,530357,31.91,32.17,31.87,32.06,23337,ZL.c.0,2014-12-22
35,1,530357,32.04,32.46,31.98,32.13,20318,ZL.c.0,2014-12-23
35,1,530357,32.19,32.36,31.81,31.95,12222,ZL.c.0,2014-12-24
35,1,530357,32.04,32.71,32.04,32.46,11627,ZL.c.0,2014-12-26
35,1,530357,32.46,33.48,32.43,32.87,16083,ZL.c.0,2014-12-29
35,1,530357,32.8,33.09,32.54,32.93,9693,ZL.c.0,2014-12-30
35,1,530357,32.91,32.95,31.95,31.96,8559,ZL.c.0,2014-12-31
35,1,530357,32.19,32.19,31.87,31.95,1079,ZL.c.0,2015-01-02
35,1,530357,31.93,32.76,31.93,32.68,1188,ZL.c.0,2015-01-05
35,1,530357,32.61,32.81,32.5,32.57,909,ZL.c.0,2015-01-06
35,1,530357,32.67,33.13,32.54,32.94,841,ZL.c.0,2015-01-07
35,1,530357,33.17,33.68,33.17,33.51,1224,ZL.c.0,2015-01-08
35,1,530357,33.69,33.71,33.4,33.54,343,ZL.c.0,2015-01-09
35,1,530357,33.57,33.57,32.48,32.48,317,ZL.c.0,2015-01-12
35,1,530357,32.71,32.72,32.33,32.35,158,ZL.c.0,2015-01-13
35,1,530357,32.55,32.62,32.48,32.58,82,ZL.c.0,2015-01-14
35,1,468484,33.0,33.46,32.65,33.04,67086,ZL.c.0,2015-01-15
35,1,468484,33.04,33.45,32.77,33.37,38836,ZL.c.0,2015-01-16
35,1,468484,33.22,33.25,32.7,32.9,53460,ZL.c.0,2015-01-20
35,1,468484,32.85,33.15,32.33,32.41,54767,ZL.c.0,2015-01-21
35,1,468484,32.39,32.58,31.89,32.01,57948,ZL.c.0,2015-01-22
35,1,468484,31.99,32.14,31.5,31.62,52091,ZL.c.0,2015-01-23
35,1,468484,31.57,31.57,31.04,31.07,46761,ZL.c.0,2015-01-26
35,1,468484,31.06,31.29,30.87,31.21,55054,ZL.c.0,2015-01-27
35,1,468484,31.02,31.15,30.05,30.34,78086,ZL.c.0,2015-01-28
35,1,468484,30.35,30.38,29.32,29.57,72128,ZL.c.0,2015-01-29
35,1,468484,29.5,30.1,29.43,30.01,49079,ZL.c.0,2015-01-30
35,1,468484,29.86,30.73,29.86,30.34,55587,ZL.c.0,2015-02-02
35,1,468484,30.33,31.2,30.26,30.75,57303,ZL.c.0,2015-02-03
35,1,468484,30.77,30.99,30.47,30.59,50353,ZL.c.0,2015-02-04
35,1,468484,30.55,31.97,30.55,31.68,74731,ZL.c.0,2015-02-05
35,1,468484,31.76,32.14,31.46,31.82,71202,ZL.c.0,2015-02-06
35,1,468484,31.76,32.1,31.64,31.96,58659,ZL.c.0,2015-02-09
35,1,468484,31.98,32.2,31.26,31.5,61372,ZL.c.0,2015-02-10
35,1,468484,31.45,31.79,31.1,31.78,65150,ZL.c.0,2015-02-11
35,1,468484,31.74,32.07,31.48,32.01,62966,ZL.c.0,2015-02-12
35,1,468484,31.94,32.58,31.87,32.33,60398,ZL.c.0,2015-02-13
35,1,468484,32.36,32.54,31.81,32.34,44531,ZL.c.0,2015-02-17
35,1,468484,32.23,32.46,31.92,32.06,33621,ZL.c.0,2015-02-18
35,1,468484,32.0,32.06,31.41,31.87,44298,ZL.c.0,2015-02-19
35,1,468484,31.8,31.84,31.26,31.48,32055,ZL.c.0,2015-02-20
35,1,468484,31.46,31.46,30.9,31.12,29987,ZL.c.0,2015-02-23
35,1,468484,31.04,31.7,30.88,31.43,35256,ZL.c.0,2015-02-24
35,1,468484,31.42,31.82,31.28,31.69,32968,ZL.c.0,2015-02-25
35,1,468484,31.68,32.14,31.61,31.81,16420,ZL.c.0,2015-02-26
35,1,468484,31.82,32.91,31.8,32.83,6361,ZL.c.0,2015-02-27
35,1,468484,32.9,33.3,32.57,32.69,2138,ZL.c.0,2015-03-02
35,1,468484,32.77,32.91,32.53,32.82,1354,ZL.c.0,2015-03-03
35,1,468484,32.81,32.93,32.01,32.01,2662,ZL.c.0,2015-03-04
35,1,468484,32.1,32.22,31.43,31.44,1526,ZL.c.0,2015-03-05
35,1,468484,31.42,31.47,31.03,31.16,623,ZL.c.0,2015-03-06
35,1,468484,31.14,31.29,30.87,30.87,359,ZL.c.0,2015-03-09
35,1,468484,30.69,30.82,30.57,30.81,352,ZL.c.0,2015-03-10
35,1,468484,30.78,31.15,30.78,30.92,157,ZL.c.0,2015-03-11
35,1,468484,30.91,31.06,30.65,30.77,399,ZL.c.0,2015-03-12
35,1,468484,30.76,30.85,30.18,30.18,61,ZL.c.0,2015-03-13
35,1,366659,30.49,30.68,30.19,30.36,38649,ZL.c.0,2015-03-16
35,1,366659,30.3,30.51,29.88,30.05,36412,ZL.c.0,2015-03-17
35,1,366659,29.97,30.81,29.93,30.61,44848,ZL.c.0,2015-03-18
35,1,366659,30.74,31.03,30.46,30.68,41722,ZL.c.0,2015-03-19
35,1,366659,30.68,30.99,30.34,30.7,46138,ZL.c.0,2015-03-20
35,1,366659,30.7,31.37,30.66,31.14,38226,ZL.c.0,2015-03-23
35,1,366659,31.16,31.2,30.93,31.1,29063,ZL.c.0,2015-03-24
35,1,366659,31.01,31.3,30.98,31.03,31352,ZL.c.0,2015-03-25
35,1,366659,31.01,31.69,30.81,31.11,42179,ZL.c.0,2015-03-26
35,1,366659,31.12,31.2,30.41,30.64,53335,ZL.c.0,2015-03-27
35,1,366659,30.6,30.91,30.44,30.47,40419,ZL.c.0,2015-03-30
35,1,366659,30.47,30.5,30.05,30.48,48105,ZL.c.0,2015-03-31
35,1,366659,30.39,31.11,30.39,30.74,50483,ZL.c.0,2015-04-01
35,1,366659,30.6,31.1,30.6,30.93,36554,ZL.c.0,2015-04-02
35,1,366659,30.95,31.75,30.93,31.29,48170,ZL.c.0,2015-04-06
35,1,366659,31.25,31.45,30.77,31.04,65104,ZL.c.0,2015-04-07
35,1,366659,30.96,31.09,30.8,30.98,46323,ZL.c.0,2015-04-08
35,1,366659,30.86,30.95,30.51,30.84,59575,ZL.c.0,2015-04-09
35,1,366659,30.82,31.11,30.6,31.09,61575,ZL.c.0,2015-04-10
35,1,366659,30.96,31.6,30.92,31.02,65978,ZL.c.0,2015-04-13
35,1,366659,31.05,31.47,30.95,31.28,54264,ZL.c.0,2015-04-14
35,1,366659,31.27,31.92,31.24,31.86,80106,ZL.c.0,2015-04-15
35,1,366659,31.84,32.0,31.54,31.77,51479,ZL.c.0,2015-04-16
35,1,366659,31.74,31.83,31.46,31.46,37157,ZL.c.0,2015-04-17
35,1,366659,31.56,31.86,31.49,31.62,26929,ZL.c.0,2015-04-20
35,1,366659,31.59,31.9,31.55,31.8,38042,ZL.c.0,2015-04-21
35,1,366659,31.82,31.85,31.44,31.55,46123,ZL.c.0,2015-04-22
35,1,366659,31.62,32.3,31.53,32.0,29958,ZL.c.0,2015-04-23
35,1,366659,32.02,32.2,31.62,31.63,22317,ZL.c.0,2015-04-24
35,1,366659,31.65,31.85,31.48,31.69,27884,ZL.c.0,2015-04-27
35,1,366659,31.65,31.85,31.16,31.23,32619,ZL.c.0,2015-04-28
35,1,366659,31.26,31.58,31.08,31.45,17316,ZL.c.0,2015-04-29
35,1,366659,31.52,31.8,31.4,31.56,5003,ZL.c.0,2015-04-30
35,1,366659,31.62,31.67,31.35,31.41,1838,ZL.c.0,2015-05-01
35,1,366659,31.47,32.54,31.44,32.48,1316,ZL.c.0,2015-05-04
35,1,366659,32.51,33.27,32.47,32.85,1175,ZL.c.0,2015-05-05
35,1,366659,33.01,33.23,32.67,32.7,1432,ZL.c.0,2015-05-06
35,1,366659,32.79,32.79,32.28,32.28,706,ZL.c.0,2015-05-07
35,1,366659,32.6,32.78,32.3,32.72,503,ZL.c.0,2015-05-08
35,1,366659,32.79,33.23,32.79,33.04,260,ZL.c.0,2015-05-11
35,1,366659,33.2,33.28,32.76,32.81,42,ZL.c.0,2015-05-12
35,1,366659,32.85,32.96,32.68,32.82,399,ZL.c.0,2015-05-13
35,1,366659,32.97,33.0,32.97,32.99,85,ZL.c.0,2015-05-14
35,1,424911,33.38,33.72,32.84,33.03,54866,ZL.c.0,2015-05-15
35,1,424911,33.1,33.21,32.71,32.75,45821,ZL.c.0,2015-05-18
35,1,424911,32.79,32.9,31.98,32.17,70058,ZL.c.0,2015-05-19
35,1,424911,32.25,32.45,32.02,32.18,40336,ZL.c.0,2015-05-20
35,1,424911,32.27,32.64,32.1,32.26,55100,ZL.c.0,2015-05-21
35,1,424911,32.31,32.36,31.6,31.62,66275,ZL.c.0,2015-05-22
35,1,424911,31.63,32.33,31.59,32.17,58443,ZL.c.0,2015-05-26
35,1,424911,32.17,32.3,31.7,31.71,45938,ZL.c.0,2015-05-27
35,1,424911,31.74,32.1,31.67,32.06,49015,ZL.c.0,2015-05-28
35,1,424911,32.1,33.49,31.99,33.26,119602,ZL.c.0,2015-05-29
35,1,424911,33.45,34.62,33.17,34.46,97029,ZL.c.0,2015-06-01
35,1,424911,34.5,34.94,34.1,34.13,79379,ZL.c.0,2015-06-02
35,1,424911,34.24,34.88,33.96,34.74,73288,ZL.c.0,2015-06-03
35,1,424911,34.76,34.79,34.35,34.64,43865,ZL.c.0,2015-06-04
35,1,424911,34.5,35.29,34.36,34.74,76691,ZL.c.0,2015-06-05
35,1,424911,34.72,34.78,34.03,34.13,76977,ZL.c.0,2015-06-08
35,1,424911,34.13,34.51,33.87,33.91,75102,ZL.c.0,2015-06-09
35,1,424911,34.01,34.25,33.56,33.89,75408,ZL.c.0,2015-06-10
35,1,424911,33.88,34.04,33.12,33.31,59693,ZL.c.0,2015-06-11
35,1,424911,33.25,33.56,33.09,33.11,60669,ZL.c.0,2015-06-12
35,1,424911,33.03,33.09,32.47,32.77,92100,ZL.c.0,2015-06-15
35,1,424911,32.7,33.08,32.62,32.9,64233,ZL.c.0,2015-06-16
35,1,424911,32.89,33.22,32.7,32.8,61464,ZL.c.0,2015-06-17
35,1,424911,32.8,32.85,32.21,32.34,54738,ZL.c.0,2015-06-18
35,1,424911,32.31,32.91,32.16,32.61,44641,ZL.c.0,2015-06-19
35,1,424911,32.59,33.19,32.46,32.96,41486,ZL.c.0,2015-06-22
35,1,424911,33.04,33.14,32.67,32.86,37811,ZL.c.0,2015-06-23
35,1,424911,32.84,33.58,32.72,33.25,45251,ZL.c.0,2015-06-24
35,1,424911,33.25,33.68,33.17,33.36,42019,ZL.c.0,2015-06-25
35,1,424911,33.36,33.75,33.11,33.22,38390,ZL.c.0,2015-06-26
35,1,424911,33.17,33.38,32.92,33.01,33454,ZL.c.0,2015-06-29
35,1,424911,33.01,33.71,32.69,33.53,12143,ZL.c.0,2015-06-30
35,1,424911,33.56,33.6,32.88,32.93,5453,ZL.c.0,2015-07-01
35,1,424911,32.95,33.48,32.86,33.29,2044,ZL.c.0,2015-07-02
35,1,424911,33.3,33.38,32.53,32.6,1761,ZL.c.0,2015-07-06
35,1,424911,32.71,32.71,31.38,31.4,2507,ZL.c.0,2015-07-07
35,1,424911,31.32,31.82,31.25,31.7,1489,ZL.c.0,2015-07-08
35,1,424911,31.88,32.4,31.88,32.34,386,ZL.c.0,2015-07-09
35,1,424911,32.5,32.67,32.27,32.29,363,ZL.c.0,2015-07-10
35,1,424911,32.26,32.79,32.26,32.61,161,ZL.c.0,2015-07-13
35,1,424911,32.55,32.61,32.25,32.31,246,ZL.c.0,2015-07-14
35,1,853229,32.28,32.58,31.55,31.61,24233,ZL.c.0,2015-07-15
35,1,853229,31.69,31.95,31.4,31.4,17473,ZL.c.0,2015-07-16
35,1,853229,31.37,31.92,31.26,31.78,15236,ZL.c.0,2015-07-17
35,1,853229,31.78,31.84,31.34,31.72,15893,ZL.c.0,2015-07-20
35,1,853229,31.79,32.3,31.65,31.95,19931,ZL.c.0,2015-07-21
35,1,853229,31.95,32.11,31.08,31.3,20474,ZL.c.0,2015-07-22
35,1,853229,31.35,31.58,31.08,31.23,16201,ZL.c.0,2015-07-23
35,1,853229,31.22,31.35,30.43,30.56,21511,ZL.c.0,2015-07-24
35,1,853229,30.48,30.54,29.89,30.23,28104,ZL.c.0,2015-07-27
35,1,853229,30.28,30.73,30.07,30.67,24097,ZL.c.0,2015-07-28
35,1,853229,30.68,30.68,30.1,30.28,21869,ZL.c.0,2015-07-29
35,1,853229,30.18,30.61,30.13,30.18,20911,ZL.c.0,2015-07-30
35,1,853229,30.24,30.31,29.9,29.94,6933,ZL.c.0,2015-07-31
35,1,853229,29.91,29.91,29.41,29.88,5249,ZL.c.0,2015-08-03
35,1,853229,29.83,30.15,29.7,29.82,3235,ZL.c.0,2015-08-04
35,1,853229,29.84,30.05,29.48,29.54,2124,ZL.c.0,2015-08-05
35,1,853229,29.64,29.91,29.5,29.63,914,ZL.c.0,2015-08-06
35,1,853229,29.65,30.2,29.53,30.1,406,ZL.c.0,2015-08-07
35,1,853229,30.2,30.5,30.08,30.43,451,ZL.c.0,2015-08-10
35,1,853229,30.41,30.41,29.71,30.11,253,ZL.c.0,2015-08-11
35,1,853229,29.95,30.08,28.84,29.05,180,ZL.c.0,2015-08-12
35,1,853229,28.88,28.94,28.86,28.87,10,ZL.c.0,2015-08-13
35,1,853229,28.8,28.8,28.79,28.79,54,ZL.c.0,2015-08-14
35,1,660857,28.97,29.27,28.79,29.01,11116,ZL.c.0,2015-08-17
35,1,660857,29.02,29.1,28.29,28.39,17029,ZL.c.0,2015-08-18
35,1,660857,28.36,28.52,27.75,27.88,17399,ZL.c.0,2015-08-19
35,1,660857,27.9,28.23,27.54,27.95,22472,ZL.c.0,2015-08-20
35,1,660857,28.09,28.2,27.13,27.31,18349,ZL.c.0,2015-08-21
35,1,660857,27.26,27.26,25.38,26.57,22473,ZL.c.0,2015-08-24
35,1,660857,26.58,27.08,26.04,26.9,23511,ZL.c.0,2015-08-25
35,1,660857,26.83,26.85,26.08,26.1,23074,ZL.c.0,2015-08-26
35,1,660857,26.15,26.96,26.15,26.96,23631,ZL.c.0,2015-08-27
35,1,660857,27.02,27.82,26.86,27.81,21860,ZL.c.0,2015-08-28
35,1,660857,27.75,27.97,26.96,27.77,6348,ZL.c.0,2015-08-31
35,1,660857,27.84,27.84,27.05,27.23,3586,ZL.c.0,2015-09-01
35,1,660857,27.22,27.33,26.69,26.79,2622,ZL.c.0,2015-09-02
35,1,660857,26.96,27.29,26.72,26.72,1170,ZL.c.0,2015-09-03
35,1,660857,26.69,26.85,26.39,26.46,92,ZL.c.0,2015-09-04
35,1,660857,26.47,27.01,26.47,26.86,169,ZL.c.0,2015-09-08
35,1,660857,27.04,27.1,26.57,26.64,190,ZL.c.0,2015-09-09
35,1,660857,26.61,26.98,26.61,26.94,37,ZL.c.0,2015-09-10
35,1,660857,26.86,26.86,26.2,26.53,144,ZL.c.0,2015-09-11
35,1,660857,27.13,27.23,26.88,26.88,243,ZL.c.0,2015-09-14
35,1,102036,26.93,27.13,26.44,26.47,14620,ZL.c.0,2015-09-15
35,1,102036,26.47,26.83,26.32,26.67,16645,ZL.c.0,2015-09-16
35,1,102036,26.64,26.7,26.3,26.59,9767,ZL.c.0,2015-09-17
35,1,102036,26.67,26.7,26.0,26.02,12069,ZL.c.0,2015-09-18
35,1,102036,25.99,26.76,25.98,26.57,14513,ZL.c.0,2015-09-21
35,1,102036,26.57,26.57,26.07,26.21,12207,ZL.c.0,2015-09-22
35,1,102036,26.17,26.68,26.15,26.35,18073,ZL.c.0,2015-09-23
35,1,102036,26.3,27.0,26.23,26.91,24523,ZL.c.0,2015-09-24
35,1,102036,26.98,27.98,26.93,27.68,20977,ZL.c.0,2015-09-25
35,1,102036,27.74,27.9,27.12,27.13,22863,ZL.c.0,2015-09-28
35,1,102036,27.16,27.68,26.89,27.44,36924,ZL.c.0,2015-09-29
35,1,102036,27.43,27.57,27.01,27.09,7544,ZL.c.0,2015-09-30
35,1,102036,27.11,27.75,27.05,27.07,3976,ZL.c.0,2015-10-01
35,1,102036,27.03,27.92,26.91,27.8,1759,ZL.c.0,2015-10-02
35,1,102036,27.84,28.58,27.84,28.42,767,ZL.c.0,2015-10-05
35,1,102036,28.41,28.77,28.21,28.65,32,ZL.c.0,2015-10-06
35,1,102036,28.53,28.72,28.22,28.43,133,ZL.c.0,2015-10-07
35,1,102036,28.21,28.28,28.12,28.17,174,ZL.c.0,2015-10-08
35,1,102036,28.36,28.38,28.01,28.14,263,ZL.c.0,2015-10-09
35,1,102036,28.12,28.39,28.11,28.11,78,ZL.c.0,2015-10-12
35,1,102036,28.51,28.77,28.51,28.62,207,ZL.c.0,2015-10-13
35,1,102036,28.69,28.8,28.69,28.79,135,ZL.c.0,2015-10-14
35,1,809800,28.75,28.95,28.31,28.61,44904,ZL.c.0,2015-10-15
35,1,809800,28.65,28.82,28.4,28.62,33879,ZL.c.0,2015-10-16
35,1,809800,28.59,28.76,28.1,28.21,36374,ZL.c.0,2015-10-19
35,1,809800,28.18,28.73,28.02,28.67,57885,ZL.c.0,2015-10-20
35,1,809800,28.72,29.45,28.62,29.22,90587,ZL.c.0,2015-10-21
35,1,809800,29.27,29.48,28.77,28.84,50923,ZL.c.0,2015-10-22
35,1,809800,28.9,29.06,28.4,28.56,47110,ZL.c.0,2015-10-23
35,1,809800,28.57,28.74,27.74,27.77,59689,ZL.c.0,2015-10-26
35,1,809800,27.78,28.19,27.56,27.88,70316,ZL.c.0,2015-10-27
35,1,809800,27.89,28.29,27.67,28.04,60211,ZL.c.0,2015-10-28
35,1,809800,28.11,28.32,27.8,27.86,62082,ZL.c.0,2015-10-29
35,1,809800,27.88,28.23,27.78,28.21,49712,ZL.c.0,2015-10-30
35,1,809800,28.28,28.4,27.83,27.84,42869,ZL.c.0,2015-11-02
35,1,809800,27.88,28.24,27.62,28.09,65176,ZL.c.0,2015-11-03
35,1,809800,28.05,28.74,27.96,28.55,69756,ZL.c.0,2015-11-04
35,1,809800,28.55,28.78,27.8,27.81,61968,ZL.c.0,2015-11-05
35,1,809800,27.87,28.07,27.5,28.01,63311,ZL.c.0,2015-11-06
35,1,809800,28.03,28.28,27.73,27.74,43016,ZL.c.0,2015-11-09
35,1,809800,27.77,27.9,27.05,27.33,82775,ZL.c.0,2015-11-10
35,1,809800,27.26,27.35,27.06,27.18,45999,ZL.c.0,2015-11-11
35,1,809800,27.18,27.54,26.99,27.45,51079,ZL.c.0,2015-11-12
35,1,809800,27.43,27.45,27.01,27.07,33228,ZL.c.0,2015-11-13
35,1,809800,27.06,27.4,26.74,27.23,47430,ZL.c.0,2015-11-16
35,1,809800,27.28,27.51,27.16,27.5,42168,ZL.c.0,2015-11-17
35,1,809800,27.47,27.72,27.05,27.49,62925,ZL.c.0,2015-11-18
35,1,809800,27.42,27.71,27.22,27.53,52862,ZL.c.0,2015-11-19
35,1,809800,27.55,27.98,27.36,27.89,24297,ZL.c.0,2015-11-20
35,1,809800,27.8,28.08,27.55,27.94,15762,ZL.c.0,2015-11-23
35,1,809800,27.97,28.52,27.91,28.33,16462,ZL.c.0,2015-11-24
35,1,809800,28.38,28.94,28.21,28.87,7726,ZL.c.0,2015-11-25
35,1,809800,28.8,29.11,28.73,28.82,5355,ZL.c.0,2015-11-27
35,1,809800,28.83,29.3,28.75,29.07,2275,ZL.c.0,2015-11-30
35,1,809800,29.36,29.88,28.95,29.88,642,ZL.c.0,2015-12-01
35,1,809800,29.79,30.65,29.6,30.26,241,ZL.c.0,2015-12-02
35,1,809800,30.1,30.9,30.1,30.51,158,ZL.c.0,2015-12-03
35,1,809800,30.56,31.96,30.49,31.96,31,ZL.c.0,2015-12-04
35,1,809800,31.87,31.91,31.02,31.02,58,ZL.c.0,2015-12-07
35,1,809800,30.94,31.39,30.64,31.32,35,ZL.c.0,2015-12-08
35,1,809800,31.4,31.42,30.72,30.87,15,ZL.c.0,2015-12-09
35,1,809800,31.25,31.6,31.24,31.5,87,ZL.c.0,2015-12-10
35,1,809800,31.37,31.37,31.14,31.15,9,ZL.c.0,2015-12-11
35,1,52583,31.1,31.28,30.23,30.73,44448,ZL.c.0,2015-12-15
35,1,52583,30.6,31.01,29.98,30.37,39153,ZL.c.0,2015-12-16
35,1,52583,30.29,30.33,29.71,30.09,39445,ZL.c.0,2015-12-17
35,1,52583,30.11,30.6,30.0,30.59,28720,ZL.c.0,2015-12-18
35,1,52583,30.51,30.95,30.21,30.78,20524,ZL.c.0,2015-12-21
35,1,52583,30.77,31.0,30.36,30.47,11536,ZL.c.0,2015-12-22
35,1,52583,30.4,30.75,30.28,30.52,8957,ZL.c.0,2015-12-23
35,1,52583,30.57,30.95,30.47,30.87,5012,ZL.c.0,2015-12-24
35,1,52583,30.87,30.87,29.95,30.23,4584,ZL.c.0,2015-12-28
35,1,52583,30.21,30.7,30.12,30.49,2294,ZL.c.0,2015-12-29
35,1,52583,30.45,30.86,30.34,30.75,2047,ZL.c.0,2015-12-30
35,1,52583,30.81,30.86,30.34,30.41,1656,ZL.c.0,2015-12-31
35,1,52583,30.47,30.59,29.63,30.01,590,ZL.c.0,2016-01-04
35,1,52583,30.05,30.15,29.42,29.57,488,ZL.c.0,2016-01-05
35,1,52583,29.56,29.6,29.19,29.42,184,ZL.c.0,2016-01-06
35,1,52583,29.5,29.56,29.19,29.31,41,ZL.c.0,2016-01-07
35,1,52583,29.42,29.54,29.42,29.43,25,ZL.c.0,2016-01-08
35,1,52583,29.45,29.64,29.04,29.1,55,ZL.c.0,2016-01-11
35,1,52583,29.1,29.27,29.04,29.1,18,ZL.c.0,2016-01-12
35,1,52583,29.42,29.47,29.36,29.47,7,ZL.c.0,2016-01-13
35,1,52583,29.36,29.4,29.36,29.4,2,ZL.c.0,2016-01-14
35,1,244923,29.79,29.9,29.42,29.69,33995,ZL.c.0,2016-01-15
35,1,244923,29.6,30.2,29.59,29.96,37056,ZL.c.0,2016-01-19
35,1,244923,29.92,29.99,29.55,29.79,33291,ZL.c.0,2016-01-20
35,1,244923,29.86,30.26,29.54,29.88,39240,ZL.c.0,2016-01-21
35,1,244923,29.94,30.6,29.91,30.53,45062,ZL.c.0,2016-01-22
35,1,244923,30.55,30.59,30.1,30.4,33972,ZL.c.0,2016-01-25
35,1,244923,30.37,30.85,30.21,30.72,37125,ZL.c.0,2016-01-26
35,1,244923,30.67,31.09,30.57,30.89,41621,ZL.c.0,2016-01-27
35,1,244923,30.88,31.24,30.53,30.73,46362,ZL.c.0,2016-01-28
35,1,244923,30.71,30.92,30.47,30.92,37500,ZL.c.0,2016-01-29
35,1,244923,30.9,30.98,30.56,30.74,27760,ZL.c.0,2016-02-01
35,1,244923,30.76,31.19,30.72,30.78,35501,ZL.c.0,2016-02-02
35,1,244923,30.75,31.13,30.7,30.98,36139,ZL.c.0,2016-02-03
35,1,244923,30.91,31.45,30.9,31.35,39626,ZL.c.0,2016-02-04
35,1,244923,31.34,31.7,31.21,31.28,42123,ZL.c.0,2016-02-05
35,1,244923,31.29,31.3,30.64,30.78,32432,ZL.c.0,2016-02-08
35,1,244923,30.75,30.92,30.48,30.69,29474,ZL.c.0,2016-02-09
35,1,244923,30.65,31.07,30.64,31.04,28530,ZL.c.0,2016-02-10
35,1,244923,31.01,31.66,30.99,31.55,48027,ZL.c.0,2016-02-11
35,1,244923,31.54,31.98,31.53,31.86,31820,ZL.c.0,2016-02-12
35,1,244923,31.91,32.2,31.31,31.62,39005,ZL.c.0,2016-02-16
35,1,244923,31.62,32.03,31.46,31.93,29240,ZL.c.0,2016-02-17
35,1,244923,31.93,32.03,31.75,31.82,25106,ZL.c.0,2016-02-18
35,1,244923,31.84,31.94,31.32,31.39,26423,ZL.c.0,2016-02-19
35,1,244923,31.45,31.67,31.3,31.49,15965,ZL.c.0,2016-02-22
35,1,244923,31.49,31.53,30.71,30.74,16636,ZL.c.0,2016-02-23
35,1,244923,30.79,30.99,30.45,30.98,13017,ZL.c.0,2016-02-24
35,1,244923,30.94,31.14,30.61,30.7,5360,ZL.c.0,2016-02-25
35,1,244923,30.71,31.21,30.7,31.02,6195,ZL.c.0,2016-02-26
35,1,244923,31.01,31.12,30.58,30.65,932,ZL.c.0,2016-02-29
35,1,244923,30.73,30.8,29.99,30.31,738,ZL.c.0,2016-03-01
35,1,244923,30.24,30.34,29.97,30.15,485,ZL.c.0,2016-03-02
35,1,244923,30.05,30.49,30.05,30.42,422,ZL.c.0,2016-03-03
35,1,244923,30.52,31.12,30.52,30.65,101,ZL.c.0,2016-03-04
35,1,244923,30.85,31.05,30.84,30.93,58,ZL.c.0,2016-03-07
35,1,244923,30.7,30.81,30.66,30.81,32,ZL.c.0,2016-03-08
35,1,244923,31.17,31.54,31.16,31.48,8,ZL.c.0,2016-03-09
35,1,244923,31.49,31.53,31.4,31.4,27,ZL.c.0,2016-03-10
35,1,244923,31.99,32.05,31.93,31.94,12,ZL.c.0,2016-03-11
35,1,567798,32.36,32.73,32.2,32.48,48789,ZL.c.0,2016-03-15
35,1,567798,32.47,32.75,32.3,32.65,33717,ZL.c.0,2016-03-16
35,1,567798,32.69,33.55,32.61,33.4,64479,ZL.c.0,2016-03-17
35,1,567798,33.41,33.7,33.22,33.38,34260,ZL.c.0,2016-03-18
35,1,567798,33.27,33.68,33.09,33.62,35940,ZL.c.0,2016-03-21
35,1,567798,33.61,34.18,33.47,33.9,41876,ZL.c.0,2016-03-22
35,1,567798,33.95,33.98,33.28,33.36,37320,ZL.c.0,2016-03-23
35,1,567798,33.36,33.44,32.83,33.16,37976,ZL.c.0,2016-03-24
35,1,567798,33.24,33.78,33.24,33.64,32714,ZL.c.0,2016-03-28
35,1,567798,33.62,34.14,33.51,34.04,37847,ZL.c.0,2016-03-29
35,1,567798,34.05,34.07,33.75,33.79,29888,ZL.c.0,2016-03-30
35,1,567798,33.79,34.37,33.55,34.14,53322,ZL.c.0,2016-03-31
35,1,567798,34.21,34.71,34.11,34.4,42746,ZL.c.0,2016-04-01
35,1,567798,34.45,34.74,34.34,34.69,33264,ZL.c.0,2016-04-04
35,1,567798,34.67,34.7,33.97,34.02,37569,ZL.c.0,2016-04-05
35,1,567798,33.99,34.57,33.76,34.25,45185,ZL.c.0,2016-04-06
35,1,567798,34.26,34.4,33.9,34.1,26298,ZL.c.0,2016-04-07
35,1,567798,34.1,34.2,33.73,33.99,34791,ZL.c.0,2016-04-08
35,1,567798,33.99,34.32,33.79,33.91,38224,ZL.c.0,2016-04-11
35,1,567798,33.92,33.95,33.32,33.8,52176,ZL.c.0,2016-04-12
35,1,567798,33.73,34.25,33.58,33.97,40954,ZL.c.0,2016-04-13
35,1,567798,33.91,34.2,33.5,33.7,33786,ZL.c.0,2016-04-14
35,1,567798,33.8,33.8,33.29,33.33,31746,ZL.c.0,2016-04-15
35,1,567798,33.32,34.2,33.13,33.96,44621,ZL.c.0,2016-04-18
35,1,567798,33.98,34.88,33.89,34.77,43544,ZL.c.0,2016-04-19
35,1,567798,34.77,35.0,34.33,34.59,38301,ZL.c.0,2016-04-20
35,1,567798,34.62,35.14,34.1,34.13,27627,ZL.c.0,2016-04-21
35,1,567798,34.1,34.3,33.79,34.0,18409,ZL.c.0,2016-04-22
35,1,567798,34.01,34.25,33.75,33.89,9398,ZL.c.0,2016-04-25
35,1,567798,33.94,34.17,33.81,33.94,6096,ZL.c.0,2016-04-26
35,1,567798,34.0,34.04,33.05,33.52,11938,ZL.c.0,2016-04-27
35,1,567798,33.61,33.61,33.02,33.06,4565,ZL.c.0,2016-04-28
35,1,567798,33.05,33.43,32.84,32.88,1439,ZL.c.0,2016-04-29
35,1,567798,32.83,32.92,32.17,32.22,316,ZL.c.0,2016-05-02
35,1,567798,32.39,32.51,31.94,32.19,373,ZL.c.0,2016-05-03
35,1,567798,32.27,32.62,32.27,32.34,148,ZL.c.0,2016-05-04
35,1,567798,32.52,32.52,31.96,32.02,19,ZL.c.0,2016-05-05
35,1,567798,32.03,33.1,32.03,33.1,110,ZL.c.0,2016-05-06
35,1,567798,33.02,33.02,32.54,32.54,27,ZL.c.0,2016-05-09
35,1,567798,32.44,33.37,32.44,33.2,34,ZL.c.0,2016-05-10
35,1,567798,33.18,33.2,33.04,33.04,17,ZL.c.0,2016-05-11
35,1,567798,33.05,33.05,32.29,32.29,7,ZL.c.0,2016-05-12
35,1,366657,32.43,32.9,32.28,32.74,25225,ZL.c.0,2016-05-16
35,1,366657,32.86,33.13,32.71,32.78,30292,ZL.c.0,2016-05-17
35,1,366657,32.79,33.05,32.14,32.5,50349,ZL.c.0,2016-05-18
35,1,366657,32.48,32.54,31.08,31.85,84236,ZL.c.0,2016-05-19
35,1,366657,31.91,31.99,31.25,31.42,48222,ZL.c.0,2016-05-20
35,1,366657,31.38,31.41,30.79,31.14,44295,ZL.c.0,2016-05-23
35,1,366657,31.13,31.26,30.87,30.88,32459,ZL.c.0,2016-05-24
35,1,366657,30.89,31.54,30.81,31.3,39017,ZL.c.0,2016-05-25
35,1,366657,31.28,31.85,30.95,31.0,47829,ZL.c.0,2016-05-26
35,1,366657,31.0,31.57,30.91,31.49,41356,ZL.c.0,2016-05-27
35,1,366657,31.48,31.94,31.42,31.79,41268,ZL.c.0,2016-05-31
35,1,366657,31.78,32.46,31.5,32.22,48507,ZL.c.0,2016-06-01
35,1,366657,32.14,32.63,32.14,32.27,44993,ZL.c.0,2016-06-02
35,1,366657,32.25,32.67,32.12,32.32,39519,ZL.c.0,2016-06-03
35,1,366657,32.41,32.65,32.34,32.47,25320,ZL.c.0,2016-06-06
35,1,366657,32.54,32.78,31.85,32.36,42965,ZL.c.0,2016-06-07
35,1,366657,32.34,33.19,32.19,32.84,50365,ZL.c.0,2016-06-08
35,1,366657,32.84,33.23,32.63,32.95,35026,ZL.c.0,2016-06-09
35,1,366657,33.03,33.33,32.74,32.84,43175,ZL.c.0,2016-06-10
35,1,366657,32.91,33.16,32.33,32.46,36331,ZL.c.0,2016-06-13
35,1,366657,32.51,32.56,32.18,32.43,27748,ZL.c.0,2016-06-14
35,1,366657,32.52,32.56,31.8,31.9,39636,ZL.c.0,2016-06-15
35,1,366657,32.04,32.09,31.06,31.15,38228,ZL.c.0,2016-06-16
35,1,366657,31.21,32.08,31.12,31.9,34496,ZL.c.0,2016-06-17
35,1,366657,31.82,31.92,31.55,31.72,21004,ZL.c.0,2016-06-20
35,1,366657,31.76,31.95,31.33,31.4,23421,ZL.c.0,2016-06-21
35,1,366657,31.43,31.86,31.36,31.52,19184,ZL.c.0,2016-06-22
35,1,366657,31.55,31.84,31.26,31.75,16843,ZL.c.0,2016-06-23
35,1,366657,31.74,31.75,30.93,31.08,19096,ZL.c.0,2016-06-24
35,1,366657,31.0,31.5,30.98,31.32,9113,ZL.c.0,2016-06-27
35,1,366657,31.27,31.78,31.07,31.09,6884,ZL.c.0,2016-06-28
35,1,366657,31.1,31.3,30.74,30.79,5922,ZL.c.0,2016-06-29
35,1,366657,31.01,31.61,30.78,31.36,975,ZL.c.0,2016-06-30
35,1,366657,31.38,31.82,30.99,30.99,190,ZL.c.0,2016-07-01
35,1,366657,31.03,31.37,30.52,30.76,368,ZL.c.0,2016-07-05
35,1,366657,30.78,30.78,30.14,30.21,246,ZL.c.0,2016-07-06
35,1,366657,30.42,30.45,29.69,29.69,133,ZL.c.0,2016-07-07
35,1,366657,29.77,30.29,29.73,30.29,20,ZL.c.0,2016-07-08
35,1,366657,30.38,30.61,30.38,30.41,7,ZL.c.0,2016-07-11
35,1,366657,30.15,30.67,30.15,30.67,94,ZL.c.0,2016-07-12
35,1,366657,31.09,31.09,30.64,30.8,347,ZL.c.0,2016-07-13
35,1,760177,30.67,31.1,30.15,30.84,12946,ZL.c.0,2016-07-15
35,1,760177,30.65,31.15,30.35,30.92,10722,ZL.c.0,2016-07-18
35,1,760177,30.95,31.0,30.6,30.76,9432,ZL.c.0,2016-07-19
35,1,760177,30.71,31.28,30.47,30.65,17620,ZL.c.0,2016-07-20
35,1,760177,30.71,31.17,30.57,31.07,7830,ZL.c.0,2016-07-21
35,1,760177,31.13,31.24,30.1,30.21,14410,ZL.c.0,2016-07-22
35,1,760177,30.21,30.41,29.41,29.45,8022,ZL.c.0,2016-07-25
35,1,760177,29.46,29.89,29.44,29.62,5254,ZL.c.0,2016-07-26
35,1,760177,29.58,29.88,29.4,29.46,5428,ZL.c.0,2016-07-27
35,1,760177,29.56,29.77,29.28,29.59,3029,ZL.c.0,2016-07-28
35,1,760177,29.59,30.41,29.42,30.33,1082,ZL.c.0,2016-07-29
35,1,760177,30.35,30.37,29.61,29.72,477,ZL.c.0,2016-08-01
35,1,760177,29.76,30.24,29.61,30.01,375,ZL.c.0,2016-08-02
35,1,760177,30.05,30.63,30.05,30.31,50,ZL.c.0,2016-08-03
35,1,760177,30.36,30.77,30.26,30.6,147,ZL.c.0,2016-08-04
35,1,760177,30.49,30.69,30.36,30.52,138,ZL.c.0,2016-08-05
35,1,760177,31.0,31.02,30.84,30.93,419,ZL.c.0,2016-08-08
35,1,760177,30.99,31.39,30.99,31.22,361,ZL.c.0,2016-08-09
35,1,760177,31.63,31.68,31.36,31.36,21,ZL.c.0,2016-08-10
35,1,760177,31.39,31.39,31.34,31.34,5,ZL.c.0,2016-08-11
35,1,760177,31.58,31.58,31.58,31.58,1,ZL.c.0,2016-08-12
35,1,629669,32.03,33.47,31.91,33.11,11477,ZL.c.0,2016-08-15
35,1,629669,33.16,33.52,32.91,33.36,7300,ZL.c.0,2016-08-16
35,1,629669,33.39,34.3,33.19,33.97,12666,ZL.c.0,2016-08-17
35,1,629669,34.05,34.26,33.54,34.18,5622,ZL.c.0,2016-08-18
35,1,629669,34.19,34.2,33.63,34.1,6348,ZL.c.0,2016-08-19
35,1,629669,34.14,34.14,33.44,33.78,3721,ZL.c.0,2016-08-22
35,1,629669,33.86,34.41,33.56,33.94,5997,ZL.c.0,2016-08-23
35,1,629669,33.98,34.12,33.26,33.45,4158,ZL.c.0,2016-08-24
35,1,629669,33.52,33.6,32.79,32.93,5094,ZL.c.0,2016-08-25
35,1,629669,32.93,33.18,32.58,32.94,4776,ZL.c.0,2016-08-26
35,1,629669,33.1,33.15,32.48,32.82,2288,ZL.c.0,2016-08-29
35,1,629669,32.84,32.92,32.27,32.71,3058,ZL.c.0,2016-08-30
35,1,629669,32.72,32.72,32.31,32.45,814,ZL.c.0,2016-08-31
35,1,629669,32.28,32.44,31.95,32.19,274,ZL.c.0,2016-09-01
35,1,629669,32.23,33.02,32.23,32.77,83,ZL.c.0,2016-09-02
35,1,629669,32.82,33.08,32.8,32.81,64,ZL.c.0,2016-09-06
35,1,629669,32.87,33.0,32.78,32.79,28,ZL.c.0,2016-09-07
35,1,629669,32.8,33.17,32.8,33.08,38,ZL.c.0,2016-09-08
35,1,629669,33.01,33.15,32.99,32.99,35,ZL.c.0,2016-09-09
35,1,629669,32.67,32.76,32.47,32.7,53,ZL.c.0,2016-09-12
35,1,629669,32.25,32.25,31.57,31.58,23,ZL.c.0,2016-09-13
35,1,629669,31.53,31.55,31.47,31.47,20,ZL.c.0,2016-09-14
35,1,366658,31.7,32.2,31.55,32.08,5484,ZL.c.0,2016-09-15
35,1,366658,32.09,32.3,31.94,31.97,7310,ZL.c.0,2016-09-16
35,1,366658,31.98,33.11,31.98,32.79,8774,ZL.c.0,2016-09-19
35,1,366658,32.83,33.94,32.73,33.89,7118,ZL.c.0,2016-09-20
35,1,366658,33.84,33.86,33.37,33.45,4092,ZL.c.0,2016-09-21
35,1,366658,33.41,34.03,33.41,33.9,4958,ZL.c.0,2016-09-22
35,1,366658,33.92,34.01,33.3,33.35,4640,ZL.c.0,2016-09-23
35,1,366658,33.31,33.69,33.0,33.14,5153,ZL.c.0,2016-09-26
35,1,366658,33.17,33.25,32.67,33.11,4774,ZL.c.0,2016-09-27
35,1,366658,33.13,33.13,32.44,32.65,5388,ZL.c.0,2016-09-28
35,1,366658,32.76,33.1,32.64,33.06,2912,ZL.c.0,2016-09-29
35,1,366658,33.07,33.52,32.82,33.11,622,ZL.c.0,2016-09-30
35,1,366658,33.1,33.1,32.55,33.0,176,ZL.c.0,2016-10-03
35,1,366658,32.72,32.92,32.61,32.91,317,ZL.c.0,2016-10-04
35,1,366658,32.9,32.9,32.33,32.61,54,ZL.c.0,2016-10-05
35,1,366658,32.5,33.14,32.49,33.14,26,ZL.c.0,2016-10-06
35,1,366658,33.26,33.26,32.87,33.12,156,ZL.c.0,2016-10-07
35,1,366658,33.02,33.55,33.02,33.55,23,ZL.c.0,2016-10-10
35,1,366658,33.78,33.78,33.18,33.25,43,ZL.c.0,2016-10-11
35,1,366658,33.45,33.45,33.31,33.31,3,ZL.c.0,2016-10-12
35,1,366658,32.73,32.88,32.73,32.88,12,ZL.c.0,2016-10-13
35,1,366658,33.33,34.27,33.33,34.2,30,ZL.c.0,2016-10-14
35,1,722728,34.47,35.57,34.44,35.44,67737,ZL.c.0,2016-10-17
35,1,722728,35.41,35.69,34.92,35.14,57351,ZL.c.0,2016-10-18
35,1,722728,35.34,35.6,34.97,35.41,47786,ZL.c.0,2016-10-19
35,1,722728,35.47,35.63,34.9,35.04,47021,ZL.c.0,2016-10-20
35,1,722728,35.11,35.26,34.66,35.12,39620,ZL.c.0,2016-10-21
35,1,722728,35.2,36.23,35.05,35.92,51700,ZL.c.0,2016-10-24
35,1,722728,36.17,36.2,35.62,35.79,48669,ZL.c.0,2016-10-25
35,1,722728,35.82,36.04,35.64,35.68,39541,ZL.c.0,2016-10-26
35,1,722728,35.68,35.9,35.08,35.23,53255,ZL.c.0,2016-10-27
35,1,722728,35.03,35.69,35.01,35.39,42520,ZL.c.0,2016-10-28
35,1,722728,35.45,35.48,35.07,35.19,36426,ZL.c.0,2016-10-31
35,1,722728,35.21,35.39,34.72,34.81,45654,ZL.c.0,2016-11-01
35,1,722728,34.85,35.05,34.56,34.96,44680,ZL.c.0,2016-11-02
35,1,722728,34.98,35.25,34.82,35.04,30794,ZL.c.0,2016-11-03
35,1,722728,35.09,35.13,34.51,34.72,38359,ZL.c.0,2016-11-04
35,1,722728,34.61,34.99,34.53,34.84,25706,ZL.c.0,2016-11-07
35,1,722728,34.9,35.55,34.82,35.33,41749,ZL.c.0,2016-11-08
35,1,722728,35.2,35.41,34.27,34.32,66019,ZL.c.0,2016-11-09
35,1,722728,34.44,35.06,34.33,34.83,38410,ZL.c.0,2016-11-10
35,1,722728,34.77,35.72,34.1,34.44,61786,ZL.c.0,2016-11-11
35,1,722728,34.43,34.65,33.75,33.94,45986,ZL.c.0,2016-11-14
35,1,722728,34.0,34.25,33.81,34.23,33574,ZL.c.0,2016-11-15
35,1,722728,34.29,34.68,33.93,34.08,37860,ZL.c.0,2016-11-16
35,1,722728,34.05,34.32,33.59,33.66,32237,ZL.c.0,2016-11-17
35,1,722728,33.65,34.3,33.45,34.16,37885,ZL.c.0,2016-11-18
35,1,722728,34.16,34.75,34.1,34.62,35200,ZL.c.0,2016-11-21
35,1,722728,34.64,34.9,34.4,34.55,29050,ZL.c.0,2016-11-22
35,1,722728,34.59,36.98,34.11,36.78,55666,ZL.c.0,2016-11-23
35,1,722728,36.75,36.89,36.3,36.6,16329,ZL.c.0,2016-11-25
35,1,722728,36.59,37.34,36.49,36.66,15683,ZL.c.0,2016-11-28
35,1,722728,36.73,36.97,36.11,36.32,6242,ZL.c.0,2016-11-29
35,1,722728,36.43,37.05,36.34,36.74,984,ZL.c.0,2016-11-30
35,1,722728,36.79,37.78,36.6,37.56,267,ZL.c.0,2016-12-01
35,1,722728,37.61,37.66,37.24,37.58,104,ZL.c.0,2016-12-02
35,1,722728,37.57,37.76,37.33,37.47,93,ZL.c.0,2016-12-05
35,1,722728,37.35,37.94,37.35,37.63,35,ZL.c.0,2016-12-06
35,1,722728,37.57,38.11,37.48,37.69,115,ZL.c.0,2016-12-07
35,1,722728,37.63,37.63,36.88,37.07,114,ZL.c.0,2016-12-08
35,1,722728,37.1,37.1,36.47,36.63,103,ZL.c.0,2016-12-09
35,1,722728,36.9,37.0,36.79,36.8,26,ZL.c.0,2016-12-12
35,1,722728,36.75,36.98,36.49,36.59,20,ZL.c.0,2016-12-13
35,1,722728,36.53,36.6,36.51,36.6,25,ZL.c.0,2016-12-14
35,1,841802,36.89,37.28,36.6,36.75,34351,ZL.c.0,2016-12-15
35,1,841802,36.72,36.97,36.53,36.79,26593,ZL.c.0,2016-12-16
35,1,841802,36.75,37.15,36.39,36.54,27351,ZL.c.0,2016-12-19
35,1,841802,36.56,36.64,36.04,36.09,30687,ZL.c.0,2016-12-20
35,1,841802,36.06,36.3,35.9,36.14,19662,ZL.c.0,2016-12-21
35,1,841802,36.19,36.19,34.76,34.86,28612,ZL.c.0,2016-12-22
35,1,841802,34.86,35.1,34.29,34.72,13311,ZL.c.0,2016-12-23
35,1,841802,34.69,35.35,34.57,35.08,6231,ZL.c.0,2016-12-27
35,1,841802,35.15,35.26,34.4,34.87,5482,ZL.c.0,2016-12-28
35,1,841802,34.8,34.92,34.48,34.55,2715,ZL.c.0,2016-12-29
35,1,841802,34.5,34.69,34.39,34.46,1208,ZL.c.0,2016-12-30
35,1,841802,34.37,34.74,34.37,34.62,309,ZL.c.0,2017-01-03
35,1,841802,34.57,35.29,34.31,34.96,218,ZL.c.0,2017-01-04
35,1,841802,34.98,35.17,34.93,35.05,166,ZL.c.0,2017-01-05
35,1,841802,34.94,35.12,34.71,34.74,301,ZL.c.0,2017-01-06
35,1,841802,34.77,35.27,34.77,35.27,82,ZL.c.0,2017-01-09
35,1,841802,35.07,35.43,34.8,35.43,25,ZL.c.0,2017-01-10
35,1,841802,35.41,35.79,35.29,35.79,55,ZL.c.0,2017-01-11
35,1,841802,35.78,35.78,35.43,35.66,15,ZL.c.0,2017-01-12
35,1,134195,35.75,36.07,35.5,35.51,55699,ZL.c.0,2017-01-17
35,1,134195,35.55,35.91,35.52,35.64,38413,ZL.c.0,2017-01-18
35,1,134195,35.59,35.82,35.35,35.46,35725,ZL.c.0,2017-01-19
35,1,134195,35.45,35.55,35.11,35.12,35320,ZL.c.0,2017-01-20
35,1,134195,35.15,35.52,35.1,35.17,30659,ZL.c.0,2017-01-23
35,1,134195,35.26,35.59,35.2,35.31,33497,ZL.c.0,2017-01-24
35,1,134195,35.3,35.3,34.75,34.88,46535,ZL.c.0,2017-01-25
35,1,134195,34.94,35.0,34.11,34.41,56533,ZL.c.0,2017-01-26
35,1,134195,34.47,34.52,34.02,34.34,35991,ZL.c.0,2017-01-27
35,1,134195,34.27,34.27,33.33,33.63,47378,ZL.c.0,2017-01-30
35,1,134195,33.65,34.17,33.55,33.83,42068,ZL.c.0,2017-01-31
35,1,134195,33.85,34.43,33.8,34.31,33949,ZL.c.0,2017-02-01
35,1,134195,34.31,34.75,34.15,34.55,39054,ZL.c.0,2017-02-02
35,1,134195,34.55,34.74,33.8,33.84,42374,ZL.c.0,2017-02-03
35,1,134195,33.93,34.48,33.91,34.45,31440,ZL.c.0,2017-02-06
35,1,134195,34.48,34.64,34.09,34.34,29829,ZL.c.0,2017-02-07
35,1,134195,34.27,34.83,34.25,34.66,36551,ZL.c.0,2017-02-08
35,1,134195,34.67,34.98,34.47,34.64,32273,ZL.c.0,2017-02-09
35,1,134195,34.66,34.96,34.36,34.58,28591,ZL.c.0,2017-02-10
35,1,134195,34.64,34.68,34.13,34.21,26736,ZL.c.0,2017-02-13
35,1,134195,34.21,34.32,33.75,34.18,34581,ZL.c.0,2017-02-14
35,1,134195,34.16,34.44,33.91,33.92,32563,ZL.c.0,2017-02-15
35,1,134195,33.98,34.09,33.48,33.58,42549,ZL.c.0,2017-02-16
35,1,134195,33.63,33.65,32.84,32.93,39114,ZL.c.0,2017-02-17
35,1,134195,32.89,33.18,32.5,32.65,25972,ZL.c.0,2017-02-21
35,1,134195,32.71,33.1,32.61,32.81,18741,ZL.c.0,2017-02-22
35,1,134195,32.8,32.91,32.23,32.39,12770,ZL.c.0,2017-02-23
35,1,134195,32.34,32.63,32.32,32.38,6745,ZL.c.0,2017-02-24
35,1,134195,32.41,32.57,32.07,32.41,3957,ZL.c.0,2017-02-27
35,1,134195,32.3,34.44,32.3,33.9,2013,ZL.c.0,2017-02-28
35,1,134195,33.56,34.48,33.56,34.48,258,ZL.c.0,2017-03-01
35,1,134195,34.43,34.43,33.88,33.88,118,ZL.c.0,2017-03-02
35,1,134195,33.88,34.14,33.66,34.14,173,ZL.c.0,2017-03-03
35,1,134195,34.26,34.3,33.83,34.01,92,ZL.c.0,2017-03-06
35,1,134195,33.52,33.67,33.25,33.61,70,ZL.c.0,2017-03-07
35,1,134195,33.42,33.5,33.3,33.3,19,ZL.c.0,2017-03-08
35,1,134195,33.06,33.06,32.88,32.9,26,ZL.c.0,2017-03-09
35,1,134195,32.87,32.87,32.51,32.51,19,ZL.c.0,2017-03-10
35,1,134195,31.88,31.88,31.88,31.88,2,ZL.c.0,2017-03-13
35,1,134195,31.87,31.87,31.83,31.83,6,ZL.c.0,2017-03-14
35,1,457054,32.28,32.69,32.12,32.21,38757,ZL.c.0,2017-03-15
35,1,457054,32.3,32.57,32.11,32.29,44569,ZL.c.0,2017-03-16
35,1,457054,32.27,32.53,32.2,32.28,32662,ZL.c.0,2017-03-17
35,1,457054,32.49,32.89,32.37,32.65,46781,ZL.c.0,2017-03-20
35,1,457054,32.79,33.3,32.59,33.09,58154,ZL.c.0,2017-03-21
35,1,457054,33.15,33.59,32.75,33.48,60936,ZL.c.0,2017-03-22
35,1,457054,33.55,33.94,33.13,33.13,64393,ZL.c.0,2017-03-23
35,1,457054,33.16,33.29,32.2,32.24,54014,ZL.c.0,2017-03-24
35,1,457054,32.26,32.39,31.65,32.27,48091,ZL.c.0,2017-03-27
35,1,457054,32.32,32.64,32.18,32.43,31587,ZL.c.0,2017-03-28
35,1,457054,32.44,32.65,32.17,32.2,30492,ZL.c.0,2017-03-29
35,1,457054,32.25,32.32,31.47,32.0,55336,ZL.c.0,2017-03-30
35,1,457054,31.91,32.11,31.35,31.8,58308,ZL.c.0,2017-03-31
35,1,457054,31.78,32.1,31.35,31.41,34811,ZL.c.0,2017-04-03
35,1,457054,31.49,31.71,31.23,31.39,38020,ZL.c.0,2017-04-04
35,1,457054,31.39,32.01,31.37,31.84,34797,ZL.c.0,2017-04-05
35,1,457054,31.87,32.01,31.26,31.27,33698,ZL.c.0,2017-04-06
35,1,457054,31.29,31.67,31.03,31.58,38964,ZL.c.0,2017-04-07
35,1,457054,31.6,31.8,31.18,31.37,25652,ZL.c.0,2017-04-10
35,1,457054,31.37,31.66,30.86,31.11,37614,ZL.c.0,2017-04-11
35,1,457054,31.13,31.38,30.98,31.24,27589,ZL.c.0,2017-04-12
35,1,457054,31.26,31.48,31.16,31.28,22152,ZL.c.0,2017-04-13
35,1,457054,31.3,31.97,31.21,31.81,35985,ZL.c.0,2017-04-17
35,1,457054,31.78,31.84,31.06,31.19,37932,ZL.c.0,2017-04-18
35,1,457054,31.3,31.71,30.99,31.57,26091,ZL.c.0,2017-04-19
35,1,457054,31.55,32.02,31.45,31.85,16109,ZL.c.0,2017-04-20
35,1,457054,31.81,32.09,31.67,31.95,17297,ZL.c.0,2017-04-21
35,1,457054,32.09,32.35,31.3,31.66,16257,ZL.c.0,2017-04-24
35,1,457054,31.64,31.76,31.26,31.58,9346,ZL.c.0,2017-04-25
35,1,457054,31.58,32.24,31.45,31.93,9329,ZL.c.0,2017-04-26
35,1,457054,31.93,32.11,31.68,31.75,2740,ZL.c.0,2017-04-27
35,1,457054,31.73,31.85,31.36,31.44,885,ZL.c.0,2017-04-28
35,1,457054,31.8,31.96,31.6,31.88,258,ZL.c.0,2017-05-01
35,1,457054,31.88,32.54,31.88,32.35,120,ZL.c.0,2017-05-02
35,1,457054,32.26,32.45,32.07,32.31,112,ZL.c.0,2017-05-03
35,1,457054,32.32,32.69,32.3,32.38,244,ZL.c.0,2017-05-04
35,1,457054,32.49,33.19,32.49,32.74,15,ZL.c.0,2017-05-05
35,1,457054,32.73,32.83,32.73,32.81,80,ZL.c.0,2017-05-08
35,1,457054,32.75,32.86,32.75,32.86,2,ZL.c.0,2017-05-09
35,1,189805,32.84,33.3,32.8,33.09,36327,ZL.c.0,2017-05-15
35,1,189805,33.04,33.38,32.93,33.0,33450,ZL.c.0,2017-05-16
35,1,189805,33.02,33.39,32.96,33.12,32628,ZL.c.0,2017-05-17
35,1,189805,33.15,33.15,32.25,32.45,77843,ZL.c.0,2017-05-18
35,1,189805,32.5,33.08,32.41,33.05,41939,ZL.c.0,2017-05-19
35,1,189805,33.13,33.44,32.9,32.98,36909,ZL.c.0,2017-05-22
35,1,189805,32.94,33.12,32.3,32.39,43732,ZL.c.0,2017-05-23
35,1,189805,32.4,32.57,32.16,32.32,36462,ZL.c.0,2017-05-24
35,1,189805,32.28,32.57,32.01,32.03,30637,ZL.c.0,2017-05-25
35,1,189805,32.1,32.13,31.55,31.6,40401,ZL.c.0,2017-05-26
35,1,189805,31.6,31.73,31.14,31.37,46493,ZL.c.0,2017-05-30
35,1,189805,31.42,31.58,31.2,31.32,40843,ZL.c.0,2017-05-31
35,1,189805,31.4,31.58,31.18,31.27,38097,ZL.c.0,2017-06-01
35,1,189805,31.29,31.41,30.96,31.05,40667,ZL.c.0,2017-06-02
35,1,189805,31.14,31.35,30.89,31.29,29762,ZL.c.0,2017-06-05
35,1,189805,31.31,31.72,31.16,31.42,39228,ZL.c.0,2017-06-06
35,1,189805,31.41,31.52,31.18,31.36,32113,ZL.c.0,2017-06-07
35,1,189805,31.33,31.93,31.23,31.77,39672,ZL.c.0,2017-06-08
35,1,189805,31.79,32.34,31.61,32.29,56947,ZL.c.0,2017-06-09
35,1,189805,32.35,32.47,31.89,31.9,33468,ZL.c.0,2017-06-12
35,1,189805,31.96,32.24,31.81,32.14,26645,ZL.c.0,2017-06-13
35,1,189805,32.09,32.28,31.96,32.07,23577,ZL.c.0,2017-06-14
35,1,189805,32.11,32.82,31.93,32.78,45432,ZL.c.0,2017-06-15
35,1,189805,32.7,33.2,32.61,33.14,45737,ZL.c.0,2017-06-16
35,1,189805,33.15,33.38,32.77,32.81,36950,ZL.c.0,2017-06-19
35,1,189805,32.82,32.96,31.96,32.05,52666,ZL.c.0,2017-06-20
35,1,189805,32.02,32.26,31.71,31.94,33057,ZL.c.0,2017-06-21
35,1,189805,31.88,32.04,31.52,31.62,29997,ZL.c.0,2017-06-22
35,1,189805,31.59,31.75,31.4,31.69,20837,ZL.c.0,2017-06-23
35,1,189805,31.66,31.8,31.5,31.58,12945,ZL.c.0,2017-06-26
35,1,189805,31.52,32.24,31.52,32.07,16806,ZL.c.0,2017-06-27
35,1,189805,32.07,32.3,31.86,32.13,12448,ZL.c.0,2017-06-28
35,1,189805,32.13,32.69,32.1,32.44,6546,ZL.c.0,2017-06-29
35,1,189805,32.36,33.05,32.3,32.96,556,ZL.c.0,2017-06-30
35,1,189805,33.42,33.54,33.09,33.11,727,ZL.c.0,2017-07-03
35,1,189805,33.53,33.53,32.01,33.17,437,ZL.c.0,2017-07-05
35,1,189805,33.05,33.1,32.69,32.83,229,ZL.c.0,2017-07-06
35,1,189805,32.8,33.04,32.59,32.75,108,ZL.c.0,2017-07-07
35,1,189805,33.21,33.65,33.2,33.64,58,ZL.c.0,2017-07-10
35,1,189805,33.83,33.83,33.45,33.68,42,ZL.c.0,2017-07-11
35,1,189805,33.5,33.5,33.5,33.5,1,ZL.c.0,2017-07-12
35,1,189805,33.07,33.08,33.06,33.07,40,ZL.c.0,2017-07-13
35,1,189805,32.93,32.93,32.93,32.93,2,ZL.c.0,2017-07-14
35,1,649428,33.27,33.48,32.97,33.01,9056,ZL.c.0,2017-07-17
35,1,649428,33.11,33.6,33.05,33.16,13016,ZL.c.0,2017-07-18
35,1,649428,33.16,33.69,33.03,33.47,10840,ZL.c.0,2017-07-19
35,1,649428,33.46,34.03,33.42,33.97,13591,ZL.c.0,2017-07-20
35,1,649428,33.89,33.96,33.64,33.81,9210,ZL.c.0,2017-07-21
35,1,649428,33.6,33.72,33.23,33.63,8801,ZL.c.0,2017-07-24
35,1,649428,33.96,34.14,33.45,33.46,11557,ZL.c.0,2017-07-25
35,1,649428,33.49,33.87,33.38,33.77,5081,ZL.c.0,2017-07-26
35,1,649428,33.73,34.2,33.66,33.81,6585,ZL.c.0,2017-07-27
35,1,649428,33.76,35.16,33.55,34.62,6758,ZL.c.0,2017-07-28
35,1,649428,34.7,34.81,34.33,34.74,1334,ZL.c.0,2017-07-31
35,1,649428,34.62,34.66,33.81,33.84,1216,ZL.c.0,2017-08-01
35,1,649428,33.88,34.18,33.88,34.07,227,ZL.c.0,2017-08-02
35,1,649428,34.13,34.13,33.24,33.37,243,ZL.c.0,2017-08-03
35,1,649428,33.37,33.69,33.37,33.64,106,ZL.c.0,2017-08-04
35,1,649428,33.34,33.51,33.26,33.51,73,ZL.c.0,2017-08-07
35,1,649428,33.81,33.92,33.8,33.81,18,ZL.c.0,2017-08-08
35,1,649428,33.88,33.94,33.73,33.9,59,ZL.c.0,2017-08-09
35,1,649428,34.38,34.6,33.49,33.78,82,ZL.c.0,2017-08-10
35,1,649428,33.7,33.7,33.62,33.62,36,ZL.c.0,2017-08-11
35,1,718058,33.35,33.41,32.7,32.78,13161,ZL.c.0,2017-08-15
35,1,718058,32.76,33.0,32.62,32.91,10093,ZL.c.0,2017-08-16
35,1,718058,32.86,33.34,32.86,33.17,7861,ZL.c.0,2017-08-17
35,1,718058,33.19,33.81,33.13,33.73,10979,ZL.c.0,2017-08-18
35,1,718058,33.6,34.07,33.46,33.75,7086,ZL.c.0,2017-08-21
35,1,718058,33.79,34.18,33.71,34.04,7734,ZL.c.0,2017-08-22
35,1,718058,34.81,35.01,34.36,34.67,10744,ZL.c.0,2017-08-23
35,1,718058,34.69,35.13,34.6,34.8,8792,ZL.c.0,2017-08-24
35,1,718058,34.79,34.84,34.44,34.54,8556,ZL.c.0,2017-08-25
35,1,718058,34.56,34.9,34.41,34.58,4489,ZL.c.0,2017-08-28
35,1,718058,34.59,34.6,34.15,34.26,5657,ZL.c.0,2017-08-29
35,1,718058,34.27,34.53,34.08,34.38,2940,ZL.c.0,2017-08-30
35,1,718058,34.33,34.84,34.25,34.75,486,ZL.c.0,2017-08-31
35,1,718058,34.73,35.37,34.71,35.33,758,ZL.c.0,2017-09-01
35,1,718058,35.5,35.6,35.01,35.11,354,ZL.c.0,2017-09-05
35,1,718058,35.22,35.4,34.91,35.19,229,ZL.c.0,2017-09-06
35,1,718058,35.21,35.21,35.06,35.06,259,ZL.c.0,2017-09-07
35,1,718058,35.0,35.07,34.78,34.78,29,ZL.c.0,2017-09-08
35,1,718058,34.59,34.76,34.59,34.64,128,ZL.c.0,2017-09-11
35,1,718058,34.79,34.87,34.61,34.61,199,ZL.c.0,2017-09-12
35,1,718058,34.84,34.88,34.84,34.88,4,ZL.c.0,2017-09-13
35,1,718058,34.88,34.88,34.75,34.8,8,ZL.c.0,2017-09-14
35,1,437299,34.8,34.95,34.45,34.51,7973,ZL.c.0,2017-09-15
35,1,437299,34.5,34.69,34.16,34.2,10198,ZL.c.0,2017-09-18
35,1,437299,34.24,34.63,33.99,34.55,8422,ZL.c.0,2017-09-19
35,1,437299,34.56,34.81,34.38,34.67,6204,ZL.c.0,2017-09-20
35,1,437299,34.75,34.75,34.08,34.09,6905,ZL.c.0,2017-09-21
35,1,437299,34.1,34.37,33.92,33.99,8293,ZL.c.0,2017-09-22
35,1,437299,33.95,34.05,33.63,33.79,9851,ZL.c.0,2017-09-25
35,1,437299,33.78,34.07,33.06,33.19,8331,ZL.c.0,2017-09-26
35,1,437299,33.24,33.49,32.9,33.0,4697,ZL.c.0,2017-09-27
35,1,437299,33.04,33.04,32.56,32.63,3273,ZL.c.0,2017-09-28
35,1,437299,32.59,32.85,32.41,32.57,717,ZL.c.0,2017-09-29
35,1,437299,32.61,32.62,32.12,32.2,95,ZL.c.0,2017-10-02
35,1,437299,32.35,32.53,32.24,32.53,50,ZL.c.0,2017-10-03
35,1,437299,32.44,32.78,32.44,32.71,85,ZL.c.0,2017-10-04
35,1,437299,33.11,33.17,32.76,32.78,1614,ZL.c.0,2017-10-05
35,1,437299,32.88,32.88,32.59,32.63,16,ZL.c.0,2017-10-06
35,1,437299,32.81,32.97,32.81,32.97,73,ZL.c.0,2017-10-09
35,1,437299,32.88,32.91,32.82,32.91,34,ZL.c.0,2017-10-10
35,1,437299,32.79,32.93,32.79,32.93,7,ZL.c.0,2017-10-11
35,1,437299,33.08,33.1,32.95,32.98,144,ZL.c.0,2017-10-12
35,1,437299,33.5,33.5,33.5,33.5,1,ZL.c.0,2017-10-13
35,1,890675,33.6,33.91,33.55,33.61,33220,ZL.c.0,2017-10-16
35,1,890675,33.66,33.74,33.35,33.64,31690,ZL.c.0,2017-10-17
35,1,890675,33.59,33.68,33.3,33.37,29476,ZL.c.0,2017-10-18
35,1,890675,33.43,33.87,33.28,33.81,46663,ZL.c.0,2017-10-19
35,1,890675,33.78,34.47,33.72,34.16,58653,ZL.c.0,2017-10-20
35,1,890675,34.16,34.65,34.04,34.56,47904,ZL.c.0,2017-10-23
35,1,890675,34.62,34.65,34.3,34.34,38744,ZL.c.0,2017-10-24
35,1,890675,34.35,34.69,34.2,34.25,44246,ZL.c.0,2017-10-25
35,1,890675,34.3,34.63,34.29,34.51,32502,ZL.c.0,2017-10-26
35,1,890675,34.5,34.9,34.35,34.83,38402,ZL.c.0,2017-10-27
35,1,890675,34.89,35.13,34.41,34.64,39847,ZL.c.0,2017-10-30
35,1,890675,34.68,34.79,34.48,34.67,33991,ZL.c.0,2017-10-31
35,1,890675,34.69,35.05,34.64,34.85,42287,ZL.c.0,2017-11-01
35,1,890675,34.83,35.1,34.59,34.82,39182,ZL.c.0,2017-11-02
35,1,890675,34.85,34.86,34.27,34.39,43849,ZL.c.0,2017-11-03
35,1,890675,34.4,34.99,34.26,34.71,41692,ZL.c.0,2017-11-06
35,1,890675,34.66,35.12,34.61,34.96,37395,ZL.c.0,2017-11-07
35,1,890675,34.97,35.4,34.92,35.36,40470,ZL.c.0,2017-11-08
35,1,890675,35.38,35.44,35.05,35.15,48054,ZL.c.0,2017-11-09
35,1,890675,35.07,35.16,34.77,34.78,27340,ZL.c.0,2017-11-10
35,1,890675,34.82,34.83,34.28,34.33,36718,ZL.c.0,2017-11-13
35,1,890675,34.33,34.4,34.01,34.04,34708,ZL.c.0,2017-11-14
35,1,890675,34.04,34.77,34.01,34.7,40379,ZL.c.0,2017-11-15
35,1,890675,34.69,34.85,34.38,34.46,33082,ZL.c.0,2017-11-16
35,1,890675,34.52,34.65,34.15,34.47,33195,ZL.c.0,2017-11-17
35,1,890675,34.38,34.42,33.69,33.94,45612,ZL.c.0,2017-11-20
35,1,890675,33.96,34.35,33.9,34.14,24273,ZL.c.0,2017-11-21
35,1,890675,34.17,34.48,33.96,34.0,20300,ZL.c.0,2017-11-22
35,1,890675,34.06,34.08,33.68,33.94,11074,ZL.c.0,2017-11-24
35,1,890675,33.98,34.17,33.44,33.66,16286,ZL.c.0,2017-11-27
35,1,890675,33.6,34.01,33.53,33.89,7106,ZL.c.0,2017-11-28
35,1,890675,33.91,34.03,33.64,33.92,5468,ZL.c.0,2017-11-29
35,1,890675,33.95,34.55,33.6,33.77,1296,ZL.c.0,2017-11-30
35,1,890675,33.86,33.94,33.56,33.65,294,ZL.c.0,2017-12-01
35,1,890675,33.85,33.86,33.36,33.36,303,ZL.c.0,2017-12-04
35,1,890675,33.34,33.44,33.25,33.41,1616,ZL.c.0,2017-12-05
35,1,890675,33.34,33.43,33.03,33.03,118,ZL.c.0,2017-12-06
35,1,890675,33.1,33.26,32.81,33.23,160,ZL.c.0,2017-12-07
35,1,890675,33.16,33.49,32.99,33.49,165,ZL.c.0,2017-12-08
35,1,890675,33.38,33.51,33.31,33.36,48,ZL.c.0,2017-12-11
35,1,890675,33.33,33.33,33.17,33.17,15,ZL.c.0,2017-12-12
35,1,890675,33.12,33.12,33.06,33.06,9,ZL.c.0,2017-12-13
35,1,890675,32.97,32.97,32.92,32.92,6,ZL.c.0,2017-12-14
35,1,105049,33.16,33.66,32.97,33.21,44460,ZL.c.0,2017-12-15
35,1,105049,33.22,33.4,33.0,33.08,21409,ZL.c.0,2017-12-18
35,1,105049,33.14,33.31,33.05,33.2,19546,ZL.c.0,2017-12-19
35,1,105049,33.24,33.48,32.89,32.94,26826,ZL.c.0,2017-12-20
35,1,105049,32.96,33.01,32.51,32.63,14552,ZL.c.0,2017-12-21
35,1,105049,32.65,32.86,32.52,32.71,6673,ZL.c.0,2017-12-22
35,1,105049,32.81,33.33,32.81,33.23,7024,ZL.c.0,2017-12-26
35,1,105049,33.24,33.45,33.01,33.08,5359,ZL.c.0,2017-12-27
35,1,105049,33.05,33.12,32.32,32.53,3461,ZL.c.0,2017-12-28
35,1,105049,32.48,33.16,32.44,33.06,649,ZL.c.0,2017-12-29
35,1,105049,33.37,33.39,33.1,33.38,358,ZL.c.0,2018-01-02
35,1,105049,33.38,33.75,33.38,33.75,153,ZL.c.0,2018-01-03
35,1,105049,33.7,33.75,33.6,33.75,196,ZL.c.0,2018-01-04
35,1,105049,33.73,33.74,33.66,33.69,201,ZL.c.0,2018-01-05
35,1,105049,33.51,33.69,33.28,33.3,79,ZL.c.0,2018-01-08
35,1,105049,33.43,33.6,33.31,33.56,66,ZL.c.0,2018-01-09
35,1,105049,33.61,33.62,33.21,33.21,13,ZL.c.0,2018-01-10
35,1,105049,33.32,33.32,33.32,33.32,1,ZL.c.0,2018-01-11
35,1,792971,33.25,33.34,32.69,32.76,42649,ZL.c.0,2018-01-16
35,1,792971,32.77,32.83,32.41,32.49,41319,ZL.c.0,2018-01-17
35,1,792971,32.49,32.68,32.21,32.29,43909,ZL.c.0,2018-01-18
35,1,792971,32.28,32.35,32.12,32.3,40853,ZL.c.0,2018-01-19
35,1,792971,32.3,32.46,32.1,32.13,42114,ZL.c.0,2018-01-22
35,1,792971,32.22,32.66,32.17,32.52,49083,ZL.c.0,2018-01-23
35,1,792971,32.53,32.8,32.52,32.69,39078,ZL.c.0,2018-01-24
35,1,792971,32.7,32.85,32.46,32.48,39165,ZL.c.0,2018-01-25
35,1,792971,32.59,32.92,32.5,32.83,38242,ZL.c.0,2018-01-26
35,1,792971,32.9,32.97,32.72,32.86,33760,ZL.c.0,2018-01-29
35,1,792971,32.97,33.11,32.62,33.08,48874,ZL.c.0,2018-01-30
35,1,792971,33.11,33.14,32.92,33.05,33573,ZL.c.0,2018-01-31
35,1,792971,33.0,33.2,32.83,32.86,41484,ZL.c.0,2018-02-01
35,1,792971,32.9,32.92,32.48,32.52,41180,ZL.c.0,2018-02-02
35,1,792971,32.52,32.79,32.39,32.54,31957,ZL.c.0,2018-02-05
35,1,792971,32.53,33.31,32.36,33.14,63715,ZL.c.0,2018-02-06
35,1,792971,33.2,33.29,32.49,32.56,59593,ZL.c.0,2018-02-07
35,1,792971,32.71,32.71,32.19,32.21,48062,ZL.c.0,2018-02-08
35,1,792971,32.25,32.53,31.94,32.04,46760,ZL.c.0,2018-02-09
35,1,792971,32.15,32.36,31.81,31.88,43348,ZL.c.0,2018-02-12
35,1,792971,31.83,32.01,31.4,31.59,49136,ZL.c.0,2018-02-13
35,1,792971,31.56,31.86,31.42,31.78,40913,ZL.c.0,2018-02-14
35,1,792971,31.8,31.97,31.6,31.69,30639,ZL.c.0,2018-02-15
35,1,792971,31.78,31.84,31.48,31.49,23558,ZL.c.0,2018-02-16
35,1,792971,31.64,31.89,31.42,31.85,24279,ZL.c.0,2018-02-20
35,1,792971,31.85,32.26,31.73,32.02,22793,ZL.c.0,2018-02-21
35,1,792971,32.09,32.18,31.9,32.04,10666,ZL.c.0,2018-02-22
35,1,792971,32.1,32.55,32.05,32.28,16640,ZL.c.0,2018-02-23
35,1,792971,32.36,32.72,32.36,32.56,7880,ZL.c.0,2018-02-26
35,1,792971,32.62,32.65,32.14,32.22,5210,ZL.c.0,2018-02-27
35,1,792971,32.22,32.4,31.94,31.96,968,ZL.c.0,2018-02-28
35,1,792971,32.04,32.3,31.66,32.21,697,ZL.c.0,2018-03-01
35,1,792971,32.09,32.63,32.05,32.27,227,ZL.c.0,2018-03-02
35,1,792971,32.15,32.25,31.97,32.0,185,ZL.c.0,2018-03-05
35,1,792971,32.26,32.31,32.06,32.31,17,ZL.c.0,2018-03-06
35,1,792971,32.19,32.19,31.88,31.88,107,ZL.c.0,2018-03-07
35,1,792971,31.81,31.86,31.72,31.73,18,ZL.c.0,2018-03-08
35,1,792971,31.47,31.53,31.28,31.45,12,ZL.c.0,2018-03-09
35,1,792971,31.42,31.43,31.42,31.43,2,ZL.c.0,2018-03-12
35,1,470115,31.73,32.15,31.64,32.06,57430,ZL.c.0,2018-03-15
35,1,470115,32.08,32.28,31.85,32.12,50269,ZL.c.0,2018-03-16
35,1,470115,32.06,32.12,31.72,32.04,44983,ZL.c.0,2018-03-19
35,1,470115,32.06,32.15,31.52,31.74,43425,ZL.c.0,2018-03-20
35,1,470115,31.71,32.5,31.62,32.36,59851,ZL.c.0,2018-03-21
35,1,470115,32.35,32.41,31.71,31.89,47642,ZL.c.0,2018-03-22
35,1,470115,31.86,31.98,31.37,31.38,58003,ZL.c.0,2018-03-23
35,1,470115,31.5,31.73,31.39,31.47,34383,ZL.c.0,2018-03-26
35,1,470115,31.46,31.64,31.35,31.58,28024,ZL.c.0,2018-03-27
35,1,470115,31.58,31.89,31.4,31.63,35633,ZL.c.0,2018-03-28
35,1,470115,31.62,32.15,31.42,31.96,48132,ZL.c.0,2018-03-29
35,1,470115,32.03,32.24,31.9,32.04,34506,ZL.c.0,2018-04-02
35,1,470115,32.01,32.73,31.95,32.38,58430,ZL.c.0,2018-04-03
35,1,470115,32.34,32.43,31.37,31.75,67719,ZL.c.0,2018-04-04
35,1,470115,31.78,31.82,31.52,31.74,27699,ZL.c.0,2018-04-05
35,1,470115,31.63,31.77,31.46,31.57,28883,ZL.c.0,2018-04-06
35,1,470115,31.53,31.75,31.29,31.55,39017,ZL.c.0,2018-04-09
35,1,470115,31.49,31.89,31.44,31.82,42521,ZL.c.0,2018-04-10
35,1,470115,31.85,31.92,31.44,31.53,36864,ZL.c.0,2018-04-11
35,1,470115,31.53,31.73,31.4,31.66,22682,ZL.c.0,2018-04-12
35,1,470115,31.68,31.81,31.44,31.45,23147,ZL.c.0,2018-04-13
35,1,470115,31.48,31.58,31.14,31.27,31301,ZL.c.0,2018-04-16
35,1,470115,31.27,31.41,31.16,31.19,21393,ZL.c.0,2018-04-17
35,1,470115,31.25,31.43,31.16,31.35,19628,ZL.c.0,2018-04-18
35,1,470115,31.41,31.57,31.33,31.4,12923,ZL.c.0,2018-04-19
35,1,470115,31.42,31.49,31.25,31.29,13686,ZL.c.0,2018-04-20
35,1,470115,31.26,31.4,30.89,30.96,14850,ZL.c.0,2018-04-23
35,1,470115,31.07,31.29,30.95,31.01,7947,ZL.c.0,2018-04-24
35,1,470115,31.0,31.07,30.73,30.78,7087,ZL.c.0,2018-04-25
35,1,470115,30.79,30.92,30.74,30.78,4760,ZL.c.0,2018-04-26
35,1,470115,30.78,30.81,30.25,30.54,4721,ZL.c.0,2018-04-27
35,1,470115,30.43,30.55,30.32,30.37,868,ZL.c.0,2018-04-30
35,1,470115,30.49,30.49,29.95,30.1,246,ZL.c.0,2018-05-01
35,1,470115,30.24,30.41,30.24,30.37,77,ZL.c.0,2018-05-02
35,1,470115,30.36,30.62,30.2,30.57,116,ZL.c.0,2018-05-03
35,1,470115,30.35,30.66,30.31,30.55,187,ZL.c.0,2018-05-04
35,1,470115,30.51,30.7,30.51,30.68,145,ZL.c.0,2018-05-07
35,1,470115,30.56,30.68,30.45,30.5,70,ZL.c.0,2018-05-08
35,1,470115,30.89,30.89,30.85,30.85,69,ZL.c.0,2018-05-09
35,1,470115,30.9,31.0,30.8,30.98,188,ZL.c.0,2018-05-10
35,1,470115,31.0,31.19,30.96,31.08,98,ZL.c.0,2018-05-11
35,1,470115,31.14,31.14,31.14,31.14,10,ZL.c.0,2018-05-14
35,1,881249,31.34,31.36,31.01,31.11,36491,ZL.c.0,2018-05-15
35,1,881249,31.05,31.09,30.55,30.6,46477,ZL.c.0,2018-05-16
35,1,881249,30.65,31.28,30.6,30.94,56631,ZL.c.0,2018-05-17
35,1,881249,30.96,31.41,30.94,31.05,46159,ZL.c.0,2018-05-18
35,1,881249,31.18,31.44,31.09,31.43,36654,ZL.c.0,2018-05-21
35,1,881249,31.42,31.8,31.38,31.46,41380,ZL.c.0,2018-05-22
35,1,881249,31.51,31.85,31.44,31.67,40159,ZL.c.0,2018-05-23
35,1,881249,31.61,32.05,31.6,31.74,43863,ZL.c.0,2018-05-24
35,1,881249,31.68,31.73,31.25,31.31,36229,ZL.c.0,2018-05-25
35,1,881249,31.3,31.46,31.04,31.24,34014,ZL.c.0,2018-05-29
35,1,881249,31.21,31.54,31.12,31.47,46919,ZL.c.0,2018-05-30
35,1,881249,31.5,31.65,31.07,31.15,41076,ZL.c.0,2018-05-31
35,1,881249,31.14,31.5,31.14,31.23,46849,ZL.c.0,2018-06-01
35,1,881249,31.19,31.27,30.81,30.96,47821,ZL.c.0,2018-06-04
35,1,881249,30.93,31.0,30.71,30.79,32518,ZL.c.0,2018-06-05
35,1,881249,30.74,30.92,30.63,30.65,30315,ZL.c.0,2018-06-06
35,1,881249,30.62,30.82,30.57,30.6,33429,ZL.c.0,2018-06-07
35,1,881249,30.57,30.67,30.27,30.51,40173,ZL.c.0,2018-06-08
35,1,881249,30.41,30.69,30.4,30.55,27310,ZL.c.0,2018-06-11
35,1,881249,30.6,30.73,30.02,30.05,46706,ZL.c.0,2018-06-12
35,1,881249,30.09,30.23,30.01,30.05,38965,ZL.c.0,2018-06-13
35,1,881249,30.08,30.2,29.78,30.07,38942,ZL.c.0,2018-06-14
35,1,881249,30.04,30.05,29.45,29.48,49184,ZL.c.0,2018-06-15
35,1,881249,29.53,29.65,29.39,29.53,26024,ZL.c.0,2018-06-18
35,1,881249,29.48,29.59,27.79,28.89,71325,ZL.c.0,2018-06-19
35,1,881249,29.0,29.42,28.95,29.32,41570,ZL.c.0,2018-06-20
35,1,881249,29.37,29.45,29.01,29.23,25241,ZL.c.0,2018-06-21
35,1,881249,29.2,29.46,29.18,29.23,18034,ZL.c.0,2018-06-22
35,1,881249,29.22,29.27,28.91,29.0,10710,ZL.c.0,2018-06-25
35,1,881249,28.9,29.19,28.89,28.91,10660,ZL.c.0,2018-06-26
35,1,881249,28.91,29.18,28.89,28.97,8166,ZL.c.0,2018-06-27
35,1,881249,28.9,29.27,28.86,28.95,4900,ZL.c.0,2018-06-28
35,1,881249,28.95,29.38,28.89,29.08,844,ZL.c.0,2018-06-29
35,1,881249,29.1,29.12,28.72,28.81,180,ZL.c.0,2018-07-02
35,1,881249,28.81,28.85,28.58,28.7,212,ZL.c.0,2018-07-03
35,1,881249,28.62,28.62,28.45,28.49,131,ZL.c.0,2018-07-05
35,1,881249,28.4,28.88,28.36,28.88,61,ZL.c.0,2018-07-06
35,1,881249,28.86,28.86,28.73,28.75,54,ZL.c.0,2018-07-09
35,1,881249,28.72,28.84,28.72,28.81,48,ZL.c.0,2018-07-10
35,1,881249,28.85,28.85,28.43,28.44,78,ZL.c.0,2018-07-11
35,1,881249,28.29,28.3,28.26,28.3,40,ZL.c.0,2018-07-12
35,1,278048,27.95,27.97,27.6,27.64,6715,ZL.c.0,2018-07-16
35,1,278048,27.77,27.91,27.57,27.75,8694,ZL.c.0,2018-07-17
35,1,278048,27.73,28.1,27.73,28.06,8189,ZL.c.0,2018-07-18
35,1,278048,28.08,28.12,27.71,27.84,7576,ZL.c.0,2018-07-19
35,1,278048,27.83,28.27,27.71,28.27,6881,ZL.c.0,2018-07-20
35,1,278048,28.24,28.31,27.96,27.98,3734,ZL.c.0,2018-07-23
35,1,278048,27.98,28.28,27.86,28.25,4942,ZL.c.0,2018-07-24
35,1,278048,28.25,28.47,28.17,28.41,5239,ZL.c.0,2018-07-25
35,1,278048,28.43,28.69,28.11,28.16,7242,ZL.c.0,2018-07-26
35,1,278048,28.15,28.58,28.11,28.49,6811,ZL.c.0,2018-07-27
35,1,278048,28.54,28.66,28.25,28.38,3222,ZL.c.0,2018-07-30
35,1,278048,28.35,28.8,28.32,28.74,836,ZL.c.0,2018-07-31
35,1,278048,28.68,28.68,28.49,28.53,201,ZL.c.0,2018-08-01
35,1,278048,28.39,28.39,27.96,28.25,202,ZL.c.0,2018-08-02
35,1,278048,28.2,28.37,28.03,28.37,82,ZL.c.0,2018-08-03
35,1,278048,28.37,28.38,28.21,28.38,30,ZL.c.0,2018-08-06
35,1,278048,28.35,28.56,28.35,28.54,14,ZL.c.0,2018-08-07
35,1,278048,28.59,28.72,28.39,28.45,199,ZL.c.0,2018-08-08
35,1,278048,28.44,28.46,28.4,28.4,55,ZL.c.0,2018-08-09
35,1,278048,28.5,28.51,28.2,28.23,61,ZL.c.0,2018-08-10
35,1,278048,27.94,28.15,27.94,28.15,9,ZL.c.0,2018-08-13
35,1,278048,28.06,28.07,28.06,28.07,4,ZL.c.0,2018-08-14
35,1,456594,28.26,28.29,27.74,27.93,7304,ZL.c.0,2018-08-15
35,1,456594,27.88,28.25,27.81,28.1,6598,ZL.c.0,2018-08-16
35,1,456594,28.15,28.4,28.07,28.31,3845,ZL.c.0,2018-08-17
35,1,456594,28.4,28.61,28.32,28.57,4661,ZL.c.0,2018-08-20
35,1,456594,28.46,28.76,28.27,28.58,6658,ZL.c.0,2018-08-21
35,1,456594,28.54,28.61,28.14,28.25,5902,ZL.c.0,2018-08-22
35,1,456594,28.25,28.25,27.96,28.08,5866,ZL.c.0,2018-08-23
35,1,456594,28.03,28.48,28.01,28.18,6985,ZL.c.0,2018-08-24
35,1,456594,28.12,28.51,27.91,28.41,6304,ZL.c.0,2018-08-27
35,1,456594,28.37,28.57,28.12,28.19,4510,ZL.c.0,2018-08-28
35,1,456594,28.19,28.32,28.0,28.0,3404,ZL.c.0,2018-08-29
35,1,456594,28.0,28.31,27.95,28.29,3633,ZL.c.0,2018-08-30
35,1,456594,28.2,28.44,28.12,28.38,320,ZL.c.0,2018-08-31
35,1,456594,28.4,28.58,28.27,28.37,229,ZL.c.0,2018-09-04
35,1,456594,28.37,28.37,28.13,28.13,95,ZL.c.0,2018-09-05
35,1,456594,28.15,28.25,28.1,28.18,59,ZL.c.0,2018-09-06
35,1,456594,28.1,28.1,27.86,27.96,33,ZL.c.0,2018-09-07
35,1,456594,27.9,28.03,27.9,28.03,33,ZL.c.0,2018-09-10
35,1,456594,27.84,27.86,27.76,27.76,6,ZL.c.0,2018-09-11
35,1,456594,27.57,27.63,27.57,27.63,5,ZL.c.0,2018-09-13
35,1,304126,27.51,27.63,27.37,27.49,4083,ZL.c.0,2018-09-17
35,1,304126,27.43,27.46,27.09,27.11,4231,ZL.c.0,2018-09-18
35,1,304126,27.17,27.28,26.88,27.28,6015,ZL.c.0,2018-09-19
35,1,304126,27.18,27.9,27.08,27.56,6890,ZL.c.0,2018-09-20
35,1,304126,27.6,28.24,27.37,28.22,9948,ZL.c.0,2018-09-21
35,1,304126,28.1,28.55,27.89,28.22,7095,ZL.c.0,2018-09-24
35,1,304126,28.23,28.45,28.1,28.36,4906,ZL.c.0,2018-09-25
35,1,304126,28.38,28.62,28.29,28.46,4474,ZL.c.0,2018-09-26
35,1,304126,28.49,28.9,28.38,28.82,2165,ZL.c.0,2018-09-27
35,1,304126,28.8,29.11,28.59,28.69,273,ZL.c.0,2018-09-28
35,1,304126,28.7,29.08,28.52,28.9,183,ZL.c.0,2018-10-01
35,1,304126,28.96,29.36,28.93,29.3,59,ZL.c.0,2018-10-02
35,1,304126,29.45,29.56,29.38,29.5,49,ZL.c.0,2018-10-03
35,1,304126,29.55,29.66,29.28,29.28,37,ZL.c.0,2018-10-04
35,1,304126,29.14,29.14,29.06,29.09,71,ZL.c.0,2018-10-05
35,1,304126,29.1,29.34,28.91,29.34,49,ZL.c.0,2018-10-08
35,1,304126,28.99,28.99,28.99,28.99,2,ZL.c.0,2018-10-09
35,1,304126,28.47,28.47,28.47,28.47,1,ZL.c.0,2018-10-11
35,1,779928,29.4,29.78,29.31,29.78,38639,ZL.c.0,2018-10-15
35,1,779928,29.8,29.88,29.57,29.68,38355,ZL.c.0,2018-10-16
35,1,779928,29.71,29.81,29.53,29.56,31558,ZL.c.0,2018-10-17
35,1,779928,29.54,29.57,29.0,29.03,37392,ZL.c.0,2018-10-18
35,1,779928,29.17,29.44,28.96,29.13,33981,ZL.c.0,2018-10-19
35,1,779928,29.14,29.32,29.06,29.17,28273,ZL.c.0,2018-10-22
35,1,779928,29.17,29.19,28.72,28.76,36562,ZL.c.0,2018-10-23
35,1,779928,28.72,28.81,28.54,28.61,37621,ZL.c.0,2018-10-24
35,1,779928,28.61,28.65,28.29,28.43,37713,ZL.c.0,2018-10-25
35,1,779928,28.39,28.46,28.1,28.13,35889,ZL.c.0,2018-10-26
35,1,779928,28.22,28.37,27.88,27.93,36474,ZL.c.0,2018-10-29
35,1,779928,27.89,28.04,27.75,27.99,33440,ZL.c.0,2018-10-30
35,1,779928,28.0,28.14,27.81,28.01,35024,ZL.c.0,2018-10-31
35,1,779928,28.03,28.47,27.89,28.31,50622,ZL.c.0,2018-11-01
35,1,779928,28.34,28.56,28.1,28.22,37266,ZL.c.0,2018-11-02
35,1,779928,28.22,28.29,27.81,27.88,35279,ZL.c.0,2018-11-05
35,1,779928,27.92,28.05,27.77,27.93,30748,ZL.c.0,2018-11-06
35,1,779928,27.91,28.24,27.83,28.23,30582,ZL.c.0,2018-11-07
35,1,779928,28.2,28.26,27.76,28.06,39937,ZL.c.0,2018-11-08
35,1,779928,28.02,28.06,27.61,27.65,32774,ZL.c.0,2018-11-09
35,1,779928,27.65,27.81,27.6,27.71,18766,ZL.c.0,2018-11-12
35,1,779928,27.66,27.81,27.45,27.59,31814,ZL.c.0,2018-11-13
35,1,779928,27.55,27.68,27.39,27.57,21828,ZL.c.0,2018-11-14
35,1,779928,27.58,27.77,27.57,27.68,23249,ZL.c.0,2018-11-15
35,1,779928,27.76,27.85,27.29,27.45,29546,ZL.c.0,2018-11-16
35,1,779928,27.42,27.47,27.26,27.33,22534,ZL.c.0,2018-11-19
35,1,779928,27.34,27.55,27.17,27.32,22152,ZL.c.0,2018-11-20
35,1,779928,27.36,27.87,27.32,27.85,23806,ZL.c.0,2018-11-21
35,1,779928,27.75,27.82,27.55,27.6,11860,ZL.c.0,2018-11-23
35,1,779928,27.68,27.76,26.95,26.97,17495,ZL.c.0,2018-11-26
35,1,779928,26.99,27.35,26.95,27.16,7636,ZL.c.0,2018-11-27
35,1,779928,27.17,27.75,27.17,27.72,8035,ZL.c.0,2018-11-28
35,1,779928,27.72,27.84,27.59,27.68,4122,ZL.c.0,2018-11-29
35,1,779928,27.74,27.88,27.63,27.84,445,ZL.c.0,2018-11-30
35,1,779928,28.19,28.28,28.07,28.28,221,ZL.c.0,2018-12-03
35,1,779928,28.26,28.6,28.2,28.58,173,ZL.c.0,2018-12-04
35,1,779928,28.64,28.71,28.54,28.65,58,ZL.c.0,2018-12-05
35,1,779928,28.49,28.52,28.27,28.52,33,ZL.c.0,2018-12-06
35,1,779928,28.45,28.58,28.41,28.41,70,ZL.c.0,2018-12-07
35,1,779928,28.59,28.59,28.52,28.52,30,ZL.c.0,2018-12-10
35,1,779928,28.5,28.72,28.5,28.72,5,ZL.c.0,2018-12-11
35,1,23305,28.48,28.57,28.15,28.18,20998,ZL.c.0,2018-12-17
35,1,23305,28.2,28.47,28.19,28.4,25046,ZL.c.0,2018-12-18
35,1,23305,28.41,28.82,28.26,28.48,22377,ZL.c.0,2018-12-19
35,1,23305,28.5,28.54,28.17,28.25,16276,ZL.c.0,2018-12-20
35,1,23305,28.19,28.28,27.8,27.87,13547,ZL.c.0,2018-12-21
35,1,23305,27.9,27.97,27.73,27.73,3603,ZL.c.0,2018-12-24
35,1,23305,27.78,27.78,27.31,27.38,3939,ZL.c.0,2018-12-26
35,1,23305,27.49,27.57,27.27,27.31,4405,ZL.c.0,2018-12-27
35,1,23305,27.34,27.52,27.31,27.48,1713,ZL.c.0,2018-12-28
35,1,23305,27.62,27.71,27.52,27.54,280,ZL.c.0,2018-12-31
35,1,23305,27.62,28.03,27.6,27.89,81,ZL.c.0,2019-01-02
35,1,23305,28.04,28.16,28.0,28.12,28,ZL.c.0,2019-01-03
35,1,23305,28.22,28.45,28.22,28.35,43,ZL.c.0,2019-01-04
35,1,23305,28.47,28.55,28.26,28.26,73,ZL.c.0,2019-01-07
35,1,23305,28.31,28.32,28.01,28.18,523,ZL.c.0,2019-01-08
35,1,23305,28.36,28.36,28.32,28.36,17,ZL.c.0,2019-01-09
35,1,23305,28.04,28.04,27.88,27.88,2,ZL.c.0,2019-01-10
35,1,23305,28.1,28.16,28.1,28.16,20,ZL.c.0,2019-01-11
35,1,650987,28.42,28.52,28.19,28.27,34240,ZL.c.0,2019-01-15
35,1,650987,28.32,28.44,28.13,28.21,29852,ZL.c.0,2019-01-16
35,1,650987,28.23,28.79,28.15,28.76,39318,ZL.c.0,2019-01-17
35,1,650987,28.74,29.08,28.66,29.04,42412,ZL.c.0,2019-01-18
35,1,650987,29.19,29.23,28.76,29.06,41845,ZL.c.0,2019-01-22
35,1,650987,29.19,29.42,29.09,29.36,36427,ZL.c.0,2019-01-23
35,1,650987,29.42,29.54,29.17,29.53,33573,ZL.c.0,2019-01-24
35,1,650987,29.55,30.05,29.47,29.99,42992,ZL.c.0,2019-01-25
35,1,650987,30.02,30.32,29.9,30.26,36490,ZL.c.0,2019-01-28
35,1,650987,30.27,30.29,29.98,30.11,35174,ZL.c.0,2019-01-29
35,1,650987,30.12,30.44,30.07,30.32,34795,ZL.c.0,2019-01-30
35,1,650987,30.41,30.48,30.13,30.21,38520,ZL.c.0,2019-01-31
35,1,650987,30.39,30.62,29.81,29.86,54832,ZL.c.0,2019-02-01
35,1,650987,29.91,30.16,29.65,30.13,36851,ZL.c.0,2019-02-04
35,1,650987,30.13,30.39,29.94,30.39,27361,ZL.c.0,2019-02-05
35,1,650987,30.37,30.91,30.28,30.84,46656,ZL.c.0,2019-02-06
35,1,650987,30.78,31.01,30.68,30.78,42559,ZL.c.0,2019-02-07
35,1,650987,30.84,30.95,30.46,30.86,47142,ZL.c.0,2019-02-08
35,1,650987,30.86,30.87,30.15,30.25,46888,ZL.c.0,2019-02-11
35,1,650987,30.2,30.47,30.07,30.32,33476,ZL.c.0,2019-02-12
35,1,650987,30.27,30.39,29.95,30.01,28243,ZL.c.0,2019-02-13
35,1,650987,29.98,30.16,29.81,29.92,33843,ZL.c.0,2019-02-14
35,1,650987,29.87,30.06,29.67,29.97,22022,ZL.c.0,2019-02-15
35,1,650987,29.96,30.25,29.71,29.74,30013,ZL.c.0,2019-02-19
35,1,650987,29.74,30.04,29.62,29.98,26286,ZL.c.0,2019-02-20
35,1,650987,30.0,30.66,29.9,30.52,29124,ZL.c.0,2019-02-21
35,1,650987,30.48,30.55,30.3,30.53,12655,ZL.c.0,2019-02-22
35,1,650987,30.62,30.81,30.32,30.35,11011,ZL.c.0,2019-02-25
35,1,650987,30.44,30.44,29.83,30.14,7514,ZL.c.0,2019-02-26
35,1,650987,30.12,30.19,29.76,29.85,5870,ZL.c.0,2019-02-27
35,1,650987,29.86,30.03,29.82,29.96,1001,ZL.c.0,2019-02-28
35,1,650987,29.96,30.32,29.87,29.9,221,ZL.c.0,2019-03-01
35,1,650987,29.99,30.08,29.8,29.8,209,ZL.c.0,2019-03-04
35,1,650987,29.85,29.85,29.54,29.74,57,ZL.c.0,2019-03-05
35,1,650987,29.74,29.78,29.5,29.53,465,ZL.c.0,2019-03-06
35,1,650987,29.55,29.55,29.25,29.35,29,ZL.c.0,2019-03-07
35,1,650987,29.3,29.3,29.22,29.27,65,ZL.c.0,2019-03-08
35,1,650987,29.41,29.5,29.41,29.46,170,ZL.c.0,2019-03-11
35,1,650987,29.47,29.65,29.47,29.65,59,ZL.c.0,2019-03-12
35,1,235738,29.57,29.69,29.38,29.47,49155,ZL.c.0,2019-03-15
35,1,235738,29.47,29.53,29.28,29.46,34273,ZL.c.0,2019-03-18
35,1,235738,29.51,29.51,29.15,29.29,41688,ZL.c.0,2019-03-19
35,1,235738,29.29,29.4,29.2,29.29,33366,ZL.c.0,2019-03-20
35,1,235738,29.32,29.47,29.08,29.11,39855,ZL.c.0,2019-03-21
35,1,235738,29.12,29.19,28.6,28.61,47666,ZL.c.0,2019-03-22
35,1,235738,28.65,28.89,28.54,28.79,35010,ZL.c.0,2019-03-25
35,1,235738,28.82,28.85,28.58,28.64,31166,ZL.c.0,2019-03-26
35,1,235738,28.65,28.84,28.52,28.82,34555,ZL.c.0,2019-03-27
35,1,235738,28.83,28.84,28.6,28.65,29544,ZL.c.0,2019-03-28
35,1,235738,28.62,28.72,28.34,28.38,32935,ZL.c.0,2019-03-29
35,1,235738,28.37,28.63,28.37,28.58,38300,ZL.c.0,2019-04-01
35,1,235738,28.57,28.98,28.53,28.97,36877,ZL.c.0,2019-04-02
35,1,235738,28.94,29.07,28.74,28.8,32466,ZL.c.0,2019-04-03
35,1,235738,28.74,29.25,28.74,29.23,36898,ZL.c.0,2019-04-04
35,1,235738,29.2,29.4,29.06,29.14,26570,ZL.c.0,2019-04-05
35,1,235738,29.15,29.15,28.78,28.87,27904,ZL.c.0,2019-04-08
35,1,235738,28.92,29.14,28.78,28.98,32791,ZL.c.0,2019-04-09
35,1,235738,29.02,29.11,28.81,29.06,26802,ZL.c.0,2019-04-10
35,1,235738,29.02,29.07,28.87,28.98,20415,ZL.c.0,2019-04-11
35,1,235738,28.97,29.13,28.9,28.93,19967,ZL.c.0,2019-04-12
35,1,235738,28.93,29.01,28.76,28.79,25834,ZL.c.0,2019-04-15
35,1,235738,28.75,28.79,28.59,28.74,26104,ZL.c.0,2019-04-16
35,1,235738,28.72,28.94,28.45,28.48,30905,ZL.c.0,2019-04-17
35,1,235738,28.47,28.83,28.4,28.81,26925,ZL.c.0,2019-04-18
35,1,235738,28.8,28.84,28.62,28.72,13406,ZL.c.0,2019-04-22
35,1,235738,28.69,28.75,27.99,28.02,26290,ZL.c.0,2019-04-23
35,1,235738,28.12,28.24,27.88,27.89,12033,ZL.c.0,2019-04-24
35,1,235738,27.91,28.0,27.57,27.59,12502,ZL.c.0,2019-04-25
35,1,235738,27.6,27.64,27.2,27.55,11240,ZL.c.0,2019-04-26
35,1,235738,27.57,27.96,27.42,27.89,4504,ZL.c.0,2019-04-29
35,1,235738,27.87,28.02,27.56,27.6,1162,ZL.c.0,2019-04-30
35,1,235738,27.69,27.69,27.3,27.4,207,ZL.c.0,2019-05-01
35,1,235738,27.42,27.42,26.97,27.22,180,ZL.c.0,2019-05-02
35,1,235738,27.12,27.21,27.08,27.08,129,ZL.c.0,2019-05-03
35,1,235738,26.63,26.87,26.3,26.87,22,ZL.c.0,2019-05-06
35,1,235738,26.97,26.97,26.83,26.86,30,ZL.c.0,2019-05-07
35,1,235738,26.76,26.76,26.47,26.7,40,ZL.c.0,2019-05-08
35,1,235738,26.42,26.46,26.32,26.35,79,ZL.c.0,2019-05-09
35,1,235738,26.37,26.37,26.37,26.37,10,ZL.c.0,2019-05-10
35,1,235738,26.11,26.15,26.11,26.15,10,ZL.c.0,2019-05-13
35,1,105055,27.01,27.5,26.9,27.27,50290,ZL.c.0,2019-05-15
35,1,105055,27.24,27.75,27.23,27.68,42744,ZL.c.0,2019-05-16
35,1,105055,27.8,27.8,27.11,27.18,46168,ZL.c.0,2019-05-17
35,1,105055,27.26,27.67,27.26,27.51,34370,ZL.c.0,2019-05-20
35,1,105055,27.53,27.79,27.1,27.13,50478,ZL.c.0,2019-05-21
35,1,105055,27.17,27.42,26.99,27.27,40307,ZL.c.0,2019-05-22
35,1,105055,27.23,27.31,26.74,26.75,44024,ZL.c.0,2019-05-23
35,1,105055,26.93,27.17,26.79,27.01,33462,ZL.c.0,2019-05-24
35,1,105055,27.3,27.5,27.18,27.29,39524,ZL.c.0,2019-05-28
35,1,105055,27.29,28.23,27.26,27.71,70395,ZL.c.0,2019-05-29
35,1,105055,27.89,27.92,27.42,27.74,44257,ZL.c.0,2019-05-30
35,1,105055,27.8,27.83,27.46,27.58,43030,ZL.c.0,2019-05-31
35,1,105055,27.59,27.59,27.01,27.34,44201,ZL.c.0,2019-06-03
35,1,105055,27.6,27.73,27.38,27.45,31187,ZL.c.0,2019-06-04
35,1,105055,27.61,27.62,27.11,27.18,34138,ZL.c.0,2019-06-05
35,1,105055,27.22,27.86,27.07,27.76,44116,ZL.c.0,2019-06-06
35,1,105055,27.81,27.87,27.31,27.32,29480,ZL.c.0,2019-06-07
35,1,105055,27.38,27.59,27.18,27.43,25521,ZL.c.0,2019-06-10
35,1,105055,27.38,27.52,27.19,27.27,30336,ZL.c.0,2019-06-11
35,1,105055,27.26,27.64,26.93,27.52,39742,ZL.c.0,2019-06-12
35,1,105055,27.58,28.07,27.5,28.02,37333,ZL.c.0,2019-06-13
35,1,105055,28.1,28.13,27.59,27.69,37446,ZL.c.0,2019-06-14
35,1,105055,27.91,28.26,27.74,28.15,35934,ZL.c.0,2019-06-17
35,1,105055,28.35,28.54,28.08,28.34,45600,ZL.c.0,2019-06-18
35,1,105055,28.36,28.56,28.16,28.31,33623,ZL.c.0,2019-06-19
35,1,105055,28.26,28.65,28.1,28.58,21563,ZL.c.0,2019-06-20
35,1,105055,28.59,28.72,28.41,28.42,17816,ZL.c.0,2019-06-21
35,1,105055,28.53,28.57,28.25,28.38,14162,ZL.c.0,2019-06-24
35,1,105055,28.51,28.63,27.95,27.97,12307,ZL.c.0,2019-06-25
35,1,105055,28.02,28.1,27.77,27.83,11578,ZL.c.0,2019-06-26
35,1,105055,27.89,28.04,27.65,27.79,5407,ZL.c.0,2019-06-27
35,1,105055,27.85,28.31,27.77,28.27,1030,ZL.c.0,2019-06-28
35,1,105055,28.27,28.53,28.0,28.0,309,ZL.c.0,2019-07-01
35,1,105055,28.13,28.19,27.65,27.65,108,ZL.c.0,2019-07-02
35,1,105055,27.71,28.06,27.71,27.98,99,ZL.c.0,2019-07-03
35,1,105055,28.03,28.03,27.42,27.43,27,ZL.c.0,2019-07-05
35,1,105055,27.6,27.72,27.58,27.72,11,ZL.c.0,2019-07-08
35,1,105055,27.86,27.86,27.82,27.82,3,ZL.c.0,2019-07-09
35,1,105055,28.08,28.08,27.75,27.75,42,ZL.c.0,2019-07-10
35,1,245103,28.37,28.49,28.18,28.29,8709,ZL.c.0,2019-07-15
35,1,245103,28.26,28.43,27.91,28.0,12236,ZL.c.0,2019-07-16
35,1,245103,27.99,28.24,27.63,27.71,14140,ZL.c.0,2019-07-17
35,1,245103,27.61,27.85,27.47,27.68,13669,ZL.c.0,2019-07-18
35,1,245103,27.69,28.19,27.61,28.19,12896,ZL.c.0,2019-07-19
35,1,245103,28.18,28.23,27.7,27.79,10729,ZL.c.0,2019-07-22
35,1,245103,27.78,28.07,27.74,28.0,7249,ZL.c.0,2019-07-23
35,1,245103,27.97,28.55,27.97,28.26,13663,ZL.c.0,2019-07-24
35,1,245103,28.3,28.61,28.26,28.33,7187,ZL.c.0,2019-07-25
35,1,245103,28.5,28.56,28.23,28.47,7072,ZL.c.0,2019-07-26
35,1,245103,28.45,28.72,28.37,28.43,5288,ZL.c.0,2019-07-29
35,1,245103,28.49,28.57,28.15,28.27,4221,ZL.c.0,2019-07-30
35,1,245103,28.31,28.35,27.75,27.8,872,ZL.c.0,2019-07-31
35,1,245103,27.78,28.04,27.5,27.71,421,ZL.c.0,2019-08-01
35,1,245103,27.67,28.22,27.67,28.15,89,ZL.c.0,2019-08-02
35,1,245103,28.15,28.15,27.68,27.82,388,ZL.c.0,2019-08-05
35,1,245103,27.75,27.97,27.5,27.5,111,ZL.c.0,2019-08-06
35,1,245103,27.6,27.96,27.52,27.96,36,ZL.c.0,2019-08-07
35,1,245103,28.19,28.65,28.19,28.65,14,ZL.c.0,2019-08-08
35,1,245103,29.6,29.6,29.6,29.6,24,ZL.c.0,2019-08-09
35,1,245103,29.36,29.36,29.36,29.36,25,ZL.c.0,2019-08-12
35,1,23627,29.11,29.4,28.97,29.13,7329,ZL.c.0,2019-08-15
35,1,23627,29.08,29.54,29.07,29.17,5377,ZL.c.0,2019-08-16
35,1,23627,29.07,29.14,28.53,28.67,7026,ZL.c.0,2019-08-19
35,1,23627,28.71,29.01,28.3,28.47,8271,ZL.c.0,2019-08-20
35,1,23627,28.49,28.83,28.43,28.68,7465,ZL.c.0,2019-08-21
35,1,23627,28.74,28.95,28.49,28.49,7905,ZL.c.0,2019-08-22
35,1,23627,28.57,28.63,28.18,28.28,8029,ZL.c.0,2019-08-23
35,1,23627,28.36,28.62,28.3,28.3,5928,ZL.c.0,2019-08-26
35,1,23627,28.4,28.4,27.96,28.02,7679,ZL.c.0,2019-08-27
35,1,23627,28.04,28.17,27.9,28.11,6294,ZL.c.0,2019-08-28
35,1,23627,28.13,28.54,27.91,28.44,3313,ZL.c.0,2019-08-29
35,1,23627,28.53,28.66,28.37,28.65,477,ZL.c.0,2019-08-30
35,1,23627,28.51,28.9,28.29,28.9,259,ZL.c.0,2019-09-03
35,1,23627,28.74,28.88,28.64,28.86,102,ZL.c.0,2019-09-04
35,1,23627,28.71,28.86,28.33,28.5,403,ZL.c.0,2019-09-05
35,1,23627,28.49,28.65,28.37,28.5,181,ZL.c.0,2019-09-06
35,1,23627,28.41,28.41,28.1,28.1,2,ZL.c.0,2019-09-09
35,1,23627,28.33,28.44,28.3,28.44,9,ZL.c.0,2019-09-10
35,1,23627,28.67,28.68,28.67,28.68,18,ZL.c.0,2019-09-11
35,1,23627,28.99,29.0,28.92,28.93,59,ZL.c.0,2019-09-12
35,1,23627,28.99,28.99,28.99,28.99,9,ZL.c.0,2019-09-13
35,1,779478,29.6,30.21,29.46,30.1,12299,ZL.c.0,2019-09-16
35,1,779478,30.24,30.26,29.8,29.89,8435,ZL.c.0,2019-09-17
35,1,779478,29.89,30.02,29.76,29.85,4427,ZL.c.0,2019-09-18
35,1,779478,29.84,29.91,29.59,29.79,7420,ZL.c.0,2019-09-19
35,1,779478,29.81,29.81,29.25,29.27,10059,ZL.c.0,2019-09-20
35,1,779478,29.22,29.51,29.11,29.14,4605,ZL.c.0,2019-09-23
35,1,779478,29.11,29.27,28.99,29.17,4834,ZL.c.0,2019-09-24
35,1,779478,29.16,29.22,28.84,28.97,5697,ZL.c.0,2019-09-25
35,1,779478,28.93,29.16,28.89,28.96,3223,ZL.c.0,2019-09-26
35,1,779478,29.0,29.03,28.56,28.56,2608,ZL.c.0,2019-09-27
35,1,779478,28.7,29.1,28.68,28.99,219,ZL.c.0,2019-09-30
35,1,779478,28.99,29.17,28.8,28.82,444,ZL.c.0,2019-10-01
35,1,779478,28.95,29.11,28.95,29.05,112,ZL.c.0,2019-10-02
35,1,779478,28.95,29.79,28.95,29.79,87,ZL.c.0,2019-10-03
35,1,779478,29.75,29.9,29.68,29.79,70,ZL.c.0,2019-10-04
35,1,779478,29.99,30.09,29.93,30.05,15,ZL.c.0,2019-10-07
35,1,779478,29.71,29.8,29.71,29.78,32,ZL.c.0,2019-10-08
35,1,779478,29.95,29.95,29.59,29.64,43,ZL.c.0,2019-10-09
35,1,779478,30.04,30.04,30.04,30.04,2,ZL.c.0,2019-10-14
35,1,147208,29.99,30.76,29.85,30.36,81983,ZL.c.0,2019-10-15
35,1,147208,30.39,30.54,30.25,30.44,40878,ZL.c.0,2019-10-16
35,1,147208,30.4,30.71,30.35,30.37,32938,ZL.c.0,2019-10-17
35,1,147208,30.45,30.6,30.33,30.34,32656,ZL.c.0,2019-10-18
35,1,147208,30.3,30.54,30.25,30.48,32090,ZL.c.0,2019-10-21
35,1,147208,30.42,30.97,30.35,30.79,50672,ZL.c.0,2019-10-22
35,1,147208,30.84,31.0,30.48,30.56,41857,ZL.c.0,2019-10-23
35,1,147208,30.63,31.42,30.53,31.37,57920,ZL.c.0,2019-10-24
35,1,147208,31.39,31.52,30.93,30.95,56131,ZL.c.0,2019-10-25
35,1,147208,30.98,31.21,30.61,30.78,45628,ZL.c.0,2019-10-28
35,1,147208,30.78,31.13,30.62,30.97,42025,ZL.c.0,2019-10-29
35,1,147208,31.05,31.32,30.9,30.97,38424,ZL.c.0,2019-10-30
35,1,147208,31.01,31.07,30.57,30.71,42346,ZL.c.0,2019-10-31
35,1,147208,30.78,31.12,30.65,31.05,38660,ZL.c.0,2019-11-01
35,1,147208,31.07,31.9,30.9,31.86,55104,ZL.c.0,2019-11-04
35,1,147208,31.81,31.96,31.53,31.56,41515,ZL.c.0,2019-11-05
35,1,147208,31.6,31.84,31.45,31.78,42883,ZL.c.0,2019-11-06
35,1,147208,31.75,31.78,31.41,31.44,39173,ZL.c.0,2019-11-07
35,1,147208,31.41,31.75,31.35,31.49,48317,ZL.c.0,2019-11-08
35,1,147208,31.5,31.89,31.4,31.41,38368,ZL.c.0,2019-11-11
35,1,147208,31.4,31.48,30.88,31.05,37135,ZL.c.0,2019-11-12
35,1,147208,31.02,31.22,30.51,30.54,45439,ZL.c.0,2019-11-13
35,1,147208,30.53,30.92,30.46,30.8,38395,ZL.c.0,2019-11-14
35,1,147208,30.81,30.84,30.41,30.43,32179,ZL.c.0,2019-11-15
35,1,147208,30.48,30.83,30.45,30.63,29740,ZL.c.0,2019-11-18
35,1,147208,30.64,31.24,30.57,30.95,35943,ZL.c.0,2019-11-19
35,1,147208,31.0,31.39,30.94,31.21,30568,ZL.c.0,2019-11-20
35,1,147208,31.2,31.25,30.57,30.63,26712,ZL.c.0,2019-11-21
35,1,147208,30.69,31.08,30.64,30.85,14407,ZL.c.0,2019-11-22
35,1,147208,30.91,31.1,30.33,30.43,15322,ZL.c.0,2019-11-25
35,1,147208,30.46,30.52,30.12,30.19,9842,ZL.c.0,2019-11-26
35,1,147208,30.21,30.43,30.21,30.3,4626,ZL.c.0,2019-11-27
35,1,147208,30.47,30.68,30.4,30.44,425,ZL.c.0,2019-11-29
35,1,147208,30.4,30.5,29.94,29.95,534,ZL.c.0,2019-12-02
35,1,147208,30.03,30.21,29.95,30.0,338,ZL.c.0,2019-12-03
35,1,147208,30.0,30.32,29.99,30.23,152,ZL.c.0,2019-12-04
35,1,147208,30.55,30.55,30.23,30.28,47,ZL.c.0,2019-12-05
35,1,147208,30.7,30.94,30.61,30.94,23,ZL.c.0,2019-12-06
35,1,147208,31.24,31.54,31.21,31.45,37,ZL.c.0,2019-12-09
35,1,147208,31.17,31.54,31.17,31.48,65,ZL.c.0,2019-12-10
35,1,147208,31.31,31.31,31.2,31.24,13,ZL.c.0,2019-12-11
35,1,147208,31.64,31.95,31.64,31.95,25,ZL.c.0,2019-12-12
35,1,733455,32.7,33.2,32.63,33.17,35890,ZL.c.0,2019-12-16
35,1,733455,33.18,34.09,33.18,33.86,54362,ZL.c.0,2019-12-17
35,1,733455,33.72,33.8,33.26,33.42,34002,ZL.c.0,2019-12-18
35,1,733455,33.48,34.02,33.28,33.84,31358,ZL.c.0,2019-12-19
35,1,733455,33.87,33.99,33.56,33.85,22041,ZL.c.0,2019-12-20
35,1,733455,33.97,34.02,33.67,33.68,11365,ZL.c.0,2019-12-23
35,1,733455,33.73,33.96,33.54,33.87,6353,ZL.c.0,2019-12-24
35,1,733455,34.15,34.58,34.12,34.41,7773,ZL.c.0,2019-12-26
35,1,733455,34.36,34.89,34.36,34.78,7626,ZL.c.0,2019-12-27
35,1,733455,34.7,35.22,34.66,35.14,3188,ZL.c.0,2019-12-30
35,1,733455,35.1,35.1,34.12,34.52,509,ZL.c.0,2019-12-31
35,1,733455,34.9,35.36,34.88,34.99,310,ZL.c.0,2020-01-02
35,1,733455,35.08,35.12,34.5,34.75,166,ZL.c.0,2020-01-03
35,1,733455,34.65,34.65,34.25,34.25,163,ZL.c.0,2020-01-06
35,1,733455,34.28,34.46,34.2,34.44,78,ZL.c.0,2020-01-07
35,1,733455,34.5,34.5,34.25,34.27,90,ZL.c.0,2020-01-08
35,1,733455,34.34,34.57,34.34,34.36,25,ZL.c.0,2020-01-09
35,1,733455,34.44,34.44,34.05,34.05,34,ZL.c.0,2020-01-10
35,1,733455,34.08,34.08,33.68,33.7,12,ZL.c.0,2020-01-13
35,1,733455,33.33,33.7,33.33,33.7,18,ZL.c.0,2020-01-14
35,1,126002,34.08,34.11,33.25,33.34,63048,ZL.c.0,2020-01-15
35,1,126002,33.3,33.45,32.89,33.04,56015,ZL.c.0,2020-01-16
35,1,126002,33.1,33.42,32.75,33.31,46525,ZL.c.0,2020-01-17
35,1,126002,33.47,33.61,32.59,32.71,64694,ZL.c.0,2020-01-21
35,1,126002,32.8,33.37,32.61,33.05,53485,ZL.c.0,2020-01-22
35,1,126002,33.03,33.05,32.45,32.48,48362,ZL.c.0,2020-01-23
35,1,126002,32.54,32.54,31.86,31.98,52048,ZL.c.0,2020-01-24
35,1,126002,31.9,31.97,30.72,31.59,61910,ZL.c.0,2020-01-27
35,1,126002,31.59,31.63,30.56,31.49,68154,ZL.c.0,2020-01-28
35,1,126002,31.47,32.11,31.32,31.46,57678,ZL.c.0,2020-01-29
35,1,126002,31.57,31.67,30.58,30.58,56875,ZL.c.0,2020-01-30
35,1,126002,30.78,30.96,29.88,29.89,59803,ZL.c.0,2020-01-31
35,1,126002,29.94,30.42,29.81,30.22,70882,ZL.c.0,2020-02-03
35,1,126002,30.21,31.04,30.16,30.77,49680,ZL.c.0,2020-02-04
35,1,126002,30.83,31.69,30.64,31.34,58614,ZL.c.0,2020-02-05
35,1,126002,31.42,31.96,31.15,31.28,43134,ZL.c.0,2020-02-06
35,1,126002,31.5,31.5,30.74,30.91,41951,ZL.c.0,2020-02-07
35,1,126002,31.0,31.27,30.51,30.61,34685,ZL.c.0,2020-02-10
35,1,126002,30.69,30.95,30.4,30.74,39218,ZL.c.0,2020-02-11
35,1,126002,30.75,31.07,30.54,31.03,32798,ZL.c.0,2020-02-12
35,1,126002,31.0,31.0,30.41,30.76,42262,ZL.c.0,2020-02-13
35,1,126002,30.72,31.02,30.53,30.56,26970,ZL.c.0,2020-02-14
35,1,126002,30.71,30.77,30.33,30.41,35063,ZL.c.0,2020-02-18
35,1,126002,30.47,30.52,29.78,30.31,38364,ZL.c.0,2020-02-19
35,1,126002,30.22,30.43,30.04,30.1,21066,ZL.c.0,2020-02-20
35,1,126002,30.1,30.69,30.06,30.56,25041,ZL.c.0,2020-02-21
35,1,126002,30.32,30.37,29.34,29.52,23680,ZL.c.0,2020-02-24
35,1,126002,29.43,29.58,29.06,29.29,10800,ZL.c.0,2020-02-25
35,1,126002,29.2,29.37,28.89,29.08,8820,ZL.c.0,2020-02-26
35,1,126002,29.03,29.31,28.63,29.01,3719,ZL.c.0,2020-02-27
35,1,126002,28.31,28.39,28.19,28.21,137,ZL.c.0,2020-02-28
35,1,126002,28.36,28.74,28.36,28.52,346,ZL.c.0,2020-03-02
35,1,126002,28.71,29.02,28.71,28.86,15,ZL.c.0,2020-03-03
35,1,126002,29.05,29.51,29.05,29.46,38,ZL.c.0,2020-03-04
35,1,126002,29.72,29.73,29.16,29.16,16,ZL.c.0,2020-03-05
35,1,126002,29.08,29.08,28.3,28.51,64,ZL.c.0,2020-03-06
35,1,126002,27.83,27.83,26.91,27.33,130,ZL.c.0,2020-03-09
35,1,126002,25.65,26.37,25.65,26.05,15,ZL.c.0,2020-03-13
35,1,348708,26.06,26.5,24.91,25.09,62575,ZL.c.0,2020-03-16
35,1,348708,25.01,25.9,24.97,25.22,68167,ZL.c.0,2020-03-17
35,1,348708,25.35,25.94,24.68,25.1,60471,ZL.c.0,2020-03-18
35,1,348708,25.35,25.73,24.85,25.55,58606,ZL.c.0,2020-03-19
35,1,348708,25.76,26.26,25.41,25.64,51481,ZL.c.0,2020-03-20
35,1,348708,25.5,26.21,25.25,26.06,45834,ZL.c.0,2020-03-23
35,1,348708,26.07,26.63,25.95,26.5,37629,ZL.c.0,2020-03-24
35,1,348708,26.49,27.04,26.12,26.77,49187,ZL.c.0,2020-03-25
35,1,348708,26.64,26.77,26.23,26.42,28297,ZL.c.0,2020-03-26
35,1,348708,26.49,26.96,26.33,26.96,35570,ZL.c.0,2020-03-27
35,1,348708,26.83,27.38,26.62,26.82,36144,ZL.c.0,2020-03-30
35,1,348708,26.86,27.15,26.68,27.07,29742,ZL.c.0,2020-03-31
35,1,348708,26.85,26.97,25.82,26.1,38652,ZL.c.0,2020-04-01
35,1,348708,26.05,26.83,25.82,26.24,45767,ZL.c.0,2020-04-02
35,1,348708,26.25,26.62,26.13,26.38,30983,ZL.c.0,2020-04-03
35,1,348708,26.43,26.94,26.2,26.87,26734,ZL.c.0,2020-04-06
35,1,348708,26.87,27.7,26.78,27.51,37073,ZL.c.0,2020-04-07
35,1,348708,27.48,27.57,27.06,27.24,25239,ZL.c.0,2020-04-08
35,1,348708,27.27,27.75,27.15,27.41,30100,ZL.c.0,2020-04-09
35,1,348708,27.57,27.8,26.76,26.98,23036,ZL.c.0,2020-04-13
35,1,348708,26.95,27.11,26.62,26.74,21528,ZL.c.0,2020-04-14
35,1,348708,26.64,26.9,26.24,26.5,27211,ZL.c.0,2020-04-15
35,1,348708,26.68,26.79,26.23,26.33,19705,ZL.c.0,2020-04-16
35,1,348708,26.3,26.61,26.23,26.25,13822,ZL.c.0,2020-04-17
35,1,348708,26.35,26.38,25.88,25.98,19102,ZL.c.0,2020-04-20
35,1,348708,25.91,25.97,24.78,25.41,24620,ZL.c.0,2020-04-21
35,1,348708,25.18,25.99,25.06,25.58,11763,ZL.c.0,2020-04-22
35,1,348708,25.58,26.29,25.57,25.69,10647,ZL.c.0,2020-04-23
35,1,348708,25.69,25.88,24.75,25.11,10517,ZL.c.0,2020-04-24
35,1,348708,25.03,25.15,24.64,25.02,5096,ZL.c.0,2020-04-27
35,1,348708,24.98,25.32,24.84,25.32,7048,ZL.c.0,2020-04-28
35,1,348708,25.3,25.88,25.22,25.83,2485,ZL.c.0,2020-04-29
35,1,348708,25.84,26.4,25.81,26.1,474,ZL.c.0,2020-04-30
35,1,348708,26.21,26.21,25.72,26.16,635,ZL.c.0,2020-05-01
35,1,348708,25.91,25.91,25.48,25.79,100,ZL.c.0,2020-05-04
35,1,348708,25.95,26.2,25.94,25.94,139,ZL.c.0,2020-05-05
35,1,348708,25.82,25.82,25.5,25.5,99,ZL.c.0,2020-05-06
35,1,348708,25.81,26.05,25.79,25.91,9,ZL.c.0,2020-05-07
35,1,348708,26.35,26.35,26.25,26.25,27,ZL.c.0,2020-05-08
35,1,348708,26.03,26.18,26.03,26.16,43,ZL.c.0,2020-05-11
35,1,348708,26.05,26.09,25.93,25.96,121,ZL.c.0,2020-05-12
35,1,348708,25.94,25.94,25.94,25.94,9,ZL.c.0,2020-05-13
35,1,437486,26.18,26.65,26.17,26.53,35323,ZL.c.0,2020-05-15
35,1,437486,26.61,27.4,26.61,27.32,45201,ZL.c.0,2020-05-18
35,1,437486,27.33,27.56,26.95,27.11,45893,ZL.c.0,2020-05-19
35,1,437486,27.07,27.4,26.92,27.35,39481,ZL.c.0,2020-05-20
35,1,437486,27.25,27.55,27.05,27.1,40561,ZL.c.0,2020-05-21
35,1,437486,27.14,27.14,26.58,26.67,41299,ZL.c.0,2020-05-22
35,1,437486,26.74,27.36,26.71,27.24,49232,ZL.c.0,2020-05-26
35,1,437486,27.22,27.74,27.06,27.56,52217,ZL.c.0,2020-05-27
35,1,437486,27.57,27.66,26.99,27.33,40899,ZL.c.0,2020-05-28
35,1,437486,27.35,27.51,27.14,27.4,38626,ZL.c.0,2020-05-29
35,1,437486,27.36,27.8,27.12,27.65,53077,ZL.c.0,2020-06-01
35,1,437486,27.6,28.01,27.48,27.98,44543,ZL.c.0,2020-06-02
35,1,437486,27.97,28.2,27.78,27.9,36278,ZL.c.0,2020-06-03
35,1,437486,27.84,27.86,27.5,27.8,36967,ZL.c.0,2020-06-04
35,1,437486,27.72,28.4,27.67,28.26,44831,ZL.c.0,2020-06-05
35,1,437486,28.27,28.36,27.98,28.0,30431,ZL.c.0,2020-06-08
35,1,437486,28.02,28.36,27.94,28.27,32579,ZL.c.0,2020-06-09
35,1,437486,28.24,28.47,27.91,28.06,36420,ZL.c.0,2020-06-10
35,1,437486,28.06,28.13,27.46,27.47,42991,ZL.c.0,2020-06-11
35,1,437486,27.5,27.78,27.3,27.54,36156,ZL.c.0,2020-06-12
35,1,437486,27.4,27.77,27.01,27.77,38742,ZL.c.0,2020-06-15
35,1,437486,27.8,28.28,27.76,27.97,39291,ZL.c.0,2020-06-16
35,1,437486,27.96,28.27,27.75,28.08,32429,ZL.c.0,2020-06-17
35,1,437486,28.06,28.2,27.81,28.09,31117,ZL.c.0,2020-06-18
35,1,437486,28.14,28.68,28.01,28.43,35177,ZL.c.0,2020-06-19
35,1,437486,28.52,28.63,28.31,28.34,14393,ZL.c.0,2020-06-22
35,1,437486,28.35,28.42,27.89,28.19,17422,ZL.c.0,2020-06-23
35,1,437486,28.19,28.28,27.62,27.65,15283,ZL.c.0,2020-06-24
35,1,437486,27.64,27.67,27.36,27.51,12379,ZL.c.0,2020-06-25
35,1,437486,27.56,27.8,27.11,27.34,11402,ZL.c.0,2020-06-26
35,1,437486,27.21,27.72,26.89,27.6,6989,ZL.c.0,2020-06-29
35,1,437486,27.62,27.82,27.53,27.55,278,ZL.c.0,2020-06-30
35,1,437486,27.89,28.25,27.89,28.19,79,ZL.c.0,2020-07-01
35,1,437486,28.21,28.45,27.91,27.93,51,ZL.c.0,2020-07-02
35,1,437486,28.07,28.52,28.07,28.47,72,ZL.c.0,2020-07-06
35,1,437486,28.27,28.8,28.27,28.8,10,ZL.c.0,2020-07-07
35,1,437486,28.78,28.82,28.46,28.46,51,ZL.c.0,2020-07-08
35,1,437486,27.88,27.88,27.76,27.76,53,ZL.c.0,2020-07-13
35,1,541078,28.46,28.83,28.46,28.83,12133,ZL.c.0,2020-07-15
35,1,541078,28.8,29.4,28.75,29.23,18618,ZL.c.0,2020-07-16
35,1,541078,29.27,30.0,29.26,29.95,19029,ZL.c.0,2020-07-17
35,1,541078,30.1,30.44,29.81,29.81,12236,ZL.c.0,2020-07-20
35,1,541078,29.86,30.21,29.75,30.04,12173,ZL.c.0,2020-07-21
35,1,541078,29.91,30.44,29.6,29.93,10737,ZL.c.0,2020-07-22
35,1,541078,29.93,30.2,29.62,29.78,9278,ZL.c.0,2020-07-23
35,1,541078,29.76,30.06,29.58,29.74,9926,ZL.c.0,2020-07-24
35,1,541078,29.69,29.95,29.36,29.6,6857,ZL.c.0,2020-07-27
35,1,541078,29.47,29.5,29.04,29.4,5362,ZL.c.0,2020-07-28
35,1,541078,29.4,29.78,29.31,29.78,4742,ZL.c.0,2020-07-29
35,1,541078,29.82,30.23,29.59,30.2,1818,ZL.c.0,2020-07-30
35,1,541078,30.26,30.94,30.21,30.9,162,ZL.c.0,2020-07-31
35,1,541078,30.9,31.74,30.9,31.74,420,ZL.c.0,2020-08-03
35,1,541078,31.67,31.67,31.38,31.55,33,ZL.c.0,2020-08-04
35,1,541078,31.7,31.7,31.37,31.67,76,ZL.c.0,2020-08-05
35,1,541078,31.49,31.86,31.46,31.53,12,ZL.c.0,2020-08-06
35,1,541078,31.03,31.46,31.03,31.46,25,ZL.c.0,2020-08-07
35,1,541078,31.27,31.36,31.27,31.28,26,ZL.c.0,2020-08-10
35,1,541078,31.19,31.19,31.09,31.12,13,ZL.c.0,2020-08-11
35,1,541078,31.62,31.62,31.62,31.62,2,ZL.c.0,2020-08-12
35,1,541078,31.75,31.92,31.75,31.86,4,ZL.c.0,2020-08-13
35,1,702959,31.11,31.58,31.1,31.2,7829,ZL.c.0,2020-08-17
35,1,702959,31.22,31.63,31.16,31.58,5876,ZL.c.0,2020-08-18
35,1,702959,31.56,31.9,31.46,31.63,6701,ZL.c.0,2020-08-19
35,1,702959,31.67,31.7,31.17,31.25,7997,ZL.c.0,2020-08-20
35,1,702959,31.2,31.45,31.08,31.42,5434,ZL.c.0,2020-08-21
35,1,702959,31.45,31.81,31.29,31.69,5444,ZL.c.0,2020-08-24
35,1,702959,31.66,32.13,31.51,31.96,5197,ZL.c.0,2020-08-25
35,1,702959,31.99,32.45,31.98,32.21,4833,ZL.c.0,2020-08-26
35,1,702959,32.27,33.62,32.2,33.34,6058,ZL.c.0,2020-08-27
35,1,702959,33.42,33.72,32.76,33.24,1503,ZL.c.0,2020-08-28
35,1,702959,33.63,34.22,32.96,32.97,340,ZL.c.0,2020-08-31
35,1,702959,33.0,33.35,33.0,33.1,168,ZL.c.0,2020-09-01
35,1,702959,33.1,33.65,33.03,33.65,69,ZL.c.0,2020-09-02
35,1,702959,33.97,34.03,33.29,33.47,144,ZL.c.0,2020-09-03
35,1,702959,33.43,33.5,33.05,33.12,99,ZL.c.0,2020-09-04
35,1,702959,33.08,33.56,33.08,33.56,13,ZL.c.0,2020-09-08
35,1,702959,33.28,33.29,33.28,33.29,6,ZL.c.0,2020-09-09
35,1,702959,33.18,33.2,33.18,33.2,4,ZL.c.0,2020-09-10
35,1,702959,33.33,33.36,33.3,33.3,61,ZL.c.0,2020-09-11
35,1,44485,34.34,34.63,33.96,34.09,5477,ZL.c.0,2020-09-15
35,1,44485,34.11,35.09,33.91,34.92,9456,ZL.c.0,2020-09-16
35,1,44485,34.94,35.2,34.71,34.91,7974,ZL.c.0,2020-09-17
35,1,44485,34.91,35.51,34.68,35.23,11166,ZL.c.0,2020-09-18
35,1,44485,35.17,35.45,34.24,34.34,7536,ZL.c.0,2020-09-21
35,1,44485,34.3,34.5,33.57,33.71,6209,ZL.c.0,2020-09-22
35,1,44485,33.74,33.79,32.66,32.66,9676,ZL.c.0,2020-09-23
35,1,44485,32.7,32.7,32.02,32.35,5742,ZL.c.0,2020-09-24
35,1,44485,32.41,33.05,32.22,32.82,4607,ZL.c.0,2020-09-25
35,1,44485,32.77,33.34,32.56,33.23,2930,ZL.c.0,2020-09-28
35,1,44485,33.23,33.34,32.5,32.76,1537,ZL.c.0,2020-09-29
35,1,44485,32.87,33.52,32.45,33.25,247,ZL.c.0,2020-09-30
35,1,44485,33.45,33.49,32.51,32.67,104,ZL.c.0,2020-10-01
35,1,44485,32.7,32.7,31.81,31.95,145,ZL.c.0,2020-10-02
35,1,44485,32.1,32.8,32.1,32.76,51,ZL.c.0,2020-10-05
35,1,44485,33.4,33.45,33.22,33.22,67,ZL.c.0,2020-10-06
35,1,44485,33.12,33.62,33.1,33.3,63,ZL.c.0,2020-10-07
35,1,44485,33.3,33.3,33.26,33.26,13,ZL.c.0,2020-10-08
35,1,44485,34.24,34.24,34.24,34.24,1,ZL.c.0,2020-10-09
35,1,44485,34.02,34.02,33.28,33.28,38,ZL.c.0,2020-10-12
35,1,44485,33.28,34.32,33.25,34.32,103,ZL.c.0,2020-10-13
35,1,458612,33.89,34.09,32.82,33.16,56510,ZL.c.0,2020-10-15
35,1,458612,33.17,33.65,32.9,33.0,47854,ZL.c.0,2020-10-16
35,1,458612,33.04,33.12,32.28,32.51,47237,ZL.c.0,2020-10-19
35,1,458612,32.52,33.43,32.31,33.43,50989,ZL.c.0,2020-10-20
35,1,458612,33.45,33.83,33.11,33.2,49142,ZL.c.0,2020-10-21
35,1,458612,33.2,33.86,32.66,33.71,60026,ZL.c.0,2020-10-22
35,1,458612,33.89,34.2,33.46,34.15,52920,ZL.c.0,2020-10-23
35,1,458612,34.16,34.82,34.01,34.42,64837,ZL.c.0,2020-10-26
35,1,458612,34.36,34.7,34.03,34.07,50055,ZL.c.0,2020-10-27
35,1,458612,34.11,34.11,33.2,33.41,68463,ZL.c.0,2020-10-28
35,1,458612,33.42,33.56,32.86,33.07,58108,ZL.c.0,2020-10-29
35,1,458612,33.07,33.7,32.92,33.69,61092,ZL.c.0,2020-10-30
35,1,458612,33.48,33.61,33.02,33.23,48352,ZL.c.0,2020-11-02
35,1,458612,33.19,33.97,33.18,33.77,47137,ZL.c.0,2020-11-03
35,1,458612,33.7,34.48,33.34,34.38,55551,ZL.c.0,2020-11-04
35,1,458612,34.4,35.72,34.36,35.46,59492,ZL.c.0,2020-11-05
35,1,458612,35.47,35.79,35.09,35.49,39246,ZL.c.0,2020-11-06
35,1,458612,35.49,36.15,35.16,35.48,50250,ZL.c.0,2020-11-09
35,1,458612,35.56,36.1,35.19,36.06,64480,ZL.c.0,2020-11-10
35,1,458612,36.13,37.32,36.07,37.11,58378,ZL.c.0,2020-11-11
35,1,458612,37.14,37.24,36.67,37.04,50314,ZL.c.0,2020-11-12
35,1,458612,37.0,37.5,36.6,37.14,39105,ZL.c.0,2020-11-13
35,1,458612,37.17,37.58,36.77,37.45,39959,ZL.c.0,2020-11-16
35,1,458612,37.46,37.93,37.29,37.49,32850,ZL.c.0,2020-11-17
35,1,458612,37.53,38.74,37.43,38.45,38992,ZL.c.0,2020-11-18
35,1,458612,38.45,38.96,37.99,38.86,39242,ZL.c.0,2020-11-19
35,1,458612,38.96,39.32,38.3,38.64,23661,ZL.c.0,2020-11-20
35,1,458612,39.16,39.2,38.44,38.57,12921,ZL.c.0,2020-11-23
35,1,458612,38.66,38.67,37.59,38.29,12691,ZL.c.0,2020-11-24
35,1,458612,38.38,38.68,38.05,38.2,8178,ZL.c.0,2020-11-25
35,1,458612,38.4,38.99,38.35,38.81,3744,ZL.c.0,2020-11-27
35,1,458612,38.91,39.0,37.69,37.88,428,ZL.c.0,2020-11-30
35,1,458612,38.01,38.33,37.4,37.47,248,ZL.c.0,2020-12-01
35,1,458612,37.4,37.53,36.83,37.53,325,ZL.c.0,2020-12-02
35,1,458612,37.81,38.72,37.81,38.72,309,ZL.c.0,2020-12-03
35,1,458612,38.61,39.3,38.6,39.0,127,ZL.c.0,2020-12-04
35,1,458612,39.19,39.19,38.73,38.91,53,ZL.c.0,2020-12-07
35,1,458612,38.75,38.75,38.2,38.35,76,ZL.c.0,2020-12-08
35,1,458612,38.56,38.77,38.4,38.77,14,ZL.c.0,2020-12-09
35,1,458612,39.33,39.34,39.0,39.17,19,ZL.c.0,2020-12-10
35,1,458612,39.25,39.79,39.25,39.68,77,ZL.c.0,2020-12-11
35,1,458612,40.1,40.11,40.1,40.11,3,ZL.c.0,2020-12-14
35,1,544759,38.81,39.27,38.27,39.24,40910,ZL.c.0,2020-12-15
35,1,544759,39.27,39.35,38.83,39.02,34825,ZL.c.0,2020-12-16
35,1,544759,39.05,39.96,38.92,39.85,39497,ZL.c.0,2020-12-17
35,1,544759,39.93,40.28,39.69,40.0,26206,ZL.c.0,2020-12-18
35,1,544759,40.07,40.21,39.07,39.89,24730,ZL.c.0,2020-12-21
35,1,544759,39.96,40.75,39.64,40.69,19896,ZL.c.0,2020-12-22
35,1,544759,40.65,41.83,40.43,41.34,14809,ZL.c.0,2020-12-23
35,1,544759,41.35,42.01,41.34,41.79,5447,ZL.c.0,2020-12-24
35,1,544759,42.06,42.06,41.26,41.68,7117,ZL.c.0,2020-12-28
35,1,544759,41.72,42.68,41.32,42.56,3496,ZL.c.0,2020-12-29
35,1,544759,42.55,42.78,41.97,42.66,2081,ZL.c.0,2020-12-30
35,1,544759,42.7,43.55,42.61,43.42,472,ZL.c.0,2020-12-31
35,1,544759,43.63,44.36,42.5,42.89,318,ZL.c.0,2021-01-04
35,1,544759,43.3,44.64,43.1,44.3,180,ZL.c.0,2021-01-05
35,1,544759,44.87,45.27,44.38,44.42,109,ZL.c.0,2021-01-06
35,1,544759,44.5,44.55,43.65,44.18,169,ZL.c.0,2021-01-07
35,1,544759,44.6,44.67,43.89,43.89,177,ZL.c.0,2021-01-08
35,1,544759,43.9,43.97,42.93,43.13,112,ZL.c.0,2021-01-11
35,1,544759,43.26,43.27,43.01,43.02,19,ZL.c.0,2021-01-12
35,1,544759,43.62,44.02,42.93,42.93,128,ZL.c.0,2021-01-13
35,1,129522,43.17,43.32,41.48,41.89,67831,ZL.c.0,2021-01-15
35,1,129522,41.99,42.31,41.01,41.67,55991,ZL.c.0,2021-01-19
35,1,129522,41.72,42.67,41.03,42.47,53398,ZL.c.0,2021-01-20
35,1,129522,42.52,43.53,42.32,43.3,42703,ZL.c.0,2021-01-21
35,1,129522,43.3,43.46,42.08,42.15,55907,ZL.c.0,2021-01-22
35,1,129522,42.15,43.68,41.92,43.01,54958,ZL.c.0,2021-01-25
35,1,129522,43.09,44.23,42.65,43.91,44872,ZL.c.0,2021-01-26
35,1,129522,44.07,45.43,44.06,44.59,53565,ZL.c.0,2021-01-27
35,1,129522,44.57,45.33,44.01,44.62,58216,ZL.c.0,2021-01-28
35,1,129522,44.76,45.58,44.23,44.6,54674,ZL.c.0,2021-01-29
35,1,129522,44.75,45.38,44.13,45.03,47886,ZL.c.0,2021-02-01
35,1,129522,45.4,45.47,44.23,44.34,42477,ZL.c.0,2021-02-02
35,1,129522,44.4,44.57,43.33,44.54,46700,ZL.c.0,2021-02-03
35,1,129522,44.48,45.22,44.19,44.92,34327,ZL.c.0,2021-02-04
35,1,129522,44.83,45.18,44.54,44.75,30471,ZL.c.0,2021-02-05
35,1,129522,44.89,45.77,44.66,45.7,36309,ZL.c.0,2021-02-08
35,1,129522,45.67,46.67,45.6,46.55,42987,ZL.c.0,2021-02-09
35,1,129522,46.58,46.66,45.51,45.62,40939,ZL.c.0,2021-02-10
35,1,129522,45.69,46.28,45.1,45.64,30592,ZL.c.0,2021-02-11
35,1,129522,45.63,46.24,45.58,46.18,26139,ZL.c.0,2021-02-12
35,1,129522,46.59,47.56,46.58,47.24,39512,ZL.c.0,2021-02-16
35,1,129522,47.33,47.64,46.55,46.67,32285,ZL.c.0,2021-02-17
35,1,129522,46.84,47.18,46.36,46.88,22707,ZL.c.0,2021-02-18
35,1,129522,46.91,47.85,46.56,47.72,20009,ZL.c.0,2021-02-19
35,1,129522,47.86,48.09,47.31,47.96,13386,ZL.c.0,2021-02-22
35,1,129522,48.0,49.53,47.71,49.25,11448,ZL.c.0,2021-02-23
35,1,129522,49.29,51.54,49.02,51.1,9463,ZL.c.0,2021-02-24
35,1,129522,51.14,52.13,50.26,51.05,5234,ZL.c.0,2021-02-25
35,1,129522,50.7,51.5,50.0,51.5,863,ZL.c.0,2021-02-26
35,1,129522,51.75,51.75,50.59,50.7,98,ZL.c.0,2021-03-01
35,1,129522,50.35,51.4,50.35,51.25,225,ZL.c.0,2021-03-02
35,1,129522,51.53,51.53,50.94,51.32,87,ZL.c.0,2021-03-03
35,1,129522,52.11,53.25,52.07,52.09,116,ZL.c.0,2021-03-04
35,1,129522,52.57,53.59,52.57,53.59,5,ZL.c.0,2021-03-05
35,1,129522,54.22,54.4,53.94,54.4,27,ZL.c.0,2021-03-08
35,1,129522,54.86,54.86,54.86,54.86,1,ZL.c.0,2021-03-09
35,1,129522,54.92,55.42,54.5,55.41,13,ZL.c.0,2021-03-10
35,1,129522,56.08,56.87,56.05,56.56,14,ZL.c.0,2021-03-11
35,1,352379,55.36,55.75,55.0,55.06,41776,ZL.c.0,2021-03-15
35,1,352379,55.17,55.59,54.24,55.14,47787,ZL.c.0,2021-03-16
35,1,352379,55.2,55.67,54.27,54.55,43658,ZL.c.0,2021-03-17
35,1,352379,54.74,54.81,53.15,53.4,57151,ZL.c.0,2021-03-18
35,1,352379,53.21,54.11,52.97,53.87,43873,ZL.c.0,2021-03-19
35,1,352379,53.9,56.37,53.26,56.37,48000,ZL.c.0,2021-03-22
35,1,352379,57.56,58.25,56.45,56.96,60797,ZL.c.0,2021-03-23
35,1,352379,57.0,57.85,56.5,57.41,41026,ZL.c.0,2021-03-24
35,1,352379,57.48,57.51,54.98,54.98,53600,ZL.c.0,2021-03-25
35,1,352379,54.55,55.45,52.48,52.48,61431,ZL.c.0,2021-03-26
35,1,352379,52.44,54.03,52.0,52.96,51892,ZL.c.0,2021-03-29
35,1,352379,52.96,53.19,50.46,50.46,36279,ZL.c.0,2021-03-30
35,1,352379,50.49,52.96,50.22,52.94,46095,ZL.c.0,2021-03-31
35,1,352379,52.92,53.29,51.73,52.42,27593,ZL.c.0,2021-04-01
35,1,352379,52.55,53.15,52.34,53.02,18368,ZL.c.0,2021-04-05
35,1,352379,52.93,54.63,52.83,54.09,25726,ZL.c.0,2021-04-06
35,1,352379,54.19,54.44,52.4,52.76,29005,ZL.c.0,2021-04-07
35,1,352379,52.85,53.74,52.58,53.41,27640,ZL.c.0,2021-04-08
35,1,352379,53.68,54.14,52.7,52.79,24334,ZL.c.0,2021-04-09
35,1,352379,52.71,52.8,50.96,51.62,27235,ZL.c.0,2021-04-12
35,1,352379,51.45,53.45,51.45,52.99,22782,ZL.c.0,2021-04-13
35,1,352379,53.03,54.58,52.99,54.32,21493,ZL.c.0,2021-04-14
35,1,352379,54.35,55.09,54.11,54.88,15909,ZL.c.0,2021-04-15
35,1,352379,54.95,56.48,54.86,56.29,17258,ZL.c.0,2021-04-16
35,1,352379,56.65,56.73,55.88,56.27,14423,ZL.c.0,2021-04-19
35,1,352379,56.27,58.77,56.22,58.31,27877,ZL.c.0,2021-04-20
35,1,352379,58.55,60.38,58.25,60.18,21046,ZL.c.0,2021-04-21
35,1,352379,60.27,62.69,60.22,62.69,18983,ZL.c.0,2021-04-22
35,1,352379,62.97,63.5,61.78,62.83,15641,ZL.c.0,2021-04-23
35,1,352379,63.12,65.21,62.65,65.21,11017,ZL.c.0,2021-04-26
35,1,352379,65.92,67.71,65.49,66.38,12492,ZL.c.0,2021-04-27
35,1,352379,66.29,68.95,64.34,68.95,6723,ZL.c.0,2021-04-28
35,1,352379,69.21,70.86,65.83,66.4,1862,ZL.c.0,2021-04-29
35,1,352379,66.74,67.8,65.48,67.8,332,ZL.c.0,2021-04-30
35,1,352379,71.54,71.59,66.35,69.4,57,ZL.c.0,2021-05-03
35,1,352379,68.5,69.4,67.78,67.9,48,ZL.c.0,2021-05-04
35,1,352379,67.94,68.08,66.5,66.5,98,ZL.c.0,2021-05-05
35,1,352379,66.95,66.95,66.24,66.24,33,ZL.c.0,2021-05-06
35,1,352379,67.33,67.69,67.33,67.33,11,ZL.c.0,2021-05-07
35,1,352379,66.81,66.81,66.2,66.36,16,ZL.c.0,2021-05-10
35,1,352379,67.55,67.68,67.55,67.68,3,ZL.c.0,2021-05-11
35,1,352379,70.24,72.32,70.24,72.32,18,ZL.c.0,2021-05-12
35,1,352379,70.85,71.91,70.85,71.51,79,ZL.c.0,2021-05-13
35,1,571589,67.64,69.99,67.05,68.78,43081,ZL.c.0,2021-05-17
35,1,571589,68.8,70.49,67.92,68.63,45890,ZL.c.0,2021-05-18
35,1,571589,68.68,68.75,65.38,66.55,48349,ZL.c.0,2021-05-19
35,1,571589,66.64,67.39,64.28,65.59,41234,ZL.c.0,2021-05-20
35,1,571589,65.76,66.34,64.64,65.48,32309,ZL.c.0,2021-05-21
35,1,571589,65.42,66.23,64.23,65.24,29836,ZL.c.0,2021-05-24
35,1,571589,65.34,67.26,65.3,66.65,34786,ZL.c.0,2021-05-25
35,1,571589,66.8,67.25,65.42,65.62,36248,ZL.c.0,2021-05-26
35,1,571589,65.76,66.89,65.22,66.83,30021,ZL.c.0,2021-05-27
35,1,571589,66.81,67.39,65.71,65.82,31030,ZL.c.0,2021-05-28
35,1,571589,66.13,68.19,65.85,67.33,36099,ZL.c.0,2021-06-01
35,1,571589,67.44,70.89,67.24,70.88,49661,ZL.c.0,2021-06-02
35,1,571589,70.78,72.13,68.72,68.87,58023,ZL.c.0,2021-06-03
35,1,571589,69.1,71.84,68.73,71.45,35694,ZL.c.0,2021-06-04
35,1,571589,71.97,73.74,70.5,71.01,46265,ZL.c.0,2021-06-07
35,1,571589,71.34,72.78,70.22,72.32,40849,ZL.c.0,2021-06-08
35,1,571589,72.48,72.49,70.43,71.54,36185,ZL.c.0,2021-06-09
35,1,571589,71.59,72.74,70.16,70.3,38155,ZL.c.0,2021-06-10
35,1,571589,70.3,70.6,66.96,66.96,46185,ZL.c.0,2021-06-11
35,1,571589,66.4,66.97,63.5,65.99,50352,ZL.c.0,2021-06-14
35,1,571589,66.33,67.38,65.19,65.6,34599,ZL.c.0,2021-06-15
35,1,571589,65.77,66.09,62.07,62.07,43016,ZL.c.0,2021-06-16
35,1,571589,62.0,62.2,56.57,56.57,48160,ZL.c.0,2021-06-17
35,1,571589,56.15,58.98,55.49,58.36,42481,ZL.c.0,2021-06-18
35,1,571589,57.5,60.67,56.74,60.61,22244,ZL.c.0,2021-06-21
35,1,571589,60.53,62.05,59.5,60.7,19722,ZL.c.0,2021-06-22
35,1,571589,60.67,62.93,60.48,62.01,16395,ZL.c.0,2021-06-23
35,1,571589,61.86,62.85,60.31,62.56,9589,ZL.c.0,2021-06-24
35,1,571589,62.99,63.98,59.2,59.39,19836,ZL.c.0,2021-06-25
35,1,571589,59.6,62.62,59.31,62.2,7359,ZL.c.0,2021-06-28
35,1,571589,62.78,65.55,61.74,64.17,4574,ZL.c.0,2021-06-29
35,1,571589,64.5,66.5,61.98,64.75,211,ZL.c.0,2021-06-30
35,1,571589,64.75,67.86,64.73,65.04,570,ZL.c.0,2021-07-01
35,1,571589,65.2,67.1,65.2,67.1,78,ZL.c.0,2021-07-02
35,1,571589,66.8,66.8,63.76,63.76,157,ZL.c.0,2021-07-06
35,1,571589,64.83,65.04,64.73,64.76,15,ZL.c.0,2021-07-07
35,1,571589,64.46,64.73,64.06,64.07,5,ZL.c.0,2021-07-08
35,1,571589,64.8,65.79,61.51,65.79,54,ZL.c.0,2021-07-09
35,1,571589,65.3,67.8,64.43,64.43,27,ZL.c.0,2021-07-12
35,1,571589,68.0,68.8,68.0,68.8,3,ZL.c.0,2021-07-13
35,1,737124,66.22,67.84,66.08,67.17,10841,ZL.c.0,2021-07-15
35,1,737124,67.17,68.58,66.94,67.97,11424,ZL.c.0,2021-07-16
35,1,737124,68.61,69.18,66.25,66.62,10371,ZL.c.0,2021-07-19
35,1,737124,66.89,67.98,66.6,67.0,7200,ZL.c.0,2021-07-20
35,1,737124,67.2,67.45,64.93,65.52,10671,ZL.c.0,2021-07-21
35,1,737124,65.52,65.73,63.2,64.99,10232,ZL.c.0,2021-07-22
35,1,737124,65.1,65.84,64.4,65.51,8760,ZL.c.0,2021-07-23
35,1,737124,65.73,66.48,64.45,66.41,6084,ZL.c.0,2021-07-26
35,1,737124,67.05,67.63,65.86,66.61,5223,ZL.c.0,2021-07-27
35,1,737124,66.5,66.89,65.62,66.61,2760,ZL.c.0,2021-07-28
35,1,737124,66.67,68.17,66.35,66.76,1689,ZL.c.0,2021-07-29
35,1,737124,66.56,66.75,65.03,65.6,388,ZL.c.0,2021-07-30
35,1,737124,64.81,65.72,64.5,64.74,54,ZL.c.0,2021-08-02
35,1,737124,64.0,64.0,62.9,63.14,11,ZL.c.0,2021-08-03
35,1,737124,63.58,63.97,62.28,62.86,37,ZL.c.0,2021-08-04
35,1,737124,62.26,63.17,62.26,62.8,8,ZL.c.0,2021-08-05
35,1,737124,63.0,63.65,63.0,63.65,10,ZL.c.0,2021-08-06
35,1,737124,63.8,65.78,62.39,65.78,15,ZL.c.0,2021-08-09
35,1,737124,65.78,65.78,64.8,65.54,4,ZL.c.0,2021-08-10
35,1,737124,64.5,64.5,63.33,63.6,11,ZL.c.0,2021-08-11
35,1,737124,63.53,63.53,62.5,62.5,9,ZL.c.0,2021-08-12
35,1,575257,64.05,64.45,63.19,63.26,5929,ZL.c.0,2021-08-16
35,1,575257,63.56,63.85,62.32,62.66,5843,ZL.c.0,2021-08-17
35,1,575257,62.75,62.78,61.61,61.82,4959,ZL.c.0,2021-08-18
35,1,575257,61.9,61.9,60.26,60.77,8520,ZL.c.0,2021-08-19
35,1,575257,60.6,61.6,57.12,57.42,9744,ZL.c.0,2021-08-20
35,1,575257,57.64,59.83,57.45,59.27,6697,ZL.c.0,2021-08-23
35,1,575257,59.33,62.01,59.02,61.1,6816,ZL.c.0,2021-08-24
35,1,575257,61.02,62.16,60.59,61.85,5625,ZL.c.0,2021-08-25
35,1,575257,61.89,61.95,60.33,61.22,4973,ZL.c.0,2021-08-26
35,1,575257,61.19,61.72,59.74,61.04,7532,ZL.c.0,2021-08-27
35,1,575257,61.53,61.65,59.13,60.18,2260,ZL.c.0,2021-08-30
35,1,575257,59.92,60.4,58.25,59.62,789,ZL.c.0,2021-08-31
35,1,575257,59.59,59.59,57.7,58.25,78,ZL.c.0,2021-09-01
35,1,575257,58.8,59.32,58.8,59.0,33,ZL.c.0,2021-09-02
35,1,575257,59.1,59.35,59.1,59.35,5,ZL.c.0,2021-09-03
35,1,575257,59.6,59.66,58.87,58.87,5,ZL.c.0,2021-09-07
35,1,575257,58.32,58.32,58.01,58.01,3,ZL.c.0,2021-09-08
35,1,575257,56.7,56.86,56.16,56.16,9,ZL.c.0,2021-09-09
35,1,575257,55.86,56.42,55.86,56.42,2,ZL.c.0,2021-09-10
35,1,96394,56.8,58.45,56.72,58.45,8028,ZL.c.0,2021-09-15
35,1,96394,58.41,58.67,56.75,56.84,8372,ZL.c.0,2021-09-16
35,1,96394,56.9,57.03,55.55,56.27,7547,ZL.c.0,2021-09-17
35,1,96394,56.39,56.39,54.84,54.86,6220,ZL.c.0,2021-09-20
35,1,96394,54.91,55.54,54.27,55.26,6873,ZL.c.0,2021-09-21
35,1,96394,55.26,56.65,54.39,56.35,9494,ZL.c.0,2021-09-22
35,1,96394,56.37,57.34,56.2,57.08,5469,ZL.c.0,2021-09-23
35,1,96394,57.09,58.15,56.7,57.88,8344,ZL.c.0,2021-09-24
35,1,96394,57.97,58.77,57.17,58.38,4301,ZL.c.0,2021-09-27
35,1,96394,58.35,58.55,57.56,57.7,3240,ZL.c.0,2021-09-28
35,1,96394,57.75,58.22,57.33,57.73,1159,ZL.c.0,2021-09-29
35,1,96394,57.78,59.5,57.4,58.68,246,ZL.c.0,2021-09-30
35,1,96394,58.54,58.79,58.15,58.75,57,ZL.c.0,2021-10-01
35,1,96394,57.99,59.16,57.91,58.64,44,ZL.c.0,2021-10-04
35,1,96394,59.19,61.39,59.16,60.77,148,ZL.c.0,2021-10-05
35,1,96394,60.57,60.57,60.14,60.14,3,ZL.c.0,2021-10-06
35,1,96394,59.94,60.9,59.94,60.9,2,ZL.c.0,2021-10-07
35,1,96394,60.32,60.32,60.32,60.32,2,ZL.c.0,2021-10-12
35,1,96394,60.17,60.17,59.29,59.32,33,ZL.c.0,2021-10-13
35,1,379214,60.46,61.46,60.26,61.4,32208,ZL.c.0,2021-10-15
35,1,379214,61.43,62.2,60.86,61.88,33458,ZL.c.0,2021-10-18
35,1,379214,61.93,62.52,61.35,62.33,30513,ZL.c.0,2021-10-19
35,1,379214,62.41,64.9,62.3,64.86,45840,ZL.c.0,2021-10-20
35,1,379214,64.7,65.0,62.41,62.55,43179,ZL.c.0,2021-10-21
35,1,379214,62.65,63.0,61.93,62.13,36425,ZL.c.0,2021-10-22
35,1,379214,62.13,63.58,62.01,63.2,30495,ZL.c.0,2021-10-25
35,1,379214,63.24,63.5,62.1,62.22,32576,ZL.c.0,2021-10-26
35,1,379214,62.33,62.5,61.01,61.45,41632,ZL.c.0,2021-10-27
35,1,379214,61.43,61.73,60.52,60.77,33555,ZL.c.0,2021-10-28
35,1,379214,60.87,61.88,60.55,61.26,25980,ZL.c.0,2021-10-29
35,1,379214,61.3,62.25,60.77,61.98,28564,ZL.c.0,2021-11-01
35,1,379214,61.97,62.38,61.42,61.84,24460,ZL.c.0,2021-11-02
35,1,379214,61.97,62.44,60.62,61.03,35813,ZL.c.0,2021-11-03
35,1,379214,60.96,61.5,59.34,59.48,42349,ZL.c.0,2021-11-04
35,1,379214,59.55,59.64,58.12,58.86,40680,ZL.c.0,2021-11-05
35,1,379214,58.82,59.39,57.77,58.02,26851,ZL.c.0,2021-11-08
35,1,379214,58.09,59.21,57.45,58.55,36920,ZL.c.0,2021-11-09
35,1,379214,58.65,59.86,58.5,59.29,31301,ZL.c.0,2021-11-10
35,1,379214,59.14,59.74,58.47,59.15,22946,ZL.c.0,2021-11-11
35,1,379214,59.16,59.46,58.58,58.88,23212,ZL.c.0,2021-11-12
35,1,379214,58.97,59.04,57.47,58.35,33241,ZL.c.0,2021-11-15
35,1,379214,58.4,59.66,58.27,59.12,23932,ZL.c.0,2021-11-16
35,1,379214,59.3,60.58,58.99,59.18,25583,ZL.c.0,2021-11-17
35,1,379214,59.22,60.29,58.76,59.17,20565,ZL.c.0,2021-11-18
35,1,379214,59.3,59.76,57.9,58.24,16550,ZL.c.0,2021-11-19
35,1,379214,58.23,59.5,58.16,59.41,8903,ZL.c.0,2021-11-22
35,1,379214,59.4,60.17,58.41,60.14,8713,ZL.c.0,2021-11-23
35,1,379214,60.13,62.07,60.06,60.83,12677,ZL.c.0,2021-11-24
35,1,379214,59.7,59.8,58.75,59.09,7805,ZL.c.0,2021-11-26
35,1,379214,59.3,60.31,58.17,58.21,3284,ZL.c.0,2021-11-29
35,1,379214,58.16,58.16,54.67,55.34,636,ZL.c.0,2021-11-30
35,1,379214,55.35,56.05,54.9,54.9,177,ZL.c.0,2021-12-01
35,1,379214,54.8,56.39,54.8,56.25,47,ZL.c.0,2021-12-02
35,1,379214,57.15,57.15,57.03,57.03,6,ZL.c.0,2021-12-03
35,1,379214,57.31,57.79,57.25,57.77,92,ZL.c.0,2021-12-06
35,1,379214,58.34,58.35,56.96,57.47,132,ZL.c.0,2021-12-07
35,1,379214,55.23,55.78,54.52,55.74,16,ZL.c.0,2021-12-08
35,1,379214,53.54,53.55,53.54,53.55,4,ZL.c.0,2021-12-13
35,1,379214,53.43,53.43,52.06,52.06,9,ZL.c.0,2021-12-14
35,1,96420,52.24,53.6,51.0,53.41,35094,ZL.c.0,2021-12-15
35,1,96420,53.47,55.23,53.36,54.51,25601,ZL.c.0,2021-12-16
35,1,96420,54.65,54.84,53.78,53.98,17193,ZL.c.0,2021-12-17
35,1,96420,54.08,54.22,52.28,52.99,15902,ZL.c.0,2021-12-20
35,1,96420,53.13,54.23,53.05,53.87,11079,ZL.c.0,2021-12-21
35,1,96420,53.9,55.04,53.9,54.79,11635,ZL.c.0,2021-12-22
35,1,96420,54.83,55.8,54.44,55.49,10045,ZL.c.0,2021-12-23
35,1,96420,56.0,57.43,55.64,56.62,4911,ZL.c.0,2021-12-27
35,1,96420,56.7,57.69,56.17,56.44,3432,ZL.c.0,2021-12-28
35,1,96420,56.54,57.3,56.18,56.68,1581,ZL.c.0,2021-12-29
35,1,96420,56.71,56.95,55.35,55.82,831,ZL.c.0,2021-12-30
35,1,96420,55.82,56.63,55.71,56.32,163,ZL.c.0,2021-12-31
35,1,96420,57.21,57.21,56.17,56.31,117,ZL.c.0,2022-01-03
35,1,96420,56.8,58.3,56.8,58.3,27,ZL.c.0,2022-01-04
35,1,96420,58.26,59.5,58.0,59.31,277,ZL.c.0,2022-01-05
35,1,96420,58.75,58.99,58.75,58.97,44,ZL.c.0,2022-01-06
35,1,96420,59.03,59.03,58.0,58.27,11,ZL.c.0,2022-01-07
35,1,96420,58.53,58.53,57.76,57.92,23,ZL.c.0,2022-01-10
35,1,96420,57.87,59.0,57.83,59.0,70,ZL.c.0,2022-01-11
35,1,96420,58.92,59.37,58.89,58.89,6,ZL.c.0,2022-01-12
35,1,96420,58.2,58.21,58.2,58.21,8,ZL.c.0,2022-01-14
35,1,704007,58.45,59.48,57.75,59.13,40152,ZL.c.0,2022-01-18
35,1,704007,59.08,60.87,59.08,60.75,42364,ZL.c.0,2022-01-19
35,1,704007,60.69,62.97,60.61,62.71,48885,ZL.c.0,2022-01-20
35,1,704007,62.69,63.74,61.74,62.86,43667,ZL.c.0,2022-01-21
35,1,704007,62.72,63.35,61.22,61.97,40872,ZL.c.0,2022-01-24
35,1,704007,62.16,62.93,61.89,62.48,28829,ZL.c.0,2022-01-25
35,1,704007,62.53,64.07,62.1,63.87,31100,ZL.c.0,2022-01-26
35,1,704007,63.73,64.86,63.44,64.24,33720,ZL.c.0,2022-01-27
35,1,704007,64.39,66.34,64.15,65.29,38765,ZL.c.0,2022-01-28
35,1,704007,65.52,66.77,64.38,64.91,32628,ZL.c.0,2022-01-31
35,1,704007,64.96,66.25,64.08,65.91,37692,ZL.c.0,2022-02-01
35,1,704007,66.06,66.92,65.58,66.03,36695,ZL.c.0,2022-02-02
35,1,704007,65.85,66.01,64.92,65.61,29334,ZL.c.0,2022-02-03
35,1,704007,65.68,66.55,65.05,65.45,31353,ZL.c.0,2022-02-04
35,1,704007,66.0,66.45,65.07,65.39,26604,ZL.c.0,2022-02-07
35,1,704007,65.31,65.49,63.15,63.24,40299,ZL.c.0,2022-02-08
35,1,704007,63.3,64.62,62.7,64.05,37271,ZL.c.0,2022-02-09
35,1,704007,64.03,65.6,63.85,64.48,40480,ZL.c.0,2022-02-10
35,1,704007,64.4,66.23,63.89,65.95,38341,ZL.c.0,2022-02-11
35,1,704007,66.03,66.66,64.85,65.75,27660,ZL.c.0,2022-02-14
35,1,704007,65.77,65.77,64.4,65.66,25378,ZL.c.0,2022-02-15
35,1,704007,65.71,67.01,65.42,66.95,17026,ZL.c.0,2022-02-16
35,1,704007,66.9,67.41,66.25,66.68,14405,ZL.c.0,2022-02-17
35,1,704007,66.71,67.8,66.47,67.5,11594,ZL.c.0,2022-02-18
35,1,704007,67.87,70.54,67.87,70.54,12632,ZL.c.0,2022-02-22
35,1,704007,70.12,71.37,69.99,70.66,7427,ZL.c.0,2022-02-23
35,1,704007,70.66,74.72,70.65,71.93,6545,ZL.c.0,2022-02-24
35,1,704007,72.47,72.98,68.16,68.8,4029,ZL.c.0,2022-02-25
35,1,704007,71.37,73.22,70.9,73.08,382,ZL.c.0,2022-02-28
35,1,704007,73.72,76.9,73.72,76.75,318,ZL.c.0,2022-03-01
35,1,704007,76.74,79.61,76.07,79.61,117,ZL.c.0,2022-03-02
35,1,704007,81.18,81.18,78.36,78.36,43,ZL.c.0,2022-03-03
35,1,704007,78.0,78.33,76.02,76.69,146,ZL.c.0,2022-03-04
35,1,704007,78.35,78.85,75.82,78.63,82,ZL.c.0,2022-03-07
35,1,704007,78.77,79.81,78.0,78.23,50,ZL.c.0,2022-03-08
35,1,704007,80.41,83.54,79.19,81.0,265,ZL.c.0,2022-03-09
35,1,704007,80.2,80.2,80.2,80.2,3,ZL.c.0,2022-03-10
35,1,704007,79.87,80.55,79.8,80.38,5,ZL.c.0,2022-03-11
35,1,704007,81.78,81.78,81.78,81.78,1,ZL.c.0,2022-03-14
35,1,542130,74.4,74.4,72.29,73.69,30516,ZL.c.0,2022-03-15
35,1,542130,73.79,74.98,73.19,73.53,31989,ZL.c.0,2022-03-16
35,1,542130,73.73,75.24,72.97,74.71,24990,ZL.c.0,2022-03-17
35,1,542130,74.83,75.24,71.32,72.39,37263,ZL.c.0,2022-03-18
35,1,542130,72.58,74.64,72.58,73.68,26775,ZL.c.0,2022-03-21
35,1,542130,73.84,74.98,73.3,74.5,29047,ZL.c.0,2022-03-22
35,1,542130,74.5,76.08,74.23,76.07,28630,ZL.c.0,2022-03-23
35,1,542130,75.91,76.63,74.15,74.35,30345,ZL.c.0,2022-03-24
35,1,542130,74.35,75.08,73.06,74.6,26794,ZL.c.0,2022-03-25
35,1,542130,74.56,74.6,72.34,72.52,27950,ZL.c.0,2022-03-28
35,1,542130,72.52,73.45,70.52,71.58,33827,ZL.c.0,2022-03-29
35,1,542130,71.66,73.18,71.13,72.19,27559,ZL.c.0,2022-03-30
35,1,542130,72.41,72.47,69.8,69.84,34719,ZL.c.0,2022-03-31
35,1,542130,70.04,71.58,68.84,71.2,35564,ZL.c.0,2022-04-01
35,1,542130,71.2,72.43,70.9,72.31,24232,ZL.c.0,2022-04-04
35,1,542130,72.47,73.25,72.05,72.34,29135,ZL.c.0,2022-04-05
35,1,542130,72.35,73.3,71.59,71.78,25875,ZL.c.0,2022-04-06
35,1,542130,71.94,73.26,71.5,72.94,31637,ZL.c.0,2022-04-07
35,1,542130,73.02,75.33,72.67,75.13,31302,ZL.c.0,2022-04-08
35,1,542130,75.12,75.6,73.93,74.4,19955,ZL.c.0,2022-04-11
35,1,542130,74.3,75.92,74.3,75.47,21660,ZL.c.0,2022-04-12
35,1,542130,75.43,78.75,74.95,78.14,28032,ZL.c.0,2022-04-13
35,1,542130,78.21,79.17,77.42,78.96,20116,ZL.c.0,2022-04-14
35,1,542130,79.5,80.71,79.5,80.01,14123,ZL.c.0,2022-04-18
35,1,542130,79.99,80.54,78.91,80.2,16830,ZL.c.0,2022-04-19
35,1,542130,80.27,81.31,79.59,80.86,16053,ZL.c.0,2022-04-20
35,1,542130,80.88,81.95,80.0,81.54,10837,ZL.c.0,2022-04-21
35,1,542130,81.54,84.85,80.77,82.92,14159,ZL.c.0,2022-04-22
35,1,542130,83.6,84.57,80.21,82.51,9469,ZL.c.0,2022-04-25
35,1,542130,82.73,85.76,82.62,85.1,6498,ZL.c.0,2022-04-26
35,1,542130,85.3,88.51,84.83,88.06,5533,ZL.c.0,2022-04-27
35,1,542130,88.0,90.69,86.8,90.56,3603,ZL.c.0,2022-04-28
35,1,542130,90.5,91.4,89.1,89.1,995,ZL.c.0,2022-04-29
35,1,542130,85.01,87.79,82.25,82.75,180,ZL.c.0,2022-05-02
35,1,542130,82.66,84.5,82.23,84.25,125,ZL.c.0,2022-05-03
35,1,542130,85.0,87.15,84.75,87.0,64,ZL.c.0,2022-05-04
35,1,542130,87.15,87.15,86.33,86.33,61,ZL.c.0,2022-05-05
35,1,542130,85.2,86.81,85.2,86.81,11,ZL.c.0,2022-05-06
35,1,542130,87.1,87.25,84.7,87.21,29,ZL.c.0,2022-05-09
35,1,542130,87.67,88.29,87.67,88.0,10,ZL.c.0,2022-05-10
35,1,542130,88.45,89.07,87.5,89.07,9,ZL.c.0,2022-05-11
35,1,542130,88.1,88.6,88.0,88.6,14,ZL.c.0,2022-05-12
35,1,542130,89.76,89.76,88.28,88.28,2,ZL.c.0,2022-05-13
35,1,565889,84.0,84.64,82.47,83.12,26280,ZL.c.0,2022-05-16
35,1,565889,83.11,84.19,81.9,83.41,29744,ZL.c.0,2022-05-17
35,1,565889,83.48,83.72,80.47,80.6,37253,ZL.c.0,2022-05-18
35,1,565889,80.76,81.2,78.58,79.35,38675,ZL.c.0,2022-05-19
35,1,565889,79.55,81.4,79.0,80.85,27234,ZL.c.0,2022-05-20
35,1,565889,80.95,82.05,79.86,80.54,27018,ZL.c.0,2022-05-23
35,1,565889,80.47,81.49,79.9,80.16,25621,ZL.c.0,2022-05-24
35,1,565889,80.35,80.56,78.45,78.79,33481,ZL.c.0,2022-05-25
35,1,565889,78.94,80.91,78.3,80.4,29656,ZL.c.0,2022-05-26
35,1,565889,80.52,80.7,79.21,79.25,22692,ZL.c.0,2022-05-27
35,1,565889,80.14,80.49,77.81,77.98,36117,ZL.c.0,2022-05-31
35,1,565889,78.13,79.15,76.61,78.22,39599,ZL.c.0,2022-06-01
35,1,565889,78.36,81.79,77.57,81.48,39404,ZL.c.0,2022-06-02
35,1,565889,81.58,82.53,80.25,81.93,32053,ZL.c.0,2022-06-03
35,1,565889,82.5,82.71,80.96,81.19,20728,ZL.c.0,2022-06-06
35,1,565889,81.28,81.77,80.47,81.57,19032,ZL.c.0,2022-06-07
35,1,565889,81.62,83.44,81.45,83.06,31245,ZL.c.0,2022-06-08
35,1,565889,83.11,83.21,81.45,82.65,25098,ZL.c.0,2022-06-09
35,1,565889,82.7,82.95,80.71,80.74,29018,ZL.c.0,2022-06-10
35,1,565889,80.92,81.07,78.72,79.36,30352,ZL.c.0,2022-06-13
35,1,565889,79.51,80.07,78.01,78.27,22894,ZL.c.0,2022-06-14
35,1,565889,78.42,78.9,77.5,77.65,24290,ZL.c.0,2022-06-15
35,1,565889,77.72,78.2,75.74,76.44,28569,ZL.c.0,2022-06-16
35,1,565889,76.68,76.68,73.69,73.77,30169,ZL.c.0,2022-06-17
35,1,565889,73.27,74.13,71.96,73.32,25682,ZL.c.0,2022-06-21
35,1,565889,73.55,73.55,70.3,70.9,23787,ZL.c.0,2022-06-22
35,1,565889,71.0,71.12,67.26,67.57,20427,ZL.c.0,2022-06-23
35,1,565889,67.83,70.0,67.0,69.53,13024,ZL.c.0,2022-06-24
35,1,565889,69.54,71.15,68.01,70.95,8472,ZL.c.0,2022-06-27
35,1,565889,71.0,72.67,70.78,71.9,8078,ZL.c.0,2022-06-28
35,1,565889,72.02,73.17,71.03,72.59,3816,ZL.c.0,2022-06-29
35,1,565889,72.72,72.8,69.86,69.86,736,ZL.c.0,2022-06-30
35,1,565889,69.63,69.67,66.23,66.23,78,ZL.c.0,2022-07-01
35,1,565889,65.0,65.0,59.7,60.0,124,ZL.c.0,2022-07-05
35,1,565889,59.24,61.59,58.95,59.03,45,ZL.c.0,2022-07-06
35,1,565889,60.73,60.73,60.73,60.73,1,ZL.c.0,2022-07-07
35,1,565889,63.25,64.24,63.23,64.24,55,ZL.c.0,2022-07-08
35,1,565889,65.91,66.51,65.0,66.0,12,ZL.c.0,2022-07-11
35,1,288745,58.32,60.4,57.65,60.37,8279,ZL.c.0,2022-07-15
35,1,288745,60.36,64.0,59.7,63.24,10418,ZL.c.0,2022-07-18
35,1,288745,63.44,63.6,61.3,61.79,9007,ZL.c.0,2022-07-19
35,1,288745,61.89,62.53,59.76,60.09,10102,ZL.c.0,2022-07-20
35,1,288745,60.23,60.42,58.2,58.65,8498,ZL.c.0,2022-07-21
35,1,288745,58.87,60.59,58.18,60.29,7207,ZL.c.0,2022-07-22
35,1,288745,60.97,61.27,59.64,59.81,5935,ZL.c.0,2022-07-25
35,1,288745,60.27,61.29,60.01,60.3,5113,ZL.c.0,2022-07-26
35,1,288745,60.4,62.5,60.1,61.01,5271,ZL.c.0,2022-07-27
35,1,288745,61.32,66.71,61.18,65.84,4399,ZL.c.0,2022-07-28
35,1,288745,65.84,69.75,65.8,68.78,568,ZL.c.0,2022-07-29
35,1,288745,68.6,68.6,65.19,66.87,676,ZL.c.0,2022-08-01
35,1,288745,66.75,66.91,64.0,65.25,109,ZL.c.0,2022-08-02
35,1,288745,65.5,66.85,65.5,66.82,8,ZL.c.0,2022-08-03
35,1,288745,67.03,67.03,65.71,65.71,2,ZL.c.0,2022-08-04
35,1,288745,67.0,68.02,67.0,68.02,2,ZL.c.0,2022-08-05
35,1,288745,69.88,70.0,69.02,70.0,7,ZL.c.0,2022-08-08
35,1,288745,70.17,70.48,70.17,70.48,4,ZL.c.0,2022-08-09
35,1,288745,69.81,71.44,69.81,71.24,29,ZL.c.0,2022-08-10
35,1,288745,70.88,70.88,70.88,70.88,1,ZL.c.0,2022-08-11
35,1,66152,69.6,69.62,66.92,68.83,10150,ZL.c.0,2022-08-15
35,1,66152,68.89,69.47,67.27,67.63,8446,ZL.c.0,2022-08-16
35,1,66152,67.84,68.61,67.11,67.35,5521,ZL.c.0,2022-08-17
35,1,66152,67.56,67.88,65.35,66.22,9143,ZL.c.0,2022-08-18
35,1,66152,66.25,68.29,65.84,68.21,7236,ZL.c.0,2022-08-19
35,1,66152,67.87,69.46,67.12,68.62,7815,ZL.c.0,2022-08-22
35,1,66152,68.75,70.24,68.14,69.66,8848,ZL.c.0,2022-08-23
35,1,66152,69.64,70.45,68.12,68.95,9757,ZL.c.0,2022-08-24
35,1,66152,68.88,69.81,68.29,69.1,8922,ZL.c.0,2022-08-25
35,1,66152,69.18,71.72,68.6,70.62,7022,ZL.c.0,2022-08-26
35,1,66152,70.7,71.49,69.9,70.95,3961,ZL.c.0,2022-08-29
35,1,66152,70.98,71.15,69.66,70.92,4292,ZL.c.0,2022-08-30
35,1,66152,71.01,72.92,70.76,72.59,660,ZL.c.0,2022-08-31
35,1,66152,73.2,73.2,68.37,68.37,376,ZL.c.0,2022-09-01
35,1,66152,68.13,72.0,68.13,72.0,95,ZL.c.0,2022-09-02
35,1,66152,71.22,71.22,69.9,70.22,112,ZL.c.0,2022-09-06
35,1,66152,68.69,68.69,68.0,68.0,6,ZL.c.0,2022-09-08
35,1,66152,70.0,70.0,70.0,70.0,1,ZL.c.0,2022-09-09
35,1,66152,69.39,72.44,69.39,72.44,11,ZL.c.0,2022-09-12
35,1,66152,72.44,72.44,71.97,72.0,4,ZL.c.0,2022-09-13
35,1,66152,70.74,70.79,68.5,68.5,8,ZL.c.0,2022-09-14
35,1,343013,67.15,67.5,65.6,66.72,8391,ZL.c.0,2022-09-15
35,1,343013,66.87,68.95,66.7,68.73,6614,ZL.c.0,2022-09-16
35,1,343013,68.74,69.1,67.49,68.2,6161,ZL.c.0,2022-09-19
35,1,343013,68.2,68.77,67.14,68.49,6520,ZL.c.0,2022-09-20
35,1,343013,68.49,69.5,67.6,67.82,7606,ZL.c.0,2022-09-21
35,1,343013,67.82,69.66,67.13,69.22,7712,ZL.c.0,2022-09-22
35,1,343013,69.32,69.4,66.8,67.0,8719,ZL.c.0,2022-09-23
35,1,343013,67.03,67.29,65.65,66.12,5178,ZL.c.0,2022-09-26
35,1,343013,66.28,67.3,65.46,65.74,4621,ZL.c.0,2022-09-27
35,1,343013,66.23,66.24,64.16,65.57,5352,ZL.c.0,2022-09-28
35,1,343013,65.65,67.79,65.33,67.14,2110,ZL.c.0,2022-09-29
35,1,343013,67.16,67.5,65.06,65.14,453,ZL.c.0,2022-09-30
35,1,343013,65.5,66.93,65.5,66.89,64,ZL.c.0,2022-10-03
35,1,343013,68.36,68.53,68.3,68.51,16,ZL.c.0,2022-10-04
35,1,343013,68.67,68.68,67.15,68.49,24,ZL.c.0,2022-10-05
35,1,343013,68.7,69.2,67.76,69.2,167,ZL.c.0,2022-10-06
35,1,343013,70.45,70.45,70.45,70.45,5,ZL.c.0,2022-10-07
35,1,343013,69.8,69.91,69.8,69.91,4,ZL.c.0,2022-10-10
35,1,343013,68.92,68.92,68.92,68.92,1,ZL.c.0,2022-10-11
35,1,343013,68.44,68.44,68.34,68.34,37,ZL.c.0,2022-10-12
35,1,150640,65.32,67.16,65.15,66.75,38334,ZL.c.0,2022-10-17
35,1,150640,66.75,68.88,66.57,68.68,44694,ZL.c.0,2022-10-18
35,1,150640,68.7,70.7,68.27,70.53,46105,ZL.c.0,2022-10-19
35,1,150640,70.53,72.06,70.04,70.5,46029,ZL.c.0,2022-10-20
35,1,150640,70.5,71.72,69.54,71.45,32675,ZL.c.0,2022-10-21
35,1,150640,71.6,72.56,70.52,71.96,35641,ZL.c.0,2022-10-24
35,1,150640,71.95,72.41,71.23,72.18,31010,ZL.c.0,2022-10-25
35,1,150640,72.23,73.82,71.97,73.47,30803,ZL.c.0,2022-10-26
35,1,150640,73.79,73.97,72.0,72.44,35057,ZL.c.0,2022-10-27
35,1,150640,72.35,72.45,71.09,71.84,30412,ZL.c.0,2022-10-28
35,1,150640,72.5,74.28,72.5,73.24,45464,ZL.c.0,2022-10-31
35,1,150640,73.18,74.57,72.74,73.29,34128,ZL.c.0,2022-11-01
35,1,150640,73.65,75.9,72.55,75.66,44441,ZL.c.0,2022-11-02
35,1,150640,75.58,76.05,73.58,75.29,42049,ZL.c.0,2022-11-03
35,1,150640,75.45,77.42,75.18,77.31,33175,ZL.c.0,2022-11-04
35,1,150640,77.1,77.8,75.98,76.35,29246,ZL.c.0,2022-11-07
35,1,150640,76.54,76.88,74.85,75.03,28831,ZL.c.0,2022-11-08
35,1,150640,75.05,76.09,74.36,75.68,29668,ZL.c.0,2022-11-09
35,1,150640,75.64,77.0,75.4,76.02,31700,ZL.c.0,2022-11-10
35,1,150640,76.0,78.64,75.88,77.08,30936,ZL.c.0,2022-11-11
35,1,150640,77.2,77.33,75.61,76.34,25690,ZL.c.0,2022-11-14
35,1,150640,76.28,77.47,75.7,77.03,25056,ZL.c.0,2022-11-15
35,1,150640,76.9,76.96,73.78,73.96,38377,ZL.c.0,2022-11-16
35,1,150640,74.44,74.44,71.44,72.32,36503,ZL.c.0,2022-11-17
35,1,150640,72.5,73.13,71.53,72.8,22285,ZL.c.0,2022-11-18
35,1,150640,72.75,73.18,71.3,73.03,18909,ZL.c.0,2022-11-21
35,1,150640,72.92,74.32,72.91,73.85,9868,ZL.c.0,2022-11-22
35,1,150640,73.84,75.01,73.24,74.89,12826,ZL.c.0,2022-11-23
35,1,150640,74.91,75.32,74.41,74.49,6256,ZL.c.0,2022-11-25
35,1,150640,74.41,76.31,73.12,76.06,7532,ZL.c.0,2022-11-28
35,1,150640,76.04,77.07,75.33,76.25,4689,ZL.c.0,2022-11-29
35,1,150640,75.53,77.22,74.5,75.15,1379,ZL.c.0,2022-11-30
35,1,150640,74.5,74.5,68.01,68.34,706,ZL.c.0,2022-12-01
35,1,150640,69.0,69.0,67.0,67.85,148,ZL.c.0,2022-12-02
35,1,150640,67.1,67.52,64.75,64.75,86,ZL.c.0,2022-12-05
35,1,150640,65.11,65.11,63.45,64.1,60,ZL.c.0,2022-12-06
35,1,150640,64.2,64.2,63.92,63.92,6,ZL.c.0,2022-12-07
35,1,150640,63.76,63.85,63.4,63.4,51,ZL.c.0,2022-12-08
35,1,150640,63.6,63.6,62.48,62.48,13,ZL.c.0,2022-12-09
35,1,150640,61.6,65.06,61.6,64.3,26,ZL.c.0,2022-12-12
35,1,150640,65.42,65.42,65.42,65.42,1,ZL.c.0,2022-12-13
35,1,276652,63.55,63.98,62.32,63.91,21070,ZL.c.0,2022-12-15
35,1,276652,63.93,64.15,62.35,63.18,18473,ZL.c.0,2022-12-16
35,1,276652,63.14,64.58,62.81,64.46,13974,ZL.c.0,2022-12-19
35,1,276652,64.46,66.34,63.8,66.07,16386,ZL.c.0,2022-12-20
35,1,276652,66.07,66.86,65.45,66.18,14325,ZL.c.0,2022-12-21
35,1,276652,66.2,66.4,65.1,65.83,7462,ZL.c.0,2022-12-22
35,1,276652,65.86,66.72,65.08,65.75,7154,ZL.c.0,2022-12-23
35,1,276652,66.75,68.3,66.34,67.52,5668,ZL.c.0,2022-12-27
35,1,276652,67.62,67.88,65.01,65.81,3199,ZL.c.0,2022-12-28
35,1,276652,65.96,67.43,65.31,66.28,1678,ZL.c.0,2022-12-29
35,1,276652,65.96,66.06,63.5,64.05,458,ZL.c.0,2022-12-30
35,1,276652,64.06,65.25,63.15,63.15,79,ZL.c.0,2023-01-03
35,1,276652,63.63,63.63,62.91,63.4,23,ZL.c.0,2023-01-04
35,1,276652,64.21,64.21,62.75,62.85,14,ZL.c.0,2023-01-05
35,1,276652,63.48,64.2,63.3,64.2,17,ZL.c.0,2023-01-06
35,1,276652,64.03,64.03,64.03,64.03,2,ZL.c.0,2023-01-09
35,1,276652,63.5,63.5,62.41,62.41,4,ZL.c.0,2023-01-11
35,1,652024,63.0,64.0,62.47,63.9,34463,ZL.c.0,2023-01-17
35,1,652024,64.0,64.75,63.6,64.12,39619,ZL.c.0,2023-01-18
35,1,652024,64.05,64.43,62.71,63.15,41019,ZL.c.0,2023-01-19
35,1,652024,63.28,63.95,61.72,62.03,43362,ZL.c.0,2023-01-20
35,1,652024,61.88,62.36,61.21,62.07,33560,ZL.c.0,2023-01-23
35,1,652024,62.11,62.13,60.88,60.98,35798,ZL.c.0,2023-01-24
35,1,652024,61.09,61.29,60.0,60.55,35332,ZL.c.0,2023-01-25
35,1,652024,60.6,61.53,60.17,60.77,36073,ZL.c.0,2023-01-26
35,1,652024,60.8,61.32,59.9,60.76,38824,ZL.c.0,2023-01-27
35,1,652024,60.67,61.67,60.67,61.43,44459,ZL.c.0,2023-01-30
35,1,652024,61.25,62.38,60.78,62.22,42091,ZL.c.0,2023-01-31
35,1,652024,62.27,62.46,60.26,60.71,50545,ZL.c.0,2023-02-01
35,1,652024,60.8,61.23,60.19,60.94,34610,ZL.c.0,2023-02-02
35,1,652024,60.9,61.15,58.92,59.05,54118,ZL.c.0,2023-02-03
35,1,652024,59.06,59.65,58.43,59.3,41609,ZL.c.0,2023-02-06
35,1,652024,59.35,61.48,59.3,60.94,53669,ZL.c.0,2023-02-07
35,1,652024,61.01,61.13,60.08,60.55,34428,ZL.c.0,2023-02-08
35,1,652024,60.53,60.99,58.89,59.17,35576,ZL.c.0,2023-02-09
35,1,652024,59.15,60.58,58.87,60.52,35992,ZL.c.0,2023-02-10
35,1,652024,60.37,60.84,59.56,60.21,25186,ZL.c.0,2023-02-13
35,1,652024,60.13,60.66,59.58,60.22,25043,ZL.c.0,2023-02-14
35,1,652024,60.35,61.38,59.6,61.16,29710,ZL.c.0,2023-02-15
35,1,652024,61.2,62.15,61.0,61.95,22838,ZL.c.0,2023-02-16
35,1,652024,61.91,62.09,61.01,61.48,18434,ZL.c.0,2023-02-17
35,1,652024,61.81,63.01,61.01,62.64,14818,ZL.c.0,2023-02-21
35,1,652024,62.75,63.67,62.24,62.81,13448,ZL.c.0,2023-02-22
35,1,652024,62.82,63.55,61.84,62.21,9992,ZL.c.0,2023-02-23
35,1,652024,62.1,62.59,60.91,61.14,9383,ZL.c.0,2023-02-24
35,1,652024,61.31,61.71,59.76,59.99,5267,ZL.c.0,2023-02-27
35,1,652024,60.28,60.28,59.64,59.75,265,ZL.c.0,2023-02-28
35,1,652024,60.13,60.53,60.0,60.43,30,ZL.c.0,2023-03-01
35,1,652024,60.05,60.05,59.77,59.8,9,ZL.c.0,2023-03-02
35,1,652024,60.93,61.15,60.45,60.6,66,ZL.c.0,2023-03-03
35,1,652024,60.45,60.45,59.96,60.0,69,ZL.c.0,2023-03-06
35,1,652024,59.54,59.55,58.2,58.2,27,ZL.c.0,2023-03-07
35,1,652024,58.25,59.1,58.1,58.68,21,ZL.c.0,2023-03-08
35,1,652024,58.76,58.78,58.76,58.78,10,ZL.c.0,2023-03-09
35,1,652024,56.26,56.97,55.9,55.9,382,ZL.c.0,2023-03-10
35,1,548775,56.17,56.51,54.99,56.41,53817,ZL.c.0,2023-03-15
35,1,548775,56.41,57.91,56.02,57.68,48957,ZL.c.0,2023-03-16
35,1,548775,57.69,57.97,56.83,57.39,35404,ZL.c.0,2023-03-17
35,1,548775,57.33,58.39,56.04,58.0,43522,ZL.c.0,2023-03-20
35,1,548775,58.02,58.24,56.08,56.24,48692,ZL.c.0,2023-03-21
35,1,548775,56.35,56.44,54.45,54.58,53214,ZL.c.0,2023-03-22
35,1,548775,54.56,54.77,51.28,52.27,67960,ZL.c.0,2023-03-23
35,1,548775,52.35,53.88,51.48,53.39,65920,ZL.c.0,2023-03-24
35,1,548775,53.4,54.74,52.82,54.48,39885,ZL.c.0,2023-03-27
35,1,548775,54.54,55.22,54.16,54.92,36345,ZL.c.0,2023-03-28
35,1,548775,54.92,55.56,54.5,55.18,31615,ZL.c.0,2023-03-29
35,1,548775,55.21,55.69,54.2,54.48,41777,ZL.c.0,2023-03-30
35,1,548775,54.4,56.2,53.93,55.9,44638,ZL.c.0,2023-03-31
35,1,548775,56.66,57.4,56.05,56.66,41551,ZL.c.0,2023-04-03
35,1,548775,56.7,57.18,54.95,55.84,44378,ZL.c.0,2023-04-04
35,1,548775,55.81,56.3,55.1,55.13,29821,ZL.c.0,2023-04-05
35,1,548775,55.22,55.34,54.04,54.56,31149,ZL.c.0,2023-04-06
35,1,548775,54.78,55.17,54.11,54.54,25356,ZL.c.0,2023-04-10
35,1,548775,54.48,55.45,54.29,54.96,31800,ZL.c.0,2023-04-11
35,1,548775,54.89,54.89,53.5,53.97,32152,ZL.c.0,2023-04-12
35,1,548775,53.93,54.16,53.41,53.6,25354,ZL.c.0,2023-04-13
35,1,548775,53.67,53.83,52.63,53.74,22862,ZL.c.0,2023-04-14
35,1,548775,53.75,54.7,53.36,54.46,22325,ZL.c.0,2023-04-17
35,1,548775,54.5,56.05,54.39,55.4,23661,ZL.c.0,2023-04-18
35,1,548775,55.36,56.06,54.6,55.07,17529,ZL.c.0,2023-04-19
35,1,548775,55.02,55.34,54.18,54.36,15935,ZL.c.0,2023-04-20
35,1,548775,54.47,54.86,53.2,53.27,16367,ZL.c.0,2023-04-21
35,1,548775,53.4,53.6,52.46,52.56,11380,ZL.c.0,2023-04-24
35,1,548775,52.38,52.76,51.61,51.68,9151,ZL.c.0,2023-04-25
35,1,548775,51.77,52.4,51.43,52.02,5200,ZL.c.0,2023-04-26
35,1,548775,52.14,52.14,50.37,50.55,2513,ZL.c.0,2023-04-27
35,1,548775,50.62,51.65,50.24,51.5,252,ZL.c.0,2023-04-28
35,1,548775,51.46,51.7,51.17,51.43,153,ZL.c.0,2023-05-01
35,1,548775,52.06,52.08,51.33,51.41,52,ZL.c.0,2023-05-02
35,1,548775,50.75,51.67,50.75,51.67,6,ZL.c.0,2023-05-03
35,1,548775,52.31,52.39,52.31,52.38,14,ZL.c.0,2023-05-04
35,1,548775,53.6,53.6,53.3,53.3,27,ZL.c.0,2023-05-08
35,1,548775,52.19,52.19,52.19,52.19,2,ZL.c.0,2023-05-10
35,1,673494,49.21,50.39,48.81,49.71,56281,ZL.c.0,2023-05-15
35,1,673494,49.69,49.77,47.02,47.29,79898,ZL.c.0,2023-05-16
35,1,673494,47.67,47.99,45.75,46.24,79753,ZL.c.0,2023-05-17
35,1,673494,46.55,47.66,45.93,47.22,65099,ZL.c.0,2023-05-18
35,1,673494,47.5,48.98,46.91,47.18,59171,ZL.c.0,2023-05-19
35,1,673494,47.35,49.08,46.65,48.66,47649,ZL.c.0,2023-05-22
35,1,673494,48.77,48.88,47.34,47.71,45665,ZL.c.0,2023-05-23
35,1,673494,47.76,48.89,47.51,47.97,40984,ZL.c.0,2023-05-24
35,1,673494,48.07,49.06,47.89,48.64,43839,ZL.c.0,2023-05-25
35,1,673494,48.61,49.66,48.46,48.74,40109,ZL.c.0,2023-05-26
35,1,673494,48.88,49.06,45.94,46.13,57483,ZL.c.0,2023-05-30
35,1,673494,46.2,46.59,44.53,46.21,62668,ZL.c.0,2023-05-31
35,1,673494,46.33,48.02,46.16,47.8,50171,ZL.c.0,2023-06-01
35,1,673494,47.86,49.56,47.69,49.38,48110,ZL.c.0,2023-06-02
35,1,673494,49.61,49.89,48.63,49.06,45819,ZL.c.0,2023-06-05
35,1,673494,49.26,51.02,48.68,51.0,53627,ZL.c.0,2023-06-06
35,1,673494,50.92,51.57,50.17,50.54,51761,ZL.c.0,2023-06-07
35,1,673494,50.54,52.75,50.35,52.44,49861,ZL.c.0,2023-06-08
35,1,673494,52.26,54.92,52.2,54.66,59575,ZL.c.0,2023-06-09
35,1,673494,54.59,54.85,53.7,54.04,39396,ZL.c.0,2023-06-12
35,1,673494,54.15,55.59,53.98,55.47,40965,ZL.c.0,2023-06-13
35,1,673494,55.62,56.67,54.63,55.92,41133,ZL.c.0,2023-06-14
35,1,673494,55.96,58.9,55.8,58.41,48624,ZL.c.0,2023-06-15
35,1,673494,58.43,60.24,58.4,59.55,51044,ZL.c.0,2023-06-16
35,1,673494,59.95,60.06,58.76,59.53,31741,ZL.c.0,2023-06-20
35,1,673494,59.3,59.3,55.63,55.63,19638,ZL.c.0,2023-06-21
35,1,673494,55.1,55.87,53.13,55.85,36026,ZL.c.0,2023-06-22
35,1,673494,55.79,58.1,55.7,57.92,24473,ZL.c.0,2023-06-23
35,1,673494,58.22,59.68,57.97,59.65,12667,ZL.c.0,2023-06-26
35,1,673494,59.68,60.65,57.69,60.54,12927,ZL.c.0,2023-06-27
35,1,673494,60.4,61.75,58.75,59.94,8156,ZL.c.0,2023-06-28
35,1,673494,59.84,61.2,59.4,60.9,2605,ZL.c.0,2023-06-29
35,1,673494,61.24,65.65,61.2,65.65,699,ZL.c.0,2023-06-30
35,1,673494,65.0,67.29,65.0,66.75,406,ZL.c.0,2023-07-03
35,1,673494,68.21,68.85,67.56,68.3,169,ZL.c.0,2023-07-05
35,1,673494,67.61,67.61,66.0,66.0,78,ZL.c.0,2023-07-06
35,1,673494,66.58,66.85,65.96,66.85,19,ZL.c.0,2023-07-07
35,1,673494,69.44,69.44,69.17,69.26,8,ZL.c.0,2023-07-10
35,1,673494,68.5,69.04,68.5,68.68,14,ZL.c.0,2023-07-11
35,1,673494,69.41,69.6,69.41,69.48,77,ZL.c.0,2023-07-12
35,1,673494,70.0,70.0,70.0,70.0,2,ZL.c.0,2023-07-13
35,1,673494,67.89,67.89,67.89,67.89,1,ZL.c.0,2023-07-14
35,1,591017,65.05,66.39,64.3,64.81,12322,ZL.c.0,2023-07-17
35,1,591017,64.78,65.25,63.55,64.15,12187,ZL.c.0,2023-07-18
35,1,591017,64.53,67.17,64.14,66.08,18021,ZL.c.0,2023-07-19
35,1,591017,66.05,67.85,65.91,67.58,14892,ZL.c.0,2023-07-20
35,1,591017,67.64,69.55,67.6,69.5,14495,ZL.c.0,2023-07-21
35,1,591017,69.73,72.81,69.62,72.0,9369,ZL.c.0,2023-07-24
35,1,591017,71.94,72.68,70.75,72.36,7396,ZL.c.0,2023-07-25
35,1,591017,72.44,72.64,70.0,70.49,7607,ZL.c.0,2023-07-26
35,1,591017,70.49,70.56,67.54,68.66,4126,ZL.c.0,2023-07-27
35,1,591017,68.84,69.86,67.51,68.13,3612,ZL.c.0,2023-07-28
35,1,591017,67.75,67.75,64.55,65.55,388,ZL.c.0,2023-07-31
35,1,591017,65.67,66.78,64.42,66.78,200,ZL.c.0,2023-08-01
35,1,591017,67.33,67.7,66.79,67.26,117,ZL.c.0,2023-08-02
35,1,591017,67.03,67.03,66.33,67.0,88,ZL.c.0,2023-08-03
35,1,591017,67.98,68.0,67.69,68.0,23,ZL.c.0,2023-08-04
35,1,591017,67.71,67.71,66.7,66.7,15,ZL.c.0,2023-08-07
35,1,591017,66.5,66.5,65.0,65.0,15,ZL.c.0,2023-08-08
35,1,591017,66.83,66.83,66.83,66.83,1,ZL.c.0,2023-08-09
35,1,591017,66.75,66.75,66.0,66.7,14,ZL.c.0,2023-08-10
35,1,591017,66.7,66.78,65.96,65.96,11,ZL.c.0,2023-08-11
35,1,591017,65.04,65.16,65.04,65.16,3,ZL.c.0,2023-08-14
35,1,197656,65.06,66.66,64.67,65.82,13527,ZL.c.0,2023-08-15
35,1,197656,65.9,67.8,65.65,66.79,10049,ZL.c.0,2023-08-16
35,1,197656,66.78,67.96,66.71,67.75,10551,ZL.c.0,2023-08-17
35,1,197656,67.76,68.48,67.52,68.41,6719,ZL.c.0,2023-08-18
35,1,197656,68.5,69.48,67.43,68.0,10204,ZL.c.0,2023-08-21
35,1,197656,68.15,68.46,65.03,65.2,16034,ZL.c.0,2023-08-22
35,1,197656,65.21,66.66,63.96,66.18,12999,ZL.c.0,2023-08-23
35,1,197656,66.18,66.4,64.74,65.62,12819,ZL.c.0,2023-08-24
35,1,197656,65.44,67.08,65.38,66.91,9860,ZL.c.0,2023-08-25
35,1,197656,67.16,67.74,66.12,66.84,4776,ZL.c.0,2023-08-28
35,1,197656,66.68,67.48,66.31,66.6,3468,ZL.c.0,2023-08-29
35,1,197656,66.5,67.2,65.35,65.49,2304,ZL.c.0,2023-08-30
35,1,197656,65.7,66.1,65.41,65.5,410,ZL.c.0,2023-08-31
35,1,197656,66.1,66.75,66.0,66.75,113,ZL.c.0,2023-09-01
35,1,197656,66.22,66.28,65.62,65.75,51,ZL.c.0,2023-09-05
35,1,197656,65.5,65.98,65.26,65.26,303,ZL.c.0,2023-09-06
35,1,197656,65.35,65.35,64.15,64.19,50,ZL.c.0,2023-09-07
35,1,197656,63.65,63.65,63.65,63.65,1,ZL.c.0,2023-09-08
35,1,197656,63.82,63.82,62.9,63.31,18,ZL.c.0,2023-09-11
35,1,197656,63.71,63.71,62.0,62.93,10,ZL.c.0,2023-09-12
35,1,511625,63.08,63.82,62.2,63.31,15625,ZL.c.0,2023-09-15
35,1,511625,63.38,63.6,62.04,62.32,8160,ZL.c.0,2023-09-18
35,1,511625,62.4,62.9,61.67,61.84,7347,ZL.c.0,2023-09-19
35,1,511625,61.85,62.05,60.62,60.66,7679,ZL.c.0,2023-09-20
35,1,511625,60.68,60.91,59.5,59.63,9343,ZL.c.0,2023-09-21
35,1,511625,59.73,61.2,59.65,60.66,9626,ZL.c.0,2023-09-22
35,1,511625,60.95,60.95,58.65,58.75,5680,ZL.c.0,2023-09-25
35,1,511625,58.88,59.17,57.76,58.67,6217,ZL.c.0,2023-09-26
35,1,511625,58.81,60.26,58.43,59.6,4667,ZL.c.0,2023-09-27
35,1,511625,59.61,59.75,58.07,58.54,3046,ZL.c.0,2023-09-28
35,1,511625,58.61,58.77,57.29,57.29,284,ZL.c.0,2023-09-29
35,1,511625,57.25,60.17,57.12,59.76,228,ZL.c.0,2023-10-02
35,1,511625,59.75,59.75,59.3,59.3,61,ZL.c.0,2023-10-03
35,1,511625,60.0,60.12,58.41,58.52,162,ZL.c.0,2023-10-04
35,1,511625,58.59,58.78,57.71,57.77,58,ZL.c.0,2023-10-05
35,1,511625,58.88,58.88,57.24,57.6,36,ZL.c.0,2023-10-06
35,1,511625,57.6,58.02,56.13,56.13,30,ZL.c.0,2023-10-09
35,1,511625,54.94,55.3,53.96,53.96,43,ZL.c.0,2023-10-10
35,1,511625,53.98,54.05,53.98,54.0,18,ZL.c.0,2023-10-11
35,1,511625,52.21,55.17,52.16,54.97,55,ZL.c.0,2023-10-12
35,1,511625,54.46,56.36,54.45,56.36,10,ZL.c.0,2023-10-13
35,1,319302,54.49,56.16,54.45,55.93,52286,ZL.c.0,2023-10-16
35,1,319302,55.93,56.11,55.13,55.33,39030,ZL.c.0,2023-10-17
35,1,319302,55.44,55.9,54.73,54.98,46513,ZL.c.0,2023-10-18
35,1,319302,54.87,55.14,52.95,53.14,56974,ZL.c.0,2023-10-19
35,1,319302,53.24,54.32,52.97,53.15,47204,ZL.c.0,2023-10-20
35,1,319302,53.39,54.0,51.78,51.88,44165,ZL.c.0,2023-10-23
35,1,319302,52.03,52.03,50.82,51.26,57892,ZL.c.0,2023-10-24
35,1,319302,51.33,52.65,51.15,52.58,46628,ZL.c.0,2023-10-25
35,1,319302,52.69,53.49,51.56,51.63,50268,ZL.c.0,2023-10-26
35,1,319302,51.7,52.73,51.18,52.23,46396,ZL.c.0,2023-10-27
35,1,319302,52.06,52.97,52.06,52.26,37794,ZL.c.0,2023-10-30
35,1,319302,52.39,52.54,51.36,51.53,38194,ZL.c.0,2023-10-31
35,1,319302,51.59,51.88,49.78,49.91,46592,ZL.c.0,2023-11-01
35,1,319302,50.11,50.58,49.32,50.51,47753,ZL.c.0,2023-11-02
35,1,319302,50.48,51.32,48.79,49.17,52588,ZL.c.0,2023-11-03
35,1,319302,49.36,52.03,49.26,50.67,62935,ZL.c.0,2023-11-06
35,1,319302,50.88,50.88,49.25,49.48,49113,ZL.c.0,2023-11-07
35,1,319302,49.53,50.02,48.95,49.92,36331,ZL.c.0,2023-11-08
35,1,319302,49.88,50.85,49.72,50.41,33740,ZL.c.0,2023-11-09
35,1,319302,50.63,51.69,50.49,51.32,33731,ZL.c.0,2023-11-10
35,1,319302,51.2,51.75,49.83,51.67,43218,ZL.c.0,2023-11-13
35,1,319302,51.84,53.57,51.71,52.79,48454,ZL.c.0,2023-11-14
35,1,319302,52.82,53.62,52.42,53.07,42356,ZL.c.0,2023-11-15
35,1,319302,53.05,53.06,51.55,51.6,29617,ZL.c.0,2023-11-16
35,1,319302,51.9,52.52,51.28,52.0,24950,ZL.c.0,2023-11-17
35,1,319302,52.2,53.15,51.52,53.07,17801,ZL.c.0,2023-11-20
35,1,319302,53.11,54.34,52.55,54.31,20874,ZL.c.0,2023-11-21
35,1,319302,54.5,54.54,53.27,53.63,13437,ZL.c.0,2023-11-22
35,1,319302,53.5,53.5,51.4,51.97,14344,ZL.c.0,2023-11-24
35,1,319302,52.0,52.22,51.1,51.9,11023,ZL.c.0,2023-11-27
35,1,319302,52.07,53.56,51.99,53.54,6567,ZL.c.0,2023-11-28
35,1,319302,53.2,53.73,51.83,52.65,4049,ZL.c.0,2023-11-29
35,1,319302,52.88,53.2,52.03,52.35,565,ZL.c.0,2023-11-30
35,1,319302,52.51,52.51,51.4,51.4,83,ZL.c.0,2023-12-01
35,1,319302,51.3,51.99,51.08,51.09,91,ZL.c.0,2023-12-04
35,1,319302,51.02,51.07,49.68,49.68,26,ZL.c.0,2023-12-05
35,1,319302,49.93,50.01,49.93,50.01,28,ZL.c.0,2023-12-06
35,1,319302,50.68,50.83,50.68,50.79,28,ZL.c.0,2023-12-07
35,1,319302,51.21,51.21,51.03,51.03,4,ZL.c.0,2023-12-08
35,1,319302,50.74,50.74,50.71,50.71,2,ZL.c.0,2023-12-11
35,1,319302,51.5,51.5,50.4,50.4,7,ZL.c.0,2023-12-12
35,1,319302,50.35,50.35,49.79,50.0,370,ZL.c.0,2023-12-13
35,1,391369,49.8,50.15,48.59,50.12,33166,ZL.c.0,2023-12-15
35,1,391369,50.2,50.95,49.77,50.67,24608,ZL.c.0,2023-12-18
35,1,391369,50.73,51.26,50.01,50.66,16213,ZL.c.0,2023-12-19
35,1,391369,50.73,51.64,49.98,50.66,20259,ZL.c.0,2023-12-20
35,1,391369,50.53,50.59,49.0,49.02,9977,ZL.c.0,2023-12-21
35,1,391369,49.19,49.48,48.46,48.47,4955,ZL.c.0,2023-12-22
35,1,391369,48.9,49.03,47.24,47.98,3552,ZL.c.0,2023-12-26
35,1,391369,47.91,48.44,46.93,48.44,3580,ZL.c.0,2023-12-27
35,1,391369,48.5,48.77,47.4,47.52,1629,ZL.c.0,2023-12-28
35,1,391369,47.59,47.88,47.32,47.83,326,ZL.c.0,2023-12-29
35,1,391369,47.81,47.99,46.89,47.69,402,ZL.c.0,2024-01-02
35,1,391369,47.61,48.32,47.54,48.18,224,ZL.c.0,2024-01-03
35,1,391369,47.81,47.97,47.81,47.97,14,ZL.c.0,2024-01-04
35,1,391369,47.7,47.7,47.54,47.54,23,ZL.c.0,2024-01-05
35,1,391369,46.36,46.72,46.36,46.72,10,ZL.c.0,2024-01-08
35,1,391369,48.23,48.3,48.23,48.3,18,ZL.c.0,2024-01-09
35,1,391369,47.92,47.92,47.92,47.92,3,ZL.c.0,2024-01-10
35,1,330370,48.35,48.59,47.22,47.27,53059,ZL.c.0,2024-01-16
35,1,330370,47.25,47.86,46.58,47.73,48861,ZL.c.0,2024-01-17
35,1,330370,47.7,48.2,46.96,47.57,38025,ZL.c.0,2024-01-18
35,1,330370,47.73,48.12,46.76,46.9,47220,ZL.c.0,2024-01-19
35,1,330370,46.77,48.26,46.77,48.1,43664,ZL.c.0,2024-01-22
35,1,330370,48.15,48.65,47.86,48.27,37940,ZL.c.0,2024-01-23
35,1,330370,48.18,48.43,47.2,47.27,46222,ZL.c.0,2024-01-24
35,1,330370,47.32,47.47,46.12,46.61,60419,ZL.c.0,2024-01-25
35,1,330370,46.67,47.08,46.08,46.88,44349,ZL.c.0,2024-01-26
35,1,330370,47.13,47.14,45.18,45.5,57629,ZL.c.0,2024-01-29
35,1,330370,45.55,46.19,44.89,46.03,47629,ZL.c.0,2024-01-30
35,1,330370,46.0,46.3,45.26,46.05,40315,ZL.c.0,2024-01-31
35,1,330370,46.02,46.38,45.32,45.63,46032,ZL.c.0,2024-02-01
35,1,330370,45.73,45.75,44.58,44.67,40922,ZL.c.0,2024-02-02
35,1,330370,44.73,45.45,44.51,45.44,38378,ZL.c.0,2024-02-05
35,1,330370,45.35,46.26,45.33,46.0,44023,ZL.c.0,2024-02-06
35,1,330370,46.0,46.89,45.33,46.76,46774,ZL.c.0,2024-02-07
35,1,330370,46.76,48.16,46.67,48.09,57544,ZL.c.0,2024-02-08
35,1,330370,47.94,48.45,46.91,47.25,52142,ZL.c.0,2024-02-09
35,1,330370,47.26,47.34,46.51,47.05,33422,ZL.c.0,2024-02-12
35,1,330370,46.99,47.7,46.24,47.26,39193,ZL.c.0,2024-02-13
35,1,330370,47.36,47.54,46.12,46.32,35157,ZL.c.0,2024-02-14
35,1,330370,46.23,46.34,45.56,46.01,41287,ZL.c.0,2024-02-15
35,1,330370,46.06,46.35,45.43,45.65,31420,ZL.c.0,2024-02-16
35,1,330370,45.8,46.08,44.94,45.36,28599,ZL.c.0,2024-02-20
35,1,330370,45.5,45.63,44.67,44.82,21568,ZL.c.0,2024-02-21
35,1,330370,44.83,45.34,44.07,44.25,21657,ZL.c.0,2024-02-22
35,1,330370,44.21,44.59,43.57,44.02,17778,ZL.c.0,2024-02-23
35,1,330370,44.02,44.65,43.66,44.33,11311,ZL.c.0,2024-02-26
35,1,330370,44.47,45.5,44.41,44.91,8525,ZL.c.0,2024-02-27
35,1,330370,44.92,45.11,44.33,44.77,3333,ZL.c.0,2024-02-28
35,1,330370,44.76,44.9,44.2,44.74,61,ZL.c.0,2024-02-29
35,1,330370,44.75,45.12,44.23,44.71,56,ZL.c.0,2024-03-01
35,1,330370,44.79,44.97,44.54,44.62,97,ZL.c.0,2024-03-04
35,1,330370,44.46,44.84,44.33,44.53,143,ZL.c.0,2024-03-05
35,1,330370,45.0,45.0,45.0,45.0,1,ZL.c.0,2024-03-06
35,1,330370,45.32,45.95,45.32,45.95,23,ZL.c.0,2024-03-07
35,1,330370,45.73,45.73,44.74,44.99,35,ZL.c.0,2024-03-08
35,1,330370,46.0,46.09,46.0,46.04,7,ZL.c.0,2024-03-11
35,1,330370,48.01,48.01,48.01,48.01,10,ZL.c.0,2024-03-14
35,1,567056,48.45,49.61,47.76,49.57,66661,ZL.c.0,2024-03-15
35,1,567056,49.54,49.8,48.14,48.79,70763,ZL.c.0,2024-03-18
35,1,567056,48.71,48.81,48.1,48.18,46588,ZL.c.0,2024-03-19
35,1,567056,48.14,49.16,48.01,49.15,58004,ZL.c.0,2024-03-20
35,1,567056,49.1,49.76,48.33,48.82,56921,ZL.c.0,2024-03-21
35,1,567056,48.79,48.79,47.62,47.75,49312,ZL.c.0,2024-03-22
35,1,567056,47.75,49.09,47.55,49.01,64271,ZL.c.0,2024-03-25
35,1,567056,49.02,49.16,48.38,48.38,41391,ZL.c.0,2024-03-26
35,1,567056,48.42,48.43,47.39,47.7,47000,ZL.c.0,2024-03-27
35,1,567056,47.7,48.2,47.25,48.16,53242,ZL.c.0,2024-03-28
35,1,567056,48.12,48.79,48.06,48.23,39108,ZL.c.0,2024-04-01
35,1,567056,48.24,49.77,48.2,48.68,71944,ZL.c.0,2024-04-02
35,1,567056,48.7,49.26,48.27,48.86,55728,ZL.c.0,2024-04-03
35,1,567056,48.85,49.1,47.83,48.26,55965,ZL.c.0,2024-04-04
35,1,567056,48.18,49.15,48.01,49.1,47816,ZL.c.0,2024-04-05
35,1,567056,49.05,49.13,47.67,47.91,48312,ZL.c.0,2024-04-08
35,1,567056,47.9,48.23,47.31,47.58,46061,ZL.c.0,2024-04-09
35,1,567056,47.61,48.03,46.92,47.54,55488,ZL.c.0,2024-04-10
35,1,567056,47.6,47.6,45.96,46.01,59344,ZL.c.0,2024-04-11
35,1,567056,46.02,46.67,45.59,45.76,57883,ZL.c.0,2024-04-12
35,1,567056,45.9,46.32,45.33,45.34,47822,ZL.c.0,2024-04-15
35,1,567056,45.4,45.44,44.57,44.94,41576,ZL.c.0,2024-04-16
35,1,567056,44.94,45.31,44.56,44.96,27690,ZL.c.0,2024-04-17
35,1,567056,45.08,45.27,43.79,43.85,33532,ZL.c.0,2024-04-18
35,1,567056,43.98,44.66,43.5,44.4,26345,ZL.c.0,2024-04-19
35,1,567056,44.47,45.5,44.36,45.06,23214,ZL.c.0,2024-04-22
35,1,567056,45.0,45.47,44.69,45.24,14035,ZL.c.0,2024-04-23
35,1,567056,45.29,45.38,44.5,44.66,11284,ZL.c.0,2024-04-24
35,1,567056,44.66,44.89,44.01,44.87,8672,ZL.c.0,2024-04-25
35,1,567056,44.85,45.13,44.66,44.9,8776,ZL.c.0,2024-04-26
35,1,567056,45.01,45.35,43.65,43.65,5576,ZL.c.0,2024-04-29
35,1,567056,43.59,43.59,41.99,42.25,235,ZL.c.0,2024-04-30
35,1,567056,42.53,42.71,42.4,42.5,121,ZL.c.0,2024-05-01
35,1,567056,42.5,42.75,42.35,42.66,39,ZL.c.0,2024-05-02
35,1,567056,42.44,42.7,42.44,42.7,2,ZL.c.0,2024-05-03
35,1,567056,42.86,43.12,42.86,43.12,39,ZL.c.0,2024-05-06
35,1,567056,43.5,43.68,43.5,43.63,6,ZL.c.0,2024-05-07
35,1,567056,43.3,44.03,43.3,44.03,4,ZL.c.0,2024-05-08
35,1,567056,42.67,42.67,42.36,42.36,6,ZL.c.0,2024-05-09
35,1,567056,42.38,43.91,42.38,43.91,11,ZL.c.0,2024-05-10
35,1,771663,43.44,44.2,43.22,43.54,62920,ZL.c.0,2024-05-15
35,1,771663,43.55,44.69,43.35,44.48,48604,ZL.c.0,2024-05-16
35,1,771663,44.5,45.67,44.24,45.26,55735,ZL.c.0,2024-05-17
35,1,771663,45.4,46.62,45.2,46.27,60859,ZL.c.0,2024-05-20
35,1,771663,46.27,46.37,45.48,45.83,51739,ZL.c.0,2024-05-21
35,1,771663,45.81,46.72,45.7,45.85,60216,ZL.c.0,2024-05-22
35,1,771663,45.88,46.48,45.11,45.13,54873,ZL.c.0,2024-05-23
35,1,771663,45.19,45.45,44.76,44.93,49130,ZL.c.0,2024-05-24
35,1,771663,45.01,45.93,44.95,45.54,51916,ZL.c.0,2024-05-28
35,1,771663,45.55,46.0,45.11,45.81,48580,ZL.c.0,2024-05-29
35,1,771663,45.87,45.9,44.91,45.71,50944,ZL.c.0,2024-05-30
35,1,771663,45.63,46.53,45.29,45.44,53162,ZL.c.0,2024-05-31
35,1,771663,45.52,45.52,44.02,44.11,58970,ZL.c.0,2024-06-03
35,1,771663,44.14,44.55,43.57,43.59,52732,ZL.c.0,2024-06-04
35,1,771663,43.63,43.93,43.03,43.11,56922,ZL.c.0,2024-06-05
35,1,771663,43.18,44.65,43.11,44.38,58554,ZL.c.0,2024-06-06
35,1,771663,44.35,44.45,43.5,43.52,44504,ZL.c.0,2024-06-07
35,1,771663,43.6,43.91,43.11,43.52,45334,ZL.c.0,2024-06-10
35,1,771663,43.64,44.06,43.07,43.62,43074,ZL.c.0,2024-06-11
35,1,771663,43.69,44.17,43.47,43.85,35325,ZL.c.0,2024-06-12
35,1,771663,43.94,44.0,43.32,43.84,40572,ZL.c.0,2024-06-13
35,1,771663,43.86,43.97,43.47,43.63,34915,ZL.c.0,2024-06-14
35,1,771663,43.63,43.88,43.13,43.72,33504,ZL.c.0,2024-06-17
35,1,771663,43.72,44.68,43.46,44.38,43081,ZL.c.0,2024-06-18
35,1,771663,44.3,44.91,43.88,43.94,38166,ZL.c.0,2024-06-20
35,1,771663,43.94,44.17,43.61,43.89,24228,ZL.c.0,2024-06-21
35,1,771663,43.93,44.16,43.27,43.46,15726,ZL.c.0,2024-06-24
35,1,771663,43.57,43.63,42.5,42.77,20660,ZL.c.0,2024-06-25
35,1,771663,42.8,43.71,42.75,43.44,9005,ZL.c.0,2024-06-26
35,1,771663,43.41,44.06,42.98,43.34,4162,ZL.c.0,2024-06-27
35,1,771663,43.34,43.9,43.33,43.79,313,ZL.c.0,2024-06-28
35,1,771663,43.97,45.9,43.97,45.9,344,ZL.c.0,2024-07-01
35,1,771663,46.29,47.08,46.29,47.0,70,ZL.c.0,2024-07-02
35,1,771663,47.24,48.75,47.19,48.65,187,ZL.c.0,2024-07-03
35,1,771663,48.32,49.65,48.25,49.65,67,ZL.c.0,2024-07-05
35,1,771663,48.76,48.96,48.68,48.96,8,ZL.c.0,2024-07-08
35,1,771663,48.51,48.6,46.91,46.91,24,ZL.c.0,2024-07-09
35,1,771663,46.94,46.95,46.94,46.95,5,ZL.c.0,2024-07-10
35,1,771663,47.51,47.55,47.51,47.55,70,ZL.c.0,2024-07-12
35,1,21989,46.65,46.7,45.18,46.37,28404,ZL.c.0,2024-07-15
35,1,21989,46.48,47.26,46.33,46.67,18737,ZL.c.0,2024-07-16
35,1,21989,46.65,47.37,46.12,46.15,17614,ZL.c.0,2024-07-17
35,1,21989,46.22,46.65,45.77,46.42,15375,ZL.c.0,2024-07-18
35,1,21989,46.45,47.29,46.06,46.48,14333,ZL.c.0,2024-07-19
35,1,21989,46.56,47.27,46.51,46.83,12900,ZL.c.0,2024-07-22
35,1,21989,46.8,47.31,46.49,46.61,13912,ZL.c.0,2024-07-23
35,1,21989,46.66,46.66,45.91,45.94,14200,ZL.c.0,2024-07-24
35,1,21989,46.15,46.24,45.22,45.66,13423,ZL.c.0,2024-07-25
35,1,21989,45.83,46.04,43.55,43.62,15162,ZL.c.0,2024-07-26
35,1,21989,43.7,43.8,41.75,42.8,9712,ZL.c.0,2024-07-29
35,1,21989,42.8,43.12,42.03,42.85,2692,ZL.c.0,2024-07-30
35,1,21989,42.9,43.47,42.67,43.33,62,ZL.c.0,2024-07-31
35,1,21989,43.1,43.1,42.02,42.87,217,ZL.c.0,2024-08-01
35,1,21989,42.55,42.59,41.75,41.75,41,ZL.c.0,2024-08-02
35,1,21989,41.3,41.3,40.58,41.15,19,ZL.c.0,2024-08-05
35,1,21989,40.08,40.9,40.08,40.9,4,ZL.c.0,2024-08-06
35,1,21989,41.66,42.21,41.66,42.21,77,ZL.c.0,2024-08-07
35,1,21989,42.1,42.5,42.0,42.45,26,ZL.c.0,2024-08-08
35,1,21989,42.36,42.84,42.36,42.84,20,ZL.c.0,2024-08-09
35,1,21989,42.87,42.89,42.87,42.89,4,ZL.c.0,2024-08-12
35,1,396246,40.05,40.5,39.42,39.52,14538,ZL.c.0,2024-08-15
35,1,396246,39.5,39.99,38.6,39.82,15915,ZL.c.0,2024-08-16
35,1,396246,40.0,40.62,39.48,40.48,12468,ZL.c.0,2024-08-19
35,1,396246,40.47,40.96,39.77,40.7,9530,ZL.c.0,2024-08-20
35,1,396246,40.77,41.31,40.71,40.88,10120,ZL.c.0,2024-08-21
35,1,396246,40.96,41.56,40.31,40.34,10647,ZL.c.0,2024-08-22
35,1,396246,40.48,41.68,40.22,41.49,15726,ZL.c.0,2024-08-23
35,1,396246,41.36,42.17,41.06,41.74,10345,ZL.c.0,2024-08-26
35,1,396246,41.7,42.0,41.06,41.16,6716,ZL.c.0,2024-08-27
35,1,396246,41.22,41.86,40.65,41.71,4663,ZL.c.0,2024-08-28
35,1,396246,41.78,43.2,41.62,43.18,3613,ZL.c.0,2024-08-29
35,1,396246,43.42,43.53,42.72,43.16,71,ZL.c.0,2024-08-30
35,1,396246,43.17,43.17,41.6,42.19,56,ZL.c.0,2024-09-03
35,1,396246,41.8,42.22,41.8,41.8,24,ZL.c.0,2024-09-04
35,1,396246,41.4,42.45,41.4,42.35,39,ZL.c.0,2024-09-05
35,1,396246,41.01,41.01,40.76,40.78,18,ZL.c.0,2024-09-06
35,1,396246,40.78,41.34,40.78,41.16,6,ZL.c.0,2024-09-09
35,1,396246,41.3,41.3,41.03,41.03,3,ZL.c.0,2024-09-10
35,1,396246,40.31,40.31,40.31,40.31,1,ZL.c.0,2024-09-11
35,1,396246,41.26,41.26,41.26,41.26,1,ZL.c.0,2024-09-12
35,1,630908,39.56,40.17,39.26,39.72,10527,ZL.c.0,2024-09-16
35,1,630908,39.75,40.8,39.75,40.62,10776,ZL.c.0,2024-09-17
35,1,630908,40.59,41.49,40.54,41.02,14246,ZL.c.0,2024-09-18
35,1,630908,41.02,41.99,40.69,41.72,13935,ZL.c.0,2024-09-19
35,1,630908,41.75,42.3,41.38,42.13,11275,ZL.c.0,2024-09-20
35,1,630908,42.15,43.48,42.03,42.66,13548,ZL.c.0,2024-09-23
35,1,630908,42.66,44.04,42.26,43.98,10522,ZL.c.0,2024-09-24
35,1,630908,44.01,44.68,43.66,44.32,8292,ZL.c.0,2024-09-25
35,1,630908,44.35,44.86,42.82,42.87,5492,ZL.c.0,2024-09-26
35,1,630908,42.92,43.0,41.88,42.37,3791,ZL.c.0,2024-09-27
35,1,630908,42.16,43.55,42.13,43.53,95,ZL.c.0,2024-09-30
35,1,630908,43.01,43.92,42.51,43.92,261,ZL.c.0,2024-10-01
35,1,630908,43.95,43.95,43.44,43.76,14,ZL.c.0,2024-10-02
35,1,630908,44.22,44.22,44.22,44.22,5,ZL.c.0,2024-10-04
35,1,630908,43.38,43.38,43.38,43.38,9,ZL.c.0,2024-10-08
35,1,752937,41.91,42.67,41.36,42.45,61054,ZL.c.0,2024-10-15
35,1,752937,42.45,43.01,41.65,41.73,56719,ZL.c.0,2024-10-16
35,1,752937,41.68,42.68,41.51,42.62,49002,ZL.c.0,2024-10-17
35,1,752937,42.48,43.16,41.6,41.81,50198,ZL.c.0,2024-10-18
35,1,752937,41.82,42.55,41.68,42.31,40254,ZL.c.0,2024-10-21
35,1,752937,42.38,43.91,42.26,43.73,56295,ZL.c.0,2024-10-22
35,1,752937,43.83,43.99,43.16,43.46,43745,ZL.c.0,2024-10-23
35,1,752937,43.4,45.1,43.38,44.36,69805,ZL.c.0,2024-10-24
35,1,752937,44.33,44.77,43.81,44.19,49353,ZL.c.0,2024-10-25
35,1,752937,43.74,43.75,42.47,42.72,73060,ZL.c.0,2024-10-28
35,1,752937,42.7,43.49,42.6,42.88,43048,ZL.c.0,2024-10-29
35,1,752937,42.89,44.24,42.64,43.9,55257,ZL.c.0,2024-10-30
35,1,752937,43.87,45.44,43.6,45.37,65055,ZL.c.0,2024-10-31
35,1,752937,45.42,46.65,45.41,46.43,67742,ZL.c.0,2024-11-01
35,1,752937,46.59,46.8,44.98,45.54,62612,ZL.c.0,2024-11-04
35,1,752937,45.58,45.93,44.81,45.06,45000,ZL.c.0,2024-11-05
35,1,752937,45.0,46.9,44.34,46.43,74367,ZL.c.0,2024-11-06
35,1,752937,46.4,48.41,45.92,48.3,72120,ZL.c.0,2024-11-07
35,1,752937,48.32,49.05,47.71,48.75,57131,ZL.c.0,2024-11-08
35,1,752937,48.77,49.16,47.58,48.21,47079,ZL.c.0,2024-11-11
35,1,752937,48.14,48.26,45.82,46.26,66243,ZL.c.0,2024-11-12
35,1,752937,46.23,46.33,44.66,45.15,63082,ZL.c.0,2024-11-13
35,1,752937,45.21,45.81,44.33,44.58,50358,ZL.c.0,2024-11-14
35,1,752937,44.63,46.3,44.47,45.46,57130,ZL.c.0,2024-11-15
35,1,752937,45.43,45.81,44.37,45.59,36742,ZL.c.0,2024-11-18
35,1,752937,45.62,46.06,44.78,44.84,26106,ZL.c.0,2024-11-19
35,1,752937,44.85,45.05,43.08,43.29,33753,ZL.c.0,2024-11-20
35,1,752937,43.3,43.75,41.93,42.24,26299,ZL.c.0,2024-11-21
35,1,752937,42.18,42.51,41.36,41.83,19060,ZL.c.0,2024-11-22
35,1,752937,41.94,42.32,40.53,41.28,14291,ZL.c.0,2024-11-25
35,1,752937,41.18,42.82,41.18,42.55,10762,ZL.c.0,2024-11-26
35,1,752937,42.6,42.83,40.55,40.72,2338,ZL.c.0,2024-11-27
35,1,752937,41.71,42.24,41.25,41.59,124,ZL.c.0,2024-11-29
35,1,752937,41.36,41.65,41.07,41.24,191,ZL.c.0,2024-12-02
35,1,752937,41.02,42.28,41.02,41.6,26,ZL.c.0,2024-12-03
35,1,752937,41.32,41.85,41.32,41.56,35,ZL.c.0,2024-12-04
35,1,752937,41.68,42.06,41.68,42.05,6,ZL.c.0,2024-12-05
35,1,752937,42.75,42.93,42.75,42.91,27,ZL.c.0,2024-12-06
35,1,752937,42.59,42.85,42.11,42.63,82,ZL.c.0,2024-12-09
35,1,752937,42.07,42.62,42.06,42.62,111,ZL.c.0,2024-12-10
35,1,752937,42.91,42.99,42.79,42.79,6,ZL.c.0,2024-12-11
35,1,752937,42.37,42.37,42.09,42.21,184,ZL.c.0,2024-12-12
35,1,265851,42.61,42.68,41.53,41.75,33462,ZL.c.0,2024-12-16
35,1,265851,41.77,41.99,39.99,40.63,45882,ZL.c.0,2024-12-17
35,1,265851,40.62,40.64,39.36,39.55,40192,ZL.c.0,2024-12-18
35,1,265851,39.6,40.46,39.23,39.96,27144,ZL.c.0,2024-12-19
35,1,265851,40.0,40.41,39.39,39.52,16389,ZL.c.0,2024-12-20
35,1,265851,39.5,40.43,39.12,40.23,12823,ZL.c.0,2024-12-23
35,1,265851,40.14,40.49,39.68,39.86,4932,ZL.c.0,2024-12-24
35,1,265851,39.86,40.0,39.07,39.53,5475,ZL.c.0,2024-12-26
35,1,265851,39.45,40.22,39.33,39.65,6193,ZL.c.0,2024-12-27
35,1,265851,39.6,40.0,39.3,39.74,2754,ZL.c.0,2024-12-30
35,1,265851,39.69,39.88,39.4,39.76,250,ZL.c.0,2024-12-31
35,1,265851,39.85,40.23,39.3,39.66,30,ZL.c.0,2025-01-02
35,1,265851,39.82,39.82,39.17,39.41,24,ZL.c.0,2025-01-03
35,1,265851,39.92,40.07,39.73,39.75,10,ZL.c.0,2025-01-06
35,1,265851,39.65,40.75,39.65,40.75,119,ZL.c.0,2025-01-07
35,1,265851,41.03,41.31,40.81,41.14,17,ZL.c.0,2025-01-08
35,1,265851,40.84,41.99,40.84,41.88,3,ZL.c.0,2025-01-09
35,1,265851,42.7,45.18,42.7,45.18,36,ZL.c.0,2025-01-10
35,1,265851,45.66,45.66,45.37,45.4,5,ZL.c.0,2025-01-13
35,1,734996,46.06,47.1,45.72,46.28,82889,ZL.c.0,2025-01-15
35,1,734996,46.25,46.27,44.85,44.99,75990,ZL.c.0,2025-01-16
35,1,734996,45.24,45.8,44.95,45.72,47110,ZL.c.0,2025-01-17
35,1,734996,45.7,46.31,45.02,45.77,59404,ZL.c.0,2025-01-21
35,1,734996,45.84,45.84,44.21,44.49,60504,ZL.c.0,2025-01-22
35,1,734996,44.42,45.5,44.08,45.01,55611,ZL.c.0,2025-01-23
35,1,734996,44.69,45.44,44.13,45.28,42722,ZL.c.0,2025-01-24
35,1,734996,45.09,45.14,44.33,45.05,40948,ZL.c.0,2025-01-27
35,1,734996,45.0,45.79,44.64,45.11,49942,ZL.c.0,2025-01-28
35,1,734996,45.13,45.41,44.7,45.05,35230,ZL.c.0,2025-01-29
35,1,734996,45.0,45.17,44.1,44.97,33650,ZL.c.0,2025-01-30
35,1,734996,45.09,46.81,44.78,46.15,100018,ZL.c.0,2025-01-31
35,1,734996,47.01,47.54,46.15,46.39,73332,ZL.c.0,2025-02-03
35,1,734996,45.72,46.22,44.64,45.79,64536,ZL.c.0,2025-02-04
35,1,734996,45.79,45.99,44.77,45.06,42054,ZL.c.0,2025-02-05
35,1,734996,45.08,45.53,44.72,45.41,34638,ZL.c.0,2025-02-06
35,1,734996,45.4,46.24,45.15,46.0,45738,ZL.c.0,2025-02-07
35,1,734996,45.94,46.12,45.45,45.75,26494,ZL.c.0,2025-02-10
35,1,734996,45.82,46.6,45.33,46.12,36252,ZL.c.0,2025-02-11
35,1,734996,46.15,46.52,45.22,45.69,36107,ZL.c.0,2025-02-12
35,1,734996,45.66,46.38,45.03,46.25,34157,ZL.c.0,2025-02-13
35,1,734996,46.2,46.77,45.54,46.21,33161,ZL.c.0,2025-02-14
35,1,734996,46.1,47.39,45.58,47.32,35699,ZL.c.0,2025-02-18
35,1,734996,47.2,48.09,46.1,46.36,29257,ZL.c.0,2025-02-19
35,1,734996,46.4,47.34,46.21,47.13,20108,ZL.c.0,2025-02-20
35,1,734996,47.24,47.26,46.49,46.85,13351,ZL.c.0,2025-02-21
35,1,734996,46.8,46.84,45.63,45.71,12266,ZL.c.0,2025-02-24
35,1,734996,45.78,46.37,45.26,45.34,8182,ZL.c.0,2025-02-25
35,1,734996,45.37,45.56,44.54,44.9,7952,ZL.c.0,2025-02-26
35,1,734996,44.95,45.65,44.58,44.82,4566,ZL.c.0,2025-02-27
35,1,734996,44.87,45.0,43.5,43.5,507,ZL.c.0,2025-02-28
35,1,734996,43.58,43.98,42.2,42.95,195,ZL.c.0,2025-03-03
35,1,734996,43.15,43.24,42.09,42.4,66,ZL.c.0,2025-03-04
35,1,734996,42.67,42.68,41.63,42.5,67,ZL.c.0,2025-03-05
35,1,734996,42.96,43.01,42.41,42.58,46,ZL.c.0,2025-03-06
35,1,734996,42.94,43.16,42.75,42.91,118,ZL.c.0,2025-03-07
35,1,734996,42.4,42.48,41.56,41.56,38,ZL.c.0,2025-03-10
35,1,734996,41.48,42.22,41.47,42.08,104,ZL.c.0,2025-03-11
35,1,734996,41.4,41.4,41.4,41.4,1,ZL.c.0,2025-03-12
35,1,734996,41.08,41.42,41.08,41.39,3,ZL.c.0,2025-03-13
35,1,397175,41.6,42.26,41.56,42.12,47184,ZL.c.0,2025-03-17
35,1,397175,42.09,42.88,42.01,42.54,49324,ZL.c.0,2025-03-18
35,1,397175,42.55,42.71,42.11,42.36,42830,ZL.c.0,2025-03-19
35,1,397175,42.41,42.8,41.57,42.64,48605,ZL.c.0,2025-03-20
35,1,397175,42.6,42.74,41.91,42.02,42893,ZL.c.0,2025-03-21
35,1,397175,42.01,42.2,41.5,42.13,38700,ZL.c.0,2025-03-24
35,1,397175,42.12,42.58,41.79,42.26,41484,ZL.c.0,2025-03-25
35,1,397175,42.28,43.11,42.15,42.62,44103,ZL.c.0,2025-03-26
35,1,397175,42.64,44.4,42.34,44.26,89273,ZL.c.0,2025-03-27
35,1,397175,44.34,45.21,43.91,45.2,60576,ZL.c.0,2025-03-28
35,1,397175,45.06,45.43,44.67,44.86,54801,ZL.c.0,2025-03-31
35,1,397175,45.0,47.49,44.75,47.42,90790,ZL.c.0,2025-04-01
35,1,397175,47.17,48.54,47.14,48.47,72630,ZL.c.0,2025-04-02
35,1,397175,47.25,48.04,46.16,47.08,96503,ZL.c.0,2025-04-03
35,1,397175,46.8,47.11,44.63,45.72,76619,ZL.c.0,2025-04-04
35,1,397175,45.1,46.54,44.35,45.2,77134,ZL.c.0,2025-04-07
35,1,397175,45.08,45.81,44.8,44.99,52388,ZL.c.0,2025-04-08
35,1,397175,44.93,46.47,43.83,46.17,55736,ZL.c.0,2025-04-09
35,1,397175,46.29,46.74,45.61,46.18,45889,ZL.c.0,2025-04-10
35,1,397175,46.29,47.59,45.92,47.28,42015,ZL.c.0,2025-04-11
35,1,397175,47.35,47.39,46.19,46.35,36070,ZL.c.0,2025-04-14
35,1,397175,46.36,47.9,46.0,47.31,35143,ZL.c.0,2025-04-15
35,1,397175,47.43,47.8,46.66,47.41,21753,ZL.c.0,2025-04-16
35,1,397175,47.4,47.99,47.21,47.86,21345,ZL.c.0,2025-04-17
35,1,397175,47.86,48.28,47.47,47.78,10612,ZL.c.0,2025-04-21
35,1,397175,47.81,48.37,47.34,47.53,14034,ZL.c.0,2025-04-22
35,1,397175,47.8,48.2,47.41,48.05,9773,ZL.c.0,2025-04-23
35,1,397175,47.91,49.73,47.9,49.64,14840,ZL.c.0,2025-04-24
35,1,397175,49.65,50.7,49.14,49.21,15808,ZL.c.0,2025-04-25
35,1,397175,49.27,50.09,48.67,49.91,6051,ZL.c.0,2025-04-28
35,1,397175,49.85,49.86,48.38,48.85,3310,ZL.c.0,2025-04-29
35,1,397175,48.99,48.99,48.06,48.6,272,ZL.c.0,2025-04-30
35,1,397175,48.5,49.55,48.25,49.36,51,ZL.c.0,2025-05-01
35,1,397175,49.38,49.38,48.48,48.85,53,ZL.c.0,2025-05-02
35,1,397175,48.55,49.05,48.0,48.35,68,ZL.c.0,2025-05-05
35,1,397175,48.47,48.47,47.63,47.63,30,ZL.c.0,2025-05-06
35,1,397175,48.24,48.37,47.0,47.17,34,ZL.c.0,2025-05-07
35,1,397175,47.48,47.48,47.48,47.48,1,ZL.c.0,2025-05-08
35,1,397175,48.33,48.54,48.33,48.5,9,ZL.c.0,2025-05-09
35,1,397175,49.18,49.49,49.18,49.48,6,ZL.c.0,2025-05-12
35,1,397175,50.06,51.27,50.06,51.27,14,ZL.c.0,2025-05-13
35,1,30183,51.7,51.7,49.32,49.32,58867,ZL.c.0,2025-05-15
35,1,30183,48.59,49.76,47.63,48.92,106998,ZL.c.0,2025-05-16
35,1,30183,48.89,49.69,48.5,49.48,46494,ZL.c.0,2025-05-19
35,1,30183,49.42,49.59,48.75,49.57,47507,ZL.c.0,2025-05-20
35,1,30183,49.5,50.3,49.5,49.75,48077,ZL.c.0,2025-05-21
35,1,30183,48.83,49.43,47.95,49.14,77646,ZL.c.0,2025-05-22
35,1,30183,50.29,50.3,48.96,49.22,51465,ZL.c.0,2025-05-23
35,1,30183,49.35,50.18,49.0,49.68,49773,ZL.c.0,2025-05-27
35,1,30183,49.57,49.85,48.61,48.88,50153,ZL.c.0,2025-05-28
35,1,30183,49.06,49.39,47.71,48.39,58816,ZL.c.0,2025-05-29
35,1,30183,47.75,47.81,46.43,46.9,85300,ZL.c.0,2025-05-30
35,1,30183,46.89,47.17,46.23,46.23,51893,ZL.c.0,2025-06-02
35,1,30183,46.55,46.96,45.74,46.81,55370,ZL.c.0,2025-06-03
35,1,30183,46.76,47.42,46.43,46.72,47706,ZL.c.0,2025-06-04
35,1,30183,46.82,47.07,46.33,46.62,43498,ZL.c.0,2025-06-05
35,1,30183,47.15,47.72,46.91,47.43,45517,ZL.c.0,2025-06-06
35,1,30183,47.45,47.91,47.08,47.41,34129,ZL.c.0,2025-06-09
35,1,30183,47.4,48.05,47.38,47.77,34407,ZL.c.0,2025-06-10
35,1,30183,47.75,48.27,47.47,48.04,36421,ZL.c.0,2025-06-11
35,1,30183,48.04,49.22,47.0,47.53,85893,ZL.c.0,2025-06-12
35,1,30183,47.61,50.61,47.46,50.61,51887,ZL.c.0,2025-06-13
35,1,30183,52.18,55.11,52.18,55.11,103092,ZL.c.0,2025-06-16
35,1,30183,55.49,55.51,54.02,54.69,66996,ZL.c.0,2025-06-17
35,1,30183,54.79,55.29,54.26,54.62,42763,ZL.c.0,2025-06-18
35,1,30183,54.74,55.81,54.24,54.4,35907,ZL.c.0,2025-06-20
35,1,30183,54.6,55.14,53.06,53.12,29026,ZL.c.0,2025-06-23
35,1,30183,52.75,52.93,51.77,52.24,20800,ZL.c.0,2025-06-24
35,1,30183,52.3,52.93,51.64,51.91,11098,ZL.c.0,2025-06-25
35,1,30183,52.0,52.59,51.4,52.51,6718,ZL.c.0,2025-06-26
35,1,30183,52.61,52.9,52.12,52.3,3175,ZL.c.0,2025-06-27
35,1,30183,52.72,53.17,52.34,52.47,1029,ZL.c.0,2025-06-30
35,1,30183,52.34,53.69,52.34,53.65,96,ZL.c.0,2025-07-01
35,1,30183,54.17,55.08,54.11,55.04,129,ZL.c.0,2025-07-02
35,1,30183,54.8,55.06,54.6,54.63,48,ZL.c.0,2025-07-03
35,1,30183,54.41,54.41,53.56,54.0,48,ZL.c.0,2025-07-07
35,1,30183,54.0,54.1,53.8,54.1,12,ZL.c.0,2025-07-08
35,1,30183,54.2,54.2,53.44,53.55,15,ZL.c.0,2025-07-09
35,1,30183,53.55,53.56,53.2,53.56,31,ZL.c.0,2025-07-10
35,1,30183,54.1,54.71,54.1,54.71,3,ZL.c.0,2025-07-11
35,1,211891,54.12,55.09,53.94,54.54,15978,ZL.c.0,2025-07-15
35,1,211891,54.6,55.06,54.45,54.8,10920,ZL.c.0,2025-07-16
35,1,211891,54.8,56.43,54.72,56.24,15301,ZL.c.0,2025-07-17
35,1,211891,56.31,57.17,55.69,55.8,17681,ZL.c.0,2025-07-18
35,1,211891,55.94,56.12,55.0,56.05,12902,ZL.c.0,2025-07-21
35,1,211891,56.05,56.07,55.24,55.71,12607,ZL.c.0,2025-07-22
35,1,211891,55.69,56.5,55.63,56.12,12362,ZL.c.0,2025-07-23
35,1,211891,56.28,56.7,56.02,56.62,11773,ZL.c.0,2025-07-24
35,1,211891,56.67,56.78,56.05,56.44,12619,ZL.c.0,2025-07-25
35,1,211891,56.32,56.72,56.04,56.52,6893,ZL.c.0,2025-07-28
35,1,211891,56.55,57.73,56.23,57.45,6366,ZL.c.0,2025-07-29
35,1,211891,57.65,58.0,56.38,56.7,3733,ZL.c.0,2025-07-30
35,1,211891,56.83,56.95,55.33,55.64,396,ZL.c.0,2025-07-31
35,1,211891,55.45,55.47,54.42,54.42,245,ZL.c.0,2025-08-01
35,1,211891,54.72,54.72,54.2,54.34,83,ZL.c.0,2025-08-04
35,1,211891,54.88,55.03,53.75,53.75,56,ZL.c.0,2025-08-05
35,1,211891,54.12,54.15,54.03,54.15,19,ZL.c.0,2025-08-06
35,1,211891,53.67,53.7,53.67,53.69,11,ZL.c.0,2025-08-07
35,1,211891,53.35,53.35,53.0,53.0,10,ZL.c.0,2025-08-08
35,1,211891,53.08,53.47,53.08,53.35,4,ZL.c.0,2025-08-11
35,1,211891,52.5,52.72,52.17,52.72,12,ZL.c.0,2025-08-12
35,1,211891,52.58,52.85,52.58,52.85,6,ZL.c.0,2025-08-13
35,1,589468,52.09,53.25,51.62,53.16,12635,ZL.c.0,2025-08-15
35,1,589468,53.22,53.52,52.5,53.24,8508,ZL.c.0,2025-08-18
35,1,589468,53.24,53.27,51.59,51.71,18470,ZL.c.0,2025-08-19
35,1,589468,51.8,51.82,51.15,51.16,13198,ZL.c.0,2025-08-20
35,1,589468,51.2,53.92,51.14,53.53,17128,ZL.c.0,2025-08-21
35,1,589468,53.64,55.6,51.41,54.73,28624,ZL.c.0,2025-08-22
35,1,589468,54.84,55.14,54.24,54.3,7084,ZL.c.0,2025-08-25
35,1,589468,54.31,54.34,52.38,52.73,7917,ZL.c.0,2025-08-26
35,1,589468,52.77,53.0,52.11,52.49,3737,ZL.c.0,2025-08-27
35,1,589468,52.63,52.63,51.56,51.77,2798,ZL.c.0,2025-08-28
35,1,589468,51.4,51.45,51.14,51.45,538,ZL.c.0,2025-08-29
35,1,589468,51.7,52.06,51.25,51.96,370,ZL.c.0,2025-09-02
35,1,589468,51.75,51.75,51.22,51.22,33,ZL.c.0,2025-09-03
35,1,589468,51.0,51.0,50.86,50.86,46,ZL.c.0,2025-09-04
35,1,589468,50.6,50.6,50.6,50.6,1,ZL.c.0,2025-09-05
35,1,589468,50.5,50.5,50.25,50.25,14,ZL.c.0,2025-09-09
35,1,589468,49.76,49.76,49.76,49.76,1,ZL.c.0,2025-09-10
35,1,374737,51.67,52.44,51.35,51.79,10280,ZL.c.0,2025-09-15
35,1,374737,51.79,53.37,51.7,52.67,15350,ZL.c.0,2025-09-16
35,1,374737,52.69,52.88,51.19,51.26,12027,ZL.c.0,2025-09-17
35,1,374737,51.24,51.44,50.47,50.61,10436,ZL.c.0,2025-09-18
35,1,374737,50.54,50.76,49.97,49.97,10328,ZL.c.0,2025-09-19
35,1,374737,50.0,50.18,48.77,49.11,13647,ZL.c.0,2025-09-22
35,1,374737,49.25,49.46,48.36,49.3,12599,ZL.c.0,2025-09-23
35,1,374737,49.35,50.01,48.87,49.22,9638,ZL.c.0,2025-09-24
35,1,374737,49.29,49.99,48.97,49.68,8205,ZL.c.0,2025-09-25
35,1,374737,49.79,50.07,49.37,49.55,9296,ZL.c.0,2025-09-26
35,1,374737,49.6,49.6,48.84,49.06,4463,ZL.c.0,2025-09-29
35,1,374737,48.93,49.11,48.7,48.8,1063,ZL.c.0,2025-09-30
35,1,374737,48.58,49.63,48.58,49.5,139,ZL.c.0,2025-10-01
35,1,374737,49.78,49.78,49.6,49.6,21,ZL.c.0,2025-10-02
35,1,374737,49.82,49.82,49.4,49.4,9,ZL.c.0,2025-10-03
35,1,374737,49.65,49.77,49.64,49.77,5,ZL.c.0,2025-10-06
35,1,374737,50.2,50.33,50.07,50.32,15,ZL.c.0,2025-10-07
35,1,374737,50.8,50.8,50.71,50.71,2,ZL.c.0,2025-10-08
35,1,374737,50.87,50.87,50.34,50.34,6,ZL.c.0,2025-10-09
35,1,374737,49.69,49.69,49.64,49.64,58,ZL.c.0,2025-10-14
35,1,536623,51.36,51.43,50.5,50.83,50812,ZL.c.0,2025-10-15
35,1,536623,50.81,51.77,50.8,50.85,63908,ZL.c.0,2025-10-16
35,1,536623,50.83,51.22,50.35,51.1,40491,ZL.c.0,2025-10-17
35,1,536623,51.1,51.46,50.95,51.31,29289,ZL.c.0,2025-10-20
35,1,536623,51.3,51.4,50.47,50.62,48767,ZL.c.0,2025-10-21
35,1,536623,50.65,50.97,49.99,50.02,47904,ZL.c.0,2025-10-22
35,1,536623,50.07,51.13,50.03,50.86,62868,ZL.c.0,2025-10-23
35,1,536623,50.9,50.91,50.24,50.29,41490,ZL.c.0,2025-10-24
35,1,536623,50.62,50.94,50.33,50.67,52005,ZL.c.0,2025-10-27
35,1,536623,50.7,50.8,49.98,50.16,56853,ZL.c.0,2025-10-28
35,1,536623,50.21,50.44,49.56,50.11,66193,ZL.c.0,2025-10-29
35,1,536623,50.16,50.26,49.21,49.58,72749,ZL.c.0,2025-10-30
35,1,536623,49.71,49.84,48.56,48.62,71609,ZL.c.0,2025-10-31
35,1,536623,48.78,49.94,48.27,49.93,69378,ZL.c.0,2025-11-03
35,1,536623,49.93,50.1,49.11,49.49,46248,ZL.c.0,2025-11-04
35,1,536623,49.59,49.91,49.3,49.71,41472,ZL.c.0,2025-11-05
35,1,536623,49.6,50.33,49.26,49.28,43138,ZL.c.0,2025-11-06
35,1,536623,49.35,49.88,49.0,49.63,51793,ZL.c.0,2025-11-07
35,1,536623,49.6,50.6,49.58,50.53,41036,ZL.c.0,2025-11-10
35,1,536623,50.53,51.27,50.52,51.04,44471,ZL.c.0,2025-11-11
35,1,536623,51.06,51.33,50.29,50.57,43667,ZL.c.0,2025-11-12
35,1,536623,50.61,51.08,50.18,50.21,35413,ZL.c.0,2025-11-13
35,1,536623,50.35,50.76,50.01,50.15,40437,ZL.c.0,2025-11-14
35,1,536623,50.05,51.3,49.77,51.14,43427,ZL.c.0,2025-11-17
35,1,536623,51.1,52.48,50.91,52.13,53152,ZL.c.0,2025-11-18
35,1,536623,52.15,52.45,50.68,51.13,40399,ZL.c.0,2025-11-19
35,1,536623,50.96,51.46,50.55,50.76,16082,ZL.c.0,2025-11-20
35,1,536623,50.67,50.76,49.6,50.28,12791,ZL.c.0,2025-11-21
35,1,536623,50.3,50.45,49.44,50.14,7329,ZL.c.0,2025-11-24
35,1,536623,50.15,50.35,49.46,50.28,10193,ZL.c.0,2025-11-25
35,1,536623,50.3,51.03,50.13,50.79,4908,ZL.c.0,2025-11-26
35,1,536623,51.0,51.78,51.0,51.77,383,ZL.c.0,2025-11-28
35,1,536623,51.55,52.11,51.5,52.0,131,ZL.c.0,2025-12-01
35,1,536623,51.96,52.46,51.96,52.33,84,ZL.c.0,2025-12-02
35,1,536623,52.1,52.15,51.6,51.6,9,ZL.c.0,2025-12-03
35,1,536623,51.33,51.53,51.33,51.53,100,ZL.c.0,2025-12-04
35,1,536623,51.36,51.36,51.36,51.36,19,ZL.c.0,2025-12-05
35,1,536623,51.09,51.09,50.87,50.9,35,ZL.c.0,2025-12-08
35,1,536623,50.91,50.91,50.6,50.6,8,ZL.c.0,2025-12-09
35,1,536623,51.17,51.19,51.12,51.19,5,ZL.c.0,2025-12-10
35,1,536623,50.43,50.43,50.43,50.43,14,ZL.c.0,2025-12-11
35,1,42261918,50.06,50.22,49.3,49.47,37489,ZL.c.0,2025-12-15
35,1,42261918,49.4,49.48,48.06,48.4,55690,ZL.c.0,2025-12-16
35,1,42261918,48.46,48.63,47.79,48.61,39138,ZL.c.0,2025-12-17
35,1,42261918,48.57,48.82,48.01,48.08,24902,ZL.c.0,2025-12-18
35,1,42261918,48.11,48.26,47.51,47.84,18055,ZL.c.0,2025-12-19
35,1,42261918,47.91,48.64,47.87,48.55,14785,ZL.c.0,2025-12-22
35,1,42261918,48.51,48.75,48.11,48.3,9993,ZL.c.0,2025-12-23
35,1,42261918,48.31,49.1,48.28,49.04,8564,ZL.c.0,2025-12-24
35,1,42261918,49.0,49.14,48.65,48.68,3954,ZL.c.0,2025-12-26
35,1,42261918,48.8,48.91,48.52,48.77,5390,ZL.c.0,2025-12-29
35,1,42261918,48.78,49.14,48.67,48.89,2168,ZL.c.0,2025-12-30
35,1,42261918,48.88,48.92,48.0,48.07,170,ZL.c.0,2025-12-31
35,1,42261918,48.12,48.5,48.12,48.5,6,ZL.c.0,2026-01-02
35,1,42261918,49.37,49.43,49.37,49.43,10,ZL.c.0,2026-01-06
35,1,42261918,49.02,49.02,49.01,49.01,6,ZL.c.0,2026-01-07
35,1,42261918,48.84,48.84,48.49,48.75,341,ZL.c.0,2026-01-08
35,1,42261918,50.02,50.11,49.99,50.11,3,ZL.c.0,2026-01-12
35,1,42261918,50.78,50.79,50.78,50.79,3,ZL.c.0,2026-01-13
35,1,42024606,51.02,53.03,50.37,52.91,150492,ZL.c.0,2026-01-15
35,1,42024606,52.97,53.48,52.24,52.51,82425,ZL.c.0,2026-01-16
35,1,42024606,52.65,53.19,52.41,52.52,58226,ZL.c.0,2026-01-20
35,1,42024606,52.52,54.12,52.37,54.05,75061,ZL.c.0,2026-01-21
35,1,42024606,53.95,54.31,53.55,53.74,56036,ZL.c.0,2026-01-22
35,1,42024606,53.78,54.62,53.63,53.93,52617,ZL.c.0,2026-01-23
35,1,42024606,54.08,54.71,53.78,53.81,52372,ZL.c.0,2026-01-26
35,1,42024606,53.75,54.53,53.35,54.4,46757,ZL.c.0,2026-01-27
35,1,42024606,54.4,54.95,54.04,54.35,57686,ZL.c.0,2026-01-28
35,1,42024606,54.26,54.83,53.56,53.99,59698,ZL.c.0,2026-01-29
35,1,42024606,54.04,54.1,53.3,53.54,47516,ZL.c.0,2026-01-30
35,1,42024606,53.45,53.45,52.61,53.24,59621,ZL.c.0,2026-02-02
35,1,42024606,53.35,54.78,53.35,54.52,77739,ZL.c.0,2026-02-03
35,1,42024606,54.49,55.85,54.2,55.69,83702,ZL.c.0,2026-02-04
35,1,42024606,55.59,55.98,55.2,55.63,63251,ZL.c.0,2026-02-05
35,1,42024606,55.66,56.14,54.95,55.34,58739,ZL.c.0,2026-02-06
35,1,42024606,55.51,56.75,55.5,56.74,54899,ZL.c.0,2026-02-09
35,1,42024606,56.74,57.39,56.27,57.25,50909,ZL.c.0,2026-02-10
35,1,42024606,57.28,57.58,56.76,57.06,47422,ZL.c.0,2026-02-11
35,1,42024606,57.32,57.96,56.84,57.52,53092,ZL.c.0,2026-02-12
35,1,42024606,57.4,57.66,56.62,57.17,44320,ZL.c.0,2026-02-13
35,1,42024606,57.09,57.68,56.72,57.35,41790,ZL.c.0,2026-02-17
35,1,42024606,57.47,58.99,57.4,58.53,40443,ZL.c.0,2026-02-18
35,1,42024606,58.55,59.81,58.34,59.8,27690,ZL.c.0,2026-02-19
35,1,42024606,59.63,59.8,58.08,58.95,30774,ZL.c.0,2026-02-20
35,1,42024606,58.88,60.11,58.6,59.37,15285,ZL.c.0,2026-02-23
35,1,42024606,59.42,60.18,59.15,60.06,8721,ZL.c.0,2026-02-24
35,1,42024606,60.06,60.55,59.34,60.26,6971,ZL.c.0,2026-02-25
35,1,42024606,60.24,61.69,59.73,61.26,3263,ZL.c.0,2026-02-26
35,1,42024606,61.38,61.92,60.99,61.3,731,ZL.c.0,2026-02-27
35,1,42024606,63.11,63.11,62.0,62.14,144,ZL.c.0,2026-03-02
35,1,42024606,62.55,62.87,62.0,62.0,57,ZL.c.0,2026-03-03
35,1,42024606,62.55,62.91,62.29,62.91,10,ZL.c.0,2026-03-04
35,1,42024606,63.7,65.42,63.7,65.42,47,ZL.c.0,2026-03-05
35,1,42024606,64.6,65.98,64.6,65.91,60,ZL.c.0,2026-03-06
35,1,42024606,68.65,69.24,65.87,66.01,62,ZL.c.0,2026-03-09
35,1,42024606,65.49,65.49,64.51,64.51,3,ZL.c.0,2026-03-10
35,1,42024606,67.94,67.94,67.19,67.19,2,ZL.c.0,2026-03-11
35,1,42281352,67.07,67.15,63.94,63.94,84083,ZL.c.0,2026-03-16
35,1,42281352,63.6,66.42,63.5,65.89,95069,ZL.c.0,2026-03-17
35,1,42281352,66.0,67.03,64.73,65.5,67240,ZL.c.0,2026-03-18
35,1,42281352,66.0,66.27,65.02,65.23,64150,ZL.c.0,2026-03-19
35,1,42281352,65.25,66.5,65.02,65.53,49601,ZL.c.0,2026-03-20
35,1,42281352,65.53,66.38,64.22,65.71,74029,ZL.c.0,2026-03-23
35,1,42281352,65.9,66.24,64.86,65.64,58040,ZL.c.0,2026-03-24
35,1,42281352,65.44,67.32,64.9,67.1,62710,ZL.c.0,2026-03-25
35,1,42281352,67.1,68.34,66.87,67.85,53259,ZL.c.0,2026-03-26
35,1,42281352,67.85,69.1,66.3,67.22,85060,ZL.c.0,2026-03-27
35,1,42281352,67.81,69.68,67.55,68.4,60632,ZL.c.0,2026-03-30
35,1,42281352,68.51,69.21,68.0,68.97,62712,ZL.c.0,2026-03-31
35,1,42281352,68.95,69.1,66.97,67.01,67979,ZL.c.0,2026-04-01
35,1,42281352,67.01,69.17,66.74,69.0,69522,ZL.c.0,2026-04-02
35,1,42281352,69.62,70.0,68.61,69.86,40552,ZL.c.0,2026-04-06
35,1,42281352,69.77,70.49,69.27,69.61,49843,ZL.c.0,2026-04-07
35,1,42281352,67.92,67.95,66.22,67.43,67159,ZL.c.0,2026-04-08
35,1,42281352,67.51,68.63,67.35,67.63,48212,ZL.c.0,2026-04-09
35,1,42281352,67.85,67.87,66.58,67.1,44156,ZL.c.0,2026-04-10
35,1,42281352,68.48,68.83,66.34,66.39,43795,ZL.c.0,2026-04-13
35,1,42281352,66.46,66.64,65.51,66.37,50198,ZL.c.0,2026-04-14
35,1,42281352,66.4,67.73,66.13,67.59,42548,ZL.c.0,2026-04-15
35,1,42281352,67.61,69.69,67.36,69.29,41042,ZL.c.0,2026-04-16
35,1,42281352,69.36,69.65,67.06,68.07,30803,ZL.c.0,2026-04-17
35,1,42281352,68.86,69.69,68.17,69.65,19913,ZL.c.0,2026-04-20
35,1,42281352,69.63,72.31,69.42,72.11,29408,ZL.c.0,2026-04-21
35,1,42281352,72.15,73.32,71.3,71.64,25594,ZL.c.0,2026-04-22
35,1,42281352,71.64,72.03,70.75,71.73,13203,ZL.c.0,2026-04-23
35,1,42281352,71.7,72.21,71.23,71.84,12505,ZL.c.0,2026-04-24
35,1,42281352,72.18,72.61,71.54,72.33,9447,ZL.c.0,2026-04-27
35,1,42281352,72.26,73.43,71.75,73.24,6182,ZL.c.0,2026-04-28
35,1,42281352,73.45,75.39,73.08,75.32,5139,ZL.c.0,2026-04-29
35,1,42281352,75.75,76.39,74.75,76.3,321,ZL.c.0,2026-04-30
35,1,42281352,77.08,77.17,76.25,76.6,133,ZL.c.0,2026-05-01
35,1,42281352,76.69,78.44,76.4,77.7,29,ZL.c.0,2026-05-04
35,1,42281352,78.15,78.5,78.0,78.31,45,ZL.c.0,2026-05-05
35,1,42281352,77.85,77.85,76.01,76.4,71,ZL.c.0,2026-05-06
35,1,42281352,76.6,76.71,74.94,75.47,31,ZL.c.0,2026-05-07
35,1,42281352,75.67,75.67,75.67,75.67,12,ZL.c.0,2026-05-08
35,1,42281352,76.32,76.32,74.37,74.86,27,ZL.c.0,2026-05-11
35,1,42281352,76.03,76.03,75.35,75.5,29,ZL.c.0,2026-05-12
35,1,42281352,76.38,77.05,76.38,76.61,107,ZL.c.0,2026-05-13
35,1,608206,73.96,74.25,73.14,73.76,59251,ZL.c.0,2026-05-15
35,1,608206,74.25,75.84,74.19,75.55,59048,ZL.c.0,2026-05-18
35,1,608206,75.57,75.9,75.18,75.37,36333,ZL.c.0,2026-05-19
35,1,608206,75.45,76.32,74.51,74.67,55756,ZL.c.0,2026-05-20
35,1,608206,74.62,74.96,73.51,73.85,56038,ZL.c.0,2026-05-21
35,1,608206,74.0,74.6,73.84,73.95,48000,ZL.c.0,2026-05-22
35,1,608206,73.05,74.4,72.99,74.29,51281,ZL.c.0,2026-05-26
35,1,608206,74.5,75.42,73.88,75.16,51568,ZL.c.0,2026-05-27
35,1,608206,75.25,76.81,74.7,76.66,76033,ZL.c.0,2026-05-28
35,1,608206,76.7,78.36,76.1,77.66,69500,ZL.c.0,2026-05-29
35,1,608206,77.72,79.69,77.34,79.04,78976,ZL.c.0,2026-06-01
35,1,608206,79.2,79.2,77.5,78.38,61233,ZL.c.0,2026-06-02
35,1,608206,78.55,79.55,78.41,78.63,51598,ZL.c.0,2026-06-03
35,1,608206,78.71,78.74,75.96,76.41,72288,ZL.c.0,2026-06-04
35,1,608206,76.6,76.72,73.61,74.14,76407,ZL.c.0,2026-06-05
35,1,608206,74.44,74.94,72.86,74.69,67449,ZL.c.0,2026-06-08
35,1,608206,74.56,75.84,73.97,74.98,57385,ZL.c.0,2026-06-09
35,1,608206,74.97,75.79,74.54,75.31,40524,ZL.c.0,2026-06-10
35,1,608206,75.75,76.03,73.92,74.49,51220,ZL.c.0,2026-06-11
35,1,608206,74.23,74.72,72.45,74.28,50076,ZL.c.0,2026-06-12
35,1,608206,73.5,74.43,72.37,74.39,47098,ZL.c.0,2026-06-15
35,1,608206,74.45,74.69,72.67,72.9,49697,ZL.c.0,2026-06-16
35,1,608206,73.1,73.3,71.2,71.67,53264,ZL.c.0,2026-06-17
35,1,608206,71.58,71.6,68.0,69.7,77502,ZL.c.0,2026-06-18
35,1,608206,70.1,71.4,69.59,71.11,37779,ZL.c.0,2026-06-22
35,1,608206,71.15,71.5,70.1,70.61,19272,ZL.c.0,2026-06-23
35,1,608206,70.6,70.95,69.32,69.43,18316,ZL.c.0,2026-06-24
35,1,608206,69.5,70.87,68.75,70.82,18530,ZL.c.0,2026-06-25
35,1,608206,70.91,71.38,69.93,71.04,12155,ZL.c.0,2026-06-26
35,1,608206,71.38,71.71,68.8,68.8,6193,ZL.c.0,2026-06-29
35,1,608206,69.34,69.41,66.27,66.58,978,ZL.c.0,2026-06-30
35,1,608206,66.3,67.25,65.5,65.96,29,ZL.c.0,2026-07-01
35,1,608206,67.05,67.97,66.87,66.87,74,ZL.c.0,2026-07-02
35,1,608206,68.31,68.35,68.06,68.35,41,ZL.c.0,2026-07-06
35,1,608206,68.48,68.69,68.48,68.69,10,ZL.c.0,2026-07-07
35,1,608206,69.73,71.43,69.47,71.43,32,ZL.c.0,2026-07-08
35,1,608206,71.15,71.15,70.4,70.4,17,ZL.c.0,2026-07-09
35,1,608206,70.66,71.32,70.66,71.28,12,ZL.c.0,2026-07-10
35,1,608206,73.89,73.89,73.89,73.89,2,ZL.c.0,2026-07-13
35,1,42281353,72.53,73.03,71.7,72.9,20702,ZL.c.0,2026-07-15
35,1,42281353,73.02,73.28,72.28,72.34,12607,ZL.c.0,2026-07-16
35,1,42281353,72.62,75.44,72.43,74.82,20331,ZL.c.0,2026-07-17
35,1,42281353,75.21,75.51,73.61,74.6,13114,ZL.c.0,2026-07-20
35,1,42281353,74.65,75.16,73.54,74.23,15397,ZL.c.0,2026-07-21
35,1,42281353,74.35,75.53,73.54,75.36,14220,ZL.c.0,2026-07-22
35,1,42281353,75.48,76.4,75.35,75.44,14227,ZL.c.0,2026-07-23
35,1,42281353,75.41,75.63,74.1,74.14,15210,ZL.c.0,2026-07-24
35,1,42281353,73.58,73.64,71.31,71.37,10212,ZL.c.0,2026-07-27
35,1,42281353,71.51,71.71,70.1,70.83,6410,ZL.c.0,2026-07-28
35,1,42281353,71.12,71.73,68.84,69.07,6455,ZL.c.0,2026-07-29
35,1,42281353,69.38,69.61,68.07,68.49,2287,ZL.c.0,2026-07-30
35,1,42281353,68.39,68.39,66.56,66.99,935,ZL.c.0,2026-07-31
35,1,42281353,67.33,68.01,66.89,67.75,64,ZL.c.0,2026-08-03
35,1,42281353,68.79,68.79,67.91,68.07,41,ZL.c.0,2026-08-04
35,1,42281353,68.25,68.25,67.64,67.86,82,ZL.c.0,2026-08-05
35,1,42281353,67.87,67.87,67.48,67.51,18,ZL.c.0,2026-08-06
35,1,42281353,67.46,68.28,67.46,68.24,7,ZL.c.0,2026-08-07
35,1,42281353,69.62,69.62,69.62,69.62,2,ZL.c.0,2026-08-10
